0
1
2
3
4
5
6
7
8
9
12
13
13
13
13
13
0
1
2
3
4
5
6
7
8
9
10
11
12
13
14
15
16
17
19
20
21
24
25
26
26
26
26
26
26
26
26
26
0
1
2
3
4
5
6
7
8
9
10
11
12
13
16
17
18
19
20
21
22
23
24
26
29
30
31
32
33
34
35
36
40
42
42
42
42
42
42
42
42
42
42
42
42
42
42
42
0
1
2
3
4
5
6
7
8
9
10
11
12
13
14
15
16
18
19
20
22
23
25
26
30
31
32
33
34
38
39
40
42
44
45
48
50
53
54
55
55
55
55
55
55
55
55
55
0
1
2
3
4
5
7
8
9
10
12
13
14
15
16
17
18
19
20
21
22
23
26
28
32
34
35
39
40
42
43
44
45
49
50
53
54
55
56
57
59
61
63
64
65
73
73
73
0
1
2
3
4
5
7
9
10
11
12
13
14
15
17
18
19
20
21
22
23
24
25
27
29
33
36
39
40
42
44
45
46
47
48
49
50
51
54
57
61
65
66
70
71
81
89
91
94
94
94
94
94
94
94
94
94
94
94
94
94
94
94
94
0
1
2
3
4
5
6
7
9
11
12
15
18
20
21
22
29
30
32
33
34
35
36
38
39
40
42
43
44
46
47
49
51
52
54
55
59
60
61
62
66
70
73
74
75
77
79
82
87
89
90
91
95
98
99
101
102
108
108
108
108
108
108
108
0
1
2
3
4
5
6
7
8
9
10
12
14
15
17
18
19
20
21
24
26
28
29
30
31
32
33
34
35
36
37
38
39
40
42
43
44
45
46
47
50
51
52
54
55
58
59
63
67
68
74
76
79
81
90
93
99
101
102
108
111
115
121
121
0
1
2
3
4
5
6
7
9
10
11
12
13
14
16
17
18
19
22
26
32
33
34
36
38
42
44
45
47
53
55
56
57
60
61
62
63
66
67
72
77
82
88
89
90
91
94
99
102
104
106
108
118
120
121
123
127
133
136
136
136
136
136
136
0
1
2
3
4
5
6
8
9
10
11
12
14
16
17
18
20
21
24
25
26
28
32
33
34
35
37
39
40
46
47
48
49
53
54
58
59
60
61
62
65
67
69
73
75
87
96
99
100
105
108
109
111
112
114
119
121
123
131
135
153
153
153
153
0
1
3
4
6
8
9
10
11
12
14
17
19
20
22
23
24
26
27
29
31
32
33
38
40
43
46
48
49
50
51
58
63
65
68
69
71
75
77
78
79
80
83
84
86
88
92
95
97
99
101
122
124
127
130
135
136
145
150
153
156
160
161
163
0
1
3
4
5
7
8
9
10
12
14
15
18
19
20
22
26
27
28
29
31
32
36
39
40
43
44
45
46
48
49
50
53
54
57
60
62
64
65
69
75
79
81
84
85
96
99
101
106
109
113
116
117
120
121
123
133
135
136
140
152
153
154
157
178
185
187
187
187
187
187
187
187
187
187
187
187
187
187
187
1
2
3
4
9
10
11
12
14
16
19
21
24
25
26
27
29
30
34
36
40
41
42
44
45
46
47
48
50
56
58
62
67
69
72
73
74
77
79
84
85
90
98
99
109
111
112
115
124
125
131
138
141
142
147
148
157
172
175
176
181
185
193
194
196
196
196
196
196
196
196
196
196
196
196
196
196
196
196
196
0
2
3
5
7
8
9
10
12
15
17
18
19
20
21
22
23
24
26
29
31
32
36
37
38
39
40
44
46
47
59
61
65
67
68
73
77
83
86
91
93
99
100
101
106
112
114
115
117
120
124
127
129
138
157
160
172
174
181
187
189
194
197
201
210
213
221
221
221
221
221
221
221
221
221
221
221
221
221
221
1
2
3
4
5
7
8
9
10
12
14
16
18
19
20
21
23
24
25
26
27
29
33
34
36
42
44
45
47
48
49
59
63
65
74
75
80
81
85
88
92
95
97
99
105
106
108
114
117
121
125
129
134
135
143
147
148
150
155
157
163
165
168
171
173
175
177
178
179
189
190
191
203
208
225
225
225
225
225
225
0
1
3
7
9
10
11
12
13
14
17
18
19
20
21
23
24
26
28
33
36
39
46
47
49
53
60
61
78
79
82
92
93
99
101
106
111
112
114
116
117
132
134
138
142
148
151
154
156
157
161
166
168
171
176
180
183
185
187
189
190
194
197
209
212
213
221
224
236
237
238
244
244
244
244
244
244
244
244
244
0
1
2
3
4
5
6
8
9
10
11
12
16
18
20
22
23
26
27
30
31
32
34
36
39
40
47
48
53
57
61
62
65
67
68
69
77
78
87
89
96
97
99
100
102
106
114
127
130
139
141
145
156
157
160
163
164
165
166
169
175
183
186
208
211
212
219
221
222
226
238
241
242
246
259
259
259
259
259
259
1
3
4
5
8
10
11
16
20
21
23
26
27
33
39
44
45
47
48
49
51
52
53
58
61
62
63
65
68
71
73
74
77
89
90
91
93
95
104
112
117
119
124
127
129
131
135
141
142
148
156
158
159
160
165
168
170
171
191
197
198
201
209
217
219
222
229
235
250
253
257
259
269
269
269
269
269
269
269
269
0
1
2
3
4
5
6
7
8
9
10
11
12
14
15
16
17
18
19
20
22
28
29
40
42
43
50
51
53
55
56
59
60
61
62
65
67
72
73
74
77
84
89
91
96
98
101
114
117
123
128
130
133
137
139
151
153
156
158
166
172
176
180
187
191
205
207
217
224
243
253
258
263
277
279
279
279
279
279
279
1
3
4
7
8
9
10
11
12
13
16
17
18
19
22
23
25
30
31
32
34
36
37
45
47
52
54
56
59
60
63
68
69
73
74
81
89
91
95
98
99
106
112
119
124
127
129
131
136
139
143
151
156
157
162
177
182
187
191
194
198
200
205
215
217
227
234
248
261
272
275
281
283
286
287
293
299
301
301
301
0
3
4
5
8
9
10
12
14
17
18
19
23
25
27
30
31
33
36
38
42
45
47
48
50
56
60
65
75
77
78
82
84
90
96
97
99
106
109
110
114
120
134
138
143
150
156
162
166
175
185
188
194
195
196
203
204
216
219
227
229
231
238
245
253
265
266
296
300
311
313
323
331
331
331
331
331
331
331
331
0
1
2
3
4
5
6
9
10
12
14
17
18
19
20
25
26
27
36
38
39
40
42
47
50
57
59
60
61
63
73
74
78
82
90
91
94
99
100
102
103
106
109
111
121
133
134
144
146
152
179
190
192
196
212
233
238
239
243
246
247
265
291
308
311
313
322
324
328
329
330
331
332
336
338
344
344
344
344
344
0
1
2
3
4
5
7
8
9
10
12
15
18
21
22
30
33
35
36
41
43
48
49
59
65
68
73
76
79
80
84
86
94
96
98
99
102
103
105
109
121
133
144
175
179
180
191
195
196
208
213
214
219
225
228
236
238
244
249
261
266
292
294
301
308
311
318
323
325
327
328
329
341
345
347
353
362
362
362
362
0
1
3
4
6
7
8
9
10
11
12
14
16
17
18
19
24
29
31
36
39
40
42
46
51
53
57
58
65
67
70
71
73
80
85
87
96
99
102
111
112
114
123
125
126
130
149
155
170
172
176
194
195
199
207
213
219
220
228
232
240
246
256
260
262
264
265
266
267
268
295
299
302
307
323
341
353
354
358
361
0
1
2
3
4
5
8
9
11
13
14
16
17
20
22
23
32
35
38
39
41
43
44
45
46
47
50
51
53
54
64
71
78
88
89
92
94
95
96
98
109
113
117
120
126
133
134
147
158
160
161
181
183
191
210
221
229
245
246
266
276
281
283
286
297
315
316
320
322
324
343
351
361
383
384
385
389
389
389
389
0
1
2
3
5
6
8
9
12
13
14
15
19
20
26
28
30
33
37
38
39
40
47
48
51
53
61
62
67
73
81
82
84
97
98
99
109
111
118
132
134
137
138
147
148
153
154
158
166
176
191
194
197
206
210
216
220
224
240
245
253
258
259
272
278
283
296
299
300
311
320
323
326
334
339
343
354
361
374
389
391
397
397
397
397
397
397
397
397
397
397
397
397
397
397
397
1
2
3
4
7
8
9
12
14
17
19
23
33
34
36
41
50
51
57
58
59
60
63
65
69
74
75
79
87
96
98
101
107
108
111
113
115
117
127
130
133
134
138
146
152
157
159
167
188
189
195
221
236
241
246
249
261
263
265
276
279
288
293
295
297
302
309
311
318
324
325
338
344
351
354
358
359
379
387
387
0
1
2
3
5
7
8
10
12
14
16
17
19
20
22
23
24
26
29
32
33
39
46
47
48
53
55
56
67
77
79
88
89
91
95
96
100
101
112
113
122
135
136
140
149
154
155
156
157
158
171
174
187
188
206
213
215
219
235
240
262
276
290
291
294
297
304
311
316
319
354
366
370
383
394
401
413
425
425
425
0
1
3
6
7
8
10
12
17
20
23
24
25
26
28
29
33
39
40
48
54
57
58
61
67
69
79
84
90
95
96
99
102
109
116
123
133
134
135
151
156
157
176
184
185
194
212
230
232
237
238
245
254
255
263
276
302
313
322
336
341
352
353
354
365
368
376
382
387
396
400
417
426
435
439
450
454
454
454
454
1
3
4
5
6
8
11
14
16
18
20
24
25
27
32
34
36
37
39
42
44
48
49
50
58
65
67
73
77
85
91
96
99
117
129
131
135
141
143
145
147
152
172
181
184
195
196
198
201
207
213
216
221
225
238
241
256
257
260
267
269
275
280
282
288
293
297
319
338
353
354
367
375
384
388
404
427
429
449
452
465
465
465
465
465
465
465
465
465
465
465
465
465
465
465
465
0
1
2
3
4
5
6
7
8
9
10
11
18
22
23
25
26
27
28
39
40
41
42
48
50
52
59
71
75
77
83
91
99
102
108
109
112
114
116
117
118
127
129
134
137
150
172
175
182
188
194
209
212
215
217
227
235
236
238
239
246
253
256
271
275
276
283
294
311
319
335
340
350
351
356
387
390
393
401
426
437
447
450
453
466
466
466
466
466
466
466
466
466
466
466
466
0
3
4
5
7
8
9
10
12
13
15
20
22
23
33
34
36
40
41
42
56
59
64
68
74
75
80
87
90
92
94
96
99
105
115
125
133
149
153
156
165
170
172
175
178
186
201
205
207
208
214
215
224
226
228
238
239
285
299
313
325
336
344
345
356
364
367
385
411
416
422
427
458
461
478
481
496
496
496
496
1
3
4
5
7
8
9
12
14
15
18
19
24
25
26
31
32
36
40
44
49
54
59
69
75
77
79
94
95
106
113
117
134
146
156
160
162
175
176
177
181
184
194
196
208
221
224
227
229
232
235
240
246
265
269
275
282
283
304
328
338
351
353
363
364
379
385
391
404
411
420
424
429
455
465
470
481
496
502
505
507
507
507
507
507
507
507
507
507
507
507
507
507
507
507
507
0
2
3
4
7
9
10
11
12
18
19
26
31
33
34
36
40
42
44
62
69
73
84
85
95
96
98
128
133
135
138
141
147
148
154
156
158
176
185
196
200
205
224
231
232
240
245
246
247
251
266
267
271
273
283
292
301
307
323
325
328
331
353
354
362
378
379
390
395
415
427
428
458
463
464
465
481
495
508
514
515
516
516
516
516
516
516
516
516
516
516
516
516
516
516
516
0
3
4
5
6
7
9
10
11
12
14
17
19
20
23
25
26
27
31
33
34
36
39
40
50
65
67
74
75
76
86
109
111
124
136
139
146
149
153
154
155
157
159
166
173
174
175
181
192
206
222
236
238
240
257
298
300
305
316
335
344
351
359
365
375
379
383
384
394
402
418
420
428
433
436
443
449
475
476
481
497
529
529
529
529
529
529
529
529
529
529
529
529
529
529
529
3
5
7
8
9
10
11
16
17
20
21
28
34
35
39
45
49
50
53
55
62
65
86
87
93
94
112
117
129
133
134
139
141
145
146
159
166
178
179
187
188
217
225
245
278
280
286
294
297
312
327
338
344
355
356
365
372
383
386
392
416
424
429
439
451
454
457
458
475
481
492
496
527
545
548
552
569
569
569
569
0
1
2
3
4
5
8
10
12
16
20
21
23
24
27
30
35
40
42
47
49
61
65
86
91
92
93
112
113
117
118
120
127
132
134
138
145
164
181
209
213
238
249
256
262
265
269
280
297
311
321
327
332
345
350
353
355
356
365
366
392
406
427
449
472
481
482
483
490
508
509
513
516
528
538
543
550
551
555
567
0
1
2
3
9
11
12
15
16
17
18
20
21
23
24
27
28
31
33
39
40
46
49
53
58
63
65
75
78
80
96
98
99
109
125
129
134
143
153
158
160
168
170
176
186
199
207
211
223
239
240
259
266
270
273
274
280
286
293
300
311
319
321
322
329
336
345
346
349
350
356
373
396
407
434
449
455
461
467
492
497
503
513
543
544
551
584
584
584
584
584
584
584
584
584
584
0
1
2
3
4
5
7
8
9
10
12
17
19
20
25
31
33
35
36
39
40
41
49
50
51
53
54
58
61
71
75
80
83
89
91
99
139
177
184
186
197
200
208
221
250
252
253
266
273
274
276
291
292
308
313
316
323
326
343
345
353
376
383
384
385
388
395
397
398
431
440
454
476
496
500
533
548
556
568
570
593
599
607
607
607
607
607
607
607
607
607
607
607
607
607
607
0
1
2
3
7
10
12
17
19
22
25
26
29
31
38
39
41
42
58
63
66
73
75
77
97
105
111
112
113
114
119
125
130
136
145
148
152
154
176
178
188
190
196
197
198
212
213
220
224
233
250
263
286
301
315
321
329
331
333
343
349
363
364
373
402
416
420
427
430
438
462
472
490
496
521
540
543
570
573
578
584
591
598
603
610
629
629
629
629
629
629
629
629
629
629
629
1
3
4
5
7
8
9
17
19
34
39
44
47
52
53
54
60
62
70
71
74
75
79
81
88
99
101
110
115
129
144
153
154
160
166
169
177
188
190
198
203
223
224
225
230
235
240
242
244
250
255
258
266
311
316
327
331
338
350
352
353
370
398
413
423
424
441
455
458
462
463
469
489
490
493
503
513
514
569
578
580
602
635
635
635
635
635
635
635
635
635
635
635
635
635
635
1
9
11
12
13
24
27
37
39
40
42
44
49
51
53
57
70
76
79
81
84
85
94
99
101
109
150
160
164
167
168
184
185
191
197
217
229
242
249
250
252
263
264
265
283
286
301
302
304
314
330
336
344
347
359
369
379
382
387
391
399
412
418
426
428
430
436
450
456
458
460
487
493
495
496
501
542
558
594
613
617
619
641
647
661
661
661
661
661
661
661
661
661
661
661
661
0
1
3
4
5
7
8
9
10
16
17
18
19
27
28
29
33
35
39
42
48
51
54
55
57
58
65
70
76
77
80
91
100
111
117
144
149
156
158
168
169
170
176
197
208
235
236
245
250
264
287
294
297
313
316
321
322
330
368
373
396
399
413
431
435
439
442
459
471
500
551
555
558
590
598
599
600
601
608
612
617
625
666
666
666
666
666
666
666
666
666
666
666
666
666
666
1
2
3
4
7
8
9
10
11
20
25
28
30
31
36
40
43
48
50
52
55
62
63
64
67
70
73
82
85
86
87
97
99
107
111
120
121
135
143
167
182
183
192
195
199
200
212
220
227
238
246
254
263
276
283
284
306
313
324
325
333
343
347
357
359
365
366
402
443
449
454
460
486
544
569
570
575
583
597
619
630
633
636
659
692
692
692
692
692
692
692
692
692
692
692
692
0
3
4
5
6
9
10
12
13
14
19
20
21
24
36
38
39
40
45
48
50
52
73
74
83
92
96
99
104
105
113
129
138
141
149
155
176
190
195
199
200
203
212
221
235
245
246
284
314
319
324
350
353
354
359
362
364
368
380
435
443
450
452
455
459
468
488
500
509
521
528
536
542
544
577
588
595
601
663
701
702
702
702
702
702
702
702
702
702
702
702
702
702
702
702
702
0
1
3
5
9
10
11
16
19
20
23
26
27
35
36
38
44
52
54
56
74
82
85
95
96
99
101
109
114
120
130
135
141
143
145
151
157
177
188
189
193
194
213
226
227
232
234
238
244
253
263
273
274
283
298
300
303
313
323
327
338
343
344
356
358
380
411
424
427
450
472
475
483
487
493
535
541
554
555
566
580
591
626
633
655
665
694
699
699
699
699
699
699
699
699
699
1
3
4
5
7
9
10
12
13
16
17
18
23
26
28
29
33
36
42
45
50
51
53
56
64
67
88
94
99
107
109
133
148
157
165
167
176
181
194
196
205
210
224
243
245
279
281
295
307
309
327
331
357
363
376
379
383
389
399
411
427
440
441
454
459
487
496
508
509
512
529
539
543
549
557
566
574
580
587
610
620
658
659
690
695
697
724
724
724
724
724
724
724
724
724
724
0
3
4
5
9
11
14
28
40
44
45
47
49
54
62
64
65
78
81
84
85
86
99
106
112
117
151
157
166
174
176
177
178
179
181
183
194
197
215
219
220
234
240
254
269
280
292
303
313
344
380
384
400
401
429
463
501
518
526
544
548
549
566
567
571
582
592
598
601
605
609
621
653
701
707
711
727
730
741
753
754
754
754
754
754
754
754
754
754
754
754
754
754
754
754
754
0
1
3
7
8
9
10
12
13
16
19
23
29
40
50
55
59
62
68
72
74
85
88
96
99
134
138
141
157
167
171
183
184
186
195
196
197
205
224
232
234
250
251
258
276
278
284
285
296
299
300
307
338
341
348
351
376
384
391
417
430
433
449
454
458
459
474
481
491
535
564
569
570
618
619
620
647
659
676
686
688
691
697
729
736
751
751
751
751
751
751
751
751
751
751
751
1
3
4
5
7
8
9
10
12
14
17
20
21
25
27
29
32
33
41
51
54
57
58
59
68
70
73
78
97
105
133
137
138
147
149
150
160
166
175
229
266
274
275
285
295
311
329
332
338
348
351
353
360
361
363
368
377
398
403
420
447
451
454
464
475
485
506
516
521
528
536
544
551
562
574
575
602
620
646
675
681
720
740
778
778
778
778
778
778
778
778
778
778
778
778
778
2
3
4
9
12
16
29
33
36
39
43
46
55
56
61
62
65
68
72
89
95
96
99
103
109
121
130
135
139
154
157
172
177
184
185
200
204
218
219
235
247
257
261
266
268
273
296
300
321
336
341
345
355
360
370
371
383
427
441
455
474
478
486
487
498
518
521
526
535
543
578
582
597
606
616
625
645
661
682
703
716
723
735
748
754
783
783
783
783
783
783
783
783
783
783
783
0
1
3
4
7
9
12
15
16
19
25
26
28
30
36
44
45
61
63
70
75
84
85
96
99
103
106
122
126
133
135
137
169
181
194
210
212
213
216
219
221
234
244
253
257
277
295
296
308
326
346
353
366
377
382
384
390
400
403
429
438
441
446
450
452
456
460
466
471
474
487
488
509
608
621
645
653
681
719
721
758
761
811
811
811
811
811
811
811
811
811
811
811
811
811
811
3
4
8
9
10
11
16
17
19
20
22
24
26
30
33
38
39
58
60
65
69
85
95
96
99
106
110
111
113
119
123
126
152
159
160
165
180
190
195
200
212
213
225
226
232
234
259
272
286
297
302
313
314
328
342
346
366
376
382
399
405
411
423
438
455
470
510
518
536
582
583
597
599
629
637
651
665
689
702
707
709
717
723
734
751
761
771
805
817
825
840
840
840
840
840
840
1
2
3
8
9
12
13
14
17
19
26
27
28
33
35
39
65
67
77
80
90
91
92
95
99
106
125
143
154
194
199
205
206
227
235
238
240
253
258
263
265
274
278
283
296
302
312
313
318
326
338
355
373
392
406
407
409
411
412
466
486
496
507
512
535
544
545
564
568
589
596
610
622
659
663
667
669
685
690
704
718
764
768
793
811
829
856
856
856
856
856
856
856
856
856
856
0
2
3
4
6
7
9
23
24
25
26
33
36
39
43
52
56
61
69
73
88
89
91
96
98
99
106
112
117
119
127
131
135
151
173
185
212
233
248
258
261
268
276
287
291
294
308
313
314
315
326
360
371
383
394
422
426
429
435
438
444
445
450
517
620
622
670
685
702
708
709
734
750
759
776
813
823
829
831
836
844
854
854
854
854
854
854
854
854
854
854
854
854
854
854
854
1
2
3
5
6
8
10
12
14
17
18
19
21
24
25
26
29
31
32
39
40
51
53
65
86
89
97
99
118
126
127
134
138
141
145
163
164
177
187
189
191
207
211
230
233
245
251
261
264
265
295
317
330
340
347
358
362
366
374
391
409
412
415
438
463
532
540
552
554
562
583
629
669
705
738
786
869
880
886
886
1
2
3
4
5
9
10
12
14
17
19
21
23
31
32
42
59
87
91
105
108
111
118
119
135
141
144
146
154
156
169
182
190
227
230
253
255
263
286
300
312
313
323
325
326
345
352
354
361
385
395
411
420
424
458
463
481
502
508
527
537
538
541
561
579
584
587
598
603
604
609
611
615
623
625
628
638
641
648
677
695
728
735
749
811
841
863
881
881
881
881
881
881
881
881
881
0
1
2
3
4
5
7
11
14
15
18
25
30
37
38
39
40
43
60
66
67
85
91
104
114
129
135
136
139
143
151
155
158
159
171
178
188
203
205
212
281
294
303
307
313
323
354
358
375
384
416
423
427
448
449
458
459
466
474
476
486
496
501
509
541
542
546
569
570
610
612
621
676
684
719
724
730
732
739
746
762
763
772
780
832
864
910
910
910
910
910
910
910
910
910
910
0
1
3
7
10
13
17
19
27
29
30
32
40
45
47
48
49
57
69
70
77
97
102
120
132
141
145
156
157
159
163
175
178
179
189
200
207
215
221
222
261
262
264
309
311
313
326
329
333
336
353
354
366
376
395
400
401
411
423
425
434
454
460
561
577
582
611
619
689
691
698
711
713
724
739
790
818
829
832
836
846
878
884
893
894
919
931
931
931
931
931
931
931
931
931
931
1
3
5
12
14
16
17
18
26
27
28
29
33
42
43
50
59
66
69
72
79
89
91
105
124
129
136
140
143
160
173
177
183
185
187
202
220
221
241
253
274
286
311
315
318
319
322
350
353
395
398
423
425
438
446
447
466
516
531
535
538
559
574
576
578
593
594
596
609
611
640
644
758
778
784
788
825
832
845
860
869
875
908
919
940
953
953
953
953
953
953
953
953
953
953
953
0
1
3
4
5
6
7
8
9
11
15
17
29
34
41
45
60
64
75
78
89
97
110
124
128
143
148
149
155
159
166
201
229
232
234
243
253
272
300
323
338
348
351
354
356
364
374
387
426
434
463
469
509
517
528
561
591
600
609
656
675
709
715
723
734
761
770
787
794
797
819
836
843
846
867
872
880
908
918
919
924
935
936
959
959
959
959
959
959
959
959
959
959
959
959
959
1
2
3
5
7
10
11
12
14
17
19
27
32
41
46
50
61
65
67
77
87
93
96
100
105
108
109
111
116
133
154
160
176
178
183
192
213
216
242
262
266
269
303
312
324
337
343
352
359
388
418
420
444
458
475
495
518
560
570
576
599
621
637
657
662
684
751
752
754
758
771
777
794
830
834
903
906
933
946
985
0
1
4
7
10
11
19
20
24
29
30
36
39
50
53
73
78
82
99
101
102
112
116
128
129
150
156
164
166
168
177
183
187
189
195
197
205
207
211
212
214
224
237
238
242
244
251
268
274
288
293
316
328
340
341
345
352
363
365
367
376
384
411
414
425
430
449
462
465
477
482
488
499
512
525
539
578
643
663
700
748
758
770
773
804
953
961
966
983
983
983
983
983
983
983
983
0
1
5
8
9
14
16
17
25
28
30
31
34
38
39
42
44
56
62
67
69
84
90
99
111
115
136
166
173
177
193
195
199
206
208
212
239
243
244
250
258
261
308
318
352
354
400
401
405
422
427
435
450
454
457
487
510
514
523
540
573
595
640
686
704
719
724
734
745
748
753
758
766
788
818
824
836
854
856
858
875
883
910
918
937
953
1001
1004
1004
1004
1004
1004
1004
1004
1004
1004
0
1
3
4
5
7
8
10
23
24
26
28
32
40
44
48
49
56
59
65
77
84
92
122
129
137
139
155
165
168
175
196
212
217
225
232
245
255
260
269
281
302
313
322
338
345
347
430
435
444
458
459
465
470
479
483
485
488
505
512
514
534
570
586
591
595
615
667
672
680
685
739
748
824
836
872
910
920
926
951
962
980
988
988
988
988
988
988
988
988
988
988
988
988
988
988
0
5
7
9
12
18
20
28
35
36
40
57
66
70
75
77
84
89
100
101
106
109
110
126
155
160
177
185
186
188
190
223
229
242
250
257
283
299
302
304
307
324
340
343
352
357
374
387
400
430
443
450
458
468
487
508
526
533
605
609
654
667
670
719
749
779
818
824
825
889
899
902
951
953
954
978
1008
1018
1023
1037
1040
1042
1042
1042
1042
1042
1042
1042
1042
1042
1042
1042
1042
1042
1042
1042
0
1
2
3
5
8
10
12
13
14
19
24
35
36
38
45
50
58
65
71
78
82
90
100
111
116
144
145
150
157
164
177
185
197
203
231
250
269
270
297
313
319
320
330
331
332
336
339
343
344
358
381
385
395
399
420
434
457
465
466
477
551
560
575
582
609
622
663
676
692
696
721
724
754
762
771
794
908
923
983
1000
1004
1011
1011
1011
1011
1011
1011
1011
1011
1011
1011
1011
1011
1011
1011
1
2
3
4
6
9
11
14
16
19
21
22
29
30
34
46
47
53
55
57
62
66
70
76
90
100
114
121
126
129
135
154
172
184
192
202
204
222
238
262
263
275
283
288
302
306
322
325
337
344
345
356
372
396
420
452
468
469
472
508
509
510
537
555
563
583
596
604
619
622
649
655
660
664
689
691
693
724
727
730
808
816
846
852
908
929
931
936
952
954
1064
1064
1064
1064
1064
1064
0
1
3
4
7
8
16
25
27
30
31
33
41
45
53
56
64
73
78
91
96
126
134
141
153
154
175
184
188
197
200
219
242
245
260
266
271
276
318
321
328
340
364
370
384
397
416
423
450
469
500
510
551
584
613
615
619
625
626
649
655
660
678
701
715
738
751
754
758
782
834
889
895
910
919
921
936
948
956
968
985
989
990
1004
1039
1075
1079
1095
1095
1095
1095
1095
1095
1095
1095
1095
1
3
10
12
14
18
27
32
36
39
42
48
57
75
77
79
88
89
97
105
112
113
124
130
132
134
152
155
172
176
188
192
193
196
220
221
238
257
262
264
274
295
323
337
339
354
363
365
368
378
386
404
427
502
522
524
556
562
569
582
597
633
642
659
700
711
748
786
803
842
861
862
869
880
883
889
898
918
921
928
933
937
963
964
1007
1013
1048
1058
1082
1082
1082
1082
1082
1082
1082
1082
0
1
2
3
5
9
12
13
14
17
18
19
27
28
29
39
40
43
50
59
70
78
85
101
104
113
119
130
146
148
149
164
171
183
196
207
251
293
297
302
324
329
349
361
369
383
386
394
398
427
469
471
500
524
532
536
592
622
624
628
631
646
655
680
697
701
709
716
718
760
796
828
836
844
855
893
904
931
941
998
1064
1078
1098
1118
1118
1118
1118
1118
1118
1118
1118
1118
1118
1118
1118
1118
1
2
5
7
9
12
13
18
20
21
24
33
34
39
54
58
61
66
71
76
84
91
95
98
104
105
115
116
124
142
155
208
225
233
236
246
248
252
253
265
285
286
296
297
313
329
345
363
383
386
389
398
400
411
426
443
471
483
508
512
514
517
526
543
558
561
591
617
637
664
674
714
723
731
759
784
808
813
858
860
862
877
910
931
936
944
969
981
983
1046
1129
1129
1129
1129
1129
1129
0
1
3
4
10
12
15
17
18
21
23
26
28
36
38
61
84
94
105
127
129
133
135
151
160
170
173
180
196
197
227
232
245
246
250
276
289
292
302
309
313
331
336
344
357
363
376
382
423
424
443
454
461
466
481
527
544
585
601
606
608
624
628
642
672
681
696
698
730
734
740
745
753
772
781
784
830
832
836
843
864
905
923
952
956
1032
1066
1067
1071
1078
1078
1078
1078
1078
1078
1078
1
3
12
14
17
18
19
20
22
29
30
39
47
48
53
54
66
94
96
104
106
109
114
143
144
148
153
154
183
197
232
265
268
275
288
296
301
318
321
323
328
343
353
354
386
408
419
428
451
454
458
466
486
500
515
521
532
542
546
552
620
628
632
638
658
664
683
709
732
735
738
751
758
798
805
858
902
917
948
987
1004
1023
1051
1098
1129
1150
1181
1181
1181
1181
1181
1181
1181
1181
1181
1181
1
5
6
7
10
11
12
14
34
40
42
45
47
61
63
73
77
83
84
89
91
105
106
110
111
116
119
124
131
133
154
171
176
183
187
197
199
209
211
217
220
231
244
246
250
254
283
299
305
306
321
331
337
338
370
391
427
428
436
441
459
460
469
483
491
512
514
529
546
547
591
622
636
651
654
655
666
682
705
724
778
815
858
910
953
958
1007
1015
1019
1065
1147
1148
1148
1148
1148
1148
0
1
2
3
8
9
13
14
26
36
37
40
44
56
73
74
75
77
84
92
106
113
120
132
133
138
157
186
189
191
196
198
203
205
210
212
229
275
292
299
308
319
325
341
343
351
354
404
416
417
425
439
454
468
478
499
508
512
533
549
573
608
610
624
626
627
671
697
723
740
783
785
808
813
824
851
875
885
937
993
1011
1023
1117
1146
1160
1184
1199
1204
1204
1204
1204
1204
1204
1204
1204
1204
0
1
3
4
5
8
9
10
18
38
41
44
55
58
83
98
102
109
138
139
156
191
208
210
236
241
300
307
308
312
319
323
338
340
341
347
349
354
376
382
427
466
475
508
509
514
537
562
564
574
596
608
616
619
631
667
672
673
691
719
785
808
816
820
823
824
831
852
868
875
882
889
918
930
945
951
952
994
1027
1041
1047
1048
1077
1079
1110
1122
1133
1197
1197
1197
1197
1197
1197
1197
1197
1197
0
3
5
7
8
9
11
13
19
20
32
34
40
42
45
48
71
74
81
82
91
92
107
127
131
133
135
143
147
150
158
164
190
206
226
227
255
265
309
324
325
343
345
354
387
392
415
421
423
426
503
506
541
576
577
601
619
694
699
753
756
771
804
834
900
901
905
918
919
927
930
956
972
990
997
1069
1103
1145
1163
1167
1221
1224
1235
1235
1235
1235
1235
1235
1235
1235
1235
1235
1235
1235
1235
1235
0
4
5
8
9
10
11
13
14
19
23
28
40
41
42
48
49
50
51
56
65
69
77
87
96
99
111
112
114
141
143
150
152
155
156
159
161
168
169
180
194
213
222
232
246
251
252
258
276
280
282
284
296
343
364
366
384
428
430
435
439
455
463
467
469
505
515
527
583
610
621
639
658
705
725
727
735
742
751
758
764
773
777
857
905
912
1026
1108
1167
1176
1192
1200
1200
1200
1200
1200
1
3
14
18
19
20
21
22
37
45
51
54
60
61
66
84
92
94
95
129
133
141
147
151
154
156
157
165
167
220
221
232
234
241
281
293
301
302
304
315
354
357
368
392
430
456
459
466
481
496
527
546
568
597
598
625
631
676
736
740
768
781
789
790
830
834
842
860
905
909
910
952
954
958
990
995
1022
1042
1066
1094
1096
1117
1133
1140
1154
1159
1160
1161
1164
1173
1173
1173
1173
1173
1173
1173
0
2
4
7
9
10
12
14
19
23
28
32
34
36
37
60
74
75
77
79
89
98
99
121
124
125
136
140
141
150
169
186
188
189
197
213
214
216
222
224
231
234
239
256
257
282
288
294
336
347
353
356
388
455
470
478
489
513
520
525
591
632
652
667
668
685
731
733
751
768
830
861
924
954
961
987
988
1005
1047
1085
1148
1203
1248
1254
1283
1283
1283
1283
1283
1283
1283
1283
1283
1283
1283
1283
2
3
4
8
10
12
13
16
17
19
20
22
31
34
37
41
43
50
55
57
59
60
64
67
74
75
82
85
86
88
89
91
92
98
101
110
157
167
176
187
204
212
219
221
233
234
244
251
256
291
312
318
341
383
385
386
395
426
478
486
508
509
515
522
639
701
703
731
747
760
783
836
851
897
903
945
975
999
1000
1019
1065
1092
1105
1107
1125
1150
1179
1210
1276
1303
1303
1303
1303
1303
1303
1303
0
1
4
6
9
10
11
17
24
27
29
38
39
42
44
50
55
60
67
68
75
77
78
79
88
96
111
113
114
124
126
147
167
176
177
178
197
203
205
226
240
262
285
290
326
393
400
411
436
458
482
490
509
525
539
540
544
547
548
571
601
624
634
635
670
727
749
791
836
853
861
872
878
920
943
958
993
1005
1010
1032
1058
1076
1079
1101
1105
1111
1202
1215
1285
1295
1304
1311
1311
1311
1311
1311
0
3
5
6
7
9
10
11
16
17
21
24
32
34
36
39
50
51
59
60
61
78
81
83
102
116
130
149
182
202
219
233
239
248
278
332
339
341
343
346
353
357
359
421
426
441
446
453
473
483
484
493
544
563
604
616
645
647
657
684
698
707
753
765
797
798
806
817
831
834
890
902
971
977
986
987
1141
1158
1161
1169
1233
1240
1266
1266
1266
1266
1266
1266
1266
1266
1266
1266
1266
1266
1266
1266
3
7
8
9
10
22
39
48
61
77
85
91
97
102
110
136
141
148
149
157
160
189
194
197
220
221
242
251
263
266
267
268
291
301
312
319
331
341
354
361
381
382
383
399
413
425
443
452
466
469
470
473
474
520
528
544
570
612
633
638
676
695
698
707
762
801
828
845
869
872
911
938
949
956
957
965
981
992
994
1061
1062
1098
1103
1125
1130
1157
1175
1187
1228
1237
1252
1336
1336
1336
1336
1336
0
1
3
6
7
12
14
17
22
30
34
37
39
40
46
60
63
65
73
92
118
131
133
149
151
152
153
158
185
194
195
217
232
238
239
242
253
263
264
283
305
313
327
339
365
369
414
421
427
430
439
450
467
477
506
520
535
583
608
632
657
667
669
695
709
723
798
822
850
862
877
911
975
977
996
1019
1049
1064
1119
1149
1181
1182
1192
1194
1304
1310
1329
1337
1348
1348
1348
1348
1348
1348
1348
1348
1
3
4
6
11
17
24
30
52
54
58
60
67
88
102
108
113
114
123
126
137
138
141
143
147
153
160
170
183
199
206
225
241
300
311
328
331
349
354
362
365
381
382
383
384
429
466
475
492
542
554
561
574
584
587
595
622
651
691
695
732
733
750
785
789
843
918
926
930
945
952
971
995
1017
1021
1058
1064
1078
1079
1133
1160
1187
1215
1221
1222
1230
1236
1284
1312
1317
1348
1366
1366
1366
1366
1366
0
1
3
9
10
12
18
19
20
22
36
46
49
53
56
57
61
62
74
86
90
98
102
106
112
116
119
131
139
151
176
197
199
203
212
233
240
248
257
264
274
275
291
313
315
340
341
343
383
386
426
436
514
521
539
563
593
610
613
704
719
729
760
773
831
868
879
946
953
983
987
994
1019
1023
1041
1050
1056
1080
1146
1175
1177
1189
1231
1293
1297
1305
1330
1347
1354
1354
1354
1354
1354
1354
1354
1354
0
1
2
3
4
5
7
8
9
11
12
16
18
20
21
22
29
39
41
47
53
54
69
73
75
76
91
100
117
129
135
151
153
164
170
176
190
199
202
232
276
290
296
311
323
337
343
350
354
373
375
387
406
413
426
442
462
490
526
558
562
584
599
644
659
684
687
717
826
861
894
918
978
991
1020
1041
1054
1144
1304
1335
1370
1377
1381
1381
1381
1381
1381
1381
1381
1381
1381
1381
1381
1381
1381
1381
1
2
3
4
7
12
17
19
28
30
34
38
39
45
50
59
60
61
73
98
99
118
121
137
141
155
157
199
216
234
248
253
276
278
291
293
311
332
334
348
366
384
387
401
409
414
427
438
441
469
488
492
561
562
591
606
692
695
702
704
714
722
774
795
823
825
870
894
951
969
972
983
994
995
1015
1017
1024
1148
1184
1192
1231
1247
1291
1366
1389
1393
1396
1404
1404
1404
1404
1404
1404
1404
1404
1404
2
3
5
6
9
10
14
19
25
27
36
38
39
43
52
84
86
89
99
101
106
108
114
120
124
163
175
181
196
201
208
210
228
244
261
291
322
334
380
400
409
411
427
430
467
511
526
544
648
667
707
712
720
753
756
803
815
822
841
842
873
883
905
906
912
933
934
945
964
982
1004
1023
1068
1085
1114
1115
1117
1171
1181
1182
1207
1265
1302
1308
1354
1361
1396
1436
1436
1436
1436
1436
1436
1436
1436
1436
3
4
5
9
10
12
21
24
32
40
42
45
50
60
72
75
84
91
99
100
122
129
152
160
162
169
195
208
228
242
262
263
269
311
334
335
340
354
364
373
381
396
417
420
435
438
452
455
475
483
485
514
531
555
627
659
754
788
861
884
889
911
918
936
944
952
954
957
964
975
984
1013
1049
1072
1084
1094
1110
1195
1206
1219
1259
1279
1294
1362
1371
1376
1411
1454
1460
1460
1460
1460
1460
1460
1460
1460
1
3
7
8
12
15
18
29
39
41
46
50
65
86
89
90
96
99
104
105
114
124
126
135
143
157
165
167
174
184
188
210
212
216
219
259
269
275
296
297
317
323
325
364
374
391
397
409
417
458
499
521
529
560
569
594
615
635
659
667
706
754
756
768
769
778
780
781
803
825
902
910
941
964
966
976
984
987
1120
1129
1283
1310
1330
1396
1397
1406
1448
1464
1464
1464
1464
1464
1464
1464
1464
1464
1
5
8
11
12
16
17
18
20
21
26
32
36
39
46
48
54
57
58
59
74
77
99
104
106
113
141
149
176
204
224
246
250
262
265
266
296
313
321
338
342
386
404
406
411
414
423
428
431
444
473
512
531
567
577
584
607
609
618
674
707
713
716
730
752
771
778
797
862
908
931
938
954
956
988
1005
1062
1067
1075
1097
1107
1128
1131
1166
1211
1267
1277
1335
1399
1410
1430
1470
1470
1470
1470
1470
0
3
8
10
11
12
16
18
20
26
38
40
42
43
44
47
49
54
67
73
94
99
129
188
201
202
212
216
217
221
225
227
233
238
250
257
271
272
319
325
331
336
337
345
356
357
399
409
416
460
468
492
500
530
542
597
621
624
628
639
653
661
695
702
703
758
801
825
845
919
922
940
964
984
1029
1067
1082
1103
1165
1167
1237
1243
1299
1335
1410
1414
1432
1442
1474
1505
1505
1505
1505
1505
1505
1505
0
2
3
7
8
19
25
26
29
36
37
39
47
49
54
59
64
129
143
145
152
161
165
177
180
183
187
224
233
246
259
283
290
302
303
306
312
331
338
339
394
411
446
464
469
471
473
512
525
543
564
569
575
587
612
628
696
697
709
734
749
752
793
817
838
844
852
869
884
929
931
960
971
987
1016
1073
1127
1129
1144
1151
1160
1196
1199
1260
1279
1291
1409
1417
1502
1506
1506
1506
1506
1506
1506
1506
0
3
11
20
25
32
33
37
38
57
66
70
74
84
89
99
100
101
109
132
134
154
157
172
175
182
197
207
220
221
228
242
292
294
312
340
354
362
366
373
385
435
444
452
453
470
474
490
503
520
567
583
603
634
661
678
685
686
715
731
741
771
846
877
883
884
897
907
936
986
1052
1089
1094
1112
1117
1181
1200
1208
1245
1265
1280
1296
1302
1324
1350
1449
1459
1465
1497
1512
1538
1538
1538
1538
1538
1538
0
1
3
5
7
10
12
19
21
23
29
46
47
50
52
53
61
66
87
89
94
98
101
157
187
188
221
226
232
238
242
244
246
250
271
275
311
343
349
385
421
426
446
468
488
489
493
506
564
569
574
616
628
692
714
719
723
726
738
740
784
788
809
895
954
957
983
991
992
1042
1043
1059
1065
1088
1143
1227
1232
1240
1302
1332
1336
1340
1396
1450
1470
1471
1486
1501
1506
1511
1523
1529
1530
1530
1530
1530
1
3
4
5
7
9
10
12
16
17
20
25
39
43
48
51
56
66
67
79
81
89
91
118
121
123
127
135
141
147
153
156
165
175
198
200
269
271
279
284
294
323
343
345
346
370
394
402
412
449
451
469
510
518
578
581
583
594
651
655
659
799
865
910
918
952
984
1038
1041
1050
1071
1093
1103
1160
1248
1279
1286
1333
1367
1383
1399
1411
1417
1466
1483
1511
1561
1561
1561
1561
1561
1561
1561
1561
1561
1561
0
1
4
5
8
9
11
12
17
21
32
41
61
66
67
99
119
121
133
137
138
148
153
155
213
238
304
317
327
333
343
347
348
356
375
376
396
400
438
440
443
454
466
492
497
508
528
530
554
580
587
599
604
608
619
633
644
684
691
698
724
730
748
749
751
820
833
851
903
919
979
1008
1015
1046
1055
1087
1200
1218
1221
1251
1345
1377
1383
1396
1413
1431
1438
1439
1488
1511
1511
1511
1511
1511
1511
1511
2
3
7
8
10
12
16
21
22
23
26
31
38
42
44
46
53
65
68
85
91
102
120
122
125
129
132
159
166
175
179
181
196
204
212
217
236
243
253
262
264
276
285
341
349
354
359
363
405
421
441
481
488
510
542
557
599
612
615
619
628
629
646
665
738
796
824
832
910
918
935
937
990
1022
1034
1038
1100
1111
1114
1120
1313
1314
1330
1406
1412
1476
1566
1566
1566
1566
1566
1566
1566
1566
1566
1566
1
2
3
12
13
15
21
49
50
54
55
57
65
66
79
87
88
95
120
123
125
133
135
137
138
144
145
161
178
181
223
236
257
273
284
301
302
304
345
354
356
369
373
386
391
393
396
440
458
465
526
599
605
612
651
670
672
688
727
758
775
786
822
861
1047
1055
1064
1087
1094
1110
1118
1126
1131
1207
1224
1253
1295
1312
1315
1409
1455
1465
1475
1520
1543
1576
1597
1598
1622
1622
1622
1622
1622
1622
1622
1622
0
1
3
4
6
7
10
12
15
20
28
31
47
49
52
54
59
61
66
69
87
89
91
131
144
156
161
185
212
213
217
221
234
238
242
243
254
267
276
285
289
291
292
305
312
338
363
379
420
454
466
467
475
481
483
497
551
557
559
583
605
609
617
691
722
731
732
752
785
873
876
907
1038
1041
1112
1145
1148
1178
1197
1261
1302
1346
1362
1399
1435
1472
1491
1573
1614
1617
1621
1621
1621
1621
1621
1621
0
3
7
9
10
11
12
14
16
21
27
33
36
39
40
42
57
61
64
75
78
79
91
101
108
111
135
181
205
206
212
213
216
227
244
246
264
265
300
311
348
352
354
370
386
401
411
425
443
447
474
475
483
539
570
578
590
601
604
624
645
698
735
737
800
803
853
920
939
1009
1036
1043
1050
1204
1207
1215
1230
1280
1297
1302
1317
1319
1322
1328
1338
1390
1399
1503
1536
1536
1536
1536
1536
1536
1536
1536
1
4
7
8
9
24
35
46
51
62
65
70
84
89
90
94
111
112
128
149
156
199
200
203
205
207
212
248
253
256
261
266
268
276
294
299
308
311
324
328
329
334
354
356
362
378
389
412
435
475
490
511
539
591
614
659
682
693
695
719
746
753
756
785
796
832
870
911
918
927
935
963
987
1000
1022
1042
1115
1237
1257
1267
1330
1380
1390
1447
1476
1564
1570
1601
1615
1663
1663
1663
1663
1663
1663
1663
2
4
5
7
8
10
12
14
17
31
45
48
55
61
65
71
72
84
96
97
120
124
133
139
141
154
175
176
186
208
221
257
259
267
273
282
303
308
309
332
340
356
383
395
401
411
435
455
479
497
529
538
557
576
591
604
649
672
717
752
802
880
889
891
936
937
946
1011
1012
1038
1067
1089
1099
1140
1141
1148
1167
1190
1194
1206
1212
1219
1244
1305
1317
1342
1348
1392
1410
1504
1531
1630
1630
1630
1630
1630
0
1
5
8
10
11
12
14
16
18
21
23
29
36
40
45
47
59
61
87
88
99
101
106
110
115
116
117
127
141
143
171
193
207
217
241
246
248
259
305
329
330
347
360
395
405
416
427
428
429
441
498
514
529
575
580
598
625
645
662
692
694
697
719
723
776
796
814
892
915
941
975
983
1000
1013
1042
1059
1103
1114
1197
1211
1213
1217
1236
1272
1310
1342
1375
1457
1488
1557
1565
1577
1674
1674
1674
1
3
7
9
11
13
17
20
26
32
37
39
40
42
45
53
60
68
79
88
92
94
95
96
98
113
121
127
132
138
140
141
158
175
181
183
210
221
239
267
297
300
302
324
345
363
365
368
386
407
411
459
505
512
515
522
524
525
551
584
642
673
676
699
737
780
784
795
800
903
957
979
1000
1119
1181
1249
1267
1270
1274
1289
1309
1325
1481
1495
1503
1519
1554
1589
1692
1692
1692
1692
1692
1692
1692
1692
1
2
3
7
10
19
20
24
34
37
41
48
62
68
70
71
77
79
89
96
98
127
132
147
165
172
174
204
208
228
252
259
262
278
304
311
313
314
318
332
347
372
401
458
464
474
485
496
501
524
536
569
641
647
650
657
670
683
774
820
832
836
921
956
1027
1042
1047
1083
1118
1119
1138
1166
1182
1208
1297
1300
1304
1309
1314
1321
1322
1449
1534
1537
1672
1726
1734
1734
1734
1734
1734
1734
1734
1734
1734
1734
7
9
10
14
24
32
45
51
55
57
58
75
90
91
110
113
119
131
132
148
181
197
203
208
213
220
224
228
231
232
288
341
375
382
389
399
454
455
481
506
524
525
528
564
583
625
628
659
666
674
675
719
742
772
774
886
923
1050
1065
1067
1071
1079
1101
1128
1147
1165
1166
1188
1191
1208
1228
1232
1233
1251
1259
1272
1289
1291
1312
1344
1367
1397
1420
1459
1460
1467
1504
1506
1521
1673
1689
1705
1728
1728
1728
1728
0
3
5
7
8
9
12
14
15
17
27
30
31
32
34
38
46
66
68
71
72
79
91
99
106
109
119
134
148
183
184
188
189
190
211
240
253
261
270
296
301
313
318
328
331
342
391
401
425
427
431
481
493
519
557
574
597
629
632
650
748
776
803
819
851
862
879
883
901
903
923
965
1017
1041
1106
1117
1165
1166
1324
1330
1397
1403
1430
1476
1506
1584
1613
1645
1691
1691
1691
1691
1691
1691
1691
1691
1
3
4
7
8
9
10
13
18
20
27
30
33
40
53
54
65
74
75
99
116
121
125
129
130
135
148
155
181
184
188
197
207
208
215
223
230
239
242
266
302
316
321
328
349
361
362
386
417
445
498
528
539
546
562
592
595
603
605
609
672
759
762
764
783
796
832
881
897
982
983
1025
1062
1069
1122
1144
1166
1169
1208
1239
1289
1306
1344
1362
1496
1588
1643
1666
1686
1698
1720
1733
1733
1733
1733
1733
0
1
3
4
8
12
18
20
25
29
40
57
60
68
70
75
81
90
92
94
96
111
112
130
134
135
157
199
231
263
270
313
323
327
330
331
335
347
349
365
387
430
478
498
541
555
585
597
620
626
639
662
700
709
722
730
751
763
775
814
829
854
878
923
924
941
967
972
1052
1170
1176
1208
1210
1257
1285
1309
1340
1363
1366
1434
1435
1537
1548
1576
1623
1671
1674
1704
1728
1728
1728
1728
1728
1728
1728
1728
1
3
4
5
7
10
12
13
14
17
21
49
50
56
57
72
77
89
95
102
120
128
134
139
163
168
174
182
189
190
198
233
234
238
253
261
269
274
277
292
332
383
391
431
435
440
450
452
533
552
565
568
585
594
619
620
660
692
694
722
738
739
778
784
870
961
983
994
1027
1039
1088
1111
1162
1200
1204
1218
1314
1399
1400
1429
1448
1475
1495
1549
1554
1559
1698
1725
1772
1779
1779
1779
1779
1779
1779
1779
3
4
5
10
12
17
20
24
27
39
40
42
47
61
64
65
81
99
105
117
132
159
192
227
228
246
251
265
267
281
302
334
335
345
353
364
387
389
401
414
473
549
555
557
560
575
587
588
615
712
745
749
753
756
759
799
852
874
919
935
937
940
972
999
1028
1082
1137
1237
1306
1348
1376
1447
1453
1456
1484
1489
1510
1527
1533
1537
1645
1657
1667
1673
1680
1728
1764
1803
1827
1827
1827
1827
1827
1827
1827
1827
3
4
12
15
24
25
26
30
36
41
46
48
53
54
57
99
111
118
133
135
136
167
178
200
208
239
256
268
273
275
319
337
354
362
380
439
444
458
468
490
525
601
632
641
646
655
690
706
710
736
740
796
866
894
918
937
979
983
1001
1005
1056
1075
1095
1100
1147
1164
1215
1271
1295
1301
1315
1322
1325
1367
1406
1418
1487
1582
1620
1624
1655
1678
1720
1784
1784
1784
1784
1784
1784
1784
1784
1784
1784
1784
1784
1784
1
4
5
9
10
12
13
17
19
20
29
37
46
55
62
76
89
112
152
174
188
196
197
216
218
232
244
275
276
283
286
334
353
368
384
409
423
435
445
446
459
468
473
490
531
548
570
599
644
665
691
697
705
714
783
836
872
918
919
920
926
954
986
1007
1031
1074
1077
1080
1085
1213
1224
1235
1236
1259
1394
1421
1447
1450
1467
1513
1527
1556
1561
1564
1567
1600
1618
1651
1672
1786
1865
1865
1865
1865
1865
1865
0
3
4
7
8
9
12
17
21
31
39
40
42
47
55
73
77
111
145
172
176
189
196
198
206
209
217
219
240
250
253
260
276
281
294
310
311
325
383
399
425
432
443
459
465
485
509
535
538
544
562
572
584
622
625
626
630
634
639
681
689
732
740
745
751
778
816
901
908
929
1091
1097
1118
1133
1178
1195
1222
1314
1324
1359
1380
1456
1471
1475
1525
1636
1665
1699
1741
1762
1811
1829
1829
1829
1829
1829
0
1
3
4
12
14
15
19
20
27
33
45
46
57
65
78
79
90
91
104
114
140
143
158
159
164
171
175
191
216
235
275
287
288
297
302
303
327
329
344
366
389
399
404
409
428
429
446
447
458
466
500
521
566
618
645
659
689
716
722
761
784
814
819
825
832
845
917
930
948
959
974
1050
1081
1085
1094
1123
1188
1261
1274
1312
1376
1433
1465
1572
1625
1702
1715
1748
1755
1838
1849
1859
1859
1859
1859
2
3
5
8
14
15
25
28
29
40
41
44
47
49
50
52
53
59
68
84
87
103
105
125
140
175
191
198
207
211
212
233
242
261
283
293
305
329
357
368
407
409
425
450
479
486
490
533
569
580
582
595
634
645
665
676
704
715
723
732
869
885
953
954
1017
1040
1057
1189
1207
1266
1283
1287
1324
1501
1531
1549
1553
1557
1562
1638
1657
1678
1702
1708
1760
1814
1872
1889
1897
1897
1897
1897
1897
1897
1897
1897
1
3
4
7
8
9
21
25
32
39
44
56
65
68
72
86
95
96
104
113
137
153
192
194
208
213
249
281
305
317
332
337
343
354
359
366
372
375
378
384
413
438
442
455
511
513
536
560
592
630
664
665
695
721
758
783
802
829
884
893
912
917
967
1032
1085
1090
1102
1106
1171
1288
1313
1332
1409
1417
1420
1452
1454
1541
1599
1613
1638
1648
1669
1702
1752
1797
1897
1904
1909
1915
1915
1915
1915
1915
1915
1915
2
3
4
10
12
14
15
16
19
29
33
38
55
59
67
72
75
79
99
102
118
131
139
147
148
154
159
165
167
175
184
187
193
207
232
236
242
253
291
329
338
341
353
367
401
418
427
440
496
499
514
547
610
611
616
660
690
731
778
797
802
821
886
888
922
935
954
972
1042
1084
1121
1148
1209
1269
1420
1430
1442
1457
1508
1510
1534
1542
1581
1638
1642
1704
1708
1731
1765
1854
1913
1913
1913
1913
1913
1913
0
3
4
8
9
14
17
19
27
50
51
57
82
99
111
157
174
175
176
187
190
219
227
242
260
280
298
311
312
318
350
353
380
382
426
435
456
463
467
512
531
541
547
596
605
656
658
680
716
717
728
729
755
768
788
836
855
900
908
952
972
986
1007
1078
1107
1122
1135
1185
1251
1259
1276
1319
1326
1347
1362
1460
1500
1538
1548
1567
1717
1734
1737
1758
1812
1864
1867
1875
1883
1887
1889
1913
1913
1913
1913
1913
3
6
9
10
11
17
20
28
29
38
41
49
54
55
58
59
62
65
67
79
89
105
114
116
141
149
166
182
183
186
188
196
197
206
232
266
290
344
364
383
391
397
400
411
420
424
472
484
491
500
514
535
566
567
618
655
672
706
722
727
767
774
782
789
841
926
931
1026
1047
1076
1081
1256
1283
1302
1315
1343
1344
1350
1381
1388
1409
1474
1490
1538
1550
1619
1625
1639
1768
1774
1893
1893
1893
1893
1893
1893
0
2
3
4
5
7
8
10
11
19
24
30
40
41
53
79
85
110
119
121
129
130
133
137
150
164
192
195
212
265
283
291
302
313
326
346
365
371
449
489
496
515
535
599
615
635
649
691
697
702
715
739
778
782
797
813
826
829
836
851
858
867
890
921
922
930
931
933
941
943
969
978
980
1006
1019
1054
1073
1120
1124
1195
1196
1210
1240
1282
1309
1310
1340
1354
1390
1412
1415
1444
1473
1701
1759
1936
3
5
7
9
14
24
26
28
32
50
67
68
69
99
101
111
114
115
117
124
125
133
145
160
169
207
230
250
253
261
269
291
297
302
336
347
375
387
407
426
471
472
493
498
510
513
541
544
546
602
619
643
656
732
764
794
852
855
863
893
927
930
941
949
951
1008
1024
1065
1137
1143
1178
1194
1233
1238
1254
1281
1302
1336
1351
1357
1448
1450
1555
1558
1608
1760
1782
1814
1823
1836
1917
1939
1939
1939
1939
1939
3
6
8
9
10
11
12
14
16
25
28
29
37
39
40
42
45
47
48
52
60
63
77
92
94
95
125
129
134
143
151
153
155
170
200
218
226
245
262
267
303
311
315
331
336
345
348
353
367
414
415
473
476
477
478
480
493
614
628
651
662
692
726
730
763
809
823
860
868
962
1026
1243
1309
1386
1396
1423
1429
1486
1489
1494
1508
1523
1553
1558
1565
1600
1608
1663
1705
1722
1754
1830
1865
1865
1865
1865
1
4
5
6
11
12
14
23
39
40
42
59
73
88
100
107
108
117
153
156
175
181
200
201
214
222
235
238
239
283
293
300
313
317
325
336
347
374
393
396
408
426
427
440
465
479
495
508
521
523
575
599
689
692
701
713
846
864
877
908
909
993
994
1060
1082
1086
1149
1211
1224
1284
1289
1330
1377
1413
1486
1558
1590
1591
1613
1628
1631
1769
1772
1784
1808
1809
1888
1889
1919
1956
1968
2022
2022
2022
2022
2022
1
3
5
7
9
10
12
17
19
26
30
32
47
49
65
76
79
102
113
125
127
130
136
139
151
154
172
175
184
192
238
247
255
256
264
279
288
302
322
344
362
387
419
431
446
452
484
494
496
497
558
573
589
619
626
656
664
677
687
709
811
825
877
931
972
975
985
989
1082
1084
1090
1101
1119
1131
1169
1219
1247
1290
1293
1364
1366
1433
1434
1666
1690
1761
1827
1890
1962
1996
1996
1996
1996
1996
1996
1996
1
3
5
11
16
20
28
30
48
53
54
63
68
70
82
113
115
124
127
135
156
157
163
173
195
199
200
214
237
238
240
283
306
338
353
354
383
386
391
399
401
414
455
463
475
506
545
564
597
624
653
683
685
703
723
778
791
810
852
926
929
942
999
1017
1026
1083
1256
1282
1317
1390
1391
1396
1413
1430
1489
1509
1515
1529
1558
1565
1582
1634
1649
1667
1703
1786
1811
1843
1861
1973
1989
2022
2022
2022
2022
2022
1
3
4
9
10
16
19
44
51
53
54
64
65
73
76
77
89
97
112
135
164
165
177
195
223
226
257
262
265
272
298
329
405
407
442
466
506
539
551
554
578
583
596
605
663
718
757
765
766
785
804
857
863
880
918
931
936
964
987
993
997
1086
1121
1212
1241
1257
1261
1330
1336
1469
1565
1594
1607
1630
1647
1670
1671
1681
1703
1741
1783
1857
1948
1989
2058
2068
2088
2088
2088
2088
2088
2088
2088
2088
2088
2088
0
1
3
5
9
10
12
14
15
16
18
25
27
31
32
36
57
70
78
79
88
91
96
109
120
122
131
140
147
159
169
177
185
186
197
198
200
216
217
235
238
258
264
296
310
327
353
376
393
409
428
465
536
538
539
555
563
608
626
685
743
791
856
889
935
1064
1080
1164
1203
1219
1250
1287
1373
1436
1462
1466
1491
1520
1627
1695
1745
1791
1796
1838
1849
1887
1901
2042
2109
2109
2109
2109
2109
2109
2109
2109
0
1
2
4
8
10
12
14
16
17
24
28
36
47
48
53
68
105
147
149
155
200
228
254
293
297
316
319
328
339
341
400
405
427
440
441
466
492
542
545
599
610
627
645
659
760
783
791
794
797
808
825
828
938
968
1000
1016
1041
1046
1119
1121
1123
1176
1200
1209
1213
1219
1337
1346
1368
1424
1505
1508
1590
1610
1669
1702
1811
1864
1865
1871
1890
1893
1909
1939
2020
2066
2066
2066
2066
2066
2066
2066
2066
2066
2066
0
1
3
26
29
33
39
52
58
72
74
89
90
115
119
123
124
131
172
177
198
207
224
275
283
302
306
325
336
349
423
469
493
516
528
531
538
544
560
576
583
605
607
612
618
629
635
637
645
650
668
669
753
764
855
908
946
953
957
989
1011
1066
1069
1083
1159
1177
1235
1275
1281
1336
1365
1367
1396
1484
1493
1665
1683
1766
1770
1783
1807
1834
1863
1909
1946
2010
2033
2077
2084
2121
2121
2121
2121
2121
2121
2121
0
1
3
5
12
13
14
16
19
25
33
50
54
56
61
65
66
71
85
99
101
109
125
139
141
149
171
179
195
203
225
239
266
278
288
293
302
328
329
362
367
427
430
455
461
466
475
510
555
606
607
675
683
688
710
717
775
802
870
888
916
954
971
990
1043
1045
1066
1076
1165
1247
1275
1277
1293
1360
1390
1401
1538
1559
1623
1688
1750
1770
1774
1803
1820
1970
2066
2135
2143
2143
2143
2143
2143
2143
2143
2143
0
1
3
11
12
16
18
20
28
30
36
61
75
79
85
87
102
131
133
160
164
168
177
189
230
238
253
265
274
295
297
386
417
441
449
454
458
460
462
463
502
528
529
551
604
612
618
623
663
664
665
678
690
691
700
701
779
826
889
897
898
914
930
965
997
1041
1097
1150
1158
1169
1173
1178
1208
1328
1343
1345
1375
1409
1497
1530
1550
1658
1745
1761
1779
1785
1821
2096
2103
2103
2103
2103
2103
2103
2103
2103
0
1
3
4
9
10
12
14
16
39
43
48
60
61
64
65
66
74
90
96
97
99
101
104
156
159
165
195
221
240
270
274
280
292
305
316
319
334
336
354
369
385
387
398
403
404
426
444
472
474
503
544
596
601
609
611
646
787
843
897
916
948
975
986
1007
1025
1066
1081
1092
1110
1116
1163
1226
1230
1277
1373
1409
1412
1536
1540
1543
1625
1627
1632
1638
1776
1975
1980
2030
2147
2147
2147
2147
2147
2147
2147
3
4
7
9
20
26
34
44
50
51
53
63
69
77
86
88
99
109
134
135
138
139
153
155
158
171
173
174
175
195
203
238
255
268
275
282
306
315
338
346
424
468
520
531
546
548
559
574
593
599
629
636
647
653
655
716
728
740
780
803
823
836
848
954
1047
1135
1181
1225
1383
1404
1409
1501
1552
1570
1578
1601
1653
1677
1710
1787
1792
1860
1913
1940
1967
1980
1990
2029
2053
2189
2190
2190
2190
2190
2190
2190
2
3
12
22
23
25
30
40
41
44
47
49
54
62
63
80
89
101
109
150
160
161
171
172
175
192
197
225
234
250
252
267
280
283
286
320
385
393
395
398
427
495
497
520
533
691
713
732
733
736
757
912
938
949
1009
1059
1074
1082
1106
1112
1169
1178
1179
1237
1255
1274
1284
1296
1348
1365
1378
1413
1435
1501
1572
1646
1673
1682
1692
1743
1824
1866
1872
1891
1939
2029
2035
2060
2194
2194
2194
2194
2194
2194
2194
2194
3
4
5
7
8
10
11
16
17
29
30
38
51
59
60
72
90
112
125
126
135
136
149
154
155
163
176
204
220
237
274
297
308
312
316
318
330
349
364
383
443
597
598
599
603
619
620
632
650
675
760
797
842
847
862
863
866
875
900
907
911
923
926
948
968
999
1091
1092
1102
1106
1129
1136
1166
1220
1257
1265
1268
1312
1350
1459
1480
1541
1570
1625
1638
1733
1744
1759
1840
1948
1951
1971
2070
2093
2093
2093
1
3
4
11
12
14
15
22
33
37
40
62
77
87
100
112
117
133
148
156
160
171
214
221
229
238
245
265
276
295
338
391
394
401
415
433
469
483
499
540
544
611
628
659
665
671
690
845
863
890
911
923
925
937
940
995
1042
1076
1130
1147
1163
1165
1192
1240
1243
1258
1261
1269
1330
1340
1356
1411
1436
1476
1555
1617
1658
1671
1744
1757
1769
1806
1829
1844
1902
1942
1943
2017
2174
2186
2203
2232
2236
2236
2236
2236
0
2
3
5
9
10
12
14
16
17
26
29
34
37
46
80
90
94
99
130
159
165
176
185
203
208
213
217
231
233
238
263
271
275
293
311
319
325
354
362
395
396
430
453
515
538
540
560
599
603
629
630
658
666
675
726
738
811
836
863
869
897
900
931
980
1168
1202
1264
1267
1276
1296
1303
1321
1372
1417
1489
1525
1531
1546
1561
1672
1674
1757
1804
1830
1848
1883
1991
2105
2126
2238
2238
2238
2238
2238
2238
0
3
9
10
14
17
19
24
25
37
40
49
53
55
57
78
79
86
105
107
109
111
135
156
157
173
183
189
194
221
222
251
302
349
352
371
391
435
436
461
464
569
571
592
617
620
628
637
692
696
721
724
733
748
768
770
777
966
977
980
1000
1001
1028
1076
1138
1153
1165
1170
1252
1267
1284
1310
1325
1399
1473
1491
1495
1596
1634
1715
1724
1762
1791
1806
1934
1982
1984
2117
2254
2254
2254
2254
2254
2254
2254
2254
0
2
3
4
10
14
16
18
20
24
39
48
57
73
80
116
118
130
137
153
156
158
165
186
194
195
225
263
269
272
273
279
295
326
332
347
405
406
413
427
438
455
458
508
518
536
579
630
666
724
731
738
832
837
840
844
931
1070
1085
1127
1175
1281
1304
1330
1332
1345
1370
1414
1420
1442
1458
1487
1572
1630
1642
1688
1757
1769
1852
1895
1926
1928
1938
2012
2046
2047
2211
2267
2267
2267
2267
2267
2267
2267
2267
2267
0
3
4
7
8
10
15
17
27
28
41
49
60
67
75
85
96
108
117
126
187
211
214
223
243
266
294
296
307
311
329
334
354
386
427
428
483
485
508
539
543
544
549
631
642
661
672
690
711
746
749
759
793
856
862
915
940
1011
1022
1113
1129
1150
1172
1185
1192
1205
1210
1212
1236
1258
1261
1284
1285
1287
1305
1309
1381
1480
1538
1548
1619
1667
1674
1694
1735
1804
1828
1832
1839
1983
2044
2163
2230
2230
2230
2230
3
7
8
9
10
12
19
24
26
29
38
55
61
86
99
113
122
134
141
190
196
233
237
245
294
300
302
349
352
354
362
363
402
409
459
465
466
523
561
580
582
641
673
676
764
867
872
899
901
902
958
1028
1050
1057
1122
1157
1159
1206
1227
1230
1268
1275
1317
1332
1354
1386
1434
1436
1451
1468
1586
1590
1723
1761
1772
1836
1879
1891
1910
1911
2010
2012
2032
2033
2100
2133
2155
2331
2331
2331
2331
2331
2331
2331
2331
2331
3
8
9
10
12
16
25
27
28
40
45
55
72
91
94
96
105
107
122
148
156
214
219
231
234
243
260
281
291
294
300
311
325
329
347
401
417
459
474
512
534
607
615
619
699
772
808
870
914
921
933
1028
1100
1189
1199
1206
1209
1211
1223
1276
1284
1307
1312
1345
1348
1493
1552
1588
1600
1625
1679
1692
1722
1729
1735
1745
1838
1840
1889
1911
2023
2035
2115
2129
2200
2210
2212
2227
2229
2308
2314
2330
2330
2330
2330
2330
3
7
10
19
32
37
42
50
54
63
99
101
108
111
116
135
141
153
164
189
202
205
234
250
255
283
286
306
309
313
314
337
354
366
386
391
458
526
539
541
570
583
663
681
686
731
739
746
771
798
901
918
927
932
979
1000
1032
1074
1098
1133
1163
1172
1178
1204
1239
1261
1268
1277
1335
1358
1487
1518
1529
1536
1538
1615
1654
1657
1729
1774
1819
1833
1842
2058
2076
2078
2089
2147
2162
2162
2162
2162
2162
2162
2162
2162
1
3
7
8
9
10
11
16
20
35
42
55
63
67
99
124
134
152
164
179
213
214
219
229
236
265
270
281
286
297
313
316
336
340
342
344
351
359
385
395
398
428
444
461
471
482
575
614
636
827
844
909
922
931
968
994
1049
1059
1085
1091
1165
1173
1179
1241
1260
1284
1324
1325
1365
1417
1435
1442
1490
1526
1536
1549
1606
1646
1805
1828
1872
1875
1921
1927
1947
1969
2047
2087
2169
2177
2209
2212
2222
2297
2297
2297
1
3
7
17
30
40
42
49
65
66
70
81
91
97
101
129
135
148
152
155
200
211
217
224
265
302
308
317
321
339
340
369
425
430
447
449
454
467
492
546
549
565
599
665
684
688
691
750
775
787
875
889
890
893
919
921
939
948
983
986
1007
1025
1042
1126
1135
1146
1243
1264
1405
1412
1505
1527
1564
1576
1598
1647
1662
1672
1686
1785
1792
1843
1915
1928
1931
1967
1995
2068
2126
2144
2168
2182
2238
2269
2269
2269
1
4
7
33
35
44
45
47
53
54
57
66
79
85
89
127
135
143
163
176
185
192
201
209
239
242
246
272
296
338
353
363
392
428
444
456
459
465
470
475
477
508
531
542
641
646
649
655
657
740
753
764
784
850
866
915
954
982
1064
1075
1079
1082
1141
1163
1172
1176
1197
1243
1244
1324
1517
1538
1709
1774
1784
1841
1850
1853
1872
1875
1910
2086
2133
2154
2204
2212
2224
2305
2316
2329
2329
2329
2329
2329
2329
2329
3
4
5
24
29
33
37
59
87
98
99
101
106
114
115
116
119
134
141
156
158
166
167
172
190
215
218
224
288
293
296
304
314
318
340
352
387
395
416
422
440
458
473
475
481
507
525
530
544
557
593
633
659
663
698
717
785
792
799
837
977
995
1000
1017
1121
1211
1271
1321
1348
1353
1397
1410
1434
1457
1590
1617
1662
1696
1709
1736
1764
1773
1896
1940
2017
2062
2117
2204
2243
2294
2305
2361
2371
2384
2404
2404
1
3
6
8
12
17
18
20
22
23
30
33
42
47
53
65
99
111
130
138
139
143
158
176
187
188
192
197
239
242
264
265
302
316
318
323
326
346
350
411
421
430
433
455
459
465
477
481
486
490
513
557
597
646
669
702
703
864
886
888
894
917
948
1088
1176
1177
1311
1324
1400
1509
1538
1559
1583
1604
1649
1791
1795
1797
1815
1853
1894
1930
1964
1995
2045
2070
2100
2181
2396
2404
2415
2415
2415
2415
2415
2415
0
1
2
3
12
14
15
33
35
38
53
56
65
87
91
92
103
107
111
117
136
138
140
177
179
192
210
230
232
273
276
284
287
291
293
295
308
309
332
336
338
341
405
409
429
439
457
459
513
541
553
568
583
587
622
643
688
702
728
739
743
760
797
824
835
850
872
875
959
983
1023
1125
1146
1196
1212
1214
1241
1299
1420
1607
1612
1623
1752
1901
1902
1936
2035
2096
2117
2136
2384
2415
2425
2425
2425
2425
0
1
2
3
6
9
10
12
20
26
33
35
40
50
73
90
91
131
137
208
212
228
233
244
259
260
282
291
343
352
365
376
440
465
492
571
611
651
699
704
711
721
784
824
831
850
866
867
933
957
993
994
1017
1049
1103
1113
1134
1187
1210
1226
1237
1299
1321
1349
1363
1387
1554
1594
1614
1617
1654
1725
1728
1736
1802
1804
1822
1908
1947
2036
2243
2263
2283
2308
2328
2350
2375
2379
2409
2410
2418
2426
2426
2426
2426
2426
1
2
4
7
8
9
11
12
13
14
24
38
40
44
55
64
69
82
84
90
119
146
148
170
172
177
185
192
203
209
216
226
276
303
340
356
409
440
491
494
512
581
619
662
663
669
697
746
770
782
850
857
915
940
947
999
1027
1041
1088
1095
1132
1153
1199
1200
1236
1321
1365
1381
1397
1485
1522
1539
1550
1559
1618
1827
1894
1953
1974
1984
2026
2051
2072
2120
2282
2304
2447
2447
2447
2447
2447
2447
2447
2447
2447
2447
1
3
4
6
8
11
12
13
18
30
40
44
47
51
60
76
95
97
140
147
160
171
183
192
196
197
198
203
208
210
228
233
278
302
303
390
400
441
459
466
497
597
608
647
664
776
794
818
822
851
857
859
919
932
985
995
999
1103
1106
1117
1144
1196
1202
1203
1235
1246
1270
1274
1432
1531
1594
1682
1690
1710
1747
1769
1819
1903
2110
2122
2194
2210
2212
2220
2222
2374
2436
2460
2477
2493
2494
2494
2494
2494
2494
2494
2
3
4
5
10
19
26
52
68
72
74
81
102
108
119
127
128
137
152
156
165
191
196
219
245
246
259
301
303
311
313
318
329
340
353
363
420
422
430
492
518
542
583
599
610
628
640
647
662
672
689
708
729
758
780
845
949
952
1025
1086
1132
1133
1253
1271
1310
1351
1380
1384
1394
1503
1606
1613
1645
1661
1731
1872
1876
1895
1910
1921
1948
1990
2122
2126
2194
2269
2297
2389
2394
2407
2422
2480
2480
2480
2480
2480
0
2
5
7
9
11
18
19
25
31
37
40
54
65
67
113
147
170
179
200
212
213
233
245
255
260
293
298
300
320
343
355
384
391
397
402
410
442
471
488
533
543
552
566
601
603
606
609
686
732
738
749
759
776
867
926
990
1038
1039
1040
1071
1088
1102
1128
1265
1332
1335
1381
1409
1510
1583
1744
1780
1788
1804
1807
1834
1840
1882
1944
2053
2100
2137
2197
2305
2308
2324
2328
2334
2380
2447
2471
2475
2475
2475
2475
3
4
8
10
16
17
28
34
37
42
48
53
56
61
89
96
102
106
125
127
138
166
174
183
200
230
253
261
262
264
276
295
325
326
341
345
368
446
454
473
483
499
504
544
545
568
619
643
697
739
760
794
804
861
894
994
1039
1102
1199
1211
1233
1242
1309
1334
1342
1355
1428
1429
1472
1497
1524
1537
1658
1665
1711
1728
1823
1837
1866
2005
2006
2021
2052
2115
2116
2128
2241
2384
2419
2453
2463
2463
2463
2463
2463
2463
2
3
4
7
12
14
21
30
39
51
59
78
92
108
118
126
132
133
137
148
152
154
166
180
195
213
228
231
247
286
295
315
316
331
348
370
387
388
405
411
418
458
509
553
570
583
621
636
709
750
778
826
828
832
837
880
891
981
1001
1004
1019
1020
1050
1065
1117
1195
1328
1346
1358
1487
1580
1588
1658
1790
1847
1988
1999
2062
2114
2124
2136
2174
2227
2257
2291
2300
2325
2451
2452
2452
2452
2452
2452
2452
2452
2452
0
3
7
10
11
12
14
15
20
25
26
27
32
35
38
39
75
81
91
107
117
134
144
148
154
157
177
181
183
212
230
326
392
396
425
452
477
480
494
500
528
550
561
562
567
568
612
649
662
718
778
854
870
878
894
899
943
972
1073
1186
1232
1277
1316
1348
1352
1365
1366
1389
1418
1497
1550
1617
1679
1755
1774
1828
1889
1913
1956
1962
1997
2031
2060
2243
2304
2326
2328
2347
2376
2459
2475
2518
2518
2518
2518
2518
0
1
3
4
7
8
9
27
36
57
66
70
78
106
120
131
134
138
143
148
178
187
211
213
222
257
264
311
314
338
345
352
353
354
367
423
447
463
475
486
499
541
542
556
590
655
662
665
675
761
772
803
867
877
889
910
914
927
956
971
988
1005
1028
1075
1076
1108
1114
1149
1218
1280
1303
1338
1498
1520
1578
1604
1618
1634
1650
1659
1729
1792
1812
1942
1949
1966
2034
2192
2315
2328
2337
2362
2406
2406
2406
2406
0
1
3
4
7
23
33
36
39
50
59
60
61
97
117
122
136
164
186
194
216
228
245
257
258
265
343
354
362
379
409
424
446
450
458
459
471
514
518
582
610
619
633
687
704
765
779
807
839
857
867
877
883
885
891
902
988
1046
1076
1221
1233
1263
1280
1322
1347
1353
1363
1449
1487
1537
1627
1649
1655
1666
1681
1781
1844
1916
1959
2034
2049
2087
2095
2188
2328
2330
2340
2441
2538
2573
2601
2601
2601
2601
2601
2601
0
4
10
14
17
18
31
48
61
65
70
102
117
122
139
158
169
175
186
196
199
221
253
273
324
329
349
378
385
411
429
452
479
488
522
535
541
557
599
611
624
672
692
699
700
750
872
883
888
995
1028
1036
1046
1084
1115
1121
1123
1152
1219
1227
1245
1354
1396
1428
1444
1463
1563
1577
1638
1664
1682
1713
1770
1774
1795
1796
1823
1885
2123
2153
2154
2181
2190
2226
2251
2321
2340
2403
2561
2561
2561
2561
2561
2561
2561
2561
0
8
17
26
30
43
69
86
89
124
129
135
140
212
221
238
247
273
274
275
338
352
384
420
435
439
448
449
450
457
461
468
474
475
543
551
573
599
619
625
661
676
678
689
721
776
793
818
828
836
847
862
865
931
986
1007
1061
1077
1095
1131
1165
1169
1215
1218
1270
1346
1497
1512
1538
1550
1574
1630
1654
1723
1757
1785
1812
1854
2077
2134
2168
2172
2178
2227
2254
2306
2384
2464
2495
2530
2594
2600
2600
2600
2600
2600
1
3
4
5
26
28
34
35
45
51
59
61
71
80
88
89
92
98
114
133
141
239
243
256
278
315
335
344
348
359
379
381
398
422
423
433
459
487
490
496
542
566
668
690
702
708
729
739
740
747
764
797
861
883
910
931
932
974
1010
1053
1100
1107
1131
1176
1199
1232
1270
1314
1367
1500
1570
1605
1638
1644
1710
1720
1723
1847
1850
1863
1961
2042
2103
2124
2131
2133
2150
2205
2233
2253
2360
2414
2525
2652
2652
2652
3
4
11
13
14
16
17
23
29
30
39
62
64
75
85
108
111
126
151
158
175
177
195
196
255
284
291
329
363
441
454
463
466
480
521
543
544
560
607
612
620
642
651
663
686
730
775
782
788
792
808
893
918
950
1001
1008
1035
1080
1120
1275
1322
1387
1396
1444
1484
1486
1520
1623
1717
1785
1861
1872
1910
1912
1966
1992
2129
2154
2159
2169
2204
2310
2318
2398
2431
2479
2486
2493
2527
2572
2590
2597
2597
2597
2597
2597
0
3
4
12
25
36
49
50
53
60
78
97
111
116
119
121
131
160
163
165
166
176
178
188
233
250
252
279
308
328
332
343
360
418
463
502
543
547
597
614
625
653
656
715
737
763
789
809
869
876
923
967
975
987
1047
1069
1071
1093
1123
1169
1181
1225
1233
1239
1388
1406
1549
1703
1712
1745
1769
1780
1798
1890
1914
1945
2064
2071
2172
2186
2198
2216
2224
2270
2287
2361
2400
2436
2644
2693
2693
2693
2693
2693
2693
2693
0
1
3
6
7
17
19
36
39
52
54
57
72
75
76
108
111
126
144
161
188
208
234
249
281
296
301
313
314
323
326
386
387
401
410
438
446
480
485
496
573
582
608
631
661
663
677
683
734
761
788
817
833
872
986
997
1017
1079
1115
1144
1382
1430
1454
1471
1475
1495
1503
1530
1548
1573
1633
1664
1673
1716
1724
1770
1824
1849
1866
1891
1908
1942
1955
2062
2162
2211
2311
2368
2423
2472
2548
2637
2637
2637
2637
2637
1
3
4
6
9
10
12
15
19
20
25
29
39
49
71
89
91
113
128
133
147
149
152
155
232
245
316
323
324
343
366
381
388
428
438
446
451
464
497
524
540
545
608
672
690
711
861
918
953
959
972
1026
1054
1119
1152
1189
1228
1247
1261
1350
1402
1410
1417
1426
1434
1526
1569
1575
1591
1617
1638
1665
1684
1718
1866
1870
1897
1901
1939
2025
2077
2124
2134
2267
2369
2548
2584
2629
2634
2647
2667
2711
2711
2711
2711
2711
1
3
12
14
28
36
41
49
61
64
69
75
91
92
99
127
140
154
157
168
169
185
192
285
291
347
383
456
498
537
553
586
609
633
658
667
689
727
781
794
908
959
967
991
1019
1027
1029
1035
1039
1059
1062
1081
1082
1086
1117
1150
1154
1192
1208
1281
1283
1304
1305
1313
1396
1414
1431
1473
1476
1482
1512
1537
1538
1542
1613
1661
1711
1769
1824
1950
1958
2014
2041
2211
2242
2247
2286
2291
2450
2451
2483
2713
2713
2713
2713
2713
0
1
4
9
12
17
18
22
26
33
36
38
44
48
65
66
110
114
127
129
138
173
187
203
212
213
235
250
271
275
287
302
324
366
371
373
393
428
441
443
466
467
496
515
521
530
532
619
632
660
679
685
732
831
832
836
887
919
935
1043
1077
1108
1131
1159
1172
1179
1202
1212
1257
1261
1303
1310
1395
1432
1451
1511
1694
1715
1763
1987
2015
2223
2237
2284
2305
2314
2315
2404
2448
2497
2502
2598
2598
2598
2598
2598
0
1
3
5
8
9
12
19
21
31
33
40
41
42
49
50
53
59
68
80
91
137
162
170
194
196
199
239
293
297
313
320
329
339
381
395
403
416
422
426
463
489
520
596
605
624
649
676
682
815
816
829
831
897
921
952
1014
1032
1059
1061
1130
1143
1186
1189
1222
1226
1264
1282
1365
1402
1504
1570
1647
1700
1743
1770
1886
1891
2164
2214
2218
2223
2395
2410
2472
2556
2632
2660
2660
2660
2660
2660
2660
2660
2660
2660
1
3
6
7
9
13
14
24
36
37
39
57
58
61
65
75
82
84
96
97
117
134
137
157
160
166
176
178
192
288
290
328
340
382
385
426
487
502
605
666
685
695
704
721
743
818
897
929
966
980
991
999
1004
1017
1055
1066
1083
1099
1117
1143
1180
1203
1210
1282
1317
1388
1556
1626
1681
1744
1748
1769
2001
2072
2075
2101
2134
2184
2191
2212
2232
2240
2255
2294
2347
2472
2510
2585
2609
2692
2692
2692
2692
2692
2692
2692
4
18
21
23
38
39
42
47
66
79
89
98
124
160
176
178
182
254
307
344
361
384
397
400
410
413
426
427
428
453
462
513
529
539
543
548
557
567
593
622
626
652
658
661
666
720
740
754
783
845
964
997
1046
1078
1081
1117
1133
1148
1168
1208
1213
1281
1286
1288
1312
1343
1345
1351
1393
1416
1445
1476
1497
1564
1581
1635
1645
1709
1726
1836
1875
1887
1896
1982
2109
2127
2162
2227
2291
2319
2712
2736
2737
2789
2789
2789
0
3
4
7
9
12
17
38
42
53
60
67
70
71
87
90
96
119
154
156
173
174
191
200
206
228
230
231
246
247
251
262
295
303
330
331
344
370
411
444
463
504
511
532
565
743
790
892
897
905
929
931
988
995
1065
1111
1135
1153
1208
1313
1314
1330
1388
1443
1454
1503
1543
1582
1612
1613
1701
1752
1764
1866
1929
1983
2046
2056
2191
2273
2422
2461
2523
2548
2568
2692
2737
2792
2814
2814
2814
2814
2814
2814
2814
2814
1
2
3
9
11
12
14
19
32
49
57
58
60
64
65
99
106
109
124
145
151
154
157
165
179
181
183
192
240
261
331
340
355
371
440
467
543
596
608
651
697
737
746
767
807
810
816
841
886
888
905
929
954
964
975
1041
1046
1078
1128
1222
1232
1286
1340
1367
1400
1440
1461
1572
1586
1590
1716
1803
1811
1866
1953
1963
2019
2113
2120
2136
2212
2293
2441
2504
2548
2676
2754
2770
2803
2818
2818
2818
2818
2818
2818
2818
0
1
3
4
7
9
19
30
40
44
96
110
153
154
185
197
207
215
238
247
267
288
307
318
323
359
364
402
434
436
448
454
636
676
715
746
748
766
772
803
812
825
847
867
918
942
998
1009
1061
1075
1088
1092
1193
1223
1298
1352
1377
1396
1459
1486
1570
1592
1606
1677
1692
1701
1750
1751
1759
1807
1855
1987
2022
2151
2193
2210
2231
2319
2373
2406
2473
2535
2597
2604
2632
2644
2654
2854
2854
2854
2854
2854
2854
2854
2854
2854
1
2
3
6
7
8
24
44
54
60
84
85
117
135
153
175
186
225
236
264
298
305
347
369
385
450
475
481
527
554
564
596
634
651
672
715
723
729
743
748
764
846
855
873
892
893
901
962
1015
1030
1227
1230
1277
1283
1373
1387
1450
1459
1473
1489
1543
1578
1596
1638
1652
1701
1717
1755
1772
1839
1872
1893
1910
1914
1931
1932
1963
2101
2116
2192
2224
2255
2286
2317
2332
2400
2411
2681
2687
2737
2793
2796
2836
2836
2836
2836
5
8
12
17
18
19
20
26
38
39
40
50
57
60
70
74
79
89
114
115
124
134
139
144
151
169
188
212
233
238
245
253
257
302
340
426
454
481
493
497
506
554
597
656
667
683
713
729
750
797
827
828
848
926
941
983
1124
1232
1340
1342
1364
1387
1400
1437
1481
1482
1492
1501
1509
1563
1633
1645
1704
1711
1798
1803
1808
1984
2094
2130
2134
2163
2221
2224
2234
2436
2488
2509
2546
2625
2690
2715
2833
2833
2833
2833
0
1
2
3
5
6
10
16
20
22
33
42
52
74
91
98
102
104
116
128
171
200
212
226
238
251
264
271
275
286
300
302
306
319
327
345
347
369
392
411
423
538
583
666
735
804
815
828
871
904
916
999
1124
1126
1146
1147
1186
1235
1244
1277
1325
1600
1610
1721
1743
1831
1864
1909
2052
2105
2108
2126
2130
2157
2183
2212
2214
2258
2291
2346
2393
2452
2492
2554
2736
2764
2780
2787
2880
2880
2880
2880
2880
2880
2880
2880
3
7
8
10
11
12
26
30
35
39
47
48
53
97
153
165
170
182
188
207
221
234
245
258
301
312
313
320
338
340
362
363
373
403
424
484
542
564
577
658
684
728
923
934
982
1046
1117
1208
1219
1223
1259
1265
1380
1415
1462
1482
1546
1550
1646
1698
1770
1771
1779
1820
1958
1966
1982
2016
2026
2113
2143
2145
2191
2194
2197
2209
2218
2227
2409
2468
2491
2521
2556
2589
2594
2619
2645
2646
2751
2783
2814
2834
2894
2894
2894
2894
3
5
8
9
10
13
14
22
29
31
38
50
53
57
99
100
104
120
144
154
166
175
176
181
185
194
217
224
226
230
259
263
286
296
313
349
363
485
513
518
523
553
629
640
651
665
720
764
838
839
855
911
939
966
980
1001
1014
1024
1073
1261
1394
1463
1475
1586
1618
1629
1647
1857
1864
2006
2010
2032
2094
2104
2105
2133
2183
2224
2248
2261
2278
2332
2404
2421
2438
2571
2616
2681
2769
2798
2811
2900
2900
2900
2900
2900
1
3
8
9
21
22
23
32
36
40
58
65
68
73
78
85
87
135
159
164
165
181
188
192
196
212
221
239
249
334
337
343
353
387
427
453
510
523
569
591
610
650
653
665
683
732
748
783
821
831
930
979
997
1026
1027
1066
1082
1148
1175
1182
1211
1213
1218
1228
1233
1256
1313
1354
1395
1534
1614
1644
1685
1713
1740
1761
1766
1812
1832
1883
1921
1922
1950
1956
2014
2036
2067
2148
2162
2212
2307
2406
2411
2623
2874
2874
3
7
8
9
17
21
25
30
36
39
59
61
69
74
99
101
115
118
124
129
141
186
189
190
193
194
208
212
213
238
244
253
327
341
359
366
414
426
438
468
492
508
514
517
523
604
644
658
717
733
817
833
868
922
972
1141
1224
1247
1304
1432
1439
1450
1454
1599
1606
1634
1644
1658
1693
1769
1929
1947
1955
1958
2032
2047
2071
2163
2170
2208
2247
2299
2376
2497
2609
2643
2749
2753
2769
2884
2918
2939
2943
2958
2958
2958
0
1
3
7
10
13
25
38
49
54
57
60
61
67
85
89
96
99
136
156
175
199
200
205
238
261
275
354
371
418
449
465
469
493
509
535
557
657
677
687
700
730
746
749
763
849
856
858
909
911
924
977
1021
1041
1077
1130
1183
1230
1300
1318
1342
1379
1463
1633
1647
1672
1675
1766
1798
1836
2018
2058
2138
2171
2184
2212
2218
2244
2287
2347
2392
2546
2763
2801
2828
2908
2941
2941
2941
2941
2941
2941
2941
2941
2941
2941
1
3
8
12
20
22
24
26
28
36
41
48
51
54
96
112
116
121
141
143
177
182
190
239
260
261
286
289
291
302
314
354
355
357
387
393
409
420
444
469
526
602
616
620
648
656
683
792
866
869
873
885
896
917
972
1043
1077
1081
1162
1257
1266
1336
1338
1396
1410
1520
1531
1656
1662
1720
1850
1894
1968
1993
2008
2075
2130
2234
2270
2363
2425
2437
2477
2681
2746
2758
2763
2838
2881
2979
2987
2992
2992
2992
2992
2992
2
3
4
5
7
8
9
10
12
13
17
19
26
85
86
88
93
94
109
111
112
123
145
161
163
199
209
263
275
278
287
335
352
356
363
414
427
497
521
535
555
557
574
591
597
630
633
663
681
685
693
703
724
740
798
892
910
920
991
1257
1463
1484
1552
1556
1605
1645
1671
1717
1770
1771
1837
1888
1992
2056
2070
2129
2145
2200
2257
2273
2285
2671
2675
2679
2681
2754
2830
2913
2960
2960
2960
2960
2960
2960
2960
2960
1
3
4
7
11
12
18
19
25
37
48
62
79
85
91
109
111
133
155
190
217
221
281
302
305
311
312
313
320
352
371
385
430
431
464
478
487
580
641
714
721
913
937
1012
1027
1042
1048
1050
1179
1203
1223
1230
1257
1288
1385
1471
1561
1638
1680
1708
1761
1801
1879
1880
1887
1910
2047
2053
2056
2058
2109
2184
2208
2222
2252
2357
2381
2409
2432
2483
2754
2790
2807
2847
2876
2912
2921
2973
2978
2978
2978
2978
2978
2978
2978
2978
2
3
4
8
9
12
17
27
36
45
47
48
54
55
59
64
65
73
75
84
100
118
129
138
175
180
185
205
217
232
292
305
307
357
516
546
587
591
646
683
697
719
743
795
875
888
894
903
927
947
981
1023
1037
1048
1122
1147
1188
1200
1203
1304
1322
1358
1418
1457
1524
1556
1584
1595
1645
1682
1708
1740
1748
1787
1815
1841
1910
2041
2140
2403
2407
2424
2524
2527
2565
2591
2624
2786
2793
2840
2869
3045
3045
3045
3045
3045
1
4
6
7
10
12
17
44
50
59
60
70
92
101
113
119
140
149
155
168
203
204
215
219
221
222
232
252
275
286
330
352
361
381
383
451
509
514
525
617
620
656
662
663
665
718
750
758
783
798
802
866
867
1009
1019
1026
1104
1177
1183
1253
1256
1317
1318
1450
1521
1584
1654
1705
1708
1756
1812
1924
1940
1965
1988
2058
2089
2195
2276
2328
2357
2511
2517
2561
2592
2722
2743
2853
2860
2935
2949
2974
2974
2974
2974
2974
1
3
5
7
10
11
12
14
21
26
27
36
42
44
48
51
55
64
67
75
76
81
97
114
121
124
128
177
184
196
214
226
259
275
294
313
317
367
468
475
482
484
493
516
541
555
572
574
590
612
647
656
683
740
742
789
795
798
900
982
987
1042
1044
1048
1071
1121
1166
1178
1240
1341
1476
1571
1593
1606
1783
1803
1879
1948
2031
2147
2518
2676
2684
2803
2833
2836
2887
2906
2929
2974
3046
3058
3058
3058
3058
3058
1
3
5
8
10
18
24
61
64
79
96
135
138
149
171
233
235
244
250
309
322
326
344
364
379
424
462
474
500
514
519
521
524
542
554
631
634
647
655
693
697
837
879
991
1084
1133
1147
1159
1176
1188
1208
1216
1277
1358
1377
1403
1484
1517
1556
1592
1676
1677
1774
1783
1834
1968
2038
2048
2171
2193
2294
2344
2407
2486
2510
2559
2565
2692
2814
2857
2912
3020
3042
3042
3042
3042
3042
3042
3042
3042
3042
3042
3042
3042
3042
3042
1
3
6
10
13
24
26
38
44
67
71
86
101
104
114
127
150
166
188
195
212
252
272
375
403
405
424
426
427
498
508
569
635
647
651
675
719
787
808
829
854
867
878
885
1009
1022
1023
1046
1079
1110
1143
1153
1159
1169
1205
1304
1313
1316
1398
1404
1414
1434
1570
1590
1600
1613
1615
1627
1668
1711
1757
1774
1793
1970
1997
2092
2146
2150
2172
2188
2219
2256
2273
2288
2583
2699
2741
2750
2791
2831
2834
2860
3066
3070
3070
3070
5
12
14
17
22
36
37
41
42
59
61
89
97
102
129
166
185
187
196
198
245
251
259
269
291
333
395
424
431
434
440
443
496
529
540
586
610
611
617
638
674
751
785
823
844
863
947
970
1010
1014
1029
1127
1136
1202
1248
1252
1292
1296
1301
1314
1354
1403
1528
1529
1535
1554
1588
1639
1709
1761
1774
1790
1845
1912
1945
2029
2194
2213
2225
2236
2245
2281
2333
2428
2469
2481
2502
2573
2609
2619
2742
2771
2801
2920
3088
3088
1
3
5
12
14
19
32
38
42
49
56
91
92
94
99
110
125
133
138
145
148
213
226
301
326
334
356
363
364
366
395
427
435
490
496
521
630
638
695
724
730
815
884
889
923
929
931
1065
1066
1108
1155
1159
1186
1232
1290
1324
1447
1519
1538
1540
1555
1588
1669
1757
1774
1820
1862
1878
1926
1929
1939
2015
2053
2086
2217
2254
2289
2338
2392
2395
2403
2436
2640
2690
2777
2782
2901
2989
3091
3091
3091
3091
3091
3091
3091
3091
0
3
5
9
10
12
30
32
33
40
44
49
53
54
60
62
68
87
96
99
121
139
196
198
241
264
268
269
296
319
325
327
336
342
362
365
429
472
477
492
512
552
596
619
693
715
858
860
862
892
925
930
984
1064
1073
1074
1082
1143
1149
1165
1176
1179
1202
1204
1258
1303
1313
1360
1575
1710
1766
1769
1848
2007
2014
2030
2033
2046
2066
2076
2118
2124
2138
2194
2301
2378
2382
2521
2661
2828
2862
2921
2932
2979
3127
3127
3
7
9
10
14
17
19
21
26
36
45
46
66
68
74
91
99
108
124
135
136
172
187
209
212
218
240
264
284
293
305
309
312
338
418
432
553
616
639
647
659
705
719
807
809
848
922
927
952
998
1052
1129
1279
1299
1304
1322
1336
1340
1400
1467
1508
1513
1548
1560
1626
1654
1668
1689
1707
1801
1845
1881
1945
2017
2134
2194
2230
2309
2328
2350
2362
2365
2443
2478
2510
2604
2697
2833
2860
2884
3060
3173
3173
3173
3173
3173
1
3
6
10
11
14
33
35
52
53
56
67
78
82
93
94
95
96
99
108
126
136
149
157
186
187
205
213
244
288
338
343
378
383
385
395
443
449
464
475
500
536
547
562
600
630
632
649
725
760
826
832
836
985
989
1049
1067
1150
1166
1167
1181
1263
1322
1326
1372
1473
1504
1565
1593
1675
1689
1715
1740
1776
1836
1979
1984
1999
2115
2136
2287
2380
2476
2552
2563
2571
2588
2746
2801
2982
2990
3095
3140
3175
3175
3175
0
4
5
7
10
13
18
25
31
38
49
54
59
63
75
87
105
106
155
163
169
175
183
185
200
212
221
226
234
238
252
266
286
308
320
343
399
405
441
466
499
502
512
544
602
659
692
727
768
801
858
951
995
1038
1059
1107
1210
1285
1330
1332
1344
1406
1432
1466
1489
1644
1678
1704
1755
1968
2008
2040
2049
2097
2112
2186
2203
2229
2246
2249
2331
2334
2340
2363
2400
2498
2691
2694
2985
2988
3000
3000
3000
3000
3000
3000
0
2
3
5
6
9
20
36
39
40
43
44
57
67
93
99
108
122
127
129
147
158
169
171
194
196
226
302
309
313
319
375
443
460
465
496
523
539
619
684
696
701
706
723
736
916
918
919
962
1028
1067
1140
1167
1202
1243
1244
1300
1381
1404
1408
1575
1584
1668
1689
1703
1944
1996
2014
2057
2166
2245
2284
2310
2340
2431
2436
2531
2625
2627
2632
2678
2688
2732
2765
2849
2877
2923
2983
3156
3177
3212
3212
3212
3212
3212
3212
1
4
12
17
18
26
36
39
62
66
70
81
84
85
122
140
156
172
176
195
203
258
286
296
315
324
343
344
347
395
419
420
478
480
487
517
534
573
631
661
695
697
721
774
814
827
919
940
944
961
987
991
1061
1180
1235
1263
1281
1286
1360
1500
1598
1684
1700
1839
1863
1961
1980
2101
2150
2163
2212
2318
2345
2385
2406
2484
2486
2625
2651
2655
2690
2706
2725
2736
2782
2789
2793
2819
2951
2961
3020
3034
3103
3103
3103
3103
0
1
2
3
18
21
47
73
74
75
79
89
98
117
130
131
148
153
175
181
189
196
198
205
233
237
243
262
287
289
302
303
338
344
359
452
466
474
475
513
530
542
549
752
806
820
933
946
1075
1150
1178
1396
1423
1441
1486
1509
1538
1548
1557
1644
1690
1699
1741
1745
1757
1795
1814
1853
1896
1916
2081
2163
2166
2256
2311
2313
2327
2406
2444
2462
2548
2697
2711
2723
2757
2815
2849
2881
2950
2974
3115
3198
3198
3198
3198
3198
0
1
3
5
9
12
24
29
43
53
55
67
75
99
109
153
157
164
185
207
242
263
265
336
342
357
395
400
401
435
441
448
458
465
477
544
606
669
698
738
757
815
870
901
920
932
956
991
1000
1002
1025
1036
1103
1119
1158
1165
1172
1179
1186
1342
1343
1349
1368
1495
1507
1618
1679
1715
1776
1797
1857
1884
2120
2143
2145
2177
2272
2284
2307
2366
2507
2546
2621
2782
2913
2984
3035
3149
3239
3239
3239
3239
3239
3239
3239
3239
1
3
5
20
26
27
32
33
37
47
50
64
75
108
111
112
143
152
182
183
189
201
208
232
234
255
293
318
328
329
344
385
420
425
437
478
509
542
601
686
689
703
734
758
781
787
846
855
867
906
998
1001
1121
1127
1155
1253
1273
1284
1288
1297
1322
1326
1449
1454
1460
1560
1622
1657
1917
1919
1964
1982
2041
2044
2124
2131
2182
2197
2277
2345
2363
2387
2520
2531
2534
2538
2572
2611
2680
2685
2685
2685
2685
2685
2685
2685
3
4
26
29
31
36
39
53
58
62
75
92
116
127
130
136
138
157
195
258
266
273
288
292
301
318
351
357
403
417
419
420
446
459
483
505
509
525
540
586
611
612
626
638
697
726
730
752
766
803
816
869
870
940
958
959
979
1033
1077
1161
1175
1268
1270
1289
1322
1473
1488
1520
1628
1736
1779
1784
1820
1842
1989
2034
2063
2157
2164
2241
2270
2335
2358
2559
2670
2703
2737
2784
2854
2917
2993
3295
3295
3295
3295
3295
1
3
4
5
7
8
9
13
34
38
43
51
73
94
95
105
123
148
156
164
172
176
182
201
205
228
312
330
344
382
460
464
470
484
498
539
577
605
628
631
677
678
710
757
793
849
916
934
945
993
1123
1130
1155
1165
1222
1268
1280
1336
1356
1357
1436
1497
1521
1539
1541
1550
1570
1677
1775
1832
1890
1961
2004
2084
2095
2146
2155
2166
2178
2244
2251
2598
2645
2649
2857
2922
2926
2986
3112
3219
3220
3236
3280
3280
3280
3280
0
23
30
32
36
40
45
49
67
68
101
124
153
161
181
199
224
234
342
355
385
386
389
409
411
426
439
454
457
493
506
522
525
543
589
620
700
722
731
744
745
750
751
764
808
831
840
843
844
866
885
1115
1150
1158
1341
1388
1400
1433
1503
1521
1585
1593
1646
1664
1785
1807
1808
1829
1890
2016
2063
2066
2232
2355
2472
2626
2627
2646
2704
2711
2712
2773
2792
2812
2824
2884
2892
2914
2915
2966
2992
3189
3189
3189
3189
3189
0
2
4
5
12
14
16
39
44
48
50
85
89
109
133
137
142
151
153
154
170
183
190
196
206
207
213
242
252
291
297
314
352
366
395
401
413
581
611
656
663
727
757
758
783
817
857
949
1049
1182
1186
1213
1296
1381
1423
1550
1579
1582
1616
1624
1700
1740
1811
1843
1887
1959
2094
2120
2213
2304
2370
2408
2487
2493
2517
2686
2780
2845
2891
2892
2901
2915
2946
3019
3067
3069
3128
3132
3239
3239
3239
3239
3239
3239
3239
3239
9
11
16
21
26
42
59
67
79
90
112
115
139
155
177
200
202
203
214
217
238
305
322
329
336
425
430
443
469
505
526
528
563
588
626
701
712
751
752
815
856
978
1025
1033
1063
1080
1121
1135
1202
1219
1247
1292
1335
1404
1409
1415
1434
1530
1531
1690
1697
1762
1799
1948
1967
1997
2039
2042
2055
2062
2077
2083
2103
2111
2167
2196
2225
2307
2345
2352
2475
2589
2656
2767
2881
3044
3124
3220
3281
3299
3299
3299
3299
3299
3299
3299
0
1
3
4
9
12
18
32
39
42
58
60
89
108
111
112
124
126
127
133
200
208
214
227
239
260
318
323
332
348
382
413
417
465
471
533
540
577
608
609
639
797
803
827
829
854
903
908
958
965
983
1010
1026
1044
1114
1152
1233
1268
1335
1345
1445
1452
1584
1630
1680
1745
1763
1801
1833
1840
1891
1931
2335
2365
2380
2381
2529
2541
2543
2629
2642
2669
2697
2708
2771
2782
2814
3104
3128
3298
3298
3298
3298
3298
3298
3298
0
1
3
6
10
12
18
29
37
61
67
78
91
92
99
132
135
142
143
152
155
156
159
192
200
206
215
251
266
279
337
341
383
385
413
423
442
443
445
456
457
555
573
627
676
716
737
772
919
927
948
1004
1135
1141
1177
1209
1222
1271
1399
1470
1490
1640
1678
1729
1786
1827
1839
1870
1935
1958
1969
1972
2115
2147
2191
2196
2371
2416
2459
2484
2567
2646
2751
2764
2770
2784
2844
2956
2965
3078
3174
3208
3208
3208
3208
3208
3
4
7
18
21
26
27
30
33
47
59
65
87
89
112
126
157
181
197
214
220
233
238
274
300
338
342
348
356
387
402
416
423
483
556
599
616
655
659
672
686
716
728
731
836
876
921
947
956
972
1032
1089
1103
1123
1152
1199
1319
1377
1482
1495
1547
1638
1645
1749
1890
1967
2037
2044
2108
2196
2208
2235
2243
2260
2308
2310
2328
2410
2426
2477
2509
2659
2669
2728
2754
2901
2973
2993
3276
3324
3377
3377
3377
3377
3377
3377
1
3
8
9
11
12
19
37
42
44
47
54
60
65
67
85
91
92
95
102
116
129
139
169
191
212
229
294
303
338
340
392
411
435
443
521
543
625
634
679
687
738
820
842
956
1034
1140
1175
1197
1202
1217
1219
1231
1237
1288
1309
1349
1485
1551
1603
1635
1683
1715
1804
2122
2155
2318
2335
2409
2468
2528
2635
2700
2754
2771
2810
2847
2906
2918
3031
3092
3125
3199
3231
3235
3288
3297
3320
3430
3430
3430
3430
3430
3430
3430
3430
1
2
4
8
10
12
18
29
30
41
56
96
99
127
138
141
163
176
181
190
196
231
255
280
340
341
354
359
450
508
583
596
605
641
702
774
797
832
865
894
910
916
935
949
958
1065
1067
1167
1172
1201
1264
1270
1298
1327
1351
1367
1500
1580
1609
1729
1936
1961
1980
1986
2007
2124
2178
2331
2334
2344
2398
2404
2559
2661
2665
2670
2673
2725
2753
2760
2821
2836
2879
2895
2950
2994
3160
3200
3217
3236
3243
3250
3296
3308
3308
3308
1
3
12
14
24
42
44
60
63
111
114
117
125
141
146
155
192
203
227
240
246
252
292
305
318
331
349
404
425
460
528
544
546
553
626
628
670
795
799
820
863
874
911
993
1013
1047
1056
1110
1147
1204
1207
1233
1340
1348
1373
1390
1555
1654
1692
1730
1815
1828
1960
2066
2077
2134
2152
2176
2254
2268
2365
2394
2409
2419
2523
2578
2697
2735
2826
2876
2912
3027
3035
3051
3095
3219
3313
3320
3376
3386
3428
3428
3428
3428
3428
3428
0
1
3
5
7
13
18
30
31
32
34
40
41
88
91
102
111
113
116
118
127
129
155
171
184
197
204
244
265
268
312
314
353
362
386
424
492
512
514
524
539
619
708
794
821
852
903
912
926
993
1000
1031
1048
1067
1104
1137
1161
1166
1167
1211
1233
1266
1300
1324
1338
1417
1450
1503
1698
1718
1776
1848
1861
1862
1910
2036
2059
2205
2208
2379
2407
2551
2702
2747
2782
2853
3118
3139
3152
3184
3334
3334
3334
3334
3334
3334
3
10
14
17
19
27
36
38
45
57
63
67
73
79
93
99
109
113
124
125
133
213
217
238
241
305
306
341
345
385
392
407
411
458
490
555
568
578
580
590
628
637
641
644
657
661
665
724
732
758
795
901
922
981
1028
1137
1138
1168
1193
1196
1253
1529
1609
1650
1719
1772
1852
2008
2222
2412
2582
2601
2607
2789
2813
2947
2983
3024
3035
3056
3144
3210
3228
3261
3363
3454
3454
3454
3454
3454
3454
3454
3454
3454
3454
3454
1
2
5
7
10
20
22
50
53
56
59
76
85
94
98
102
114
118
122
127
196
209
245
246
260
262
294
356
370
386
391
444
465
483
485
492
558
574
575
581
591
667
688
710
740
776
871
876
1024
1148
1199
1283
1298
1305
1392
1481
1522
1552
1571
1645
1677
1725
1803
2050
2144
2177
2291
2328
2340
2374
2395
2519
2530
2627
2736
2749
2782
2808
2820
2830
2833
2886
2909
3055
3075
3346
3380
3411
3416
3478
3478
3478
3478
3478
3478
3478
1
9
16
22
26
39
40
46
60
65
76
96
98
109
136
152
153
191
221
246
266
278
281
305
309
317
356
358
364
422
424
455
458
466
496
540
544
562
591
607
677
739
760
799
810
869
882
921
977
1119
1159
1175
1271
1299
1304
1368
1370
1401
1426
1592
1607
1638
1709
1729
1859
1984
1999
2050
2067
2091
2150
2159
2264
2270
2288
2341
2360
2401
2461
2563
2617
2660
2889
2998
3027
3081
3099
3145
3194
3213
3407
3449
3517
3517
3517
3517
3
4
9
12
36
41
43
49
53
54
65
74
99
109
126
129
140
145
155
183
185
197
205
239
294
319
324
338
343
347
350
352
374
408
450
468
486
539
603
659
666
678
703
714
733
825
836
849
865
952
960
977
1181
1217
1287
1378
1484
1532
1551
1625
1789
1791
1865
1906
1910
1980
2020
2038
2113
2114
2209
2222
2293
2407
2416
2445
2481
2648
2689
2726
2747
2789
2813
2833
3014
3043
3131
3177
3322
3436
3451
3476
3476
3476
3476
3476
9
11
12
14
19
34
36
55
96
101
115
120
133
144
149
155
182
192
208
218
222
223
245
267
288
328
342
357
362
378
400
427
447
502
524
554
611
632
651
674
704
718
780
840
886
898
932
1049
1082
1085
1088
1128
1181
1294
1451
1454
1481
1591
1640
1649
1712
1744
1754
1766
1783
2017
2059
2084
2115
2138
2155
2160
2297
2324
2383
2394
2552
2619
2727
2862
2940
3132
3152
3182
3186
3193
3197
3272
3282
3294
3358
3396
3466
3466
3466
3466
1
3
4
9
16
17
24
33
63
65
70
82
85
89
90
111
132
134
138
139
153
195
208
286
300
316
334
336
353
356
362
367
370
371
373
383
386
407
466
547
557
564
585
592
614
642
661
690
730
774
923
1067
1087
1148
1159
1165
1392
1409
1458
1459
1460
1530
1538
1577
1598
1604
1642
1657
1665
1719
1747
1790
1792
1798
1833
1938
1939
1964
2128
2151
2217
2364
2440
2641
2675
2757
2761
2847
2874
3167
3190
3204
3368
3368
3368
3368
2
3
4
7
9
10
17
31
36
37
39
42
52
63
73
74
79
104
105
123
148
184
205
210
228
257
273
292
302
348
359
388
418
459
559
619
621
628
705
712
717
737
797
807
897
925
929
975
977
1028
1132
1193
1196
1211
1416
1497
1543
1550
1630
1654
1688
1716
1878
1995
2130
2158
2186
2330
2340
2365
2425
2463
2562
2578
2617
2642
2699
2786
2803
2817
2900
3116
3151
3182
3325
3377
3487
3586
3594
3594
3594
3594
3594
3594
3594
3594
0
1
3
4
10
12
16
27
39
45
50
57
70
84
117
137
143
156
169
174
180
186
193
219
233
245
252
260
266
273
295
358
427
429
466
496
594
597
611
631
648
684
697
746
826
869
890
913
920
923
933
1013
1038
1043
1076
1083
1117
1255
1388
1695
1710
1759
1771
1866
1894
1910
1958
2085
2217
2231
2343
2345
2437
2483
2510
2527
2619
2622
2642
2679
2751
2792
2818
2916
3030
3048
3132
3337
3404
3560
3566
3591
3591
3591
3591
3591
0
1
3
4
5
9
17
19
21
30
31
36
39
41
48
60
78
88
129
147
152
156
160
161
165
211
228
253
275
331
332
353
354
411
452
468
505
507
525
562
587
592
596
605
608
704
708
771
789
819
837
996
1067
1118
1149
1260
1300
1381
1408
1412
1452
1463
1491
1495
1719
1721
1767
1783
1854
1886
1996
2019
2034
2110
2140
2276
2315
2453
2516
2560
2572
2598
2619
2630
2685
2692
2836
3276
3286
3419
3441
3477
3491
3495
3495
3495
9
10
20
21
27
34
57
75
99
124
129
133
138
144
172
201
205
219
250
263
276
292
337
359
365
367
402
456
468
482
488
518
551
609
619
628
634
655
658
666
706
716
746
771
826
857
926
931
1075
1084
1131
1295
1310
1315
1324
1383
1428
1463
1486
1553
1575
1632
1717
1759
1787
1855
1861
1910
1922
1991
2008
2021
2059
2155
2182
2196
2207
2288
2324
2354
2357
2493
2541
2574
2669
2751
2941
3054
3327
3351
3388
3409
3480
3499
3499
3499
0
1
3
4
5
6
7
11
12
14
19
22
30
31
38
50
57
60
64
90
102
111
112
125
128
143
155
165
170
198
220
232
287
289
335
339
363
411
428
440
466
473
648
667
685
762
782
966
1064
1095
1173
1256
1326
1399
1432
1447
1464
1527
1543
1606
1627
1644
1662
1665
1695
1819
1862
1906
2019
2052
2108
2154
2191
2375
2436
2491
2495
2502
2676
2684
2749
2794
2817
2880
2899
3011
3080
3137
3259
3495
3506
3506
3506
3506
3506
3506
3
10
28
33
47
49
50
53
58
69
84
119
152
159
161
175
189
190
196
199
207
224
249
301
302
306
321
337
339
365
479
551
625
641
674
681
693
701
753
837
919
929
938
943
972
1097
1163
1175
1316
1347
1359
1418
1498
1671
1695
1812
1842
1878
1940
1948
1965
2130
2166
2202
2347
2358
2367
2385
2408
2432
2514
2583
2591
2634
2643
2729
2787
2810
2962
3032
3054
3062
3116
3300
3424
3586
3596
3617
3671
3671
3671
3671
3671
3671
3671
3671
1
3
7
8
12
15
16
20
24
40
62
65
73
77
104
122
158
161
195
200
205
234
236
296
299
303
323
336
340
392
408
483
484
513
580
584
589
597
598
609
637
760
805
811
826
915
918
927
938
1001
1041
1097
1138
1148
1171
1204
1234
1236
1238
1285
1322
1377
1400
1411
1655
1804
1860
1876
1923
2046
2116
2229
2263
2285
2301
2310
2335
2378
2610
2685
2704
2837
2987
3161
3167
3204
3223
3343
3462
3518
3518
3518
3518
3518
3518
3518
0
3
7
8
14
17
20
36
39
61
71
79
91
99
132
151
155
160
169
217
248
252
255
306
313
323
324
338
340
381
395
396
424
425
486
490
611
617
653
665
732
758
764
803
827
848
877
885
897
901
910
926
1117
1147
1219
1241
1311
1364
1405
1424
1472
1490
1529
1537
1641
1678
1819
1905
2016
2114
2173
2203
2353
2409
2445
2459
2502
2517
2609
2656
2726
2883
2992
3005
3035
3056
3095
3133
3299
3375
3438
3468
3551
3551
3551
3551
3
7
9
17
19
30
37
40
42
45
46
60
63
65
68
75
82
86
101
119
163
166
213
215
216
241
298
333
336
343
347
415
421
426
515
532
609
634
721
755
775
827
886
908
941
960
972
1067
1169
1179
1242
1291
1335
1397
1434
1485
1521
1607
1608
1704
1756
1802
1827
1839
1910
1937
1953
2012
2058
2088
2089
2172
2203
2216
2222
2230
2246
2309
2323
2374
2455
2504
2543
2853
2871
2890
2969
3023
3060
3065
3173
3210
3407
3593
3593
3593
1
7
14
17
18
23
24
28
61
67
70
96
109
122
138
194
199
203
218
225
248
259
269
313
323
332
345
378
458
477
513
525
540
629
632
658
685
719
738
742
777
781
803
883
1021
1039
1064
1086
1175
1181
1217
1251
1273
1291
1321
1405
1431
1621
1637
1653
1756
1795
1796
2017
2029
2041
2099
2194
2200
2211
2215
2222
2298
2340
2404
2482
2607
2740
2990
3103
3134
3174
3197
3283
3436
3489
3501
3515
3536
3559
3564
3688
3709
3709
3709
3709
3
4
7
9
10
11
17
23
29
40
42
43
45
50
53
56
57
70
76
77
83
141
200
210
223
250
253
311
313
345
356
362
378
426
441
463
468
624
704
706
713
734
858
895
938
952
958
1017
1019
1035
1041
1147
1219
1256
1317
1571
1611
1622
1653
1654
1666
1716
1770
1844
1864
1908
2003
2112
2122
2125
2464
2591
2612
2637
2653
2683
2710
2715
2913
3021
3054
3136
3342
3446
3557
3595
3639
3664
3721
3721
3721
3721
3721
3721
3721
3721
1
3
5
6
9
10
12
17
18
24
44
50
52
58
64
65
91
134
155
166
175
185
208
229
245
264
267
300
328
353
382
438
482
488
514
539
545
554
595
653
706
714
722
740
746
883
1079
1117
1202
1208
1314
1348
1377
1382
1390
1424
1428
1435
1465
1474
1509
1538
1591
1799
1804
1826
1913
1970
1981
2008
2028
2032
2152
2154
2202
2545
2670
2714
2863
2912
2958
3000
3074
3075
3163
3382
3427
3460
3476
3518
3574
3641
3690
3690
3690
3690
0
1
5
7
9
20
22
25
26
27
39
42
50
60
75
131
157
174
189
193
200
202
219
224
255
262
278
332
387
406
417
459
483
509
579
706
720
722
731
749
750
760
969
1032
1111
1125
1163
1175
1179
1233
1240
1332
1387
1474
1612
1627
1723
1760
1810
1811
1917
1987
1993
2011
2112
2188
2207
2222
2298
2328
2367
2374
2398
2461
2479
2529
2569
2651
2687
2697
2794
2845
2982
3109
3209
3345
3417
3505
3529
3723
3775
3775
3775
3775
3775
3775
1
3
4
9
10
16
17
20
23
30
35
50
53
59
60
70
74
83
89
90
102
113
119
128
139
140
160
166
183
190
266
268
302
311
394
489
518
550
580
710
734
738
759
767
790
901
960
985
1057
1144
1179
1181
1282
1476
1532
1556
1606
1638
1672
1723
1788
1836
1904
1911
1956
1971
2085
2227
2265
2297
2323
2332
2512
2513
2517
2590
2659
2781
2803
2827
2915
2954
3020
3056
3079
3088
3154
3412
3426
3500
3546
3610
3708
3712
3712
3712
1
3
18
21
24
32
33
58
65
84
89
102
105
116
127
128
136
157
175
209
216
240
291
311
348
349
423
444
446
462
492
494
499
512
515
518
543
595
605
622
635
741
766
903
983
988
1122
1133
1179
1280
1405
1474
1513
1589
1607
1647
1665
1717
1724
1803
1863
1876
1878
1922
1962
1992
2029
2212
2285
2297
2320
2544
2607
2657
2687
2721
2775
2841
2873
2874
2951
3072
3151
3246
3478
3587
3647
3718
3724
3805
3805
3805
3805
3805
3805
3805
1
3
6
7
10
14
16
18
24
25
27
53
56
57
61
65
70
79
81
83
84
112
135
170
193
196
268
300
352
423
436
526
542
544
592
610
626
726
734
739
815
828
832
869
872
896
906
933
981
982
1015
1102
1119
1157
1163
1184
1202
1216
1266
1368
1380
1384
1407
1419
1425
1449
1905
1930
2093
2234
2249
2326
2518
2565
2576
2715
2843
2880
2924
3006
3037
3042
3156
3310
3373
3527
3575
3600
3603
3734
3758
3758
3758
3758
3758
3758
3
4
10
11
12
16
22
33
37
39
40
42
51
52
53
75
89
92
99
111
128
130
156
198
251
271
275
279
288
290
302
363
405
468
478
507
662
711
764
811
853
939
961
996
1050
1124
1131
1252
1289
1303
1314
1317
1705
1722
1750
1801
1996
2036
2042
2044
2058
2088
2092
2233
2308
2472
2502
2652
2656
2669
2670
2681
2690
2773
2797
2911
2930
2942
3033
3061
3133
3136
3154
3288
3340
3374
3410
3628
3694
3699
3769
3769
3769
3769
3769
3769
1
2
3
5
7
10
11
32
36
44
70
73
91
112
127
155
176
221
244
256
290
292
294
313
345
356
377
422
464
466
490
546
608
622
641
657
684
687
717
771
772
828
834
871
914
917
923
973
1007
1071
1116
1167
1178
1181
1182
1203
1231
1235
1287
1410
1415
1417
1447
1504
1632
1684
1693
1732
1744
1745
1852
1876
2015
2103
2119
2315
2381
2497
2600
2923
2989
3026
3028
3082
3087
3197
3431
3466
3479
3492
3744
3809
3809
3809
3809
3809
1
3
12
18
26
28
67
98
99
100
108
119
130
144
149
152
208
234
238
253
268
313
314
358
380
382
515
628
637
658
700
726
819
856
982
1024
1060
1078
1101
1138
1179
1187
1199
1211
1330
1342
1349
1350
1449
1476
1495
1561
1593
1702
1703
1711
1724
1726
1771
1797
1890
1897
1927
1958
1963
2061
2247
2271
2274
2346
2435
2524
2705
2722
2805
2836
2884
2916
3084
3310
3324
3362
3423
3493
3617
3631
3669
3821
3872
3872
3872
3872
3872
3872
3872
3872
5
12
36
50
54
96
114
117
120
135
136
141
166
176
194
196
204
213
229
232
243
312
324
330
331
343
359
431
436
438
464
465
473
541
584
674
723
726
730
851
858
907
924
962
966
977
1001
1097
1143
1155
1158
1178
1202
1210
1363
1498
1499
1611
1638
1646
1695
1701
1770
1793
1922
1985
2174
2284
2420
2608
2623
2685
2755
2794
2798
2823
2876
2983
3021
3026
3027
3065
3141
3162
3218
3310
3427
3599
3654
3684
3744
3771
3836
3868
3868
3868
3
8
20
39
48
58
65
77
87
100
113
154
178
203
204
211
221
234
236
267
395
413
425
426
428
439
453
455
469
486
534
570
596
632
655
692
693
920
940
952
956
1007
1052
1114
1119
1173
1202
1258
1269
1276
1341
1349
1359
1409
1445
1452
1580
1582
1704
1748
1787
1883
1901
1935
2067
2096
2222
2349
2389
2502
2606
2646
2731
2767
2779
2791
3035
3054
3065
3090
3160
3206
3267
3329
3353
3374
3380
3383
3489
3523
3635
3689
3890
3890
3890
3890
0
3
7
9
22
26
36
41
45
54
94
99
109
112
129
157
208
211
212
215
222
234
319
322
331
345
405
440
483
492
511
556
615
616
641
699
720
722
744
768
836
902
960
975
1077
1144
1205
1245
1270
1276
1298
1366
1435
1440
1483
1560
1612
1646
1754
1760
1775
1788
1917
1997
2023
2025
2320
2389
2455
2491
2527
2532
2603
2636
2648
2670
2717
2811
2853
2918
2928
3108
3119
3341
3417
3430
3436
3511
3544
3656
3726
3775
3781
3781
3781
3781
1
4
16
29
36
57
62
65
67
73
75
79
85
111
121
129
143
160
174
181
196
200
205
224
250
264
275
297
308
330
336
356
359
369
373
377
382
465
466
468
508
543
604
614
619
624
642
658
668
672
686
746
751
770
782
805
845
967
990
1008
1025
1096
1100
1152
1177
1550
1568
1593
1627
1645
1653
1678
1685
1764
1797
1836
1840
1866
2305
2365
2495
2520
2757
2905
2915
3073
3250
3381
3396
3451
3601
3642
3690
3748
3875
3886
0
1
8
11
21
29
37
76
78
88
90
91
134
138
156
157
169
200
221
228
263
279
326
335
343
364
397
404
425
430
452
466
486
508
664
695
747
749
809
911
938
1053
1099
1123
1147
1203
1281
1311
1346
1361
1366
1406
1459
1486
1544
1558
1572
1639
1645
1804
1836
1912
2017
2044
2058
2089
2143
2232
2240
2263
2305
2491
2511
2529
2584
2625
2659
2703
2736
2790
2849
2883
2899
2913
3150
3182
3203
3218
3242
3274
3610
3722
3776
3946
3946
3946
1
3
4
5
27
28
34
38
39
40
47
49
50
64
89
91
95
111
112
124
144
148
163
173
179
233
236
359
364
440
449
491
515
544
548
552
565
580
628
700
754
767
792
890
918
933
957
990
1018
1091
1096
1131
1132
1157
1351
1465
1503
1637
1639
1806
1810
1811
1827
1839
1860
1942
1969
1973
1988
2239
2249
2251
2373
2524
2529
2681
2760
2803
2806
2835
2986
2996
3023
3079
3291
3500
3693
3726
3768
3776
3805
3837
3941
3954
3954
3954
3
5
10
12
15
17
19
20
24
29
36
39
50
77
99
117
122
135
136
149
158
175
190
219
221
242
368
439
467
477
479
558
570
597
605
612
615
693
710
739
784
786
817
903
995
1002
1028
1116
1176
1295
1387
1417
1426
1473
1520
1617
1647
1786
1795
1830
1836
1870
1889
1927
2012
2260
2323
2330
2379
2422
2444
2479
2587
2684
2720
2816
3041
3090
3189
3272
3400
3415
3516
3522
3678
3688
3780
3825
3985
3994
3994
3994
3994
3994
3994
3994
0
3
4
9
13
22
29
35
40
57
86
106
124
152
158
163
183
189
207
217
261
265
278
315
324
337
338
363
376
391
430
479
485
500
571
583
751
767
868
886
893
1037
1045
1098
1126
1172
1174
1248
1280
1327
1333
1372
1395
1397
1399
1404
1414
1516
1539
1569
1634
1754
1773
1814
2011
2150
2203
2272
2277
2287
2393
2427
2473
2498
2520
2588
2590
2594
2702
2755
2900
2930
3193
3290
3315
3521
3667
3678
3803
3850
3898
3898
3898
3898
3898
3898
0
1
3
12
20
40
47
49
61
78
84
105
120
132
133
154
156
220
228
234
240
257
286
302
342
347
349
401
423
458
485
541
595
655
703
761
830
869
890
897
900
926
944
974
1017
1042
1101
1103
1136
1271
1359
1459
1495
1509
1580
1602
1617
1735
1739
1770
1861
1908
1921
1958
2061
2119
2145
2165
2368
2728
2817
2841
2874
3032
3116
3407
3413
3419
3593
3596
3602
3645
3667
3675
3884
3886
3905
4011
4016
4025
4025
4025
4025
4025
4025
4025
3
4
8
28
30
40
41
47
54
63
67
68
99
111
122
127
153
156
215
220
261
262
300
313
314
330
356
452
473
544
555
590
661
668
680
718
731
892
953
961
963
991
996
1112
1122
1148
1162
1286
1340
1377
1402
1527
1547
1657
1662
1782
1833
1938
2047
2072
2081
2133
2329
2366
2376
2414
2419
2446
2555
2724
2747
2813
2996
3003
3069
3164
3178
3180
3245
3253
3254
3275
3417
3418
3489
3490
3495
3568
3662
3685
3781
3841
3841
3841
3841
3841
1
5
14
31
32
45
53
59
75
89
96
124
128
135
177
187
238
327
338
343
379
381
385
387
398
415
441
449
493
536
559
566
633
661
683
727
738
739
758
830
884
897
929
964
984
993
1007
1039
1058
1109
1125
1299
1327
1376
1528
1610
1638
1653
1813
1893
1952
2002
2014
2084
2094
2108
2126
2171
2200
2254
2461
2640
2641
2662
2715
2721
2784
2842
2860
2892
2901
3048
3066
3105
3141
3156
3187
3221
3327
3348
3581
3610
3656
3749
3749
3749
0
4
7
12
18
32
51
69
112
136
145
164
183
185
189
191
192
227
236
276
299
303
309
329
337
345
356
365
374
408
449
481
508
584
605
611
633
657
691
704
727
733
808
812
940
959
983
1039
1063
1065
1175
1196
1284
1403
1445
1633
1689
1783
1810
1813
1908
1948
1982
2014
2083
2209
2233
2244
2298
2325
2373
2412
2415
2460
2472
2522
2574
2658
2741
2821
2863
3117
3173
3294
3307
3378
3383
3406
3445
3502
3623
3787
3869
3904
3973
3973
2
3
4
6
8
9
12
14
17
30
46
48
94
96
99
111
112
116
117
146
175
176
183
192
194
198
207
232
242
259
271
282
283
331
427
456
511
516
518
559
579
591
647
676
734
762
780
784
835
896
979
983
992
1015
1019
1236
1270
1273
1274
1370
1425
1524
1553
1609
1638
1679
1912
2019
2045
2194
2304
2363
2487
2549
2651
2786
3051
3126
3216
3283
3589
3618
3650
3745
3819
3893
3995
4084
4084
4084
4084
4084
4084
4084
4084
4084
3
27
28
33
38
43
57
67
110
133
135
205
239
259
298
325
350
354
385
411
427
483
487
491
513
541
544
591
721
742
792
809
829
910
945
948
953
975
1092
1122
1189
1240
1251
1260
1296
1399
1425
1441
1459
1526
1543
1677
1701
1731
1758
1804
1866
1911
1953
1954
2130
2188
2241
2308
2369
2430
2462
2526
2542
2833
2874
2881
2886
2930
2990
3004
3136
3182
3198
3254
3279
3306
3490
3516
3517
3539
3571
3601
3713
3850
3936
3963
3978
4000
4006
4095
1
9
11
16
26
28
36
39
44
61
64
68
94
99
121
127
129
140
142
172
195
216
241
276
283
284
299
302
342
357
366
401
466
511
512
546
659
745
746
782
809
817
827
833
845
850
903
918
930
954
1016
1022
1095
1105
1161
1173
1199
1269
1286
1357
1365
1376
1495
1524
1533
1584
1649
1723
1736
1770
1836
1899
2004
2023
2073
2336
2346
2416
2691
2832
2836
3021
3041
3047
3135
3316
3348
3693
3724
3797
3891
3943
3973
3973
3973
3973
3
7
10
11
12
16
36
39
42
57
58
63
67
74
81
82
84
106
112
121
123
129
144
160
166
178
211
235
244
246
262
265
274
345
353
370
411
436
458
480
516
529
544
546
588
635
753
831
840
844
910
936
1068
1069
1116
1147
1193
1199
1239
1425
1440
1442
1567
1621
1625
1637
1661
1683
1725
1833
1862
2134
2389
2472
2555
2692
2701
2792
2801
2856
3120
3189
3333
3338
3340
3389
3498
3512
3557
3745
3916
3924
4095
4098
4098
4098
3
5
9
14
16
21
23
29
30
38
60
72
93
98
99
151
156
157
177
183
207
231
238
252
253
264
324
331
354
360
367
373
395
401
453
463
468
474
476
544
588
643
656
659
714
783
809
837
848
861
863
868
978
1012
1054
1056
1105
1165
1256
1266
1312
1497
1665
1768
1793
1871
1924
1982
2052
2187
2203
2227
2268
2328
2343
2551
2691
2737
2812
2915
2975
3274
3279
3309
3353
3469
3505
3617
3669
3784
4108
4108
4108
4108
4108
4108
5
7
10
14
24
35
42
45
51
54
63
65
75
81
99
103
113
116
138
152
166
190
218
275
276
292
298
299
307
339
350
427
439
467
538
554
631
634
640
672
682
752
769
808
901
910
1004
1014
1096
1147
1152
1188
1216
1258
1294
1383
1468
1487
1548
1593
1595
1632
1675
1872
1964
2076
2233
2291
2331
2448
2518
2560
2567
2833
2870
2874
2936
3080
3164
3182
3189
3200
3338
3415
3443
3559
3628
3673
3811
3819
3846
3941
3980
4071
4082
4082
7
16
36
48
57
59
74
89
90
93
104
138
186
200
220
239
289
297
338
384
385
395
398
424
470
489
516
548
582
588
605
650
667
724
746
754
757
803
828
887
904
936
944
958
1042
1047
1070
1079
1086
1108
1114
1124
1136
1190
1206
1225
1289
1312
1382
1539
1566
1634
1644
1675
1691
1766
2213
2425
2463
2529
2762
2806
2886
2904
2959
2961
2990
3046
3072
3189
3315
3317
3338
3350
3378
3383
3516
3588
3663
3886
4006
4016
4107
4153
4161
4161
0
3
4
7
10
12
15
17
19
23
26
36
44
50
53
54
61
64
78
117
119
129
157
178
185
198
266
278
287
310
340
343
453
458
462
468
540
569
570
609
647
697
732
746
765
862
911
919
1036
1071
1103
1215
1219
1230
1279
1338
1350
1366
1390
1454
1490
1514
1534
1652
1971
2015
2286
2306
2316
2371
2542
2647
2703
2708
2737
2752
2759
2795
2822
2863
2953
3103
3105
3300
3301
3669
3681
3701
3768
3787
3961
3967
3987
4069
4069
4069
3
4
5
7
11
12
39
40
42
51
60
65
90
109
141
168
188
194
199
209
214
238
267
269
281
303
323
328
336
338
353
417
423
450
475
516
577
667
674
697
707
746
769
811
863
919
1009
1114
1208
1234
1270
1445
1456
1502
1575
1634
1654
1662
1714
1754
1863
1880
1989
2108
2179
2180
2186
2308
2444
2483
2486
2645
2699
2743
2771
2814
2901
2964
3063
3070
3100
3153
3262
3410
3420
3425
3554
3594
3774
3904
4032
4134
4134
4134
4134
4134
3
4
9
11
12
16
32
33
40
53
54
59
64
83
107
137
142
149
206
265
300
305
313
331
334
349
384
422
470
520
524
526
539
548
645
695
767
771
786
814
826
860
926
955
956
967
1092
1103
1119
1216
1356
1388
1491
1645
1718
1771
1856
1897
1929
1971
1984
1995
2151
2234
2307
2324
2439
2538
2581
2722
2770
2780
2893
2901
2945
3001
3057
3145
3161
3326
3352
3365
3397
3411
3419
3528
3573
3622
3694
3824
3884
4032
4208
4208
4208
4208
5
6
10
11
12
39
47
71
73
80
89
90
93
104
112
117
129
208
220
222
224
229
233
235
238
240
246
255
275
282
283
285
323
328
344
354
365
388
392
411
420
452
459
468
511
516
646
676
723
846
854
870
874
914
985
987
1010
1035
1040
1061
1115
1145
1165
1177
1255
1268
1292
1363
1432
1499
1549
1700
1819
1929
2141
2218
2225
2270
2378
2656
2683
2703
2724
2782
2841
2877
2967
2976
3167
3186
3471
3498
3650
3821
4134
4134
1
6
9
10
19
22
25
27
52
58
70
73
91
106
108
109
111
119
131
134
151
152
153
154
156
191
227
229
238
242
290
316
327
400
420
438
449
462
472
486
505
667
687
702
753
876
954
1008
1085
1199
1225
1249
1286
1362
1423
1488
1522
1525
1640
1650
1696
1709
1754
1792
1840
1912
1950
1975
1981
2145
2171
2183
2349
2383
2444
2757
2801
2901
2913
3021
3071
3120
3250
3260
3290
3326
3427
3439
3508
3554
3562
3963
4049
4119
4212
4236
3
4
5
29
36
43
74
77
86
106
129
138
143
153
154
158
190
195
219
238
239
244
246
261
273
291
330
363
384
486
512
541
593
622
629
668
693
697
704
756
807
875
900
947
948
987
1006
1017
1020
1184
1209
1211
1302
1341
1433
1436
1440
1488
1534
1567
1574
1634
1695
1784
1912
1989
2034
2036
2401
2457
2572
2619
2648
2881
3049
3077
3091
3150
3180
3257
3351
3396
3482
3524
3560
3889
3918
4019
4205
4220
4223
4268
4268
4268
4268
4268
5
6
8
9
11
17
32
33
34
40
49
59
95
130
131
132
138
157
176
185
208
217
249
262
263
268
336
340
347
409
479
485
490
501
526
543
549
568
578
582
586
587
592
620
634
679
754
760
766
964
1144
1362
1409
1460
1480
1527
1595
1643
1722
1745
1791
1916
1945
2030
2115
2230
2279
2296
2309
2441
2616
2697
2736
2830
2842
2898
3001
3046
3152
3179
3186
3199
3256
3437
3482
3514
3578
3678
3701
4001
4015
4049
4183
4199
4226
4226
3
11
12
14
19
27
31
42
47
50
59
69
74
107
112
131
141
154
159
160
188
197
203
254
286
293
302
303
319
345
378
379
492
539
543
559
578
587
743
832
862
926
988
1007
1064
1179
1192
1202
1254
1280
1304
1319
1321
1381
1382
1383
1554
1582
1595
1601
1663
1690
1822
1869
2108
2159
2222
2306
2374
2393
2474
2496
2502
2519
2533
2609
2620
2714
2810
2841
2894
2900
2918
2919
2960
3430
3517
3661
3732
3765
3788
3910
3923
3928
3928
3928
0
1
3
4
5
7
12
14
18
21
36
39
44
51
72
73
92
94
96
100
102
108
157
164
172
185
188
194
202
217
227
262
305
313
322
323
338
342
351
376
382
385
393
398
455
458
491
562
614
663
733
790
816
820
851
944
994
1036
1041
1117
1149
1158
1163
1210
1231
1284
1358
1400
1458
1594
1599
1881
2355
2367
2368
2380
2436
2481
2715
2737
2814
2886
3196
3319
3338
3503
3541
3621
3729
3745
4072
4078
4092
4201
4201
4201
1
3
7
10
11
18
19
21
40
42
122
133
143
160
167
171
177
179
292
293
325
330
337
345
351
387
456
458
493
497
508
514
526
581
587
605
610
633
677
690
712
727
736
821
899
908
985
1000
1055
1114
1151
1179
1200
1251
1274
1320
1414
1497
1525
1579
1614
1632
1770
1854
1919
2033
2135
2222
2267
2361
2422
2572
2685
2798
3001
3035
3284
3323
3358
3590
3628
3742
3744
3806
3891
4002
4040
4051
4069
4113
4165
4165
4165
4165
4165
4165
2
3
4
14
17
19
21
29
33
39
50
68
71
73
119
125
134
149
177
183
196
201
208
211
218
230
244
288
321
345
354
408
497
541
548
604
649
718
828
837
877
881
886
888
901
1046
1071
1089
1093
1097
1124
1132
1148
1149
1239
1350
1364
1499
1551
1583
1681
1691
1748
1778
1862
1929
2038
2044
2096
2151
2173
2207
2326
2353
2441
2594
2791
2802
2964
3290
3294
3491
3624
3652
3699
3830
3906
4019
4077
4132
4186
4280
4280
4280
4280
4280
1
2
3
5
7
8
10
15
22
38
42
50
77
89
96
104
107
113
120
136
143
174
176
189
208
214
217
238
302
305
311
378
397
423
449
486
520
544
574
612
651
777
797
810
814
908
935
981
1012
1062
1194
1250
1352
1356
1500
1601
1670
1702
1762
1771
1848
1880
1894
1897
1932
1965
2088
2130
2186
2271
2435
2437
2579
2657
2894
2997
3031
3118
3214
3442
3590
3729
3815
3846
3881
4001
4049
4179
4313
4313
4313
4313
4313
4313
4313
4313
1
3
5
9
10
18
20
24
27
50
65
77
81
101
112
115
118
157
176
181
195
285
308
373
385
461
469
475
522
552
555
579
590
606
672
683
710
756
770
797
892
982
988
1000
1001
1030
1107
1131
1145
1148
1212
1237
1291
1307
1333
1367
1400
1418
1429
1492
1520
1569
1694
1702
1709
1927
1983
2144
2147
2213
2278
2361
2409
2652
2754
2894
2997
3031
3166
3177
3268
3416
3434
3542
3847
3873
3988
4009
4181
4243
4321
4321
4321
4321
4321
4321
3
9
10
14
37
48
61
99
101
125
161
167
234
242
244
246
253
265
307
314
318
395
454
458
466
485
486
496
746
785
897
906
908
927
961
965
1049
1071
1092
1166
1174
1178
1230
1276
1302
1390
1435
1449
1450
1471
1582
1586
1608
1715
1737
1751
1826
1852
1901
1964
1965
2000
2015
2028
2209
2257
2291
2349
2356
2442
2454
2709
2836
2854
2856
2879
2928
2974
3085
3135
3288
3344
3386
3441
3608
3841
3871
3913
4037
4037
4037
4037
4037
4037
4037
4037
3
4
9
10
11
12
28
29
42
49
50
56
62
65
90
91
106
107
130
153
154
200
209
238
259
269
271
276
319
336
439
454
464
476
512
591
645
647
739
754
774
893
1001
1017
1062
1081
1172
1190
1333
1353
1429
1556
1617
1637
1662
1685
1705
1732
1790
1908
1968
2024
2026
2036
2168
2271
2296
2384
2390
2425
2451
2554
2682
2685
2825
2833
2998
3055
3211
3275
3286
3403
3549
3574
3736
3794
3868
4022
4183
4214
4289
4289
4289
4289
4289
4289
2
4
6
13
18
23
26
32
39
40
47
51
53
79
84
129
133
137
152
161
169
195
212
243
252
265
376
393
400
426
427
449
492
543
551
584
597
631
672
742
777
778
805
818
891
894
907
908
922
1042
1048
1058
1082
1119
1124
1252
1268
1384
1475
1496
1509
1628
1644
1646
1738
1762
1873
2020
2097
2165
2274
2281
2629
2652
2667
2669
2739
2804
2887
3036
3087
3113
3169
3200
3321
3690
3747
3847
3901
3951
4026
4186
4353
4434
4434
4434
0
1
18
21
29
30
33
75
79
91
97
158
167
227
230
239
242
273
294
302
333
355
379
385
414
435
458
509
510
527
529
559
566
590
698
701
713
825
943
957
1014
1077
1083
1167
1258
1297
1355
1370
1487
1489
1542
1560
1679
1715
1726
1950
2027
2039
2130
2142
2284
2288
2313
2537
2646
2692
2765
2786
2792
2805
2848
2915
2974
2987
3004
3005
3076
3282
3334
3490
3526
3573
3589
3591
3614
4046
4062
4081
4138
4186
4224
4274
4353
4442
4442
4442
3
8
9
11
14
16
20
39
42
49
63
68
79
86
98
112
127
133
143
197
203
219
240
260
266
286
288
331
437
477
482
541
546
574
599
617
645
656
684
702
729
773
801
803
842
889
894
917
959
1041
1165
1173
1238
1265
1295
1315
1404
1406
1440
1760
1771
1910
2011
2161
2200
2287
2335
2372
2384
2425
2437
2444
2463
2544
2995
3024
3067
3167
3184
3307
3499
3570
3733
4012
4019
4073
4148
4182
4265
4356
4356
4356
4356
4356
4356
4356
1
3
5
18
21
45
55
62
87
89
105
120
138
143
150
200
225
227
233
236
238
251
291
318
324
354
383
398
420
428
432
440
441
489
563
598
614
744
754
858
861
888
898
953
1017
1061
1070
1139
1150
1189
1299
1306
1320
1381
1394
1450
1511
1582
1596
1831
1861
1887
2132
2169
2229
2419
2441
2477
2672
2755
2769
2807
2825
2836
2840
2879
2974
3024
3132
3162
3188
3330
3338
3361
3619
3687
3900
4161
4177
4183
4241
4403
4403
4403
4403
4403
0
1
7
9
10
11
12
23
39
45
46
51
53
63
64
68
75
79
96
101
104
106
125
136
183
188
247
249
253
458
549
558
586
588
605
712
765
766
811
842
980
1077
1110
1132
1224
1244
1297
1350
1448
1605
1627
1726
1774
1783
1814
1884
1964
1970
2013
2035
2050
2062
2213
2361
2398
2415
2442
2524
2673
2919
2987
3111
3116
3307
3367
3443
3510
3557
3817
3968
4071
4076
4137
4167
4207
4293
4309
4400
4446
4460
4463
4463
4463
4463
4463
4463
2
4
5
10
36
37
40
55
85
101
115
117
124
164
185
198
202
241
255
262
271
301
361
411
458
469
490
538
638
644
724
748
796
855
871
890
891
901
944
961
1028
1059
1065
1125
1284
1302
1306
1550
1560
1580
1612
1639
1677
1754
1784
1831
1858
1969
2134
2261
2291
2308
2338
2560
2572
2627
2647
2649
2857
2909
2911
3092
3148
3227
3245
3286
3317
3444
3445
3495
3509
3554
3628
3653
3703
3789
3852
4071
4077
4167
4324
4389
4437
4494
4502
4502
3
6
7
12
19
36
42
60
73
74
77
83
93
104
136
147
175
213
244
280
341
352
420
440
470
496
521
544
554
583
588
616
627
632
641
714
732
739
818
825
926
932
951
1014
1018
1051
1053
1135
1182
1216
1336
1357
1470
1640
1754
1783
1889
2186
2203
2233
2320
2463
2508
2533
2699
2786
2885
2961
3116
3125
3145
3210
3316
3536
3589
3594
3596
3656
3714
3817
3844
3995
4076
4108
4132
4151
4182
4269
4357
4474
4504
4511
4511
4511
4511
4511
1
5
7
10
22
32
38
39
47
63
73
89
129
132
157
171
178
189
205
210
235
293
303
308
313
385
445
483
490
570
636
651
700
710
774
824
938
954
987
1023
1042
1121
1148
1208
1213
1233
1236
1334
1401
1404
1416
1495
1531
1605
1678
1724
1759
1795
1846
1871
1905
1929
1958
1980
2127
2205
2380
2420
2456
2460
2487
2751
2940
3040
3145
3166
3220
3244
3319
3366
3529
3592
3595
3604
3680
3707
3882
3919
3937
4086
4225
4322
4392
4503
4503
4503
3
5
15
20
24
36
37
70
73
96
99
117
131
135
164
176
182
213
218
241
242
340
369
394
433
435
447
466
487
550
582
630
633
679
727
735
800
893
915
948
1070
1126
1159
1219
1279
1387
1460
1520
1578
1745
1820
1855
1963
1982
2017
2117
2161
2183
2257
2272
2316
2322
2393
2399
2479
2548
2578
2711
2745
2900
2920
2922
2937
2947
2997
3034
3147
3171
3234
3258
3261
3468
3492
3713
3736
3994
4078
4183
4289
4322
4390
4426
4426
4426
4426
4426
3
14
42
81
88
89
101
109
130
134
135
149
171
197
227
373
416
449
450
466
479
527
538
603
624
658
662
742
776
818
821
866
898
900
1051
1143
1174
1215
1240
1276
1321
1454
1550
1653
1708
1709
1710
1803
1836
1850
1872
1910
1919
1939
1940
2039
2096
2105
2160
2349
2454
2482
2576
2791
2801
2804
2871
2999
3057
3067
3072
3114
3143
3193
3294
3412
3555
3566
3732
3742
3798
3822
3848
3917
4049
4228
4260
4340
4413
4434
4441
4441
4441
4441
4441
4441
0
1
3
4
5
10
20
40
44
47
50
63
67
99
112
113
151
174
183
184
196
199
210
220
239
262
268
303
323
349
390
453
612
740
799
893
930
967
988
989
993
1102
1120
1271
1364
1373
1390
1391
1475
1494
1531
1575
1593
1654
1718
1847
1861
1930
1998
2012
2036
2054
2175
2259
2323
2365
2682
2705
2731
2769
2793
2869
2950
2985
3053
3212
3226
3250
3257
3482
3597
3802
3940
3989
4017
4383
4392
4481
4488
4556
4557
4557
4557
4557
4557
4557
1
4
6
11
27
28
40
41
67
85
133
152
181
217
235
248
260
294
319
356
375
395
421
452
472
481
495
497
529
530
550
579
634
665
794
905
918
929
933
1083
1127
1144
1166
1260
1273
1287
1381
1405
1409
1528
1530
1538
1549
1605
1608
1733
1769
1776
1790
1864
1875
1900
1910
1929
1957
1964
2046
2258
2417
2442
2671
2686
2795
2814
2912
2935
3012
3100
3120
3126
3145
3161
3228
3346
3472
3476
3574
3712
3715
3732
3969
4131
4241
4350
4420
4554
0
3
7
8
21
24
28
41
76
100
105
117
130
133
186
222
232
275
302
354
356
364
385
428
448
451
465
523
542
676
739
760
828
883
987
993
1072
1173
1176
1252
1282
1283
1287
1299
1340
1346
1406
1410
1423
1426
1476
1494
1803
1828
1897
1911
1927
2013
2351
2508
2566
2651
2661
2670
2764
2874
3024
3058
3059
3086
3138
3218
3400
3468
3482
3499
3522
3533
3571
3619
3657
3769
3873
3886
3984
4016
4093
4097
4191
4484
4529
4530
4607
4607
4607
4607
2
3
4
8
9
11
22
23
31
32
40
47
75
80
91
94
97
111
157
170
175
207
238
276
325
345
396
409
452
486
490
504
550
558
580
633
634
723
742
746
859
922
1032
1052
1198
1301
1447
1463
1465
1540
1598
1665
1703
1704
1722
1801
1845
1884
1946
1949
2017
2245
2336
2385
2491
2592
2618
2778
2804
2899
2911
2988
3127
3137
3169
3170
3207
3210
3229
3237
3510
3658
3768
3779
3801
3852
3965
3975
4207
4380
4441
4444
4504
4504
4504
4504
1
5
12
13
14
15
36
38
42
49
64
99
122
188
213
222
239
241
262
306
357
367
410
414
427
440
452
493
496
508
569
589
667
718
743
760
827
899
903
919
922
940
972
1014
1055
1068
1125
1148
1161
1255
1297
1593
1599
1803
1811
1838
1839
1922
1938
1945
1949
2027
2057
2078
2138
2317
2353
2576
2584
2771
2812
2821
2836
2894
2979
3041
3072
3084
3105
3285
3309
3441
3498
3554
3623
3780
3789
3964
3970
3998
4045
4195
4254
4462
4523
4590
2
5
12
15
28
36
59
76
84
99
109
123
144
163
166
190
267
289
327
331
343
417
468
493
514
641
651
665
683
687
714
716
718
726
727
753
811
863
922
1081
1182
1313
1330
1348
1387
1405
1570
1722
1779
1845
1909
1921
1967
2210
2268
2316
2331
2334
2555
2745
2857
2901
2909
2947
2953
2960
3003
3023
3171
3203
3226
3298
3299
3322
3409
3439
3443
3492
3665
3706
3971
4059
4139
4142
4144
4261
4297
4444
4566
4595
4620
4651
4656
4656
4656
4656
2
8
10
12
15
18
20
34
45
46
54
80
113
114
129
137
154
175
189
204
205
231
246
284
286
354
363
395
406
413
427
501
507
531
540
561
679
719
775
784
853
903
920
927
1115
1176
1178
1292
1388
1489
1493
1501
1508
1520
1562
1575
1610
1620
1675
1795
1849
1931
2020
2126
2204
2264
2265
2316
2363
2417
2731
2792
2864
3008
3041
3082
3124
3202
3221
3289
3351
3363
3426
3533
3611
3853
3991
4058
4149
4197
4249
4302
4390
4571
4594
4657
1
3
5
11
17
21
39
50
67
69
79
83
96
133
137
148
166
187
198
205
224
276
338
423
433
436
450
454
457
466
492
514
548
584
598
612
619
640
699
721
727
751
769
779
883
909
927
1007
1084
1179
1192
1217
1248
1255
1261
1275
1410
1568
1580
1770
2174
2242
2255
2307
2322
2328
2398
2470
2579
2632
2936
3035
3060
3124
3175
3212
3213
3275
3279
3534
3636
3803
3945
4063
4128
4137
4254
4366
4434
4510
4523
4628
4667
4693
4693
4693
1
2
5
8
11
16
24
25
39
42
50
56
59
77
89
94
119
137
156
168
208
212
217
246
268
282
308
387
402
405
427
439
468
478
486
589
714
730
848
869
903
931
936
972
1016
1024
1062
1086
1140
1168
1254
1255
1258
1288
1384
1404
1481
1496
1564
1678
1683
1763
1777
1868
1939
2126
2203
2267
2324
2453
2517
2538
2554
2669
2674
2888
3148
3208
3287
3288
3347
3410
3424
3472
3536
3643
3837
3885
4012
4150
4188
4434
4618
4640
4640
4640
1
3
4
6
10
15
17
19
29
51
52
63
64
67
69
70
71
73
96
112
113
139
153
169
208
212
230
250
338
347
376
397
411
450
599
615
711
719
751
786
854
856
889
924
929
931
1007
1010
1099
1140
1247
1268
1490
1508
1585
1690
1778
1831
1864
1869
1932
2047
2055
2079
2112
2212
2225
2233
2293
2357
2363
2381
2708
2951
3028
3095
3174
3204
3260
3362
3391
3399
3436
3536
3632
3743
3817
3872
4071
4167
4203
4258
4363
4381
4710
4710
5
8
10
12
14
19
26
33
73
76
84
87
100
119
133
183
250
269
283
307
313
354
385
391
434
490
561
578
600
605
663
666
669
672
677
751
754
777
826
853
898
918
936
970
981
995
1043
1063
1110
1139
1205
1365
1416
1464
1469
1559
1583
1585
1594
1811
2047
2053
2079
2082
2160
2188
2319
2440
2489
2697
2718
2775
2789
2809
3144
3174
3179
3202
3282
3333
3415
3488
3636
3704
3743
3818
3853
4043
4078
4170
4295
4329
4742
4742
4742
4742
1
3
5
8
9
11
30
32
36
39
65
91
96
100
111
126
152
156
182
217
242
260
262
263
290
311
312
342
343
388
437
461
508
541
569
574
627
692
695
735
796
844
904
910
948
978
994
1026
1032
1065
1072
1100
1120
1177
1375
1402
1430
1449
1458
1528
1615
1697
1752
1808
1933
1950
1958
2003
2040
2277
2286
2305
2437
2556
2571
2769
2821
2847
2896
3021
3126
3288
3318
3320
3406
3428
3458
3747
3889
3944
4019
4120
4273
4405
4454
4454
0
3
4
15
17
23
33
37
40
49
62
74
75
78
90
98
110
124
151
167
172
212
220
257
282
294
316
430
438
455
512
513
519
520
553
599
628
695
748
781
824
1006
1022
1045
1112
1148
1266
1268
1274
1280
1287
1288
1401
1420
1485
1659
1668
1894
1912
1920
1944
1987
2051
2095
2112
2153
2252
2254
2278
2437
2478
2486
2490
2602
2618
2802
2859
2909
3030
3037
3116
3126
3321
3601
3801
3870
4017
4082
4146
4264
4353
4435
4643
4769
4769
4769
1
8
9
27
29
30
37
39
40
46
51
75
99
156
161
167
198
200
208
227
236
272
287
301
328
348
363
366
387
427
510
512
631
663
679
778
793
821
832
835
957
972
979
1052
1456
1531
1548
1566
1608
1657
1678
1690
1708
1717
1741
1794
1797
1833
1842
1910
1940
2009
2081
2132
2184
2233
2306
2431
2527
2567
2706
2978
3043
3148
3170
3232
3253
3300
3392
3426
3479
3715
3944
4092
4163
4167
4206
4209
4405
4524
4584
4616
4700
4700
4700
4700
3
4
8
9
13
16
36
48
73
109
136
143
158
199
204
226
250
251
259
262
354
399
401
452
474
486
508
596
622
632
639
676
751
777
804
993
1055
1056
1081
1226
1248
1314
1391
1463
1475
1520
1627
1629
1715
1741
1775
1783
1792
1885
1975
2073
2140
2183
2188
2211
2228
2281
2457
2465
2606
2713
2736
2779
2789
2813
2934
3015
3051
3071
3073
3254
3549
3623
3694
3789
3854
3907
3946
4014
4094
4145
4263
4287
4402
4603
4669
4669
4669
4669
4669
4669
1
5
7
16
17
19
21
28
30
33
53
66
67
75
130
131
133
141
160
171
178
213
228
266
311
313
336
338
354
356
436
438
448
496
537
546
631
647
648
657
709
905
906
908
922
977
985
1024
1133
1183
1210
1287
1309
1364
1377
1449
1497
1528
1579
1593
1745
1750
1774
1843
1913
1956
1985
2151
2180
2284
2403
2518
2583
2624
2739
2839
2852
3080
3084
3089
3219
3607
3885
3886
3898
3964
4048
4183
4214
4289
4332
4405
4424
4561
4561
4561
3
5
10
12
25
33
39
42
49
64
68
83
85
87
98
101
109
115
125
135
159
181
190
194
204
212
213
251
273
341
353
360
380
395
454
457
483
597
601
614
680
681
686
697
720
728
757
764
792
824
922
1015
1068
1117
1122
1242
1265
1328
1531
1617
1637
1734
1737
2102
2179
2214
2281
2367
2442
2478
2496
2556
2695
2994
3133
3216
3293
3415
3552
3676
3998
4042
4095
4223
4273
4400
4444
4502
4789
4815
4851
4851
4851
4851
4851
4851
4
7
8
10
13
15
16
33
34
83
89
112
133
154
198
209
214
240
265
279
306
340
350
393
395
428
465
487
488
490
508
535
543
566
581
663
721
747
775
863
878
899
923
952
1038
1155
1197
1217
1219
1261
1302
1316
1421
1963
1969
2162
2201
2213
2236
2242
2312
2366
2396
2439
2539
2672
2758
2976
2999
3008
3024
3054
3119
3128
3436
3635
3664
3748
3824
3908
4111
4235
4478
4503
4523
4558
4570
4669
4692
4713
4713
4713
4713
4713
4713
4713
1
3
5
17
20
41
42
91
99
102
112
163
186
188
194
212
213
226
236
237
238
252
263
326
329
341
348
413
414
480
607
617
672
743
755
762
779
797
825
894
897
934
949
957
998
1014
1046
1200
1280
1324
1351
1484
1543
1609
1619
1702
1815
1910
1976
2027
2046
2226
2301
2436
2523
2590
2607
2644
2677
2686
2814
2869
2936
2941
3051
3053
3067
3384
3541
3586
3593
3640
3644
3681
3873
3975
4088
4164
4313
4395
4444
4596
4662
4859
4859
4859
2
7
8
9
12
18
26
29
36
44
53
70
86
116
117
157
176
183
191
253
257
259
269
314
356
406
466
483
523
649
652
658
659
768
793
836
862
910
975
1044
1122
1148
1227
1275
1288
1319
1605
1701
1712
1939
2203
2225
2243
2246
2286
2320
2335
2410
2426
2543
2647
2705
2774
2804
2827
3012
3134
3143
3310
3356
3388
3413
3422
3542
3714
3736
3744
3794
3869
3875
3949
4104
4289
4427
4475
4546
4558
4718
4747
4747
4747
4747
4747
4747
4747
4747
1
3
8
9
10
18
20
23
41
42
47
49
74
79
127
184
225
300
302
321
322
323
329
330
338
371
402
424
441
529
576
593
619
624
658
660
712
734
799
831
872
892
942
946
948
951
1024
1114
1169
1194
1206
1223
1296
1330
1425
1509
1578
1691
1694
1715
1774
1892
1936
1970
2057
2059
2183
2450
2565
2631
2751
2847
2900
2918
3042
3225
3455
3473
3487
3573
3739
3772
3828
3831
4037
4108
4179
4347
4348
4402
4498
4599
4825
4825
4825
4825
1
4
5
10
11
13
21
30
36
47
69
77
91
124
200
267
299
327
340
345
361
385
386
395
427
472
479
543
578
580
633
644
735
749
800
808
877
919
935
940
997
1081
1129
1149
1203
1235
1318
1442
1512
1582
1589
1617
1637
1771
1838
1840
1919
1939
1950
2060
2089
2122
2123
2297
2383
2473
2505
2541
2605
2672
2842
2853
2916
2963
3052
3196
3378
3388
3438
3637
3695
3846
3884
4049
4339
4373
4454
4560
4586
4666
4776
4853
4853
4853
4853
4853
2
3
5
7
8
9
15
16
17
36
54
70
90
126
177
209
230
235
264
265
276
345
356
376
387
401
431
454
462
552
565
579
685
686
731
747
751
771
806
834
845
853
854
881
931
1008
1044
1174
1268
1292
1324
1327
1340
1490
1804
1845
1930
1942
2052
2086
2110
2298
2371
2411
2554
2592
2607
2663
2676
2713
2754
3071
3127
3417
3616
3731
3777
3813
3827
3975
4013
4059
4126
4214
4363
4377
4418
4435
4465
4650
4712
4789
4872
4872
4872
4872
3
5
12
21
23
39
44
50
55
64
67
79
99
108
111
138
139
181
183
216
239
249
306
328
329
353
363
390
391
409
448
572
608
611
680
764
893
897
940
948
1023
1033
1048
1056
1115
1120
1141
1161
1176
1317
1406
1806
1850
1851
2010
2033
2047
2207
2329
2353
2488
2571
2594
2619
2663
2676
2845
2920
2935
2970
3053
3060
3309
3311
3593
3652
3980
4002
4006
4249
4366
4481
4595
4603
4661
4667
4687
4701
4832
4885
4925
4925
4925
4925
4925
4925
1
4
7
12
21
26
27
38
53
60
66
85
94
97
99
119
152
195
222
229
236
283
302
306
329
330
385
395
418
444
597
627
633
754
876
897
973
986
988
1020
1072
1150
1196
1280
1305
1352
1560
1606
1769
1797
1931
2177
2224
2247
2284
2373
2510
2579
2694
2697
2746
2760
2806
2864
2880
2881
2973
3032
3065
3179
3281
3367
3498
3859
3881
3976
3979
4022
4249
4311
4370
4450
4612
4637
4654
4659
4688
4779
4844
4885
4942
4968
4968
4968
4968
4968
1
3
12
14
19
20
68
78
95
166
176
194
202
211
264
403
411
592
637
723
767
846
1080
1123
1138
1388
1404
1418
1533
2030
2096
2173
2463
2546
2554
2629
2692
2776
2824
3629
3792
3883
4354
4399
4946
4946
4946
4946
