0.1889648438
0.0000000000
0.0000000000
0.0000000000
0.0000000000
0.0000000000
0.3535156250
0.0000000000
0.0000000000
0.0000000000
0.0000000000
0.0000000000
0.0000000000
0.0000000000
0.1208496094
0.0000000000
0.1889648438
0.0000000000
0.0000000000
0.0000000000
0.0000000000
0.0000000000
0.3535156250
0.0000000000
0.0089187622
0.0000000000
0.0000000000
0.0000000000
0.0000000000
0.0000000000
0.1208496094
0.0000000000
0.1889648438
0.0000000000
0.0000000000
0.0000000000
0.0000000000
0.0000000000
0.3535156250
0.0000000000
0.0300445557
0.0000000000
0.0000000000
0.0000000000
0.0000000000
0.0000000000
0.1208496094
0.0000000000
0.1889648438
0.0000000000
0.0000000000
0.0000000000
0.0000000000
0.0000000000
0.3535156250
0.0000000000
0.0386047363
0.0000000000
0.0000000000
0.0000000000
0.0000000000
0.0000000000
0.1208496094
0.0000000000
0.1889648438
0.0000000000
0.0000000000
0.0000000000
0.0000000000
0.0000000000
0.3535156250
0.0000000000
0.0587158203
0.0000000000
0.0000000000
0.0000000000
0.0000000000
0.0000000000
0.1208496094
0.0000000000
0.1889648438
0.0000000000
0.0000000000
0.0000000000
0.0000000000
0.0000000000
0.3535156250
0.0000000000
0.0674438477
0.0000000000
0.0000000000
0.0000000000
0.0000000000
0.0000000000
0.1208496094
0.0000000000
0.1889648438
0.0000000000
0.0000000000
0.0000000000
0.0000000000
0.0000000000
0.3535156250
0.0000000000
0.0888061523
0.0000000000
0.0000000000
0.0000000000
0.0000000000
0.0000000000
0.1208496094
0.0000000000
0.0000000000
0.4472656250
0.0000000000
0.0000000000
0.0000000000
0.0000000000
0.3535156250
0.0000000000
0.0953369141
0.4423828125
0.0000000000
0.0000000000
0.0000000000
0.0000000000
0.1301269531
0.0000000000
0.0000000000
0.0000000000
0.3015136719
0.0000000000
0.0000000000
0.0000000000
0.0000000000
0.1414794922
0.0972900391
0.0000000000
0.3869628906
0.0000000000
0.0000000000
0.0000000000
0.1285400391
0.0000000000
0.0000000000
0.4472656250
0.0000000000
0.0000000000
0.0000000000
0.0000000000
0.0000000000
0.1414794922
0.0980224609
0.4423828125
0.0000000000
0.0000000000
0.0000000000
0.0000000000
0.1301269531
0.0000000000
0.0000000000
0.0000000000
0.0000000000
0.5000000000
0.0000000000
0.0000000000
0.0000000000
0.1414794922
0.0987548828
0.0000000000
0.0000000000
0.4978027344
0.0000000000
0.0000000000
0.1306152344
0.0000000000
0.0000000000
0.0000000000
0.0000000000
0.5000000000
0.0000000000
0.0000000000
0.0000000000
0.1414794922
0.0997924805
0.0000000000
0.0000000000
0.4978027344
0.0000000000
0.0000000000
0.1306152344
0.0000000000
0.0000000000
0.0000000000
0.0000000000
0.0000000000
0.5000000000
0.0000000000
0.0000000000
0.1414794922
0.1004028320
0.0000000000
0.0000000000
0.0000000000
0.4968261719
0.0000000000
0.1312255859
0.0000000000
0.0000000000
0.0000000000
0.0000000000
0.0000000000
0.0000000000
0.4472656250
0.0000000000
0.1414794922
0.1017456055
0.0000000000
0.0000000000
0.0000000000
0.0000000000
0.4455566406
0.1326904297
0.0000000000
0.0000000000
0.0000000000
0.0000000000
0.0000000000
0.0000000000
0.4472656250
0.0000000000
0.1414794922
0.1039428711
0.0000000000
0.0000000000
0.0000000000
0.0000000000
0.4455566406
0.1326904297
0.0000000000
0.0000000000
0.0000000000
0.0000000000
0.0000000000
0.0000000000
0.4472656250
0.0000000000
0.1414794922
0.1159057617
0.0000000000
0.0000000000
0.0000000000
0.0000000000
0.4455566406
0.1326904297
0.0000000000
1.0000000000
0.0000000000
0.0000000000
0.0000000000
0.0000000000
0.0000000000
0.0000000000
0.0000000000
0.0000000000
0.0000000000
0.0000000000
0.0000000000
0.0000000000
0.0000000000
0.0000000000
0.1414794922
0.0000000000
0.3332519531
0.0000000000
0.0000000000
0.0000000000
0.0000000000
0.0000000000
0.0000000000
0.0000000000
0.0000000000
0.0000000000
0.0000000000
0.0000000000
0.0000000000
0.0000000000
0.1414794922
0.0000000000
0.0000000000
0.5000000000
0.0000000000
0.0000000000
0.0000000000
0.0000000000
0.0000000000
0.0000000000
0.0000000000
0.0000000000
0.0000000000
0.0000000000
0.0000000000
0.0000000000
0.1414794922
0.0000000000
0.0000000000
0.0000000000
0.7070312500
0.0000000000
0.0000000000
0.0000000000
0.0000000000
0.0000000000
0.0000000000
0.0000000000
0.0000000000
0.0000000000
0.0000000000
0.0000000000
0.1414794922
0.0000000000
0.0000000000
0.5000000000
0.0000000000
0.0000000000
0.0000000000
0.0000000000
0.0000000000
0.0000000000
0.0000000000
0.0000000000
0.0000000000
0.0000000000
0.0000000000
0.0000000000
0.1414794922
0.0000000000
0.0000000000
0.0000000000
0.0000000000
0.3161621094
0.0000000000
0.0000000000
0.0000000000
0.0000000000
0.0000000000
0.0000000000
0.0000000000
0.0000000000
0.0000000000
0.0000000000
0.1414794922
0.0000000000
0.0000000000
0.0000000000
0.0000000000
0.0000000000
0.5000000000
0.0000000000
0.0000000000
0.0000000000
0.0000000000
0.0000000000
0.0000000000
0.0000000000
0.0000000000
0.0000000000
0.1414794922
0.0000000000
0.0000000000
0.0000000000
0.0000000000
0.0000000000
0.0000000000
0.2885742188
0.0000000000
0.0000000000
0.0000000000
0.0000000000
0.0000000000
0.0000000000
0.0000000000
0.0000000000
0.1414794922
0.0000000000
0.0000000000
0.0000000000
0.0000000000
0.0000000000
0.0000000000
0.0000000000
0.2885742188
0.0000000000
0.0000000000
0.0000000000
0.0000000000
0.0000000000
0.0000000000
0.0000000000
0.1414794922
0.0000000000
0.0000000000
0.0000000000
0.0000000000
0.0000000000
0.0000000000
0.0000000000
0.0000000000
0.7070312500
0.0000000000
0.0000000000
0.0000000000
0.0000000000
0.0000000000
0.0000000000
0.1414794922
0.0000000000
0.0000000000
0.0000000000
0.0000000000
0.0000000000
0.0000000000
0.0000000000
0.0000000000
0.0000000000
0.5771484375
0.0000000000
0.0000000000
0.0000000000
0.0000000000
0.0000000000
0.1414794922
0.0000000000
0.0000000000
0.0000000000
0.0000000000
0.0000000000
0.0000000000
0.0000000000
0.0000000000
0.0000000000
0.0000000000
1.0000000000
0.0000000000
0.0000000000
0.0000000000
0.0000000000
0.1414794922
0.0000000000
0.0000000000
0.0000000000
0.0000000000
0.0000000000
0.0000000000
0.0000000000
0.0000000000
0.0000000000
0.0000000000
0.0000000000
0.5771484375
0.0000000000
0.0000000000
0.0000000000
0.1414794922
0.0000000000
0.0000000000
0.0000000000
0.0000000000
0.0000000000
0.0000000000
0.0000000000
0.0000000000
0.0000000000
0.0000000000
0.0000000000
0.0000000000
0.4472656250
0.0000000000
0.0000000000
0.1414794922
0.0000000000
0.0000000000
0.0000000000
0.0000000000
0.0000000000
0.0000000000
0.0000000000
0.0000000000
0.0000000000
0.0000000000
0.0000000000
0.0000000000
0.0000000000
0.5000000000
0.0000000000
0.1414794922
0.0000000000
0.0000000000
0.0000000000
0.0000000000
0.0000000000
0.0000000000
0.0000000000
0.0000000000
0.0000000000
0.0000000000
0.0000000000
0.0000000000
0.0000000000
0.0000000000
0.5000000000
0.1414794922
0.1167602539
0.0000000000
0.0000000000
0.0000000000
0.0000000000
0.0000000000
0.0000000000
0.0000000000
0.0000000000
0.0000000000
0.0000000000
0.0000000000
0.0000000000
0.0000000000
0.1329345703
0.0000000000
0.1177368164
0.3298339844
0.0000000000
0.0000000000
0.0000000000
0.0000000000
0.0000000000
0.0000000000
0.0000000000
0.0000000000
0.0000000000
0.0000000000
0.0000000000
0.0000000000
0.1343994141
0.0000000000
0.1190795898
0.0000000000
0.4978027344
0.0000000000
0.0000000000
0.0000000000
0.0000000000
0.0000000000
0.0000000000
0.0000000000
0.0000000000
0.0000000000
0.0000000000
0.0000000000
0.1306152344
0.0000000000
0.1199340820
0.0000000000
0.0000000000
0.6938476562
0.0000000000
0.0000000000
0.0000000000
0.0000000000
0.0000000000
0.0000000000
0.0000000000
0.0000000000
0.0000000000
0.0000000000
0.1320800781
0.0000000000
0.1207275391
0.0000000000
0.4978027344
0.0000000000
0.0000000000
0.0000000000
0.0000000000
0.0000000000
0.0000000000
0.0000000000
0.0000000000
0.0000000000
0.0000000000
0.0000000000
0.1306152344
0.0000000000
0.1217651367
0.0000000000
0.0000000000
0.0000000000
0.3181152344
0.0000000000
0.0000000000
0.0000000000
0.0000000000
0.0000000000
0.0000000000
0.0000000000
0.0000000000
0.0000000000
0.1286621094
0.0000000000
0.1230468750
0.0000000000
0.0000000000
0.0000000000
0.0000000000
0.5585937500
0.0000000000
0.0000000000
0.0000000000
0.0000000000
0.0000000000
0.0000000000
0.0000000000
0.0000000000
0.1280517578
0.0000000000
0.1238403320
0.0000000000
0.0000000000
0.0000000000
0.0000000000
0.0000000000
0.3085937500
0.0000000000
0.0000000000
0.0000000000
0.0000000000
0.0000000000
0.0000000000
0.0000000000
0.1291503906
0.0000000000
0.1245117188
0.0000000000
0.0000000000
0.0000000000
0.0000000000
0.0000000000
0.0000000000
0.3012695312
0.0000000000
0.0000000000
0.0000000000
0.0000000000
0.0000000000
0.0000000000
0.1304931641
0.0000000000
0.1256103516
0.0000000000
0.0000000000
0.0000000000
0.0000000000
0.0000000000
0.0000000000
0.0000000000
0.7041015625
0.0000000000
0.0000000000
0.0000000000
0.0000000000
0.0000000000
0.1322021484
0.0000000000
0.1262207031
0.0000000000
0.0000000000
0.0000000000
0.0000000000
0.0000000000
0.0000000000
0.0000000000
0.0000000000
0.5742187500
0.0000000000
0.0000000000
0.0000000000
0.0000000000
0.1330566406
0.0000000000
0.1270751953
0.0000000000
0.0000000000
0.0000000000
0.0000000000
0.0000000000
0.0000000000
0.0000000000
0.0000000000
0.0000000000
0.0000000000
0.0000000000
0.0000000000
0.0000000000
0.1341552734
0.0000000000
0.1276855469
0.0000000000
0.0000000000
0.0000000000
0.0000000000
0.0000000000
0.0000000000
0.0000000000
0.0000000000
0.0000000000
0.5629882812
0.0000000000
0.0000000000
0.0000000000
0.1347656250
0.0000000000
0.1284179688
0.0000000000
0.0000000000
0.0000000000
0.0000000000
0.0000000000
0.0000000000
0.0000000000
0.0000000000
0.0000000000
0.0000000000
0.4365234375
0.0000000000
0.0000000000
0.1362304688
0.0000000000
0.1296386719
0.0000000000
0.0000000000
0.0000000000
0.0000000000
0.0000000000
0.0000000000
0.0000000000
0.0000000000
0.0000000000
0.0000000000
0.0000000000
0.4895019531
0.0000000000
0.1359863281
0.0000000000
0.1303710938
0.0000000000
0.0000000000
0.0000000000
0.0000000000
0.0000000000
0.0000000000
0.0000000000
0.0000000000
0.0000000000
0.0000000000
0.0000000000
0.0000000000
0.4895019531
0.1353759766
0.0000000000
0.3332519531
0.0000000000
0.0000000000
0.0000000000
0.0000000000
0.0000000000
0.0000000000
0.0000000000
0.0000000000
0.0000000000
0.0000000000
0.0000000000
0.1414794922
0.1311035156
0.3271484375
0.0000000000
0.3332519531
0.0000000000
0.0000000000
0.0000000000
0.0000000000
0.0000000000
0.0000000000
0.0000000000
0.0000000000
0.0000000000
0.0000000000
0.0000000000
0.1414794922
0.1456298828
0.3271484375
0.0000000000
0.0000000000
0.5000000000
0.0000000000
0.0000000000
0.0000000000
0.0000000000
0.0000000000
0.0000000000
0.0000000000
0.0000000000
0.0000000000
0.0000000000
0.1414794922
0.1462402344
0.0000000000
0.4907226562
0.0000000000
0.0000000000
0.5000000000
0.0000000000
0.0000000000
0.0000000000
0.0000000000
0.0000000000
0.0000000000
0.0000000000
0.0000000000
0.0000000000
0.1414794922
0.1468505859
0.0000000000
0.0000000000
0.0000000000
0.0000000000
0.0000000000
0.3161621094
0.0000000000
0.0000000000
0.0000000000
0.0000000000
0.0000000000
0.0000000000
0.0000000000
0.0000000000
0.1414794922
0.1473388672
0.0000000000
0.0000000000
0.0000000000
0.0000000000
0.0000000000
0.0000000000
0.5000000000
0.0000000000
0.0000000000
0.0000000000
0.0000000000
0.0000000000
0.0000000000
0.0000000000
0.1414794922
0.1479492188
0.0000000000
0.0000000000
0.0000000000
0.0000000000
0.0000000000
0.0000000000
0.0000000000
0.5000000000
0.0000000000
0.0000000000
0.0000000000
0.0000000000
0.0000000000
0.0000000000
0.1414794922
0.1489257812
0.0000000000
0.0000000000
0.0000000000
0.0000000000
0.0000000000
0.0000000000
0.0000000000
0.0000000000
0.5000000000
0.0000000000
0.0000000000
0.0000000000
0.0000000000
0.0000000000
0.1414794922
0.1496582031
0.0000000000
0.0000000000
0.0000000000
0.0000000000
0.0000000000
0.0000000000
0.0000000000
0.0000000000
0.0000000000
0.5771484375
0.0000000000
0.0000000000
0.0000000000
0.0000000000
0.1414794922
0.1505126953
0.0000000000
0.0000000000
0.0000000000
0.0000000000
0.0000000000
0.0000000000
0.0000000000
0.5000000000
0.0000000000
0.0000000000
0.0000000000
0.0000000000
0.0000000000
0.0000000000
0.1414794922
0.1510009766
0.0000000000
0.0000000000
0.0000000000
0.0000000000
0.0000000000
0.0000000000
0.0000000000
0.0000000000
0.0000000000
0.0000000000
0.5000000000
0.0000000000
0.0000000000
0.0000000000
0.1414794922
0.1523437500
0.0000000000
0.0000000000
0.0000000000
0.0000000000
0.0000000000
0.0000000000
0.0000000000
0.0000000000
0.0000000000
0.0000000000
0.0000000000
0.5000000000
0.0000000000
0.0000000000
0.1414794922
0.1525878906
0.0000000000
0.0000000000
0.0000000000
0.0000000000
0.0000000000
0.0000000000
0.0000000000
0.0000000000
0.0000000000
0.0000000000
0.5000000000
0.0000000000
0.0000000000
0.0000000000
0.1414794922
0.1528320312
0.0000000000
0.0000000000
0.0000000000
0.0000000000
0.0000000000
0.0000000000
0.0000000000
0.0000000000
0.0000000000
0.0000000000
0.0000000000
0.5000000000
0.0000000000
0.0000000000
0.1414794922
0.1528320312
0.0000000000
0.0000000000
0.0000000000
0.0000000000
0.0000000000
0.0000000000
0.0000000000
0.0000000000
0.0000000000
0.0000000000
0.0000000000
0.0000000000
0.5771484375
0.0000000000
0.1414794922
0.1539306641
0.0000000000
0.0000000000
0.0000000000
0.0000000000
0.0000000000
0.0000000000
0.0000000000
0.0000000000
0.0000000000
0.0000000000
0.0000000000
0.0000000000
0.0000000000
0.5000000000
0.1414794922
0.1555175781
0.0000000000
0.0000000000
0.0000000000
0.0000000000
0.0000000000
0.0000000000
0.0000000000
0.0000000000
0.0000000000
0.0000000000
0.0000000000
0.0000000000
0.1345214844
0.0000000000
0.0000000000
0.0000000000
0.0000000000
0.0000000000
0.0000000000
0.0000000000
0.0000000000
0.0000000000
0.0000000000
0.0000000000
0.0000000000
0.0000000000
0.0000000000
0.0000000000
0.1345214844
0.0000000000
0.0000000000
0.0000000000
0.0000000000
0.0000000000
0.0000000000
0.0000000000
0.0000000000
0.0000000000
0.0000000000
0.0000000000
0.0000000000
0.0000000000
0.0000000000
0.0000000000
0.1340332031
0.0000000000
0.0000000000
0.0000000000
0.0000000000
0.0000000000
0.4907226562
0.0000000000
0.0000000000
0.0000000000
0.0000000000
0.0000000000
0.0000000000
0.0000000000
0.0000000000
0.0000000000
0.1333007812
0.0000000000
0.0000000000
0.0000000000
0.0000000000
0.0000000000
0.0000000000
0.3110351562
0.0000000000
0.0000000000
0.0000000000
0.0000000000
0.0000000000
0.0000000000
0.0000000000
0.0000000000
0.1328125000
0.0000000000
0.0000000000
0.0000000000
0.0000000000
0.0000000000
0.0000000000
0.0000000000
0.4860839844
0.0000000000
0.0000000000
0.0000000000
0.0000000000
0.0000000000
0.0000000000
0.0000000000
0.1315917969
0.0000000000
0.0000000000
0.0000000000
0.0000000000
0.0000000000
0.0000000000
0.0000000000
0.0000000000
0.4907226562
0.0000000000
0.0000000000
0.0000000000
0.0000000000
0.0000000000
0.0000000000
0.1311035156
0.0000000000
0.0000000000
0.0000000000
0.0000000000
0.0000000000
0.0000000000
0.0000000000
0.0000000000
0.0000000000
0.4860839844
0.0000000000
0.0000000000
0.0000000000
0.0000000000
0.0000000000
0.1307373047
0.0000000000
0.0000000000
0.0000000000
0.0000000000
0.0000000000
0.0000000000
0.0000000000
0.0000000000
0.0000000000
0.0000000000
0.5629882812
0.0000000000
0.0000000000
0.0000000000
0.0000000000
0.1318359375
0.0000000000
0.0000000000
0.0000000000
0.0000000000
0.0000000000
0.0000000000
0.0000000000
0.0000000000
0.4907226562
0.0000000000
0.0000000000
0.0000000000
0.0000000000
0.0000000000
0.0000000000
0.1311035156
0.0000000000
0.0000000000
0.0000000000
0.0000000000
0.0000000000
0.0000000000
0.0000000000
0.0000000000
0.0000000000
0.0000000000
0.0000000000
0.4907226562
0.0000000000
0.0000000000
0.0000000000
0.1325683594
0.0000000000
0.0000000000
0.0000000000
0.0000000000
0.0000000000
0.0000000000
0.0000000000
0.0000000000
0.0000000000
0.0000000000
0.0000000000
0.0000000000
0.4907226562
0.0000000000
0.0000000000
0.1325683594
0.0000000000
0.0000000000
0.0000000000
0.0000000000
0.0000000000
0.0000000000
0.0000000000
0.0000000000
0.0000000000
0.0000000000
0.0000000000
0.4907226562
0.0000000000
0.0000000000
0.0000000000
0.1325683594
0.0000000000
0.0000000000
0.0000000000
0.0000000000
0.0000000000
0.0000000000
0.0000000000
0.0000000000
0.0000000000
0.0000000000
0.0000000000
0.0000000000
0.4907226562
0.0000000000
0.0000000000
0.1325683594
0.0000000000
0.0000000000
0.0000000000
0.0000000000
0.0000000000
0.0000000000
0.0000000000
0.0000000000
0.0000000000
0.0000000000
0.0000000000
0.0000000000
0.0000000000
0.5629882812
0.0000000000
0.1350097656
0.0000000000
0.0000000000
0.0000000000
0.0000000000
0.0000000000
0.0000000000
0.0000000000
0.0000000000
0.0000000000
0.0000000000
0.0000000000
0.0000000000
0.0000000000
0.0000000000
0.4860839844
0.1359863281
0.0000000000
0.0000000000
0.0000000000
0.0000000000
0.0000000000
0.0000000000
0.0000000000
0.0000000000
0.0000000000
0.5000000000
0.0000000000
0.0000000000
0.0000000000
0.0000000000
0.1414794922
0.0000000000
0.1561279297
0.0000000000
0.0000000000
0.0000000000
0.0000000000
0.0000000000
0.0000000000
0.0000000000
0.0000000000
0.0000000000
1.0000000000
0.0000000000
0.0000000000
0.0000000000
0.1414794922
0.0000000000
0.1580810547
0.0000000000
0.0000000000
0.0000000000
0.0000000000
0.0000000000
0.0000000000
0.0000000000
0.0000000000
0.0000000000
0.0000000000
0.5771484375
0.0000000000
0.0000000000
0.1414794922
0.0000000000
0.1589355469
0.0000000000
0.0000000000
0.0000000000
0.0000000000
0.0000000000
0.0000000000
0.0000000000
0.3161621094
0.0000000000
0.0000000000
0.0000000000
0.0000000000
0.0000000000
0.1414794922
0.0000000000
0.1594238281
0.0000000000
0.0000000000
0.0000000000
0.0000000000
0.0000000000
0.0000000000
0.0000000000
0.3161621094
0.0000000000
0.0000000000
0.0000000000
0.0000000000
0.0000000000
0.1414794922
0.0000000000
0.1751708984
0.0000000000
0.0000000000
0.0000000000
0.0000000000
0.0000000000
0.0000000000
0.0000000000
0.3161621094
0.0000000000
0.0000000000
0.0000000000
0.0000000000
0.0000000000
0.1414794922
0.0000000000
0.1756591797
0.0000000000
0.0000000000
0.0000000000
0.0000000000
0.0000000000
0.0000000000
0.5000000000
0.0000000000
0.0000000000
0.0000000000
0.0000000000
0.0000000000
0.0000000000
0.1414794922
0.0000000000
0.1761474609
0.0000000000
0.0000000000
0.0000000000
0.4907226562
0.0000000000
0.5000000000
0.0000000000
0.0000000000
0.0000000000
0.0000000000
0.0000000000
0.0000000000
0.0000000000
0.1414794922
0.0000000000
0.1770019531
0.0000000000
0.0000000000
0.4907226562
0.0000000000
0.3332519531
0.0000000000
0.0000000000
0.0000000000
0.0000000000
0.0000000000
0.0000000000
0.0000000000
0.0000000000
0.1414794922
0.0000000000
0.1774902344
0.0000000000
0.3271484375
0.0000000000
0.0000000000
0.0000000000
0.0000000000
0.0000000000
0.0000000000
0.0000000000
0.0000000000
0.0000000000
0.4472656250
0.0000000000
0.1414794922
0.0000000000
0.1778564453
0.0000000000
0.0000000000
0.0000000000
0.0000000000
0.0000000000
0.0000000000
0.0000000000
0.0000000000
0.0000000000
0.0000000000
0.0000000000
0.0000000000
0.1622314453
0.0000000000
0.1561279297
0.0000000000
0.0000000000
0.0000000000
0.0000000000
0.0000000000
0.0000000000
0.0000000000
0.0000000000
0.0000000000
0.0000000000
0.0000000000
0.0000000000
0.0000000000
0.1622314453
0.0000000000
0.1561279297
0.0000000000
0.0029544830
0.0000000000
0.0000000000
0.0000000000
0.0000000000
0.0000000000
0.0000000000
0.0000000000
0.0000000000
0.0000000000
0.0000000000
0.0000000000
0.1622314453
0.0000000000
0.1561279297
0.0000000000
0.0037708282
0.0000000000
0.0000000000
0.0000000000
0.0000000000
0.0000000000
0.0000000000
0.0000000000
0.0000000000
0.0000000000
0.0000000000
0.0000000000
0.1622314453
0.0000000000
0.1561279297
0.0000000000
0.0065536499
0.0000000000
0.0000000000
0.0000000000
0.0000000000
0.0000000000
0.0000000000
0.0000000000
0.0000000000
0.0000000000
0.0000000000
0.0000000000
0.1622314453
0.0000000000
0.1561279297
0.0000000000
0.0176849365
0.0000000000
0.0000000000
0.0000000000
0.0000000000
0.0000000000
0.0000000000
0.0000000000
0.0000000000
0.0000000000
0.0000000000
0.0000000000
0.1622314453
0.0000000000
0.1561279297
0.0000000000
0.0208740234
0.0000000000
0.0000000000
0.0000000000
0.0000000000
0.4860839844
0.0000000000
0.0000000000
0.0000000000
0.1372070312
0.0000000000
0.0000000000
0.0000000000
0.0000000000
0.0000000000
0.0000000000
0.0000000000
0.0000000000
0.0000000000
0.0000000000
0.0000000000
0.0000000000
0.0000000000
0.0000000000
0.0000000000
0.1351318359
0.0000000000
0.0000000000
0.0000000000
0.0000000000
0.0000000000
0.0000000000
0.0000000000
0.0000000000
0.0000000000
0.0000000000
0.0000000000
0.0000000000
0.5629882812
0.0000000000
0.0000000000
0.1336669922
0.0000000000
0.0000000000
0.0000000000
0.0000000000
0.0000000000
0.0000000000
0.0000000000
0.0000000000
0.0000000000
0.0000000000
0.3110351562
0.0000000000
0.0000000000
0.0000000000
0.0000000000
0.1328125000
0.0000000000
0.0000000000
0.0000000000
0.0000000000
0.0000000000
0.0000000000
0.0000000000
0.0000000000
0.0000000000
0.0000000000
0.3110351562
0.0000000000
0.0000000000
0.0000000000
0.0000000000
0.1328125000
0.0000000000
0.0000000000
0.0000000000
0.0000000000
0.0000000000
0.0000000000
0.0000000000
0.0000000000
0.0000000000
0.0000000000
0.3110351562
0.0000000000
0.0000000000
0.0000000000
0.0000000000
0.1328125000
0.0000000000
0.0000000000
0.0000000000
0.0000000000
0.0000000000
0.0000000000
0.0000000000
0.0000000000
0.0000000000
0.0000000000
0.0000000000
0.0000000000
0.0000000000
0.0000000000
0.0000000000
0.1333007812
0.0000000000
0.0000000000
0.0000000000
0.0000000000
0.0000000000
0.0000000000
0.0000000000
0.0000000000
0.0000000000
0.0000000000
0.0000000000
0.0000000000
0.0000000000
0.0000000000
0.0000000000
0.1340332031
0.0000000000
0.0000000000
0.0000000000
0.0000000000
0.0000000000
0.0000000000
0.0000000000
0.0000000000
0.0000000000
0.0000000000
0.0000000000
0.0000000000
0.0000000000
0.0000000000
0.0000000000
0.1345214844
0.0000000000
0.0000000000
0.0000000000
0.0000000000
0.0000000000
0.0000000000
0.0000000000
0.0000000000
0.0000000000
0.0000000000
0.0000000000
0.0000000000
0.0000000000
0.4389648438
0.0000000000
0.1350097656
0.0000000000
0.0000000000
0.0000000000
0.0000000000
0.0000000000
0.0000000000
0.0000000000
0.0000000000
0.0000000000
0.0000000000
0.0000000000
0.0000000000
0.0000000000
0.0000000000
0.1412353516
0.0000000000
0.1555175781
0.0000000000
0.0000000000
0.0000000000
0.0000000000
0.0000000000
0.0000000000
0.0000000000
0.0000000000
0.0000000000
0.0000000000
0.0000000000
0.0000000000
0.0000000000
0.1412353516
0.0000000000
0.1555175781
0.0000000000
0.0000000000
0.0000000000
0.0000000000
0.0000000000
0.0000000000
0.0000000000
0.0000000000
0.0000000000
0.0000000000
0.0000000000
0.0000000000
0.0000000000
0.1412353516
0.0000000000
0.1555175781
0.0000000000
0.0000000000
0.0000000000
0.0000000000
0.0000000000
0.0000000000
0.0000000000
0.0000000000
0.0000000000
0.0000000000
0.0000000000
0.0000000000
0.0000000000
0.1412353516
0.0000000000
0.1555175781
0.0000000000
0.0000000000
0.0000000000
0.0000000000
0.0000000000
0.0000000000
0.0000000000
0.0000000000
0.0000000000
0.0000000000
0.0000000000
0.0000000000
0.0000000000
0.1412353516
0.0000000000
0.1555175781
0.0000000000
0.0000000000
0.0000000000
0.0000000000
0.0000000000
0.0000000000
0.0000000000
0.0000000000
0.0000000000
0.0000000000
0.0000000000
0.0000000000
0.0000000000
0.1412353516
0.0000000000
0.1555175781
0.0000000000
0.0000000000
0.0000000000
0.0000000000
0.0000000000
0.0000000000
0.0000000000
0.0000000000
0.0000000000
0.0000000000
0.1622314453
0.1561279297
0.0244140625
0.0000000000
0.1412353516
0.1555175781
0.0000000000
0.0000000000
0.0000000000
0.0000000000
0.0000000000
0.0000000000
0.0000000000
0.0000000000
0.0000000000
0.0000000000
0.1622314453
0.1561279297
0.0355224609
0.0000000000
0.1412353516
0.1555175781
0.0000000000
0.0000000000
0.0000000000
0.0000000000
0.0000000000
0.0000000000
0.0000000000
0.0000000000
0.0000000000
0.0000000000
0.1622314453
0.1561279297
0.0386962891
0.0000000000
0.1412353516
0.1555175781
0.0000000000
0.0000000000
0.0000000000
0.0000000000
0.0000000000
0.0000000000
0.0000000000
0.0000000000
0.0000000000
0.0000000000
0.1622314453
0.1561279297
0.0410461426
0.0000000000
0.1412353516
0.1555175781
0.0000000000
0.0000000000
0.0000000000
0.0000000000
0.0000000000
0.0000000000
0.0000000000
0.0000000000
0.0000000000
0.0000000000
0.1622314453
0.1561279297
0.0534667969
0.0000000000
0.1412353516
0.1555175781
0.0000000000
0.0000000000
0.0000000000
0.0000000000
0.0000000000
0.0000000000
0.0000000000
0.0000000000
0.0000000000
0.0000000000
0.1622314453
0.1561279297
0.0567932129
0.0000000000
0.1412353516
0.1555175781
0.0000000000
0.0000000000
0.0000000000
0.0000000000
0.0000000000
0.0000000000
0.0000000000
0.0000000000
0.0000000000
0.0000000000
0.1622314453
0.1561279297
0.0599670410
0.0000000000
0.1412353516
0.1555175781
0.0000000000
0.0000000000
0.0000000000
0.0000000000
0.0000000000
0.0000000000
0.0000000000
0.0000000000
0.0000000000
0.0000000000
0.1622314453
0.1561279297
0.0711059570
0.0000000000
0.1412353516
0.1555175781
0.0000000000
0.0000000000
0.0000000000
0.0000000000
0.0000000000
0.0000000000
0.0000000000
0.0000000000
0.0000000000
0.0000000000
0.1622314453
0.1561279297
0.0734863281
0.0000000000
0.1412353516
0.1555175781
0.0000000000
0.0000000000
0.0000000000
0.0000000000
0.0000000000
0.0000000000
0.0000000000
0.0000000000
0.0000000000
0.0000000000
0.1622314453
0.1561279297
0.0778808594
0.0000000000
0.1412353516
0.1555175781
0.0000000000
0.0000000000
0.0000000000
0.0000000000
0.0000000000
0.0000000000
0.0000000000
0.0000000000
0.0000000000
0.0000000000
0.1622314453
0.1561279297
0.0891723633
0.0000000000
0.1412353516
0.1555175781
0.0000000000
0.0000000000
0.0000000000
0.0000000000
0.0000000000
0.0000000000
0.0000000000
0.0000000000
0.0000000000
0.0000000000
0.1622314453
0.1561279297
0.0920410156
0.0000000000
0.1412353516
0.1555175781
0.0000000000
0.0000000000
0.0000000000
0.0000000000
0.0000000000
0.0000000000
0.0000000000
0.0000000000
0.0000000000
0.0000000000
0.1622314453
0.1561279297
0.0955200195
0.0000000000
0.1412353516
0.1555175781
0.0000000000
0.0000000000
0.0000000000
0.0000000000
0.0000000000
0.0000000000
0.0000000000
0.0000000000
0.0000000000
0.3015136719
0.0000000000
0.1561279297
0.1069335938
0.2568359375
0.0000000000
0.1583251953
0.0000000000
0.0000000000
0.0000000000
0.0000000000
0.0000000000
0.0000000000
0.0000000000
0.0000000000
0.0000000000
0.3015136719
0.0000000000
0.1561279297
0.1098632812
0.2568359375
0.0000000000
0.1583251953
0.0000000000
0.0000000000
0.0000000000
0.0000000000
0.0000000000
0.0000000000
0.0000000000
0.0000000000
0.0000000000
0.3015136719
0.0000000000
0.1561279297
0.1134033203
0.2568359375
0.0000000000
0.1583251953
0.0000000000
0.0000000000
0.0000000000
0.0000000000
0.0000000000
0.0000000000
0.0000000000
0.0000000000
0.0000000000
0.3015136719
0.0000000000
0.0000000000
0.0000000000
0.1561279297
0.1249389648
0.2568359375
0.0000000000
0.0000000000
0.1583251953
0.0000000000
0.0000000000
0.0000000000
0.0000000000
0.0000000000
0.0000000000
0.3015136719
0.0000000000
0.0000000000
0.0000000000
0.1561279297
0.1274414062
0.2568359375
0.0000000000
0.0000000000
0.1583251953
0.0000000000
0.0000000000
0.0000000000
0.0000000000
0.0000000000
0.0000000000
0.3015136719
0.0000000000
0.0000000000
0.0000000000
0.1561279297
0.1306152344
0.2568359375
0.0000000000
0.0000000000
0.1583251953
0.0000000000
0.0000000000
0.0000000000
0.0000000000
0.0000000000
0.0000000000
0.0000000000
0.1622314453
0.0000000000
0.0000000000
0.1561279297
0.1427001953
0.0000000000
0.1412353516
0.0000000000
0.1555175781
0.0000000000
0.0000000000
0.0000000000
0.0000000000
0.0000000000
0.0000000000
0.0000000000
0.1622314453
0.0000000000
0.0000000000
0.1561279297
0.1602783203
0.0000000000
0.1412353516
0.0000000000
0.1555175781
0.0000000000
0.0000000000
0.0000000000
0.0000000000
0.0000000000
0.0000000000
0.0000000000
0.1622314453
0.0000000000
0.0000000000
0.1561279297
0.1667480469
0.0000000000
0.1412353516
0.0000000000
0.1555175781
0.0000000000
0.0000000000
0.0000000000
0.0000000000
0.0000000000
0.0000000000
0.0000000000
0.1622314453
0.0000000000
0.0000000000
0.1561279297
0.1781005859
0.0000000000
0.1412353516
0.0000000000
0.1555175781
0.0000000000
0.0000000000
0.0000000000
0.0000000000
0.0000000000
0.0000000000
0.0000000000
0.1622314453
0.0000000000
0.0000000000
0.1561279297
0.1838378906
0.0000000000
0.1412353516
0.0000000000
0.1555175781
0.0000000000
0.0000000000
0.0000000000
0.0000000000
0.0000000000
0.0000000000
0.0000000000
0.1622314453
0.0000000000
0.0000000000
0.1561279297
0.3559570312
0.0000000000
0.1412353516
0.0000000000
0.1555175781
0.0000000000
0.0000000000
0.0000000000
0.0000000000
0.0000000000
0.0000000000
0.0000000000
0.0000000000
0.2425537109
0.0000000000
0.1561279297
0.2012939453
0.0000000000
0.0000000000
0.1879882812
0.1593017578
0.0000000000
0.0000000000
0.0000000000
0.0000000000
0.0000000000
0.0000000000
0.3015136719
0.0000000000
0.0000000000
0.0000000000
0.1561279297
0.2163085938
0.2568359375
0.0000000000
0.0000000000
0.1583251953
0.0000000000
0.0000000000
0.0000000000
0.0000000000
0.0000000000
0.0000000000
0.3015136719
0.0000000000
0.0000000000
0.0000000000
0.1561279297
0.2181396484
0.2568359375
0.0000000000
0.0000000000
0.1583251953
0.0000000000
0.0000000000
0.0000000000
0.0000000000
0.0000000000
0.0000000000
0.0000000000
0.0000000000
0.0000000000
0.5000000000
0.1561279297
0.2326660156
0.0000000000
0.0000000000
0.0000000000
0.1527099609
0.0000000000
0.0000000000
0.0000000000
0.0000000000
0.0000000000
0.0000000000
0.0000000000
0.0000000000
0.0000000000
0.5000000000
0.1561279297
0.2365722656
0.0000000000
0.0000000000
0.0000000000
0.1527099609
0.0000000000
0.0000000000
0.0000000000
0.0000000000
0.0000000000
0.0000000000
0.0000000000
0.0000000000
0.0000000000
0.5000000000
0.1561279297
0.2496337891
0.0000000000
0.0000000000
0.0000000000
0.1527099609
0.0000000000
0.0000000000
0.0000000000
0.0000000000
0.0000000000
0.0000000000
0.0000000000
0.0000000000
0.0000000000
0.5000000000
0.1561279297
0.2543945312
0.0000000000
0.0000000000
0.0000000000
0.1527099609
0.0000000000
0.0000000000
0.0000000000
0.0000000000
0.0000000000
0.0000000000
0.2425537109
0.0000000000
0.0000000000
0.0000000000
0.0000000000
0.1561279297
0.0000000000
0.0000000000
0.2668457031
0.0000000000
0.1879882812
0.0000000000
0.0000000000
0.0000000000
0.0000000000
0.1593017578
0.2425537109
0.0000000000
0.0000000000
0.0000000000
0.0000000000
0.1561279297
0.0000000000
0.0000000000
0.2697753906
0.0000000000
0.1879882812
0.0000000000
0.0000000000
0.0000000000
0.0000000000
0.1593017578
0.2425537109
0.0000000000
0.0000000000
0.0000000000
0.0000000000
0.1561279297
0.0000000000
0.0000000000
0.2736816406
0.0000000000
0.1879882812
0.0000000000
0.0000000000
0.0000000000
0.0000000000
0.1593017578
0.0000000000
0.1961669922
0.0000000000
0.0000000000
0.0000000000
0.0000000000
0.3779296875
0.0000000000
0.0000000000
0.0000000000
0.0000000000
0.1965332031
0.0000000000
0.0000000000
0.0000000000
0.0000000000
0.0000000000
0.0000000000
0.2041015625
0.0000000000
0.0000000000
0.0000000000
0.3779296875
0.0000000000
0.0000000000
0.0001761913
0.0000000000
0.0000000000
0.2017822266
0.0000000000
0.0000000000
0.0000000000
0.0000000000
0.1961669922
0.0000000000
0.0000000000
0.0000000000
0.0000000000
0.3779296875
0.0000000000
0.0000000000
0.0003995895
0.0000000000
0.1965332031
0.0000000000
0.0000000000
0.0000000000
0.0000000000
0.0000000000
0.0000000000
0.2041015625
0.0000000000
0.0000000000
0.0000000000
0.3779296875
0.0000000000
0.0000000000
0.0005688667
0.0000000000
0.0000000000
0.2017822266
0.0000000000
0.0000000000
0.0000000000
0.0000000000
0.1961669922
0.0000000000
0.0000000000
0.0000000000
0.0000000000
0.3779296875
0.0000000000
0.0000000000
0.0007247925
0.0000000000
0.1965332031
0.0000000000
0.0000000000
0.0000000000
0.0000000000
0.0000000000
0.0000000000
0.2041015625
0.0000000000
0.0000000000
0.0000000000
0.3779296875
0.0000000000
0.0000000000
0.0008807182
0.0000000000
0.0000000000
0.2017822266
0.0000000000
0.0000000000
0.0000000000
0.0000000000
0.1961669922
0.0000000000
0.0000000000
0.0000000000
0.0000000000
0.3779296875
0.0000000000
0.0000000000
0.0010433197
0.0000000000
0.1965332031
0.0000000000
0.0000000000
0.0000000000
0.0000000000
0.2425537109
0.0000000000
0.0000000000
0.0000000000
0.0000000000
0.0000000000
0.0000000000
0.2236328125
0.0000000000
0.1857910156
0.2600097656
0.0000000000
0.0000000000
0.0000000000
0.0000000000
0.0000000000
0.0000000000
0.0000000000
0.0000000000
0.4472656250
0.0000000000
0.0000000000
0.0000000000
0.2236328125
0.0000000000
0.1860351562
0.0000000000
0.0000000000
0.0000000000
0.4218750000
0.0000000000
0.0000000000
0.0000000000
0.0000000000
0.0000000000
0.4472656250
0.0000000000
0.0000000000
0.0000000000
0.2236328125
0.0000000000
0.1884765625
0.0000000000
0.0000000000
0.0000000000
0.4218750000
0.0000000000
0.0000000000
0.2425537109
0.0000000000
0.0000000000
0.0000000000
0.0000000000
0.0000000000
0.0000000000
0.2236328125
0.0000000000
0.1945800781
0.2600097656
0.0000000000
0.0000000000
0.0000000000
0.0000000000
0.0000000000
0.0000000000
0.0000000000
0.0000000000
0.0000000000
0.3161621094
0.0000000000
0.0000000000
0.2236328125
0.0000000000
0.1970214844
0.0000000000
0.0000000000
0.0000000000
0.0000000000
0.3154296875
0.0000000000
0.2425537109
0.0000000000
0.0000000000
0.0000000000
0.0000000000
0.0000000000
0.0000000000
0.2236328125
0.0000000000
0.1977539062
0.2600097656
0.0000000000
0.0000000000
0.0000000000
0.0000000000
0.0000000000
0.0000000000
0.0000000000
0.0000000000
0.0000000000
0.0000000000
0.0000000000
0.0000000000
0.0000000000
0.0000000000
0.0000000000
0.0000000000
0.0000000000
0.0000000000
0.0000000000
0.0000000000
0.0000000000
0.0000000000
0.0000000000
0.0000000000
0.0000000000
0.0000000000
0.0000000000
0.0000000000
0.0000000000
0.0000000000
0.0000000000
0.0000000000
0.0000000000
0.0000000000
0.0000000000
0.0000000000
0.0000000000
0.0000000000
0.0000000000
0.0000000000
0.0000000000
0.0000000000
0.0000000000
0.0000000000
0.0000000000
0.0000000000
0.0000000000
0.0000000000
0.0000000000
0.0000000000
0.0000000000
0.0000000000
0.0000000000
0.1848144531
0.0000000000
0.0000000000
0.0000000000
0.0000000000
0.0000000000
0.0000000000
0.0000000000
0.0000000000
0.0000000000
0.0000000000
0.0000000000
0.0000000000
0.0000000000
0.0000000000
0.0000000000
0.1817626953
0.0000000000
0.0000000000
0.0000000000
0.0000000000
0.0000000000
0.0000000000
0.0000000000
0.0000000000
0.0000000000
0.0000000000
0.0000000000
0.0000000000
0.0000000000
0.0000000000
0.0000000000
0.1848144531
0.0000000000
0.0000000000
0.0000000000
0.0000000000
0.0000000000
0.0000000000
0.0000000000
0.0000000000
0.0000000000
0.0000000000
0.0000000000
0.0000000000
0.0000000000
0.0000000000
0.0000000000
0.1817626953
0.0000000000
0.0000000000
0.0000000000
0.0000000000
0.0000000000
0.0000000000
0.0000000000
0.0000000000
0.0000000000
0.0000000000
0.0000000000
0.0000000000
0.0000000000
0.0000000000
0.0000000000
0.1848144531
0.0000000000
0.0000000000
0.0000000000
0.0000000000
0.0000000000
0.0000000000
0.0000000000
0.0000000000
0.0000000000
0.0000000000
0.0000000000
0.0000000000
0.0000000000
0.0000000000
0.0000000000
0.1817626953
0.0000000000
0.0000000000
0.0000000000
0.0000000000
0.0000000000
0.0000000000
0.0000000000
0.0000000000
0.0000000000
0.0000000000
0.0000000000
0.0000000000
0.0000000000
0.0000000000
0.0000000000
0.1848144531
0.0000000000
0.0000000000
0.0000000000
0.0000000000
0.0000000000
0.0000000000
0.0000000000
0.0000000000
0.0000000000
0.0000000000
0.0000000000
0.0000000000
0.0000000000
0.0000000000
0.0000000000
0.1970214844
0.0000000000
0.0000000000
0.0000000000
0.0000000000
0.0000000000
0.0000000000
0.0000000000
0.0000000000
0.0000000000
0.0000000000
0.0000000000
0.0000000000
0.0000000000
0.0000000000
0.0000000000
0.1993408203
0.0000000000
0.0000000000
0.0000000000
0.0000000000
0.0000000000
0.0000000000
0.0000000000
0.0000000000
0.0000000000
0.0000000000
0.0000000000
0.0000000000
0.0000000000
0.0000000000
0.0000000000
0.1993408203
0.0000000000
0.0000000000
0.0000000000
0.0000000000
0.0000000000
0.0000000000
0.0000000000
0.0000000000
0.0000000000
0.0000000000
0.0000000000
0.0000000000
0.0000000000
0.0000000000
0.0000000000
0.1970214844
0.0000000000
0.0000000000
0.0000000000
0.0000000000
0.0000000000
0.0000000000
0.0000000000
0.0000000000
0.0000000000
0.0000000000
0.0000000000
0.0000000000
0.0000000000
0.0000000000
0.0000000000
0.1917724609
0.0000000000
0.0000000000
0.0000000000
0.0000000000
0.0000000000
0.0000000000
0.0000000000
0.0000000000
0.0000000000
0.0000000000
0.0000000000
0.0000000000
0.0000000000
0.0000000000
0.0000000000
0.1970214844
0.0000000000
0.0000000000
0.0000000000
0.0000000000
0.0000000000
0.0000000000
0.0000000000
0.0000000000
0.0000000000
0.0000000000
0.0000000000
0.0000000000
0.0000000000
0.0000000000
0.0000000000
0.0000000000
0.2425537109
0.0000000000
0.0000000000
0.2236328125
0.0000000000
0.2039794922
0.0000000000
0.0000000000
0.2600097656
0.0000000000
0.1970214844
0.0000000000
0.0000000000
0.0000000000
0.0000000000
0.0000000000
0.2425537109
0.0000000000
0.0000000000
0.2236328125
0.0000000000
0.2077636719
0.0000000000
0.0000000000
0.2600097656
0.0000000000
0.1970214844
0.0000000000
0.0000000000
0.0000000000
0.0000000000
0.0000000000
0.2425537109
0.0000000000
0.0000000000
0.2236328125
0.0000000000
0.2138671875
0.0000000000
0.0000000000
0.2600097656
0.0000000000
0.1970214844
0.0000000000
0.0000000000
0.0000000000
0.0000000000
0.0000000000
0.2425537109
0.0000000000
0.0000000000
0.2236328125
0.0000000000
0.2171630859
0.0000000000
0.0000000000
0.2600097656
0.0000000000
0.1970214844
0.0000000000
0.0000000000
0.0000000000
0.0000000000
0.0000000000
0.2425537109
0.0000000000
0.0000000000
0.2236328125
0.0000000000
0.2233886719
0.0000000000
0.0000000000
0.2600097656
0.0000000000
0.1970214844
0.0000000000
0.0000000000
0.0000000000
0.0000000000
0.0000000000
0.2425537109
0.0000000000
0.0000000000
0.2236328125
0.0000000000
0.2274169922
0.0000000000
0.0000000000
0.2600097656
0.0000000000
0.1970214844
0.0000000000
0.0000000000
0.0000000000
0.0000000000
0.0000000000
0.2425537109
0.0000000000
0.0000000000
0.2236328125
0.0000000000
0.2330322266
0.0000000000
0.0000000000
0.2600097656
0.0000000000
0.1970214844
0.0000000000
0.0000000000
0.0000000000
0.0000000000
0.0000000000
0.2425537109
0.0000000000
0.0000000000
0.2236328125
0.0000000000
0.2368164062
0.0000000000
0.0000000000
0.2600097656
0.0000000000
0.1970214844
0.0000000000
0.0000000000
0.0000000000
0.0000000000
0.0000000000
0.0000000000
0.3161621094
0.0000000000
0.2236328125
0.0000000000
0.2446289062
0.0000000000
0.0000000000
0.0000000000
0.3154296875
0.1917724609
0.0000000000
0.0000000000
0.0000000000
0.0000000000
0.0000000000
0.0000000000
0.3161621094
0.0000000000
0.2236328125
0.0000000000
0.2474365234
0.0000000000
0.0000000000
0.0000000000
0.3154296875
0.1917724609
0.0000000000
0.0000000000
0.0000000000
0.0000000000
0.0000000000
0.0000000000
0.3161621094
0.0000000000
0.2236328125
0.0000000000
0.2524414062
0.0000000000
0.0000000000
0.0000000000
0.3154296875
0.1917724609
0.0000000000
0.0000000000
0.0000000000
0.0000000000
0.0000000000
0.0000000000
0.3161621094
0.0000000000
0.2236328125
0.0000000000
0.2565917969
0.0000000000
0.0000000000
0.0000000000
0.3154296875
0.1917724609
0.0000000000
0.0000000000
0.0000000000
0.0000000000
0.0000000000
0.0000000000
0.3161621094
0.0000000000
0.2236328125
0.0000000000
0.2624511719
0.0000000000
0.0000000000
0.0000000000
0.3154296875
0.1917724609
0.0000000000
0.0000000000
0.0000000000
0.0000000000
0.0000000000
0.0000000000
0.3161621094
0.0000000000
0.2236328125
0.0000000000
0.2653808594
0.0000000000
0.0000000000
0.0000000000
0.3154296875
0.1917724609
0.0000000000
0.0000000000
0.0000000000
0.0000000000
0.0000000000
0.0000000000
0.0000000000
0.3015136719
0.0000000000
0.4472656250
0.0000000000
0.0000000000
0.0000000000
0.0000000000
0.0000000000
0.0000000000
0.2097167969
0.0000000000
0.0000000000
0.0000000000
0.2885742188
0.0000000000
0.0000000000
0.0000000000
0.0000000000
0.4472656250
0.0000000000
0.0019445419
0.2583007812
0.0000000000
0.0000000000
0.0000000000
0.2097167969
0.0000000000
0.0000000000
0.0000000000
0.0000000000
0.0000000000
0.2885742188
0.0000000000
0.4472656250
0.0000000000
0.0046806335
0.0000000000
0.0000000000
0.2583007812
0.2097167969
0.0000000000
0.0000000000
0.0000000000
0.0000000000
0.0000000000
0.0000000000
0.0000000000
0.0000000000
0.3015136719
0.4472656250
0.0000000000
0.0055122375
0.0000000000
0.0000000000
0.0000000000
0.2097167969
0.0000000000
0.0000000000
0.0000000000
0.0000000000
0.0000000000
0.0000000000
0.0000000000
0.0000000000
0.3015136719
0.4472656250
0.0000000000
0.0090255737
0.0000000000
0.0000000000
0.0000000000
0.2097167969
0.0000000000
0.0000000000
0.0000000000
0.0000000000
0.0000000000
0.5000000000
0.0000000000
0.0000000000
0.0000000000
0.0000000000
0.2357177734
0.0307159424
0.4790039062
0.0000000000
0.0000000000
0.2056884766
0.0000000000
0.0000000000
0.0000000000
0.0000000000
0.0000000000
0.5000000000
0.0000000000
0.0000000000
0.0000000000
0.0000000000
0.2357177734
0.0343322754
0.4790039062
0.0000000000
0.0000000000
0.2056884766
0.0000000000
0.0000000000
0.0000000000
0.0000000000
0.0000000000
0.0000000000
0.2885742188
0.0000000000
0.0000000000
0.0000000000
0.2357177734
0.0371704102
0.0000000000
0.2646484375
0.0000000000
0.2075195312
0.0000000000
0.0000000000
0.0000000000
0.0000000000
0.0000000000
0.0000000000
0.0000000000
0.0000000000
0.3015136719
0.0000000000
0.2357177734
0.0379028320
0.0000000000
0.0000000000
0.0000000000
0.2097167969
0.0000000000
0.0000000000
0.0000000000
0.0000000000
0.0000000000
0.0000000000
0.0000000000
0.0000000000
0.3015136719
0.0000000000
0.2357177734
0.0531616211
0.0000000000
0.0000000000
0.0000000000
0.2097167969
0.0000000000
0.0000000000
0.0000000000
0.0000000000
0.0000000000
0.0000000000
0.2885742188
0.0000000000
0.0000000000
0.0000000000
0.2357177734
0.0538940430
0.0000000000
0.2646484375
0.0000000000
0.2075195312
0.0000000000
0.0000000000
0.0000000000
0.0000000000
0.0000000000
0.0000000000
0.0000000000
0.0000000000
0.3015136719
0.0000000000
0.2357177734
0.0648193359
0.0000000000
0.0000000000
0.0000000000
0.2097167969
0.0000000000
0.0000000000
0.0000000000
0.0000000000
0.0000000000
0.0000000000
0.0000000000
0.0000000000
0.3015136719
0.0000000000
0.2357177734
0.0807495117
0.0000000000
0.0000000000
0.0000000000
0.2097167969
0.0000000000
0.0000000000
0.0000000000
0.0000000000
0.0000000000
0.0000000000
0.2885742188
0.0000000000
0.0000000000
0.0000000000
0.2357177734
0.9243164062
0.0000000000
0.2646484375
0.0000000000
0.2075195312
0.0000000000
0.0000000000
0.0000000000
0.0000000000
0.0000000000
0.0000000000
0.2885742188
0.0000000000
0.0000000000
0.0000000000
0.2357177734
0.0917968750
0.0000000000
0.2646484375
0.0000000000
0.2075195312
0.0000000000
0.0000000000
0.0000000000
0.0000000000
0.0000000000
0.0000000000
0.0000000000
0.0000000000
0.3015136719
0.0000000000
0.2357177734
0.0924682617
0.0000000000
0.0000000000
0.0000000000
0.2097167969
0.0000000000
0.0000000000
0.0000000000
0.0000000000
0.0000000000
0.0000000000
0.0000000000
0.0000000000
0.3015136719
0.0000000000
0.2357177734
0.1077270508
0.0000000000
0.0000000000
0.0000000000
0.2097167969
0.0000000000
0.0000000000
0.0000000000
0.0000000000
0.0000000000
0.0000000000
0.2885742188
0.0000000000
0.0000000000
0.0000000000
0.2357177734
0.1087646484
0.0000000000
0.2646484375
0.0000000000
0.2075195312
0.0000000000
0.0000000000
0.0000000000
0.0000000000
0.0000000000
0.0000000000
0.0000000000
0.2885742188
0.0000000000
0.0000000000
0.0000000000
0.0000000000
0.2357177734
0.0000000000
0.1174926758
0.0000000000
0.0000000000
0.0000000000
0.2646484375
0.0000000000
0.0000000000
0.0000000000
0.0000000000
0.0000000000
0.3015136719
0.0000000000
0.0000000000
0.0000000000
0.2357177734
0.0000000000
0.1181640625
0.0000000000
0.0000000000
0.0000000000
0.0000000000
0.0000000000
0.0000000000
0.0000000000
0.0000000000
0.0000000000
0.3015136719
0.0000000000
0.0000000000
0.0000000000
0.2357177734
0.0000000000
0.1347656250
0.0000000000
0.0000000000
0.0000000000
0.0000000000
0.0000000000
0.0000000000
0.0000000000
0.5000000000
0.0000000000
0.0000000000
0.0000000000
0.0000000000
0.0000000000
0.2357177734
0.0000000000
0.1364746094
0.0000000000
0.0000000000
0.4790039062
0.0000000000
0.0000000000
0.0000000000
0.3161621094
0.0000000000
0.0000000000
0.0000000000
0.0000000000
0.0000000000
0.0000000000
0.2357177734
0.0000000000
0.1385498047
0.0000000000
0.2729492188
0.0000000000
0.0000000000
0.0000000000
0.0000000000
0.0000000000
0.0000000000
0.0000000000
0.0000000000
0.2236328125
0.0000000000
0.0000000000
0.0000000000
0.3015136719
0.0000000000
0.0000000000
0.0000000000
0.0000000000
0.0000000000
0.2156982422
0.0000000000
0.0000000000
0.0000000000
0.0000000000
0.0000000000
0.0000000000
0.5771484375
0.0000000000
0.0000000000
0.3015136719
0.0000000000
0.0011262894
0.0000000000
0.0000000000
0.0000000000
0.0000000000
0.5083007812
0.0000000000
0.0000000000
0.0000000000
0.0000000000
0.2236328125
0.0000000000
0.0000000000
0.0000000000
0.3015136719
0.0000000000
0.0185852051
0.0000000000
0.0000000000
0.0000000000
0.2156982422
0.0000000000
0.0000000000
0.0000000000
0.0000000000
0.0000000000
0.2236328125
0.0000000000
0.0000000000
0.0000000000
0.3015136719
0.0000000000
0.0818481445
0.0000000000
0.0000000000
0.0000000000
0.2156982422
0.0000000000
0.0000000000
0.0000000000
0.0000000000
0.0000000000
0.2236328125
0.0000000000
0.0000000000
0.0000000000
0.3015136719
0.0000000000
0.0993041992
0.0000000000
0.0000000000
0.0000000000
0.2156982422
0.0000000000
0.0000000000
0.0000000000
0.0000000000
0.0000000000
0.2236328125
0.0000000000
0.0000000000
0.0000000000
0.3015136719
0.0000000000
0.1644287109
0.0000000000
0.0000000000
0.0000000000
0.2156982422
0.0000000000
0.0000000000
0.0000000000
0.0000000000
0.0000000000
0.2236328125
0.0000000000
0.0000000000
0.0000000000
0.3015136719
0.0000000000
0.1815185547
0.0000000000
0.0000000000
0.0000000000
0.2156982422
0.0000000000
0.0000000000
0.0000000000
0.0000000000
0.0000000000
0.2236328125
0.0000000000
0.0000000000
0.0000000000
0.3015136719
0.0000000000
0.2437744141
0.0000000000
0.0000000000
0.0000000000
0.2156982422
0.0000000000
0.0000000000
0.0000000000
0.0000000000
0.0000000000
0.0000000000
0.0000000000
0.2673339844
0.0000000000
0.3015136719
0.0000000000
0.2509765625
0.0000000000
0.0000000000
0.0000000000
0.0000000000
0.0000000000
0.0000000000
0.0000000000
0.0000000000
0.0000000000
0.2236328125
0.0000000000
0.0000000000
0.0000000000
0.3015136719
0.0000000000
0.2612304688
0.0000000000
0.0000000000
0.0000000000
0.2156982422
0.0000000000
0.0000000000
0.0000000000
0.0000000000
0.0000000000
0.2236328125
0.0000000000
0.0000000000
0.0000000000
0.3015136719
0.0000000000
0.3320312500
0.0000000000
0.0000000000
0.0000000000
0.2156982422
0.0000000000
0.0000000000
0.2075195312
0.0000000000
0.0000000000
0.0000000000
0.0000000000
0.0000000000
0.0000000000
0.0000000000
0.0000000000
0.0000000000
0.0000000000
0.0000000000
0.0000000000
0.0000000000
0.0000000000
0.0000000000
0.2097167969
0.0000000000
0.0000000000
0.0000000000
0.0000000000
0.0000000000
0.0000000000
0.0000000000
0.0000000000
0.0000000000
0.0000000000
0.0000000000
0.0000000000
0.0000000000
0.0000000000
0.0000000000
0.2097167969
0.0000000000
0.0000000000
0.0000000000
0.0000000000
0.0000000000
0.0000000000
0.0000000000
0.0000000000
0.0000000000
0.0000000000
0.0000000000
0.0000000000
0.0000000000
0.0000000000
0.0000000000
0.2056884766
0.0000000000
0.0000000000
0.0000000000
0.0000000000
0.0000000000
0.0000000000
0.0000000000
0.0000000000
0.0000000000
0.0000000000
0.0000000000
0.0000000000
0.0000000000
0.0000000000
0.0000000000
0.2067871094
0.0000000000
0.0000000000
0.0000000000
0.0000000000
0.0000000000
0.0000000000
0.0000000000
0.0000000000
0.0000000000
0.0000000000
0.0000000000
0.0000000000
0.0000000000
0.0000000000
0.0000000000
0.0000000000
0.2137451172
0.0000000000
0.0000000000
0.0000000000
0.0000000000
0.0000000000
0.0000000000
0.0000000000
0.0000000000
0.0000000000
0.0000000000
0.0000000000
0.0000000000
0.0000000000
0.0000000000
0.0000000000
0.2115478516
0.0000000000
0.0000000000
0.0000000000
0.0000000000
0.0000000000
0.0000000000
0.0000000000
0.0000000000
0.0000000000
0.0000000000
0.0000000000
0.0000000000
0.0000000000
0.0000000000
0.0000000000
0.2137451172
0.0000000000
0.0000000000
0.0000000000
0.0000000000
0.0000000000
0.0000000000
0.0000000000
0.0000000000
0.0000000000
0.0000000000
0.0000000000
0.0000000000
0.0000000000
0.0000000000
0.0000000000
0.2137451172
0.0000000000
0.0000000000
0.0000000000
0.0000000000
0.0000000000
0.0000000000
0.0000000000
0.0000000000
0.0000000000
0.0000000000
0.0000000000
0.0000000000
0.0000000000
0.0000000000
0.0000000000
0.2137451172
0.0000000000
0.0000000000
0.0000000000
0.0000000000
0.0000000000
0.0000000000
0.0000000000
0.0000000000
0.0000000000
0.0000000000
0.0000000000
0.0000000000
0.0000000000
0.0000000000
0.0000000000
0.2137451172
0.0000000000
0.0000000000
0.0000000000
0.0000000000
0.0000000000
0.0000000000
0.0000000000
0.0000000000
0.0000000000
0.0000000000
0.0000000000
0.0000000000
0.0000000000
0.0000000000
0.0000000000
0.2137451172
0.0000000000
0.0000000000
0.0000000000
0.0000000000
0.0000000000
0.0000000000
0.0000000000
0.0000000000
0.0000000000
0.0000000000
0.0000000000
0.0000000000
0.0000000000
0.0000000000
0.0000000000
0.2137451172
0.0000000000
0.0000000000
0.0000000000
0.0000000000
0.0000000000
0.0000000000
0.0000000000
0.0000000000
0.0000000000
0.0000000000
0.0000000000
0.0000000000
0.0000000000
0.2543945312
0.0000000000
0.2117919922
0.0000000000
0.0000000000
0.0000000000
0.0000000000
0.0000000000
0.0000000000
0.0000000000
0.0000000000
0.0000000000
0.0000000000
0.0000000000
0.0000000000
0.0000000000
0.0000000000
0.0000000000
0.2137451172
0.0000000000
0.0000000000
0.0000000000
0.0000000000
0.0000000000
0.0000000000
0.0000000000
0.0000000000
0.0000000000
0.0000000000
0.0000000000
0.0000000000
0.0000000000
0.0000000000
0.0000000000
0.2137451172
0.0000000000
0.0000000000
0.0000000000
0.0000000000
0.0000000000
0.0000000000
0.0000000000
0.0000000000
0.0000000000
0.0000000000
0.0000000000
0.0000000000
0.0000000000
0.2236328125
0.0000000000
0.0000000000
0.0000000000
0.0000000000
0.3015136719
0.0000000000
0.0416564941
0.0000000000
0.2156982422
0.0000000000
0.0000000000
0.0000000000
0.0000000000
0.2137451172
0.0000000000
0.2236328125
0.0000000000
0.0000000000
0.0000000000
0.0000000000
0.3015136719
0.0000000000
0.0578308105
0.0000000000
0.2156982422
0.0000000000
0.0000000000
0.0000000000
0.0000000000
0.2137451172
0.0000000000
0.2236328125
0.0000000000
0.0000000000
0.0000000000
0.0000000000
0.3015136719
0.0000000000
0.1225585938
0.0000000000
0.2156982422
0.0000000000
0.0000000000
0.0000000000
0.0000000000
0.2137451172
0.0000000000
0.2236328125
0.0000000000
0.0000000000
0.0000000000
0.0000000000
0.3015136719
0.0000000000
0.1398925781
0.0000000000
0.2156982422
0.0000000000
0.0000000000
0.0000000000
0.0000000000
0.2137451172
0.0000000000
0.2236328125
0.0000000000
0.0000000000
0.0000000000
0.0000000000
0.3015136719
0.0000000000
0.2044677734
0.0000000000
0.2156982422
0.0000000000
0.0000000000
0.0000000000
0.0000000000
0.2137451172
0.0000000000
0.0000000000
0.2673339844
0.0000000000
0.0000000000
0.0000000000
0.3015136719
0.0000000000
0.2058105469
0.0000000000
0.0000000000
0.2543945312
0.0000000000
0.0000000000
0.0000000000
0.2117919922
0.0000000000
0.0000000000
0.2673339844
0.0000000000
0.0000000000
0.0000000000
0.3015136719
0.0000000000
0.2181396484
0.0000000000
0.0000000000
0.2543945312
0.0000000000
0.0000000000
0.0000000000
0.2117919922
0.0000000000
0.0000000000
0.2673339844
0.0000000000
0.0000000000
0.0000000000
0.3015136719
0.0000000000
0.2854003906
0.0000000000
0.0000000000
0.2543945312
0.0000000000
0.0000000000
0.0000000000
0.2117919922
0.0000000000
0.0000000000
0.2673339844
0.0000000000
0.0000000000
0.0000000000
0.3015136719
0.0000000000
0.2988281250
0.0000000000
0.0000000000
0.2543945312
0.0000000000
0.0000000000
0.0000000000
0.2117919922
0.0000000000
0.2236328125
0.0000000000
0.0000000000
0.0000000000
0.0000000000
0.3015136719
0.0000000000
0.3666992188
0.0000000000
0.2156982422
0.0000000000
0.0000000000
0.0000000000
0.0000000000
0.2137451172
0.0000000000
0.2236328125
0.0000000000
0.0000000000
0.0000000000
0.0000000000
0.3015136719
0.0000000000
0.3813476562
0.0000000000
0.2156982422
0.0000000000
0.0000000000
0.0000000000
0.0000000000
0.2137451172
0.0000000000
0.0000000000
0.0000000000
0.3332519531
0.0000000000
0.0000000000
0.0000000000
0.2583007812
0.0000000000
0.0000000000
0.0000000000
0.0000000000
0.3024902344
0.0000000000
0.0000000000
0.0000000000
0.1864013672
0.0000000000
0.0000000000
0.3332519531
0.0000000000
0.0000000000
0.0000000000
0.2583007812
0.0000000000
0.0025634766
0.0000000000
0.0000000000
0.3024902344
0.0000000000
0.0000000000
0.0000000000
0.1864013672
0.0000000000
0.0000000000
0.0000000000
0.2885742188
0.0000000000
0.0000000000
0.2583007812
0.0000000000
0.0587158203
0.0000000000
0.0000000000
0.0000000000
0.2648925781
0.0000000000
0.0000000000
0.1843261719
0.0000000000
0.0000000000
0.0000000000
0.0000000000
0.5771484375
0.0000000000
0.2583007812
0.0000000000
0.0623779297
0.0000000000
0.0000000000
0.0000000000
0.0000000000
0.5229492188
0.0000000000
0.1831054688
0.0000000000
0.0000000000
0.0000000000
0.2885742188
0.0000000000
0.0000000000
0.2583007812
0.0000000000
0.0687866211
0.0000000000
0.0000000000
0.0000000000
0.2648925781
0.0000000000
0.0000000000
0.1843261719
0.0000000000
0.2673339844
0.0000000000
0.0000000000
0.0000000000
0.0000000000
0.2583007812
0.0000000000
0.1190795898
0.0000000000
0.2646484375
0.0000000000
0.0000000000
0.0000000000
0.1875000000
0.0000000000
0.0000000000
0.2673339844
0.0000000000
0.0000000000
0.0000000000
0.0000000000
0.2583007812
0.0000000000
0.1296386719
0.0000000000
0.2646484375
0.0000000000
0.0000000000
0.0000000000
0.1875000000
0.0000000000
0.1622314453
0.0000000000
0.0000000000
0.0000000000
0.0000000000
0.0000000000
0.2583007812
0.0000000000
0.1783447266
0.1916503906
0.0000000000
0.0000000000
0.0000000000
0.0000000000
0.1864013672
0.0000000000
0.1622314453
0.0000000000
0.0000000000
0.0000000000
0.0000000000
0.0000000000
0.2583007812
0.0000000000
0.2376708984
0.1916503906
0.0000000000
0.0000000000
0.0000000000
0.0000000000
0.1864013672
0.0000000000
0.1622314453
0.0000000000
0.0000000000
0.0000000000
0.0000000000
0.0000000000
0.2583007812
0.0000000000
0.2489013672
0.1916503906
0.0000000000
0.0000000000
0.0000000000
0.0000000000
0.1864013672
0.0000000000
0.1622314453
0.0000000000
0.0000000000
0.0000000000
0.0000000000
0.0000000000
0.2583007812
0.0000000000
0.2983398438
0.1916503906
0.0000000000
0.0000000000
0.0000000000
0.0000000000
0.1864013672
0.0000000000
0.0000000000
0.0000000000
0.7070312500
0.0000000000
0.0000000000
0.0000000000
0.2583007812
0.0000000000
0.2985839844
0.0000000000
0.0000000000
0.0000000000
0.0000000000
0.0000000000
0.1864013672
0.0000000000
0.1622314453
0.0000000000
0.0000000000
0.0000000000
0.0000000000
0.0000000000
0.2583007812
0.0000000000
0.2985839844
0.1916503906
0.0000000000
0.0000000000
0.0000000000
0.0000000000
0.1864013672
0.0000000000
0.0000000000
0.0000000000
0.7070312500
0.0000000000
0.0000000000
0.0000000000
0.2583007812
0.0000000000
0.2985839844
0.0000000000
0.0000000000
0.0000000000
0.0000000000
0.0000000000
0.1864013672
0.0000000000
0.1622314453
0.0000000000
0.0000000000
0.0000000000
0.0000000000
0.0000000000
0.2583007812
0.0000000000
0.2988281250
0.1916503906
0.0000000000
0.0000000000
0.0000000000
0.0000000000
0.1864013672
0.0000000000
0.0000000000
0.0000000000
0.0000000000
0.2885742188
0.0000000000
0.0000000000
0.0000000000
0.2673339844
0.0292816162
0.0000000000
0.0000000000
0.2658691406
0.0000000000
0.0000000000
0.1800537109
0.0000000000
0.0000000000
0.0000000000
0.0000000000
0.0000000000
0.2773437500
0.0000000000
0.0000000000
0.2673339844
0.0306701660
0.0000000000
0.0000000000
0.0000000000
0.2573242188
0.0000000000
0.1822509766
0.0000000000
0.0000000000
0.0000000000
0.0000000000
0.0000000000
0.2773437500
0.0000000000
0.0000000000
0.2673339844
0.0358581543
0.0000000000
0.0000000000
0.0000000000
0.2573242188
0.0000000000
0.1822509766
0.0000000000
0.0000000000
0.0000000000
0.0000000000
0.0000000000
0.0000000000
0.3332519531
0.0000000000
0.2673339844
0.0393371582
0.0000000000
0.0000000000
0.0000000000
0.0000000000
0.3083496094
0.1791992188
0.0000000000
0.0000000000
0.2673339844
0.0000000000
0.0000000000
0.0000000000
0.0000000000
0.0000000000
0.2673339844
0.0936279297
0.0000000000
0.2646484375
0.0000000000
0.0000000000
0.0000000000
0.1875000000
0.0000000000
0.0000000000
0.2673339844
0.0000000000
0.0000000000
0.0000000000
0.0000000000
0.0000000000
0.2673339844
0.0989990234
0.0000000000
0.2646484375
0.0000000000
0.0000000000
0.0000000000
0.1875000000
0.0000000000
0.0000000000
0.0000000000
0.0000000000
0.2673339844
0.0000000000
0.0000000000
0.0000000000
0.2673339844
0.0000000000
0.1481933594
0.0000000000
0.0000000000
0.0000000000
0.0000000000
0.2646484375
0.0000000000
0.1622314453
0.0000000000
0.0000000000
0.0000000000
0.0000000000
0.0000000000
0.0000000000
0.2673339844
0.0000000000
0.1496582031
0.0000000000
0.1916503906
0.0000000000
0.0000000000
0.0000000000
0.0000000000
0.0000000000
0.0000000000
0.0000000000
0.2673339844
0.0000000000
0.0000000000
0.0000000000
0.2673339844
0.0000000000
0.1561279297
0.0000000000
0.0000000000
0.0000000000
0.0000000000
0.2646484375
0.0000000000
0.1622314453
0.0000000000
0.0000000000
0.0000000000
0.0000000000
0.0000000000
0.0000000000
0.2673339844
0.0000000000
0.1597900391
0.0000000000
0.1916503906
0.0000000000
0.0000000000
0.0000000000
0.0000000000
0.1622314453
0.0000000000
0.0000000000
0.0000000000
0.0000000000
0.0000000000
0.0000000000
0.2673339844
0.0000000000
0.2077636719
0.0000000000
0.1916503906
0.0000000000
0.0000000000
0.0000000000
0.0000000000
0.1622314453
0.0000000000
0.0000000000
0.0000000000
0.0000000000
0.0000000000
0.0000000000
0.2673339844
0.0000000000
0.2197265625
0.0000000000
0.1916503906
0.0000000000
0.0000000000
0.0000000000
0.0000000000
0.1622314453
0.0000000000
0.0000000000
0.0000000000
0.0000000000
0.0000000000
0.0000000000
0.2673339844
0.0000000000
0.2734375000
0.0000000000
0.1916503906
0.0000000000
0.0000000000
0.0000000000
0.0000000000
0.0000000000
0.0000000000
0.0000000000
0.2673339844
0.0000000000
0.0000000000
0.0000000000
0.2673339844
0.0000000000
0.2775878906
0.0000000000
0.0000000000
0.0000000000
0.0000000000
0.2646484375
0.0000000000
0.0000000000
0.2425537109
0.0000000000
0.0000000000
0.0000000000
0.0000000000
0.0000000000
0.0000000000
0.1524658203
0.0000000000
0.0000000000
0.0000000000
0.1818847656
0.0000000000
0.0000000000
0.0000000000
0.0000000000
0.0000000000
0.3161621094
0.0000000000
0.0000000000
0.0000000000
0.0000000000
0.0000000000
0.1524658203
0.0000000000
0.0023365021
0.0000000000
0.0000000000
0.2207031250
0.0000000000
0.0000000000
0.0000000000
0.0000000000
0.0000000000
0.0000000000
0.2673339844
0.0000000000
0.0000000000
0.0000000000
0.1524658203
0.0000000000
0.0054359436
0.0000000000
0.0000000000
0.0000000000
0.0000000000
0.2017822266
0.0000000000
0.0000000000
0.0000000000
0.0000000000
0.0000000000
0.5771484375
0.0000000000
0.0000000000
0.1524658203
0.0000000000
0.0083465576
0.0000000000
0.0000000000
0.0000000000
0.0000000000
0.0000000000
0.0000000000
0.0000000000
0.0000000000
0.0000000000
0.0000000000
0.0000000000
0.2293701172
0.0000000000
0.1524658203
0.0000000000
0.0093688965
0.0000000000
0.0000000000
0.0000000000
0.0000000000
0.0000000000
0.0000000000
0.0000000000
0.0000000000
0.0000000000
0.0000000000
0.0000000000
0.2293701172
0.0000000000
0.1524658203
0.0000000000
0.0287933350
0.0000000000
0.0000000000
0.0000000000
0.0000000000
0.0000000000
0.0000000000
0.0000000000
0.0000000000
0.0000000000
0.0000000000
0.5771484375
0.0000000000
0.0000000000
0.1524658203
0.0000000000
0.0356140137
0.0000000000
0.0000000000
0.0000000000
0.0000000000
0.0000000000
0.0000000000
0.0000000000
0.0000000000
0.0000000000
0.0000000000
0.0000000000
0.2293701172
0.0000000000
0.1524658203
0.0000000000
0.0397644043
0.0000000000
0.0000000000
0.0000000000
0.0000000000
0.0000000000
0.1875000000
0.0000000000
0.0000000000
0.0000000000
0.0000000000
0.0000000000
0.0000000000
0.0000000000
0.0000000000
0.0000000000
0.0000000000
0.0000000000
0.0000000000
0.0000000000
0.0000000000
0.0000000000
0.1864013672
0.0000000000
0.0000000000
0.0000000000
0.0000000000
0.0000000000
0.0000000000
0.0000000000
0.0000000000
0.0000000000
0.0000000000
0.0000000000
0.0000000000
0.0000000000
0.0000000000
0.0000000000
0.1875000000
0.0000000000
0.0000000000
0.0000000000
0.0000000000
0.0000000000
0.0000000000
0.0000000000
0.0000000000
0.0000000000
0.0000000000
0.0000000000
0.0000000000
0.0000000000
0.0000000000
0.0000000000
0.1864013672
0.0000000000
0.0000000000
0.0000000000
0.0000000000
0.0000000000
0.0000000000
0.0000000000
0.0000000000
0.0000000000
0.0000000000
0.0000000000
0.0000000000
0.0000000000
0.0000000000
0.0000000000
0.1864013672
0.0000000000
0.0000000000
0.0000000000
0.0000000000
0.0000000000
0.0000000000
0.0000000000
0.0000000000
0.0000000000
0.0000000000
0.0000000000
0.0000000000
0.0000000000
0.0000000000
0.0000000000
0.1864013672
0.0000000000
0.0000000000
0.0000000000
0.0000000000
0.0000000000
0.0000000000
0.0000000000
0.0000000000
0.0000000000
0.0000000000
0.0000000000
0.0000000000
0.0000000000
0.0000000000
0.0000000000
0.1864013672
0.0000000000
0.0000000000
0.0000000000
0.0000000000
0.0000000000
0.0000000000
0.0000000000
0.0000000000
0.0000000000
0.0000000000
0.0000000000
0.0000000000
0.0000000000
0.0000000000
0.0000000000
0.1875000000
0.0000000000
0.0000000000
0.0000000000
0.0000000000
0.0000000000
0.0000000000
0.0000000000
0.0000000000
0.0000000000
0.0000000000
0.0000000000
0.0000000000
0.0000000000
0.0000000000
0.0000000000
0.0000000000
0.1553955078
0.0000000000
0.0000000000
0.0000000000
0.0000000000
0.0000000000
0.0000000000
0.0000000000
0.0000000000
0.0000000000
0.0000000000
0.0000000000
0.0000000000
0.0000000000
0.0000000000
0.0000000000
0.1513671875
0.0000000000
0.0000000000
0.0000000000
0.0000000000
0.0000000000
0.0000000000
0.0000000000
0.0000000000
0.0000000000
0.0000000000
0.0000000000
0.0000000000
0.0000000000
0.0000000000
0.0000000000
0.1533203125
0.0000000000
0.0000000000
0.0000000000
0.0000000000
0.0000000000
0.0000000000
0.0000000000
0.0000000000
0.0000000000
0.0000000000
0.0000000000
0.0000000000
0.0000000000
0.0000000000
0.0000000000
0.1513671875
0.0000000000
0.0000000000
0.0000000000
0.0000000000
0.0000000000
0.0000000000
0.0000000000
0.0000000000
0.0000000000
0.0000000000
0.0000000000
0.0000000000
0.0000000000
0.0000000000
0.0000000000
0.1517333984
0.0000000000
0.0000000000
0.0000000000
0.0000000000
0.0000000000
0.0000000000
0.0000000000
0.0000000000
0.0000000000
0.0000000000
0.0000000000
0.0000000000
0.0000000000
0.0000000000
0.0000000000
0.1517333984
0.0000000000
0.0000000000
0.0000000000
0.0000000000
0.0000000000
0.0000000000
0.0000000000
0.0000000000
0.0000000000
0.0000000000
0.0000000000
0.0000000000
0.0000000000
0.0000000000
0.0000000000
0.1513671875
0.0000000000
0.0000000000
0.0000000000
0.0000000000
0.0000000000
0.0000000000
0.0000000000
0.0000000000
0.0000000000
0.0000000000
0.0000000000
0.0000000000
0.0000000000
0.0000000000
0.0000000000
0.1517333984
0.0000000000
0.0000000000
0.0000000000
0.0000000000
0.0000000000
0.0000000000
0.0000000000
0.0000000000
0.0000000000
0.0000000000
0.0000000000
0.0000000000
0.0000000000
0.0000000000
0.0000000000
0.0000000000
0.0000000000
0.2293701172
0.0000000000
0.0000000000
0.0000000000
0.0000000000
0.0000000000
0.1524658203
0.0597534180
0.0000000000
0.0000000000
0.0000000000
0.0000000000
0.0000000000
0.0000000000
0.2673339844
0.0000000000
0.0000000000
0.0000000000
0.0000000000
0.0000000000
0.0000000000
0.0000000000
0.1524658203
0.0613708496
0.0000000000
0.2017822266
0.0000000000
0.0000000000
0.0000000000
0.0000000000
0.2673339844
0.0000000000
0.0000000000
0.0000000000
0.0000000000
0.0000000000
0.0000000000
0.0000000000
0.1524658203
0.0700683594
0.0000000000
0.2017822266
0.0000000000
0.0000000000
0.0000000000
0.0000000000
0.0000000000
0.0000000000
0.2293701172
0.0000000000
0.0000000000
0.0000000000
0.0000000000
0.0000000000
0.1524658203
0.0711059570
0.0000000000
0.0000000000
0.0000000000
0.0000000000
0.0000000000
0.0000000000
0.0000000000
0.0000000000
0.2293701172
0.0000000000
0.0000000000
0.0000000000
0.0000000000
0.0000000000
0.1524658203
0.0902709961
0.0000000000
0.0000000000
0.0000000000
0.0000000000
0.0000000000
0.0000000000
0.0000000000
0.5771484375
0.0000000000
0.0000000000
0.0000000000
0.0000000000
0.0000000000
0.0000000000
0.1524658203
0.0909423828
0.0000000000
0.0000000000
0.0000000000
0.0000000000
0.0000000000
0.0000000000
0.2673339844
0.0000000000
0.0000000000
0.0000000000
0.0000000000
0.0000000000
0.0000000000
0.0000000000
0.1524658203
0.0917968750
0.0000000000
0.2017822266
0.0000000000
0.0000000000
0.0000000000
0.0000000000
0.0000000000
0.0000000000
0.0000000000
1.0000000000
0.0000000000
0.0000000000
0.0000000000
0.0000000000
0.1524658203
0.0932006836
0.0000000000
0.0000000000
0.0000000000
0.0000000000
0.0000000000
0.0000000000
0.0000000000
0.0000000000
0.0000000000
0.0000000000
0.5771484375
0.0000000000
0.0000000000
0.0000000000
0.1524658203
0.0934448242
0.0000000000
0.0000000000
0.0000000000
0.0000000000
0.0000000000
0.2885742188
0.0000000000
0.0000000000
0.0000000000
0.0000000000
0.0000000000
0.0000000000
0.0000000000
0.0000000000
0.1524658203
0.0956420898
0.1934814453
0.0000000000
0.0000000000
0.0000000000
0.0000000000
0.0000000000
0.0000000000
0.0000000000
0.0000000000
0.0000000000
0.5771484375
0.0000000000
0.0000000000
0.0000000000
0.1524658203
0.0973510742
0.0000000000
0.0000000000
0.0000000000
0.0000000000
0.0000000000
0.0000000000
0.0000000000
0.0000000000
0.0000000000
0.0000000000
0.0000000000
0.4472656250
0.0000000000
0.0000000000
0.1524658203
0.1000366211
0.0000000000
0.0000000000
0.2973632812
0.0000000000
0.0000000000
0.0000000000
0.0000000000
0.0000000000
0.0000000000
0.0000000000
0.0000000000
0.0000000000
0.4082031250
0.0000000000
0.1524658203
0.1004638672
0.0000000000
0.0000000000
0.0000000000
0.2680664062
0.0000000000
0.0000000000
0.0000000000
0.0000000000
0.0000000000
0.0000000000
0.0000000000
0.0000000000
0.0000000000
0.3779296875
0.1524658203
0.1033935547
0.0000000000
0.0000000000
0.0000000000
0.0000000000
0.3127441406
0.0000000000
0.0000000000
0.0000000000
0.2293701172
0.0000000000
0.0000000000
0.0000000000
0.0000000000
0.0000000000
0.1524658203
0.1043701172
0.0000000000
0.0000000000
0.0000000000
0.0000000000
0.0000000000
0.0000000000
0.0000000000
0.0000000000
0.2293701172
0.0000000000
0.0000000000
0.0000000000
0.0000000000
0.0000000000
0.1524658203
0.1231079102
0.0000000000
0.0000000000
0.0000000000
0.0000000000
0.0000000000
0.1517333984
0.0000000000
0.0000000000
0.0000000000
0.0000000000
0.0000000000
0.0000000000
0.0000000000
0.0000000000
0.0000000000
0.0000000000
0.0000000000
0.0000000000
0.0000000000
0.0000000000
0.0000000000
0.1533203125
0.0000000000
0.0000000000
0.0000000000
0.0000000000
0.0000000000
0.0000000000
0.0000000000
0.0000000000
0.0000000000
0.0000000000
0.0000000000
0.0000000000
0.0000000000
0.0000000000
0.0000000000
0.1533203125
0.0000000000
0.0000000000
0.0000000000
0.0000000000
0.0000000000
0.0000000000
0.0000000000
0.0000000000
0.0000000000
0.0000000000
0.0000000000
0.0000000000
0.0000000000
0.0000000000
0.0000000000
0.1517333984
0.0000000000
0.0000000000
0.0000000000
0.0000000000
0.0000000000
0.0000000000
0.0000000000
0.0000000000
0.0000000000
0.0000000000
0.0000000000
0.0000000000
0.0000000000
0.0000000000
0.0000000000
0.1517333984
0.0000000000
0.0000000000
0.0000000000
0.0000000000
0.0000000000
0.0000000000
0.0000000000
0.0000000000
0.0000000000
0.0000000000
0.0000000000
0.0000000000
0.0000000000
0.0000000000
0.0000000000
0.1513671875
0.0000000000
0.0000000000
0.0000000000
0.0000000000
0.0000000000
0.0000000000
0.0000000000
0.0000000000
0.0000000000
0.0000000000
0.0000000000
0.0000000000
0.0000000000
0.0000000000
0.0000000000
0.1533203125
0.0000000000
0.0000000000
0.0000000000
0.0000000000
0.0000000000
0.0000000000
0.0000000000
0.0000000000
0.0000000000
0.0000000000
0.0000000000
0.0000000000
0.0000000000
0.0000000000
0.0000000000
0.1550292969
0.0000000000
0.0000000000
0.0000000000
0.0000000000
0.0000000000
0.0000000000
0.0000000000
0.0000000000
0.0000000000
0.0000000000
0.0000000000
0.0000000000
0.0000000000
0.0000000000
0.0000000000
0.1550292969
0.0000000000
0.0000000000
0.0000000000
0.0000000000
0.0000000000
0.0000000000
0.0000000000
0.0000000000
0.0000000000
0.0000000000
0.0000000000
0.0000000000
0.0000000000
0.0000000000
0.0000000000
0.1569824219
0.0000000000
0.0000000000
0.0000000000
0.0000000000
0.0000000000
0.0000000000
0.0000000000
0.0000000000
0.0000000000
0.0000000000
0.0000000000
0.0000000000
0.0000000000
0.0000000000
0.0000000000
0.1550292969
0.0000000000
0.0000000000
0.0000000000
0.0000000000
0.0000000000
0.0000000000
0.0000000000
0.0000000000
0.0000000000
0.0000000000
0.0000000000
0.0000000000
0.0000000000
0.0000000000
0.0000000000
0.1539306641
0.0000000000
0.0000000000
0.0000000000
0.0000000000
0.0000000000
0.0000000000
0.0000000000
0.0000000000
0.0000000000
0.0000000000
0.0000000000
0.0000000000
0.0000000000
0.0000000000
0.0000000000
0.1540527344
0.0000000000
0.0000000000
0.0000000000
0.0000000000
0.0000000000
0.0000000000
0.0000000000
0.0000000000
0.0000000000
0.0000000000
0.0000000000
0.0000000000
0.0000000000
0.0000000000
0.0000000000
0.1510009766
0.0000000000
0.0000000000
0.0000000000
0.0000000000
0.0000000000
0.0000000000
0.0000000000
0.0000000000
0.0000000000
0.0000000000
0.0000000000
0.0000000000
0.0000000000
0.0000000000
0.0000000000
0.1517333984
0.0000000000
0.0000000000
0.0000000000
0.0000000000
0.0000000000
0.0000000000
0.0000000000
0.0000000000
0.0000000000
0.0000000000
0.0000000000
0.0000000000
0.0000000000
0.0000000000
0.0000000000
0.1517333984
0.0000000000
0.0000000000
0.0000000000
0.0000000000
0.0000000000
0.0000000000
0.0000000000
0.0000000000
0.0000000000
0.0000000000
0.0000000000
0.0000000000
0.0000000000
0.0000000000
0.0000000000
0.0000000000
0.2293701172
0.0000000000
0.0000000000
0.1524658203
0.1314697266
0.0000000000
0.0000000000
0.1517333984
0.0000000000
0.0000000000
0.0000000000
0.0000000000
0.0000000000
0.0000000000
0.0000000000
0.0000000000
0.2293701172
0.0000000000
0.0000000000
0.1524658203
0.1542968750
0.0000000000
0.0000000000
0.1517333984
0.0000000000
0.0000000000
0.0000000000
0.0000000000
0.0000000000
0.0000000000
0.0000000000
0.0000000000
0.0000000000
0.0000000000
0.3779296875
0.1524658203
0.1553955078
0.0000000000
0.3127441406
0.1510009766
0.0000000000
0.0000000000
0.0000000000
0.0000000000
0.0000000000
0.0000000000
0.0000000000
0.0000000000
0.0000000000
0.0000000000
0.3779296875
0.1524658203
0.1628417969
0.0000000000
0.3127441406
0.1510009766
0.0000000000
0.0000000000
0.0000000000
0.0000000000
0.0000000000
0.0000000000
0.0000000000
0.0000000000
0.2293701172
0.0000000000
0.0000000000
0.1524658203
0.1640625000
0.0000000000
0.0000000000
0.1517333984
0.0000000000
0.0000000000
0.0000000000
0.0000000000
0.0000000000
0.0000000000
0.0000000000
0.0000000000
0.2293701172
0.0000000000
0.0000000000
0.1524658203
0.1822509766
0.0000000000
0.0000000000
0.1517333984
0.0000000000
0.0000000000
0.0000000000
0.0000000000
0.0000000000
0.0000000000
0.0000000000
0.2673339844
0.0000000000
0.0000000000
0.0000000000
0.1524658203
0.1834716797
0.2017822266
0.0000000000
0.1533203125
0.0000000000
0.0000000000
0.0000000000
0.0000000000
0.0000000000
0.0000000000
0.0000000000
0.2673339844
0.0000000000
0.0000000000
0.0000000000
0.1524658203
0.1972656250
0.2017822266
0.0000000000
0.1533203125
0.0000000000
0.0000000000
0.0000000000
0.0000000000
0.0000000000
0.0000000000
0.0000000000
0.0000000000
0.2293701172
0.0000000000
0.0000000000
0.1524658203
0.1981201172
0.0000000000
0.0000000000
0.1517333984
0.0000000000
0.0000000000
0.0000000000
0.0000000000
0.0000000000
0.0000000000
0.0000000000
0.0000000000
0.2293701172
0.0000000000
0.0000000000
0.1524658203
0.2135009766
0.0000000000
0.0000000000
0.1517333984
0.0000000000
0.0000000000
0.0000000000
0.0000000000
0.0000000000
0.0000000000
0.0000000000
0.0000000000
0.0000000000
0.0000000000
0.3779296875
0.1524658203
0.2150878906
0.0000000000
0.3127441406
0.1510009766
0.0000000000
0.0000000000
0.0000000000
0.0000000000
0.0000000000
0.0000000000
0.0000000000
0.0000000000
0.0000000000
0.0000000000
0.3779296875
0.1524658203
0.2207031250
0.0000000000
0.3127441406
0.1510009766
0.0000000000
0.0000000000
0.0000000000
0.0000000000
0.0000000000
0.0000000000
0.0000000000
0.0000000000
0.2293701172
0.0000000000
0.0000000000
0.1524658203
0.2229003906
0.0000000000
0.0000000000
0.1517333984
0.0000000000
0.0000000000
0.0000000000
0.0000000000
0.0000000000
0.0000000000
0.0000000000
0.0000000000
0.2293701172
0.0000000000
0.0000000000
0.1524658203
0.2430419922
0.0000000000
0.0000000000
0.1517333984
0.0000000000
0.0000000000
0.0000000000
0.0000000000
0.0000000000
0.0000000000
0.0000000000
0.0000000000
0.0000000000
0.5771484375
0.0000000000
0.1524658203
0.2500000000
0.0000000000
0.0000000000
0.1550292969
0.0000000000
0.0000000000
0.0000000000
0.0000000000
0.0000000000
0.0000000000
0.0000000000
0.2673339844
0.0000000000
0.0000000000
0.0000000000
0.1524658203
0.2536621094
0.2017822266
0.0000000000
0.1533203125
0.0000000000
0.0000000000
0.0000000000
0.0000000000
0.0000000000
0.0000000000
0.0000000000
0.0000000000
0.0000000000
0.0000000000
0.0000000000
0.2293701172
0.0000000000
0.0000000000
0.0000000000
0.0000000000
0.1524658203
0.0000000000
0.2546386719
0.0000000000
0.0000000000
0.0000000000
0.0000000000
0.0000000000
0.0000000000
0.0000000000
0.0000000000
0.2293701172
0.0000000000
0.0000000000
0.0000000000
0.0000000000
0.1524658203
0.0000000000
0.2758789062
0.0000000000
0.0000000000
0.0000000000
0.0000000000
0.0000000000
0.0000000000
0.0000000000
0.0000000000
0.2293701172
0.0000000000
0.0000000000
0.0000000000
0.0000000000
0.1524658203
0.0000000000
0.2834472656
0.0000000000
0.0000000000
0.0000000000
0.0000000000
0.2885742188
0.0000000000
0.0000000000
0.0000000000
0.0000000000
0.0000000000
0.0000000000
0.0000000000
0.0000000000
0.0000000000
0.1524658203
0.0000000000
0.0000000000
0.2890625000
0.0000000000
0.0000000000
0.0000000000
0.0000000000
0.0000000000
0.0000000000
0.0000000000
0.3161621094
0.0000000000
0.0000000000
0.0000000000
0.0000000000
0.1524658203
0.0000000000
0.0002274513
0.0000000000
0.0000000000
0.0000000000
0.0000000000
0.0000000000
0.0000000000
0.0000000000
0.0000000000
0.3161621094
0.0000000000
0.0000000000
0.0000000000
0.0000000000
0.1524658203
0.0000000000
0.0002617836
0.0000000000
0.0000000000
0.0000000000
0.0000000000
0.0000000000
0.0000000000
0.3332519531
0.0000000000
0.0000000000
0.0000000000
0.0000000000
0.0000000000
0.0000000000
0.1524658203
0.0000000000
0.0004549026
0.0000000000
0.0000000000
0.0000000000
0.0000000000
0.0000000000
0.0000000000
0.3332519531
0.0000000000
0.0000000000
0.0000000000
0.0000000000
0.0000000000
0.0000000000
0.1524658203
0.0000000000
0.0005030632
0.0000000000
0.0000000000
0.0000000000
0.0000000000
0.0000000000
0.0000000000
0.0000000000
0.0000000000
0.0000000000
0.3332519531
0.0000000000
0.0000000000
0.0000000000
0.1524658203
0.0000000000
0.0006270409
0.0000000000
0.0000000000
0.0000000000
0.0000000000
0.0000000000
0.0000000000
0.0000000000
0.0000000000
0.0000000000
0.0000000000
0.1856689453
0.0000000000
0.0000000000
0.1524658203
0.0000000000
0.0010404587
0.0000000000
0.0000000000
0.0000000000
0.0000000000
0.0000000000
0.0000000000
0.0000000000
0.0000000000
0.0000000000
0.0000000000
0.1856689453
0.0000000000
0.0000000000
0.1524658203
0.0000000000
0.0010824203
0.0000000000
0.0000000000
0.0000000000
0.0000000000
0.2885742188
0.0000000000
0.0000000000
0.0000000000
0.0000000000
0.0000000000
0.0000000000
0.0000000000
0.0000000000
0.1524658203
0.0000000000
0.0015640259
0.0000000000
0.2900390625
0.0000000000
0.0000000000
0.2885742188
0.0000000000
0.0000000000
0.0000000000
0.0000000000
0.0000000000
0.0000000000
0.0000000000
0.0000000000
0.1524658203
0.0000000000
0.0016059875
0.0000000000
0.2900390625
0.0000000000
0.0000000000
0.0000000000
0.2773437500
0.0000000000
0.0000000000
0.0000000000
0.0000000000
0.0000000000
0.0000000000
0.0000000000
0.1524658203
0.0000000000
0.0017852783
0.0000000000
0.0000000000
0.2807617188
0.0000000000
0.0000000000
0.2773437500
0.0000000000
0.0000000000
0.0000000000
0.0000000000
0.0000000000
0.0000000000
0.0000000000
0.1524658203
0.0000000000
0.0018196106
0.0000000000
0.0000000000
0.2807617188
0.0000000000
0.0000000000
0.0000000000
0.0000000000
0.0000000000
0.0000000000
0.0000000000
0.0000000000
0.3161621094
0.0000000000
0.1524658203
0.0000000000
0.0020332336
0.0000000000
0.0000000000
0.0000000000
0.0000000000
0.0000000000
0.0000000000
0.1517333984
0.0000000000
0.0000000000
0.0000000000
0.0000000000
0.0000000000
0.0000000000
0.0000000000
0.0000000000
0.0000000000
0.0000000000
0.0000000000
0.0000000000
0.0000000000
0.0000000000
0.0000000000
0.1517333984
0.0000000000
0.0000000000
0.0000000000
0.0000000000
0.0000000000
0.0000000000
0.0000000000
0.0000000000
0.0000000000
0.0000000000
0.0000000000
0.0000000000
0.0000000000
0.0000000000
0.0000000000
0.1517333984
0.0000000000
0.0000000000
0.0000000000
0.0000000000
0.0000000000
0.0000000000
0.0000000000
0.0000000000
0.0000000000
0.0000000000
0.0000000000
0.0000000000
0.0000000000
0.0000000000
0.0000000000
0.0000000000
0.0787963867
0.0000000000
0.0000000000
0.0000000000
0.0000000000
0.0000000000
0.0000000000
0.0000000000
0.0000000000
0.0000000000
0.0000000000
0.0000000000
0.0000000000
0.3127441406
0.0000000000
0.0000000000
0.0765380859
0.0000000000
0.0000000000
0.0000000000
0.0000000000
0.0000000000
0.0000000000
0.0000000000
0.0000000000
0.0000000000
0.0000000000
0.0000000000
0.0000000000
0.3127441406
0.0000000000
0.0000000000
0.0765380859
0.0000000000
0.0000000000
0.0000000000
0.0000000000
0.0000000000
0.0000000000
0.0000000000
0.0000000000
0.0000000000
0.0000000000
0.0000000000
0.3364257812
0.0000000000
0.0000000000
0.0000000000
0.0766601562
0.0000000000
0.0000000000
0.0000000000
0.0000000000
0.0000000000
0.0000000000
0.0000000000
0.0000000000
0.0000000000
0.0000000000
0.0000000000
0.3364257812
0.0000000000
0.0000000000
0.0000000000
0.0766601562
0.0000000000
0.0000000000
0.0000000000
0.0000000000
0.0000000000
0.0000000000
0.0000000000
0.0000000000
0.0000000000
0.0000000000
0.0000000000
0.0000000000
0.0000000000
0.0000000000
0.0000000000
0.0766601562
0.0000000000
0.0000000000
0.0000000000
0.0000000000
0.0000000000
0.0000000000
0.0000000000
0.0000000000
0.0000000000
0.0000000000
0.0000000000
0.0000000000
0.0000000000
0.1853027344
0.0000000000
0.0757446289
0.0000000000
0.0000000000
0.0000000000
0.0000000000
0.0000000000
0.0000000000
0.0000000000
0.0000000000
0.0000000000
0.0000000000
0.0000000000
0.0000000000
0.0000000000
0.1853027344
0.0000000000
0.0757446289
0.0000000000
0.0000000000
0.0000000000
0.0000000000
0.0000000000
0.0000000000
0.0000000000
0.0000000000
0.0000000000
0.0000000000
0.0000000000
0.0000000000
0.0000000000
0.0000000000
0.0000000000
0.0769653320
0.0000000000
0.0000000000
0.0000000000
0.0000000000
0.0000000000
0.0000000000
0.0000000000
0.0000000000
0.0000000000
0.0000000000
0.0000000000
0.0000000000
0.0000000000
0.0000000000
0.0000000000
0.0769653320
0.0000000000
0.0000000000
0.0000000000
0.0000000000
0.0000000000
0.0000000000
0.0000000000
0.0000000000
0.0000000000
0.0000000000
0.0000000000
0.0000000000
0.0000000000
0.0000000000
0.0000000000
0.0778808594
0.0000000000
0.0000000000
0.0000000000
0.0000000000
0.0000000000
0.0000000000
0.0000000000
0.0000000000
0.0000000000
0.0000000000
0.0000000000
0.0000000000
0.0000000000
0.0000000000
0.0000000000
0.0778808594
0.0000000000
0.0000000000
0.0000000000
0.0000000000
0.0000000000
0.0000000000
0.0000000000
0.0000000000
0.0000000000
0.0000000000
0.0000000000
0.0000000000
0.0000000000
0.0000000000
0.0000000000
0.0783691406
0.0000000000
0.0000000000
0.0000000000
0.0000000000
0.0000000000
0.0000000000
0.0000000000
0.0000000000
0.0000000000
0.0000000000
0.0000000000
0.0000000000
0.0000000000
0.0000000000
0.3161621094
0.0000000000
0.0000000000
0.0000000000
0.1524658203
0.0020809174
0.0000000000
0.0000000000
0.0000000000
0.0000000000
0.0783691406
0.0000000000
0.0000000000
0.0000000000
0.0000000000
0.0000000000
0.0000000000
0.3161621094
0.0000000000
0.0000000000
0.1524658203
0.0023288727
0.0000000000
0.0000000000
0.0000000000
0.0000000000
0.0784912109
0.0000000000
0.0000000000
0.0000000000
0.0000000000
0.0000000000
0.0000000000
0.3161621094
0.0000000000
0.0000000000
0.1524658203
0.0023632050
0.0000000000
0.0000000000
0.0000000000
0.0000000000
0.0784912109
0.0000000000
0.0000000000
0.0000000000
0.0000000000
0.0000000000
0.0000000000
0.0000000000
0.3161621094
0.0000000000
0.1524658203
0.0025024414
0.0000000000
0.0000000000
0.0000000000
0.3127441406
0.0786743164
0.0000000000
0.0000000000
0.0000000000
0.0000000000
0.0000000000
0.0000000000
0.0000000000
0.3161621094
0.0000000000
0.1524658203
0.0025634766
0.0000000000
0.0000000000
0.0000000000
0.3127441406
0.0786743164
0.0000000000
0.0000000000
0.0000000000
0.0000000000
0.0000000000
0.0000000000
0.3161621094
0.0000000000
0.0000000000
0.1524658203
0.0027427673
0.0000000000
0.0000000000
0.0000000000
0.0000000000
0.0784912109
0.0000000000
0.0000000000
0.0000000000
0.0000000000
0.0000000000
0.0000000000
0.3161621094
0.0000000000
0.0000000000
0.1524658203
0.0027847290
0.0000000000
0.0000000000
0.0000000000
0.0000000000
0.0784912109
0.0000000000
0.0000000000
0.0000000000
0.0000000000
0.0000000000
0.3161621094
0.0000000000
0.0000000000
0.0000000000
0.1524658203
0.0030250549
0.0000000000
0.0000000000
0.0000000000
0.0000000000
0.0783691406
0.0000000000
0.0000000000
0.0000000000
0.0000000000
0.0000000000
0.3161621094
0.0000000000
0.0000000000
0.0000000000
0.1524658203
0.0030536652
0.0000000000
0.0000000000
0.0000000000
0.0000000000
0.0783691406
0.0000000000
0.0000000000
0.0000000000
0.2773437500
0.0000000000
0.0000000000
0.0000000000
0.0000000000
0.0000000000
0.1524658203
0.0031909943
0.0000000000
0.2807617188
0.0000000000
0.0000000000
0.0778808594
0.0000000000
0.0000000000
0.0000000000
0.2773437500
0.0000000000
0.0000000000
0.0000000000
0.0000000000
0.0000000000
0.1524658203
0.0032329559
0.0000000000
0.2807617188
0.0000000000
0.0000000000
0.0778808594
0.0000000000
0.0000000000
0.2885742188
0.0000000000
0.0000000000
0.0000000000
0.0000000000
0.0000000000
0.0000000000
0.1524658203
0.0033912659
0.2900390625
0.0000000000
0.0000000000
0.0000000000
0.0769653320
0.0000000000
0.0000000000
0.2885742188
0.0000000000
0.0000000000
0.0000000000
0.0000000000
0.0000000000
0.0000000000
0.1524658203
0.0034255981
0.2900390625
0.0000000000
0.0000000000
0.0000000000
0.0769653320
0.0000000000
0.0000000000
0.0000000000
0.0000000000
0.0000000000
0.0000000000
0.0000000000
0.0000000000
0.3535156250
0.1524658203
0.0035419464
0.0000000000
0.0000000000
0.0000000000
0.0000000000
0.0753784180
0.0000000000
0.0000000000
0.0000000000
0.0000000000
0.0000000000
0.0000000000
0.0000000000
0.0000000000
0.3535156250
0.1524658203
0.0035629272
0.0000000000
0.0000000000
0.0000000000
0.0000000000
0.0753784180
0.0000000000
0.0000000000
0.0000000000
0.0000000000
0.1856689453
0.0000000000
0.0000000000
0.0000000000
0.0000000000
0.1524658203
0.0036602020
0.0000000000
0.0000000000
0.1853027344
0.0000000000
0.0757446289
0.0000000000
0.0000000000
0.0000000000
0.0000000000
0.1856689453
0.0000000000
0.0000000000
0.0000000000
0.1524658203
0.0000000000
0.0036869049
0.0000000000
0.0000000000
0.1853027344
0.0757446289
0.0000000000
0.0000000000
0.0000000000
0.0000000000
0.0000000000
0.0000000000
0.0000000000
0.0000000000
0.2583007812
0.1524658203
0.0000000000
0.0038871765
0.0000000000
0.0000000000
0.0000000000
0.0757446289
0.0000000000
0.0000000000
0.0000000000
0.0000000000
0.0000000000
0.0000000000
0.0000000000
0.0000000000
0.2583007812
0.1524658203
0.0000000000
0.0039291382
0.0000000000
0.0000000000
0.0000000000
0.0757446289
0.0000000000
0.0000000000
0.0000000000
0.0000000000
0.0000000000
0.0000000000
0.0000000000
0.0000000000
0.2583007812
0.1524658203
0.0000000000
0.0046234131
0.0000000000
0.0000000000
0.0000000000
0.0757446289
0.0000000000
0.0000000000
0.0000000000
0.0000000000
0.0000000000
0.0000000000
0.0000000000
0.0000000000
0.2583007812
0.1524658203
0.0000000000
0.0053138733
0.0000000000
0.0000000000
0.0000000000
0.0757446289
0.0000000000
0.0000000000
0.0000000000
0.0000000000
0.0000000000
0.0000000000
0.0000000000
0.0000000000
0.2583007812
0.1524658203
0.0000000000
0.0091094971
0.0000000000
0.0000000000
0.0000000000
0.0757446289
0.0000000000
0.0000000000
0.0000000000
0.0000000000
0.0000000000
0.1856689453
0.0000000000
0.0000000000
0.0000000000
0.1524658203
0.0000000000
0.0092544556
0.0000000000
0.0000000000
0.1853027344
0.0757446289
0.0000000000
0.0000000000
0.0000000000
0.0000000000
0.0000000000
0.1856689453
0.0000000000
0.0000000000
0.0000000000
0.1524658203
0.0000000000
0.0093078613
0.0000000000
0.0000000000
0.1853027344
0.0757446289
0.0000000000
0.0000000000
0.0000000000
0.0000000000
0.0000000000
0.0000000000
0.0000000000
0.3535156250
0.0000000000
0.1524658203
0.0000000000
0.0094299316
0.0000000000
0.0000000000
0.0000000000
0.0753784180
0.0000000000
0.0000000000
0.0000000000
0.0000000000
0.0000000000
0.0000000000
0.0000000000
0.3535156250
0.0000000000
0.1524658203
0.0000000000
0.0094451904
0.0000000000
0.0000000000
0.0000000000
0.0753784180
0.0000000000
0.0000000000
0.0000000000
0.2885742188
0.0000000000
0.0000000000
0.0000000000
0.0000000000
0.0000000000
0.1524658203
0.0000000000
0.0095672607
0.2900390625
0.0000000000
0.0000000000
0.0769653320
0.0000000000
0.0000000000
0.0000000000
0.2885742188
0.0000000000
0.0000000000
0.0000000000
0.0000000000
0.0000000000
0.1524658203
0.0000000000
0.0096054077
0.2900390625
0.0000000000
0.0000000000
0.0769653320
0.0000000000
0.0000000000
0.0000000000
0.0000000000
0.2773437500
0.0000000000
0.0000000000
0.0000000000
0.0000000000
0.1524658203
0.0000000000
0.0097732544
0.0000000000
0.2807617188
0.0000000000
0.0778808594
0.0000000000
0.0000000000
0.0000000000
0.0000000000
0.2773437500
0.0000000000
0.0000000000
0.0000000000
0.0000000000
0.1524658203
0.0000000000
0.0097961426
0.0000000000
0.2807617188
0.0000000000
0.0778808594
0.0000000000
0.0000000000
0.0000000000
0.0000000000
0.0000000000
0.0000000000
0.3161621094
0.0000000000
0.0000000000
0.0000000000
0.0891113281
0.0099487305
0.0000000000
0.0000000000
0.0000000000
0.0783081055
0.0000000000
0.0000000000
0.0000000000
0.0000000000
0.0000000000
0.0000000000
0.3161621094
0.0000000000
0.0000000000
0.0000000000
0.0891113281
0.0099792480
0.0000000000
0.0000000000
0.0000000000
0.0783081055
0.0000000000
0.0000000000
0.0000000000
0.3161621094
0.0000000000
0.0000000000
0.0000000000
0.0000000000
0.0891113281
0.0101470947
0.0000000000
0.0000000000
0.0000000000
0.0000000000
0.0784912109
0.0000000000
0.0000000000
0.0000000000
0.0000000000
0.3161621094
0.0000000000
0.0000000000
0.0000000000
0.0000000000
0.0891113281
0.0101776123
0.0000000000
0.0000000000
0.0000000000
0.0000000000
0.0784912109
0.0000000000
0.0000000000
0.0000000000
0.0000000000
0.0000000000
0.3161621094
0.0000000000
0.0000000000
0.0000000000
0.0891113281
0.0102539062
0.3127441406
0.0000000000
0.0000000000
0.0000000000
0.0786743164
0.0000000000
0.0000000000
0.0000000000
0.0000000000
0.0000000000
0.3161621094
0.0000000000
0.0000000000
0.0000000000
0.0891113281
0.0102920532
0.3127441406
0.0000000000
0.0000000000
0.0000000000
0.0786743164
0.0000000000
0.0000000000
0.0000000000
0.0000000000
0.0000000000
0.0000000000
0.4082031250
0.0000000000
0.0000000000
0.0891113281
0.0105514526
0.0000000000
0.4006347656
0.0000000000
0.0000000000
0.0789184570
0.0000000000
0.0000000000
0.0000000000
0.0000000000
0.0000000000
0.0000000000
0.4082031250
0.0000000000
0.0000000000
0.0891113281
0.0105819702
0.0000000000
0.4006347656
0.0000000000
0.0000000000
0.0789184570
0.0000000000
0.0000000000
0.0000000000
0.0000000000
0.0000000000
0.3161621094
0.0000000000
0.0000000000
0.0000000000
0.0891113281
0.0106887817
0.3127441406
0.0000000000
0.0000000000
0.0000000000
0.0786743164
0.0000000000
0.0000000000
0.0000000000
0.0000000000
0.0000000000
0.3161621094
0.0000000000
0.0000000000
0.0000000000
0.0891113281
0.0107116699
0.3127441406
0.0000000000
0.0000000000
0.0000000000
0.0786743164
0.0000000000
0.0000000000
0.0000000000
0.0000000000
0.0000000000
0.0000000000
0.0000000000
0.3779296875
0.0000000000
0.0891113281
0.0108795166
0.0000000000
0.0000000000
0.3718261719
0.0000000000
0.0787963867
0.0000000000
0.0000000000
0.0000000000
0.0000000000
0.0000000000
0.0000000000
0.0000000000
0.3779296875
0.0000000000
0.0891113281
0.0109176636
0.0000000000
0.0000000000
0.3718261719
0.0000000000
0.0787963867
0.0000000000
0.0000000000
0.0000000000
0.0000000000
0.0000000000
0.0000000000
0.0000000000
0.3779296875
0.0000000000
0.0891113281
0.0109481812
0.0000000000
0.0000000000
0.3718261719
0.0000000000
0.0787963867
0.0000000000
0.0000000000
0.0000000000
0.0000000000
0.0000000000
0.0000000000
0.0000000000
0.0000000000
0.5000000000
0.0891113281
0.0112304688
0.0000000000
0.0000000000
0.0000000000
0.4860839844
0.0786743164
0.0000000000
0.0000000000
0.0000000000
0.0000000000
0.0000000000
0.0000000000
0.0000000000
0.0000000000
0.5000000000
0.0891113281
0.0112533569
0.0000000000
0.0000000000
0.0000000000
0.4860839844
0.0786743164
0.0000000000
0.0000000000
0.0000000000
0.0000000000
0.0000000000
0.0000000000
0.0000000000
0.3779296875
0.0000000000
0.0891113281
0.0114059448
0.0000000000
0.0000000000
0.3718261719
0.0000000000
0.0787963867
0.0000000000
0.0000000000
0.0000000000
0.0000000000
0.0000000000
0.0000000000
0.0000000000
0.3779296875
0.0000000000
0.0891113281
0.0114440918
0.0000000000
0.0000000000
0.3718261719
0.0000000000
0.0787963867
0.0000000000
0.0000000000
0.0000000000
0.0000000000
0.0000000000
0.3161621094
0.0000000000
0.0000000000
0.0000000000
0.0891113281
0.0116043091
0.3127441406
0.0000000000
0.0000000000
0.0000000000
0.0786743164
0.0000000000
0.0000000000
0.0000000000
0.0000000000
0.0000000000
0.0000000000
0.0000000000
0.0000000000
0.0000000000
0.3161621094
0.0000000000
0.0000000000
0.0000000000
0.0891113281
0.0116348267
0.0000000000
0.0000000000
0.0000000000
0.3127441406
0.0000000000
0.0000000000
0.0000000000
0.0000000000
0.0000000000
0.0000000000
0.0000000000
0.0000000000
0.4082031250
0.0000000000
0.0891113281
0.0117416382
0.0000000000
0.0000000000
0.0000000000
0.0000000000
0.4006347656
0.0000000000
0.0000000000
0.0000000000
0.0000000000
0.0000000000
0.0000000000
0.0000000000
0.4082031250
0.0000000000
0.0891113281
0.0117721558
0.0000000000
0.0000000000
0.0000000000
0.0000000000
0.4006347656
0.0000000000
0.0000000000
0.0000000000
0.0000000000
0.3161621094
0.0000000000
0.0000000000
0.0000000000
0.0000000000
0.0891113281
0.0119094849
0.0000000000
0.0000000000
0.0000000000
0.0000000000
0.0000000000
0.0000000000
0.0000000000
0.0000000000
0.0000000000
0.3161621094
0.0000000000
0.0000000000
0.0000000000
0.0000000000
0.0891113281
0.0119323730
0.0000000000
0.0000000000
0.0000000000
0.0000000000
0.0000000000
0.0000000000
0.0000000000
0.0000000000
0.3161621094
0.0000000000
0.0000000000
0.0000000000
0.0000000000
0.0000000000
0.0891113281
0.0122528076
0.0000000000
0.0000000000
0.0000000000
0.0000000000
0.0000000000
0.0000000000
0.0000000000
0.0000000000
0.3161621094
0.0000000000
0.0000000000
0.0000000000
0.0000000000
0.0000000000
0.0891113281
0.0122909546
0.0000000000
0.0000000000
0.0000000000
0.0000000000
0.0000000000
0.0000000000
0.2773437500
0.0000000000
0.0000000000
0.0000000000
0.0000000000
0.0000000000
0.0000000000
0.0000000000
0.0891113281
0.0123977661
0.0000000000
0.2807617188
0.0000000000
0.0000000000
0.0000000000
0.0000000000
0.2773437500
0.0000000000
0.0000000000
0.0000000000
0.0000000000
0.0000000000
0.0000000000
0.0000000000
0.0891113281
0.0124282837
0.0000000000
0.2807617188
0.0000000000
0.0000000000
0.0000000000
0.2885742188
0.0000000000
0.0000000000
0.0000000000
0.0000000000
0.0000000000
0.0000000000
0.0000000000
0.0000000000
0.0891113281
0.0126190186
0.2900390625
0.0000000000
0.0000000000
0.0000000000
0.0000000000
0.2885742188
0.0000000000
0.0000000000
0.0000000000
0.0000000000
0.0000000000
0.0000000000
0.0000000000
0.0000000000
0.0891113281
0.0126342773
0.2900390625
0.0000000000
0.0000000000
0.0000000000
0.0000000000
0.0000000000
0.0000000000
0.0000000000
0.0000000000
0.0000000000
0.0000000000
0.3535156250
0.0000000000
0.0000000000
0.0891113281
0.0127487183
0.0000000000
0.0000000000
0.0000000000
0.0000000000
0.0000000000
0.0000000000
0.0000000000
0.0000000000
0.0000000000
0.0000000000
0.0000000000
0.3535156250
0.0000000000
0.0000000000
0.0891113281
0.0127716064
0.0000000000
0.0000000000
0.0000000000
0.0000000000
0.0000000000
0.0000000000
0.0000000000
0.1856689453
0.0000000000
0.0000000000
0.0000000000
0.0000000000
0.0000000000
0.0000000000
0.0891113281
0.0129928589
0.0000000000
0.0000000000
0.1853027344
0.0000000000
0.0000000000
0.0000000000
0.0000000000
0.1856689453
0.0000000000
0.0000000000
0.0000000000
0.0000000000
0.0000000000
0.0000000000
0.0891113281
0.0130081177
0.0000000000
0.0000000000
0.1853027344
0.0000000000
0.0000000000
0.0000000000
0.0000000000
0.0000000000
0.0000000000
0.0000000000
0.0000000000
0.0000000000
0.0000000000
0.3161621094
0.0891113281
0.0131835938
0.0000000000
0.0000000000
0.0000000000
0.0000000000
0.0000000000
0.0786743164
0.0000000000
0.0000000000
0.0000000000
0.0000000000
0.0000000000
0.0000000000
0.0000000000
0.0000000000
0.0000000000
0.0000000000
0.0000000000
0.0000000000
0.0000000000
0.0000000000
0.0000000000
0.0789184570
0.0000000000
0.0000000000
0.0000000000
0.0000000000
0.0000000000
0.0000000000
0.0000000000
0.0000000000
0.0000000000
0.0000000000
0.0000000000
0.0000000000
0.0000000000
0.0000000000
0.0000000000
0.0789184570
0.0000000000
0.0000000000
0.0000000000
0.0000000000
0.0000000000
0.0000000000
0.0000000000
0.0000000000
0.0000000000
0.0000000000
0.0000000000
0.0000000000
0.0000000000
0.0000000000
0.0000000000
0.0784912109
0.0000000000
0.0000000000
0.0000000000
0.0000000000
0.0000000000
0.0000000000
0.0000000000
0.0000000000
0.0000000000
0.0000000000
0.0000000000
0.0000000000
0.0000000000
0.0000000000
0.0000000000
0.0784912109
0.0000000000
0.0000000000
0.0000000000
0.0000000000
0.0000000000
0.0000000000
0.0000000000
0.0000000000
0.0000000000
0.0000000000
0.0000000000
0.0000000000
0.0000000000
0.0000000000
0.0000000000
0.0783081055
0.0000000000
0.0000000000
0.0000000000
0.0000000000
0.0000000000
0.0000000000
0.0000000000
0.0000000000
0.0000000000
0.0000000000
0.0000000000
0.0000000000
0.0000000000
0.0000000000
0.0000000000
0.0783081055
0.0000000000
0.0000000000
0.0000000000
0.0000000000
0.0000000000
0.0000000000
0.0000000000
0.0000000000
0.0000000000
0.0000000000
0.0000000000
0.0000000000
0.0000000000
0.0000000000
0.0000000000
0.0778808594
0.0000000000
0.0000000000
0.0000000000
0.0000000000
0.0000000000
0.0000000000
0.0000000000
0.0000000000
0.0000000000
0.0000000000
0.0000000000
0.0000000000
0.0000000000
0.0000000000
0.0000000000
0.0778808594
0.0000000000
0.0000000000
0.0000000000
0.0000000000
0.0000000000
0.0000000000
0.0000000000
0.0000000000
0.0000000000
0.0000000000
0.0000000000
0.0000000000
0.0000000000
0.0000000000
0.0000000000
0.0769653320
0.0000000000
0.0000000000
0.0000000000
0.0000000000
0.0000000000
0.0000000000
0.0000000000
0.0000000000
0.0000000000
0.0000000000
0.0000000000
0.0000000000
0.0000000000
0.0000000000
0.0000000000
0.0769653320
0.0000000000
0.0000000000
0.0000000000
0.0000000000
0.0000000000
0.0000000000
0.0000000000
0.0000000000
0.0000000000
0.0000000000
0.0000000000
0.0000000000
0.0000000000
0.0000000000
0.0000000000
0.0753784180
0.0000000000
0.0000000000
0.0000000000
0.0000000000
0.0000000000
0.0000000000
0.0000000000
0.0000000000
0.0000000000
0.0000000000
0.0000000000
0.0000000000
0.0000000000
0.0000000000
0.0000000000
0.0753784180
0.0000000000
0.0000000000
0.0000000000
0.0000000000
0.0000000000
0.0000000000
0.0000000000
0.0000000000
0.0000000000
0.0000000000
0.0000000000
0.0000000000
0.0000000000
0.0000000000
0.0000000000
0.0757446289
0.0000000000
0.0000000000
0.0000000000
0.0000000000
0.0000000000
0.0000000000
0.0000000000
0.0000000000
0.0000000000
0.0000000000
0.0000000000
0.0000000000
0.0000000000
0.0000000000
0.0000000000
0.0757446289
0.0000000000
0.0000000000
0.0000000000
0.0000000000
0.0000000000
0.0000000000
0.0000000000
0.0000000000
0.0000000000
0.0000000000
0.0000000000
0.0000000000
0.0000000000
0.0000000000
0.0000000000
0.0763549805
0.0000000000
0.0000000000
0.0000000000
0.0000000000
0.0000000000
0.0000000000
0.0000000000
0.0000000000
0.0000000000
0.0000000000
0.0000000000
0.0000000000
0.0000000000
0.0000000000
0.0000000000
0.0000000000
0.0000000000
0.0000000000
0.3161621094
0.0000000000
0.0891113281
0.0132064819
0.0000000000
0.0763549805
0.0000000000
0.0000000000
0.0000000000
0.0000000000
0.0000000000
0.0000000000
0.0000000000
0.3332519531
0.0000000000
0.0000000000
0.0000000000
0.0000000000
0.0891113281
0.0133743286
0.0000000000
0.0766601562
0.0000000000
0.0000000000
0.0000000000
0.0000000000
0.0000000000
0.0000000000
0.0000000000
0.3332519531
0.0000000000
0.0000000000
0.0000000000
0.0000000000
0.0891113281
0.0133972168
0.0000000000
0.0766601562
0.0000000000
0.0000000000
0.0000000000
0.0000000000
0.0000000000
0.0000000000
0.0000000000
0.0000000000
0.0000000000
0.0000000000
0.3161621094
0.0000000000
0.0891113281
0.0135345459
0.0000000000
0.0763549805
0.0000000000
0.0000000000
0.0000000000
0.0000000000
0.0000000000
0.0000000000
0.0000000000
0.0000000000
0.0000000000
0.0000000000
0.3161621094
0.0000000000
0.0891113281
0.0135650635
0.0000000000
0.0763549805
0.0000000000
0.0000000000
0.0000000000
0.0000000000
0.0000000000
0.0000000000
0.0000000000
0.0000000000
0.1856689453
0.0000000000
0.0000000000
0.0000000000
0.0891113281
0.0137023926
0.1853027344
0.0757446289
0.0000000000
0.0000000000
0.0000000000
0.0000000000
0.0000000000
0.0000000000
0.0000000000
0.0000000000
0.1856689453
0.0000000000
0.0000000000
0.0000000000
0.0891113281
0.0137405396
0.1853027344
0.0757446289
0.0000000000
0.0000000000
0.0000000000
0.0000000000
0.0000000000
0.0000000000
0.0000000000
0.0000000000
0.0000000000
0.2583007812
0.0000000000
0.0000000000
0.0891113281
0.0139083862
0.0000000000
0.0757446289
0.0000000000
0.0000000000
0.0000000000
0.0000000000
0.0000000000
0.0000000000
0.0000000000
0.0000000000
0.0000000000
0.2583007812
0.0000000000
0.0000000000
0.0891113281
0.0147933960
0.0000000000
0.0757446289
0.0000000000
0.0000000000
0.0000000000
0.0000000000
0.0000000000
0.0000000000
0.0000000000
0.0000000000
0.0000000000
0.2583007812
0.0000000000
0.0000000000
0.0891113281
0.0152282715
0.0000000000
0.0757446289
0.0000000000
0.0000000000
0.0000000000
0.0000000000
0.0000000000
0.0000000000
0.0000000000
0.0000000000
0.0000000000
0.2583007812
0.0000000000
0.0000000000
0.0891113281
0.0189361572
0.0000000000
0.0757446289
0.0000000000
0.0000000000
0.0000000000
0.0000000000
0.0000000000
0.0000000000
0.0000000000
0.0000000000
0.0000000000
0.2583007812
0.0000000000
0.0000000000
0.0891113281
0.0192565918
0.0000000000
0.0757446289
0.0000000000
0.0000000000
0.0000000000
0.0000000000
0.0000000000
0.0000000000
0.0000000000
0.0000000000
0.1856689453
0.0000000000
0.0000000000
0.0000000000
0.0891113281
0.0193176270
0.1853027344
0.0757446289
0.0000000000
0.0000000000
0.0000000000
0.0000000000
0.0000000000
0.0000000000
0.0000000000
0.0000000000
0.1856689453
0.0000000000
0.0000000000
0.0000000000
0.0891113281
0.0193328857
0.1853027344
0.0757446289
0.0000000000
0.0000000000
0.0000000000
0.0000000000
0.0000000000
0.0000000000
0.0000000000
0.0000000000
0.0000000000
0.0000000000
0.0000000000
0.5000000000
0.0891113281
0.0195312500
0.0000000000
0.0756835938
0.0000000000
0.0000000000
0.0000000000
0.0000000000
0.0000000000
0.0000000000
0.0000000000
0.0000000000
0.0000000000
0.0000000000
0.0000000000
0.5000000000
0.0891113281
0.0195617676
0.0000000000
0.0756835938
0.0000000000
0.0000000000
0.0000000000
0.0000000000
0.0000000000
0.0000000000
0.0000000000
0.0000000000
0.0000000000
0.0000000000
0.0000000000
0.1856689453
0.0000000000
0.0000000000
0.0891113281
0.0196228027
0.0000000000
0.0000000000
0.0000000000
0.1853027344
0.0000000000
0.0757446289
0.0000000000
0.0000000000
0.0000000000
0.0000000000
0.0000000000
0.1856689453
0.0000000000
0.0000000000
0.0891113281
0.0196533203
0.0000000000
0.0000000000
0.0000000000
0.1853027344
0.0000000000
0.0757446289
0.0000000000
0.0000000000
0.0000000000
0.0000000000
0.0000000000
0.1856689453
0.0000000000
0.0000000000
0.0891113281
0.0200653076
0.0000000000
0.0000000000
0.0000000000
0.1853027344
0.0000000000
0.0757446289
0.0000000000
0.0000000000
0.0000000000
0.0000000000
0.0000000000
0.1856689453
0.0000000000
0.0000000000
0.0891113281
0.0200805664
0.0000000000
0.0000000000
0.0000000000
0.1853027344
0.0000000000
0.0757446289
0.0000000000
0.0000000000
0.0000000000
0.0000000000
0.0000000000
0.0000000000
0.3161621094
0.0000000000
0.0891113281
0.0201873779
0.0000000000
0.0000000000
0.0000000000
0.0000000000
0.0000000000
0.0763549805
0.0000000000
0.0000000000
0.0000000000
0.0000000000
0.0000000000
0.0000000000
0.3161621094
0.0000000000
0.0891113281
0.0202178955
0.0000000000
0.0000000000
0.0000000000
0.0000000000
0.0000000000
0.0763549805
0.0000000000
0.0000000000
0.0000000000
0.0000000000
0.0000000000
0.0000000000
0.0000000000
0.3779296875
0.0891113281
0.0202484131
0.0000000000
0.0000000000
0.0000000000
0.0000000000
0.3764648438
0.0764160156
0.0000000000
0.0000000000
0.0000000000
0.0000000000
0.0000000000
0.0000000000
0.0000000000
0.3779296875
0.0891113281
0.0202636719
0.0000000000
0.0000000000
0.0000000000
0.0000000000
0.3764648438
0.0764160156
0.0000000000
0.0000000000
0.0000000000
0.0000000000
0.3332519531
0.0000000000
0.0000000000
0.0000000000
0.0891113281
0.0204010010
0.0000000000
0.0000000000
0.0000000000
0.0000000000
0.0000000000
0.0766601562
0.0000000000
0.0000000000
0.0000000000
0.0000000000
0.3332519531
0.0000000000
0.0000000000
0.0000000000
0.0891113281
0.0204315186
0.0000000000
0.0000000000
0.0000000000
0.0000000000
0.0000000000
0.0766601562
0.0000000000
0.0000000000
0.3332519531
0.0000000000
0.0000000000
0.0000000000
0.0000000000
0.0000000000
0.0891113281
0.0205230713
0.0000000000
0.3364257812
0.0000000000
0.0000000000
0.0000000000
0.0766601562
0.0000000000
0.0000000000
0.3332519531
0.0000000000
0.0000000000
0.0000000000
0.0000000000
0.0000000000
0.0891113281
0.0205383301
0.0000000000
0.3364257812
0.0000000000
0.0000000000
0.0000000000
0.0766601562
0.0000000000
0.0000000000
0.0000000000
0.3161621094
0.0000000000
0.0000000000
0.0000000000
0.0000000000
0.0891113281
0.0207214355
0.0000000000
0.0000000000
0.3127441406
0.0000000000
0.0000000000
0.0765380859
0.0000000000
0.0000000000
0.0000000000
0.3161621094
0.0000000000
0.0000000000
0.0000000000
0.0000000000
0.0891113281
0.0207519531
0.0000000000
0.0000000000
0.3127441406
0.0000000000
0.0000000000
0.0765380859
0.0000000000
0.2885742188
0.0000000000
0.0000000000
0.0000000000
0.0000000000
0.0000000000
0.0000000000
0.0891113281
0.0209350586
0.2890625000
0.0000000000
0.0000000000
0.0000000000
0.0000000000
0.0787963867
0.0000000000
0.2885742188
0.0000000000
0.0000000000
0.0000000000
0.0000000000
0.0000000000
0.0000000000
0.0891113281
0.0209655762
0.2890625000
0.0000000000
0.0000000000
0.0000000000
0.0000000000
0.0787963867
0.0000000000
0.2885742188
0.0000000000
0.0000000000
0.0000000000
0.0000000000
0.0000000000
0.0000000000
0.0000000000
0.0891113281
0.0212860107
0.2890625000
0.0000000000
0.0000000000
0.0000000000
0.0000000000
0.0787963867
0.2885742188
0.0000000000
0.0000000000
0.0000000000
0.0000000000
0.0000000000
0.0000000000
0.0000000000
0.0891113281
0.0213165283
0.2890625000
0.0000000000
0.0000000000
0.0000000000
0.0000000000
0.0787963867
0.0000000000
0.0000000000
0.3161621094
0.0000000000
0.0000000000
0.0000000000
0.0000000000
0.0000000000
0.0891113281
0.0214691162
0.0000000000
0.0000000000
0.3127441406
0.0000000000
0.0000000000
0.0765380859
0.0000000000
0.0000000000
0.3161621094
0.0000000000
0.0000000000
0.0000000000
0.0000000000
0.0000000000
0.0891113281
0.0214996338
0.0000000000
0.0000000000
0.3127441406
0.0000000000
0.0000000000
0.0765380859
0.0000000000
0.3332519531
0.0000000000
0.0000000000
0.0000000000
0.0000000000
0.0000000000
0.0000000000
0.0891113281
0.0216674805
0.0000000000
0.3364257812
0.0000000000
0.0000000000
0.0000000000
0.0766601562
0.0000000000
0.3332519531
0.0000000000
0.0000000000
0.0000000000
0.0000000000
0.0000000000
0.0000000000
0.0891113281
0.0216979980
0.0000000000
0.3364257812
0.0000000000
0.0000000000
0.0000000000
0.0766601562
0.0000000000
0.0000000000
0.0000000000
0.3332519531
0.0000000000
0.0000000000
0.0000000000
0.0000000000
0.0891113281
0.0217895508
0.0000000000
0.0000000000
0.0000000000
0.0000000000
0.0000000000
0.0766601562
0.0000000000
0.0000000000
0.0000000000
0.3332519531
0.0000000000
0.0000000000
0.0000000000
0.0000000000
0.0891113281
0.0218200684
0.0000000000
0.0000000000
0.0000000000
0.0000000000
0.0000000000
0.0766601562
0.0000000000
0.0000000000
0.0000000000
0.0000000000
0.0000000000
0.3161621094
0.0000000000
0.0000000000
0.0891113281
0.0219421387
0.0000000000
0.0000000000
0.0000000000
0.0000000000
0.0000000000
0.0763549805
0.0000000000
0.0000000000
0.0000000000
0.0000000000
0.0000000000
0.3161621094
0.0000000000
0.0000000000
0.0891113281
0.0219726562
0.0000000000
0.0000000000
0.0000000000
0.0000000000
0.0000000000
0.0763549805
0.0000000000
0.0000000000
0.0000000000
0.0000000000
0.0000000000
0.0000000000
0.0000000000
0.3779296875
0.0891113281
0.0220184326
0.0000000000
0.0000000000
0.0000000000
0.0000000000
0.3764648438
0.0763549805
0.0000000000
0.0000000000
0.0000000000
0.0000000000
0.0000000000
0.0000000000
0.0000000000
0.3779296875
0.0891113281
0.0220336914
0.0000000000
0.0000000000
0.0000000000
0.0000000000
0.3764648438
0.0763549805
0.0000000000
0.0000000000
0.0000000000
0.0000000000
0.1856689453
0.0000000000
0.0000000000
0.0000000000
0.0891113281
0.0221405029
0.0000000000
0.0000000000
0.0000000000
0.1853027344
0.0000000000
0.0757446289
0.0000000000
0.0000000000
0.0000000000
0.0000000000
0.1856689453
0.0000000000
0.0000000000
0.0000000000
0.0891113281
0.0221710205
0.0000000000
0.0000000000
0.0000000000
0.1853027344
0.0000000000
0.0757446289
0.0000000000
0.0000000000
0.0000000000
0.0000000000
0.0000000000
0.0000000000
0.5000000000
0.0000000000
0.0891113281
0.0222473145
0.0000000000
0.0000000000
0.0000000000
0.0000000000
0.0000000000
0.0756835938
0.0000000000
0.0000000000
0.0000000000
0.0000000000
0.0000000000
0.0000000000
0.5000000000
0.0000000000
0.0891113281
0.0222778320
0.0000000000
0.0000000000
0.0000000000
0.0000000000
0.0000000000
0.0756835938
0.0000000000
0.0000000000
0.1856689453
0.0000000000
0.0000000000
0.0000000000
0.0891113281
0.0223541260
0.0000000000
0.0000000000
0.1853027344
0.0757446289
0.0000000000
0.0000000000
0.0000000000
0.0000000000
0.0000000000
0.0000000000
0.1856689453
0.0000000000
0.0000000000
0.0000000000
0.0891113281
0.0223999023
0.0000000000
0.0000000000
0.1853027344
0.0757446289
0.0000000000
0.0000000000
0.0000000000
0.0000000000
0.0000000000
0.0000000000
0.1856689453
0.0000000000
0.0000000000
0.0000000000
0.0891113281
0.0226745605
0.0000000000
0.0000000000
0.1853027344
0.0757446289
0.0000000000
0.0000000000
0.0000000000
0.0000000000
0.0000000000
0.2773437500
0.0000000000
0.0000000000
0.0000000000
0.0000000000
0.0891113281
0.0230102539
0.0000000000
0.2807617188
0.0000000000
0.0778808594
0.0000000000
0.0000000000
0.0000000000
0.0000000000
0.0000000000
0.2773437500
0.0000000000
0.0000000000
0.0000000000
0.0000000000
0.0891113281
0.0230255127
0.0000000000
0.2807617188
0.0000000000
0.0778808594
0.0000000000
0.0000000000
0.0000000000
0.0000000000
0.0000000000
0.0000000000
0.0000000000
0.3161621094
0.0000000000
0.0000000000
0.0891113281
0.0231628418
0.0000000000
0.0000000000
0.0000000000
0.0783081055
0.0000000000
0.0000000000
0.0000000000
0.0000000000
0.0000000000
0.0000000000
0.0000000000
0.3161621094
0.0000000000
0.0000000000
0.0891113281
0.0231781006
0.0000000000
0.0000000000
0.0000000000
0.0783081055
0.0000000000
0.0000000000
0.0000000000
0.0000000000
0.0000000000
0.0000000000
0.0000000000
0.0000000000
0.3161621094
0.0000000000
0.0891113281
0.0233459473
0.0000000000
0.0000000000
0.0000000000
0.0784912109
0.0000000000
0.0000000000
0.0000000000
0.0000000000
0.0000000000
0.0000000000
0.0000000000
0.0000000000
0.3161621094
0.0000000000
0.0891113281
0.0233764648
0.0000000000
0.0000000000
0.0000000000
0.0784912109
0.0000000000
0.0000000000
0.0000000000
0.0000000000
0.0000000000
0.2773437500
0.0000000000
0.0000000000
0.0000000000
0.0000000000
0.0891113281
0.0236053467
0.0000000000
0.2807617188
0.0000000000
0.0778808594
0.0000000000
0.0000000000
0.0000000000
0.0000000000
0.2885742188
0.0000000000
0.0000000000
0.0000000000
0.0000000000
0.0000000000
0.0891113281
0.0237426758
0.2900390625
0.0000000000
0.0000000000
0.0769653320
0.0000000000
0.0000000000
0.0000000000
0.0000000000
0.2885742188
0.0000000000
0.0000000000
0.0000000000
0.0000000000
0.0000000000
0.0891113281
0.0237579346
0.2900390625
0.0000000000
0.0000000000
0.0769653320
0.0000000000
0.0000000000
0.0000000000
0.0000000000
0.0000000000
0.0000000000
0.1856689453
0.0000000000
0.0000000000
0.0000000000
0.0891113281
0.0239257812
0.0000000000
0.0000000000
0.1853027344
0.0757446289
0.0000000000
0.0000000000
0.0000000000
0.0000000000
0.0000000000
0.0000000000
0.1856689453
0.0000000000
0.0000000000
0.0000000000
0.0891113281
0.0239562988
0.0000000000
0.0000000000
0.1853027344
0.0757446289
0.0000000000
0.0000000000
0.0000000000
0.0000000000
0.0000000000
0.0000000000
0.0000000000
0.0000000000
0.0000000000
0.2583007812
0.0891113281
0.0240631104
0.0000000000
0.0000000000
0.0000000000
0.0757446289
0.0000000000
0.0000000000
0.0000000000
0.0000000000
0.0000000000
0.0000000000
0.0000000000
0.0000000000
0.0000000000
0.2583007812
0.0891113281
0.0248260498
0.0000000000
0.0000000000
0.0000000000
0.0757446289
0.0000000000
0.0000000000
0.0000000000
0.0000000000
0.0000000000
0.0000000000
0.0000000000
0.0000000000
0.2583007812
0.0000000000
0.0000000000
0.0891113281
0.0254516602
0.0000000000
0.0000000000
0.0000000000
0.0757446289
0.0000000000
0.0000000000
0.0000000000
0.0000000000
0.0000000000
0.0000000000
0.0000000000
0.2583007812
0.0000000000
0.0000000000
0.0891113281
0.0291442871
0.0000000000
0.0000000000
0.0000000000
0.0757446289
0.0000000000
0.0000000000
0.0000000000
0.0000000000
0.0000000000
0.0000000000
0.0000000000
0.2583007812
0.0000000000
0.0000000000
0.0891113281
0.0294189453
0.0000000000
0.0000000000
0.0000000000
0.0757446289
0.0000000000
0.0000000000
0.0000000000
0.0000000000
0.0000000000
0.1856689453
0.0000000000
0.0000000000
0.0000000000
0.0000000000
0.0891113281
0.0294799805
0.0000000000
0.1853027344
0.0000000000
0.0757446289
0.0000000000
0.0000000000
0.0000000000
0.0000000000
0.0000000000
0.1856689453
0.0000000000
0.0000000000
0.0000000000
0.0000000000
0.0891113281
0.0295104980
0.0000000000
0.1853027344
0.0000000000
0.0757446289
0.0000000000
0.0000000000
0.0000000000
0.0000000000
0.0000000000
0.0000000000
0.3535156250
0.0000000000
0.0000000000
0.0000000000
0.0891113281
0.0296020508
0.0000000000
0.0000000000
0.0000000000
0.0753784180
0.0000000000
0.0000000000
0.0000000000
0.0000000000
0.0000000000
0.0000000000
0.3535156250
0.0000000000
0.0000000000
0.0000000000
0.0891113281
0.0296173096
0.0000000000
0.0000000000
0.0000000000
0.0753784180
0.0000000000
0.0000000000
0.0000000000
0.0000000000
0.0000000000
0.1856689453
0.0000000000
0.0000000000
0.0000000000
0.0000000000
0.0891113281
0.0297088623
0.0000000000
0.1853027344
0.0000000000
0.0757446289
0.0000000000
0.0000000000
0.0000000000
0.0000000000
0.0000000000
0.1856689453
0.0000000000
0.0000000000
0.0000000000
0.0000000000
0.0891113281
0.0297241211
0.0000000000
0.1853027344
0.0000000000
0.0757446289
0.0000000000
0.0000000000
0.0000000000
0.0000000000
0.0000000000
0.0000000000
0.0000000000
0.0000000000
0.3161621094
0.0000000000
0.0891113281
0.0298461914
0.0000000000
0.0000000000
0.0000000000
0.0763549805
0.0000000000
0.0000000000
0.0000000000
0.0000000000
0.0000000000
0.0000000000
0.0000000000
0.0000000000
0.3161621094
0.0000000000
0.0891113281
0.0298614502
0.0000000000
0.0000000000
0.0000000000
0.0763549805
0.0000000000
0.0000000000
0.0000000000
0.0000000000
0.0000000000
0.0000000000
0.0000000000
0.0000000000
0.0000000000
0.3779296875
0.0891113281
0.0299072266
0.0000000000
0.0000000000
0.3764648438
0.0764160156
0.0000000000
0.0000000000
0.0000000000
0.0000000000
0.0000000000
0.0000000000
0.0000000000
0.0000000000
0.0000000000
0.3779296875
0.0891113281
0.0299377441
0.0000000000
0.0000000000
0.3764648438
0.0763549805
0.0000000000
0.0000000000
0.0000000000
0.0000000000
0.3332519531
0.0000000000
0.0000000000
0.0000000000
0.0000000000
0.0000000000
0.0891113281
0.0300598145
0.0000000000
0.0000000000
0.0000000000
0.0766601562
0.0000000000
0.0000000000
0.0000000000
0.0000000000
0.3332519531
0.0000000000
0.0000000000
0.0000000000
0.0000000000
0.0000000000
0.0891113281
0.0300903320
0.0000000000
0.0000000000
0.0000000000
0.0766601562
0.0000000000
0.0000000000
0.0000000000
0.3332519531
0.0000000000
0.0000000000
0.0000000000
0.0000000000
0.0000000000
0.0000000000
0.0891113281
0.0301818848
0.3364257812
0.0000000000
0.0000000000
0.0766601562
0.0000000000
0.0000000000
0.0000000000
0.0000000000
0.0000000000
0.0000000000
0.3332519531
0.0000000000
0.0891113281
0.0000000000
0.0302124023
0.0000000000
0.0000000000
0.0000000000
0.0000000000
0.3364257812
0.0000000000
0.0766601562
0.0000000000
0.0000000000
0.0000000000
0.0000000000
0.0000000000
0.3161621094
0.0891113281
0.0000000000
0.0303802490
0.0000000000
0.0000000000
0.0000000000
0.0000000000
0.0000000000
0.3127441406
0.0765380859
0.0000000000
0.0000000000
0.0000000000
0.0000000000
0.0000000000
0.3161621094
0.0891113281
0.0000000000
0.0304107666
0.0000000000
0.0000000000
0.0000000000
0.0000000000
0.0000000000
0.3127441406
0.0765380859
0.0000000000
0.0000000000
0.0000000000
0.2885742188
0.0000000000
0.0000000000
0.0891113281
0.0000000000
0.0306243896
0.0000000000
0.0000000000
0.0000000000
0.2890625000
0.0000000000
0.0000000000
0.0787963867
0.0000000000
0.0000000000
0.0000000000
0.2885742188
0.0000000000
0.0000000000
0.0891113281
0.0000000000
0.0306396484
0.0000000000
0.0000000000
0.0000000000
0.2890625000
0.0000000000
0.0000000000
0.0787963867
0.0000000000
0.0000000000
0.2041015625
0.0000000000
0.0000000000
0.0000000000
0.0891113281
0.0000000000
0.3676757812
0.0000000000
0.0000000000
0.2159423828
0.0000000000
0.0000000000
0.0000000000
0.0753784180
0.0000000000
0.1961669922
0.0000000000
0.0000000000
0.0000000000
0.0000000000
0.0891113281
0.0000000000
0.3679199219
0.0000000000
0.2103271484
0.0000000000
0.0000000000
0.0000000000
0.0000000000
0.0765991211
0.0000000000
0.0000000000
0.2041015625
0.0000000000
0.0000000000
0.0000000000
0.0891113281
0.0000000000
0.3679199219
0.0000000000
0.0000000000
0.2159423828
0.0000000000
0.0000000000
0.0000000000
0.0753784180
0.0000000000
0.1961669922
0.0000000000
0.0000000000
0.0000000000
0.0000000000
0.0891113281
0.0000000000
0.3681640625
0.0000000000
0.2103271484
0.0000000000
0.0000000000
0.0000000000
0.0000000000
0.0765991211
0.0000000000
0.0000000000
0.2041015625
0.0000000000
0.0000000000
0.0000000000
0.0891113281
0.0000000000
0.3684082031
0.0000000000
0.0000000000
0.2159423828
0.0000000000
0.0000000000
0.0000000000
0.0753784180
0.0000000000
0.1961669922
0.0000000000
0.0000000000
0.0000000000
0.0000000000
0.0891113281
0.0000000000
0.3684082031
0.0000000000
0.2103271484
0.0000000000
0.0000000000
0.0000000000
0.0000000000
0.0765991211
0.0000000000
0.0000000000
0.2041015625
0.0000000000
0.0000000000
0.0000000000
0.0891113281
0.0000000000
0.3686523438
0.0000000000
0.0000000000
0.2159423828
0.0000000000
0.0000000000
0.0000000000
0.0753784180
0.0000000000
0.0000000000
0.2041015625
0.0000000000
0.0000000000
0.0000000000
0.0000000000
0.0863647461
0.0000000000
0.0000000000
0.0000000000
0.2216796875
0.0000000000
0.0000000000
0.0000000000
0.0000000000
0.0556335449
0.1961669922
0.0000000000
0.0000000000
0.0000000000
0.0000000000
0.0000000000
0.0863647461
0.0000000000
0.0000270605
0.2159423828
0.0000000000
0.0000000000
0.0000000000
0.0000000000
0.0000000000
0.0565490723
0.0000000000
0.2041015625
0.0000000000
0.0000000000
0.0000000000
0.0000000000
0.0863647461
0.0000000000
0.0000541210
0.0000000000
0.2216796875
0.0000000000
0.0000000000
0.0000000000
0.0000000000
0.0556335449
0.1961669922
0.0000000000
0.0000000000
0.0000000000
0.0000000000
0.0000000000
0.0863647461
0.0000000000
0.0000796914
0.2159423828
0.0000000000
0.0000000000
0.0000000000
0.0000000000
0.0000000000
0.0565490723
0.0000000000
0.0000000000
0.2041015625
0.0000000000
0.0000000000
0.0000000000
0.0863647461
0.0001052618
0.0000000000
0.2216796875
0.0000000000
0.0556335449
0.0000000000
0.0000000000
0.0000000000
0.0000000000
0.0000000000
0.1961669922
0.0000000000
0.0000000000
0.0000000000
0.0000000000
0.0863647461
0.0001353025
0.2159423828
0.0000000000
0.0000000000
0.0565490723
0.0000000000
0.0000000000
0.0000000000
0.0000000000
0.1889648438
0.0000000000
0.0000000000
0.0000000000
0.0000000000
0.0000000000
0.0863647461
0.0244598389
0.0000000000
0.0000000000
0.0000000000
0.0562133789
0.0000000000
0.0000000000
0.0000000000
0.0000000000
0.1889648438
0.0000000000
0.0000000000
0.0000000000
0.0000000000
0.0000000000
0.0863647461
0.0260009766
0.0000000000
0.0000000000
0.0000000000
0.0562133789
0.0000000000
0.0000000000
0.0000000000
0.0000000000
0.1889648438
0.0000000000
0.0000000000
0.0000000000
0.0000000000
0.0000000000
0.0863647461
0.0281219482
0.0000000000
0.0000000000
0.0000000000
0.0562133789
0.0000000000
0.0000000000
0.0000000000
0.0000000000
0.0000000000
0.1961669922
0.0000000000
0.0000000000
0.0000000000
0.0000000000
0.0863647461
0.0281524658
0.2159423828
0.0000000000
0.0000000000
0.0565490723
0.0000000000
0.0000000000
0.0000000000
0.0000000000
0.0000000000
0.0000000000
0.2041015625
0.0000000000
0.0000000000
0.0000000000
0.0863647461
0.0281982422
0.0000000000
0.2216796875
0.0000000000
0.0556335449
0.0000000000
0.0000000000
0.0000000000
0.0000000000
0.0000000000
0.1961669922
0.0000000000
0.0000000000
0.0000000000
0.0000000000
0.0863647461
0.0282287598
0.2159423828
0.0000000000
0.0000000000
0.0565490723
0.0000000000
0.0000000000
0.0000000000
0.0000000000
0.0000000000
0.0000000000
0.2041015625
0.0000000000
0.0000000000
0.0000000000
0.0863647461
0.0282592773
0.0000000000
0.2216796875
0.0000000000
0.0556335449
0.0000000000
0.0000000000
0.0000000000
0.0000000000
0.0000000000
0.1961669922
0.0000000000
0.0000000000
0.0000000000
0.0000000000
0.0863647461
0.0282897949
0.2159423828
0.0000000000
0.0000000000
0.0565490723
0.0000000000
0.0000000000
0.0000000000
0.0000000000
0.0000000000
0.0000000000
0.2041015625
0.0000000000
0.0000000000
0.0000000000
0.0863647461
0.0283203125
0.0000000000
0.2216796875
0.0000000000
0.0556335449
0.0000000000
0.0000000000
0.0000000000
0.0000000000
0.1889648438
0.0000000000
0.0000000000
0.0000000000
0.0000000000
0.0000000000
0.0863647461
0.0303649902
0.0000000000
0.0000000000
0.0000000000
0.0562133789
0.0000000000
0.0000000000
0.0000000000
0.0000000000
0.1889648438
0.0000000000
0.0000000000
0.0000000000
0.0000000000
0.0000000000
0.0863647461
0.0310058594
0.0000000000
0.0000000000
0.0000000000
0.0562133789
0.0000000000
0.0000000000
0.0000000000
0.0000000000
0.0000000000
0.0000000000
0.0000000000
0.5000000000
0.0000000000
0.0000000000
0.0863647461
0.0370483398
0.0000000000
0.0000000000
0.4926757812
0.0561523438
0.0000000000
0.0000000000
0.0000000000
0.0000000000
0.0000000000
0.0000000000
0.0000000000
0.0000000000
0.7070312500
0.0000000000
0.0863647461
0.0371093750
0.0000000000
0.0000000000
0.0000000000
0.0560607910
0.0000000000
0.0000000000
0.0000000000
0.0000000000
0.0000000000
0.0000000000
0.0000000000
0.0000000000
0.0000000000
0.7070312500
0.0863647461
0.0371398926
0.0000000000
0.0000000000
0.0000000000
0.0567626953
0.0000000000
0.0000000000
0.0000000000
0.0000000000
0.0000000000
0.7070312500
0.0000000000
0.0000000000
0.0000000000
0.0000000000
0.0000000000
0.0000000000
0.0000000000
0.0000000000
0.0000000000
0.0000000000
0.0000000000
0.0000000000
0.0863647461
0.0372009277
0.0000000000
0.0000000000
0.7070312500
0.0000000000
0.0000000000
0.0000000000
0.0000000000
0.0000000000
0.0000000000
0.0000000000
0.0000000000
0.0000000000
0.0000000000
0.0000000000
0.0863647461
0.0372314453
0.0000000000
0.0000000000
0.0000000000
0.7070312500
0.0000000000
0.0000000000
0.0000000000
0.0000000000
0.0000000000
0.0000000000
0.0000000000
0.0000000000
0.0000000000
0.0000000000
0.0863647461
0.0372619629
0.0000000000
0.0000000000
0.0000000000
0.0000000000
0.7070312500
0.0000000000
0.0000000000
0.0000000000
0.0000000000
0.0000000000
0.0000000000
0.0000000000
0.0000000000
0.0000000000
0.0863647461
0.0372924805
0.0000000000
0.0000000000
0.0000000000
0.0000000000
0.0000000000
1.0000000000
0.0000000000
0.0000000000
0.0000000000
0.0000000000
0.0000000000
0.0000000000
0.0000000000
0.0000000000
0.0863647461
0.0373840332
0.0000000000
0.0000000000
0.0000000000
0.0000000000
0.0000000000
0.0000000000
0.7070312500
0.0000000000
0.0000000000
0.0000000000
0.0000000000
0.0000000000
0.0000000000
0.0000000000
0.0863647461
0.0374450684
0.0000000000
0.0000000000
0.0000000000
0.0000000000
0.0000000000
0.0000000000
0.0000000000
1.0000000000
0.0000000000
0.0000000000
0.0000000000
0.0000000000
0.0000000000
0.0000000000
0.0863647461
0.0374755859
0.0000000000
0.0000000000
0.0000000000
0.0000000000
0.0000000000
0.0000000000
0.0000000000
0.0000000000
0.7070312500
0.0000000000
0.0000000000
0.0000000000
0.0000000000
0.0000000000
0.0863647461
0.0375061035
0.0000000000
0.0000000000
0.0000000000
0.0000000000
0.0000000000
0.0000000000
0.0000000000
0.0000000000
0.0000000000
0.7070312500
0.0000000000
0.0000000000
0.0000000000
0.0000000000
0.0863647461
0.0375366211
0.0000000000
0.0000000000
0.0000000000
0.0000000000
0.0000000000
0.0000000000
0.0000000000
0.0000000000
0.0000000000
0.0000000000
0.3779296875
0.0000000000
0.0000000000
0.0000000000
0.0863647461
0.0375976562
0.3332519531
0.0000000000
0.0000000000
0.0000000000
0.0000000000
0.0000000000
0.0000000000
0.0000000000
0.0000000000
0.0000000000
0.0000000000
0.0000000000
0.0000000000
0.0000000000
0.0863647461
0.0376281738
0.3332519531
0.0000000000
0.0000000000
0.0000000000
0.0000000000
0.0000000000
0.0000000000
0.0000000000
0.0000000000
0.0000000000
0.0000000000
0.0000000000
0.0000000000
0.0000000000
0.0863647461
0.0389404297
0.0000000000
0.0000000000
0.0000000000
0.0000000000
0.0000000000
0.0000000000
0.0000000000
0.0000000000
0.0000000000
0.0000000000
0.3779296875
0.0000000000
0.0000000000
0.0000000000
0.0863647461
0.0389709473
0.0000000000
0.0000000000
0.0000000000
0.0000000000
0.0000000000
0.0000000000
0.0000000000
0.0000000000
0.0000000000
0.0000000000
0.0000000000
0.4472656250
0.0000000000
0.0000000000
0.0863647461
0.0390625000
0.0000000000
0.0000000000
0.0000000000
0.0000000000
0.0000000000
0.0000000000
0.0000000000
0.0000000000
0.0000000000
0.0000000000
0.0000000000
0.0000000000
0.3535156250
0.0000000000
0.0863647461
0.0391235352
0.0000000000
0.0000000000
0.0000000000
0.0000000000
0.0000000000
0.0000000000
0.0000000000
0.0000000000
0.0000000000
0.0000000000
0.0000000000
0.0000000000
0.0000000000
0.5000000000
0.0863647461
0.0391845703
0.0000000000
0.0000000000
0.0000000000
0.0000000000
0.0000000000
0.0568847656
0.0000000000
0.0000000000
0.0000000000
0.0000000000
0.0000000000
0.0000000000
0.0000000000
0.0000000000
0.0000000000
0.0000000000
0.0000000000
0.0000000000
0.0000000000
0.0000000000
0.0000000000
0.0570373535
0.0000000000
0.0000000000
0.0000000000
0.0000000000
0.0000000000
0.0000000000
0.0000000000
0.0000000000
0.0000000000
0.0000000000
0.0000000000
0.0000000000
0.0000000000
0.0000000000
0.0000000000
0.0573425293
0.0000000000
0.0000000000
0.0000000000
0.0000000000
0.0000000000
0.0000000000
0.0000000000
0.0000000000
0.0000000000
0.0000000000
0.0000000000
0.0000000000
0.0000000000
0.0000000000
0.0000000000
0.0575561523
0.0000000000
0.0000000000
0.0000000000
0.0000000000
0.0000000000
0.0000000000
0.0000000000
0.0000000000
0.0000000000
0.0000000000
0.0000000000
0.0000000000
0.0000000000
0.0000000000
0.0000000000
0.0578002930
0.0000000000
0.0000000000
0.0000000000
0.0000000000
0.0000000000
0.0000000000
0.0000000000
0.0000000000
0.0000000000
0.0000000000
0.0000000000
0.0000000000
0.0000000000
0.0000000000
0.0000000000
0.0579223633
0.0000000000
0.0000000000
0.0000000000
0.0000000000
0.0000000000
0.0000000000
0.0000000000
0.0000000000
0.0000000000
0.0000000000
0.0000000000
0.0000000000
0.0000000000
0.0000000000
0.0000000000
0.0580749512
0.0000000000
0.0000000000
0.0000000000
0.0000000000
0.0000000000
0.0000000000
0.0000000000
0.0000000000
0.0000000000
0.0000000000
0.0000000000
0.0000000000
0.0000000000
0.0000000000
0.0000000000
0.0581970215
0.0000000000
0.0000000000
0.0000000000
0.0000000000
0.0000000000
0.0000000000
0.0000000000
0.0000000000
0.0000000000
0.0000000000
0.0000000000
0.0000000000
0.0000000000
0.0000000000
0.0000000000
0.0585937500
0.0000000000
0.0000000000
0.0000000000
0.0000000000
0.0000000000
0.0000000000
0.0000000000
0.0000000000
0.0000000000
0.0000000000
0.0000000000
0.3747558594
0.0000000000
0.0000000000
0.0000000000
0.0585021973
0.0000000000
0.0000000000
0.0000000000
0.0000000000
0.0000000000
0.0000000000
0.0000000000
0.0000000000
0.0000000000
0.0000000000
0.3388671875
0.0000000000
0.0000000000
0.0000000000
0.0000000000
0.0587463379
0.0000000000
0.0000000000
0.0000000000
0.0000000000
0.0000000000
0.0000000000
0.0000000000
0.0000000000
0.0000000000
0.0000000000
0.3388671875
0.0000000000
0.0000000000
0.0000000000
0.0000000000
0.0587463379
0.0000000000
0.0000000000
0.0000000000
0.0000000000
0.0000000000
0.0000000000
0.0000000000
0.0000000000
0.0000000000
0.0000000000
0.0000000000
0.3747558594
0.0000000000
0.0000000000
0.0000000000
0.0585021973
0.0000000000
0.0000000000
0.0000000000
0.0000000000
0.0000000000
0.0000000000
0.0000000000
0.0000000000
0.0000000000
0.0000000000
0.0000000000
0.0000000000
0.4665527344
0.0000000000
0.0000000000
0.0574951172
0.0000000000
0.0000000000
0.0000000000
0.0000000000
0.0000000000
0.0000000000
0.0000000000
0.0000000000
0.0000000000
0.0000000000
0.0000000000
0.0000000000
0.0000000000
0.4067382812
0.0000000000
0.0567016602
0.0000000000
0.0000000000
0.0000000000
0.0000000000
0.0000000000
0.0000000000
0.0000000000
0.0000000000
0.0000000000
0.0000000000
0.0000000000
0.0000000000
0.0000000000
0.0000000000
0.4926757812
0.0560302734
0.0000000000
0.0000000000
0.0000000000
0.0000000000
0.0000000000
0.0000000000
0.0000000000
0.0000000000
0.0000000000
0.0000000000
0.0000000000
0.0000000000
0.0000000000
0.0000000000
0.0000000000
0.3535156250
0.0000000000
0.0000000000
0.0000000000
0.0000000000
0.0000000000
0.0863647461
0.0392761230
0.0000000000
0.0000000000
0.0000000000
0.0000000000
0.0000000000
0.0000000000
0.0000000000
0.0000000000
0.3535156250
0.0000000000
0.0000000000
0.0000000000
0.0000000000
0.0000000000
0.0863647461
0.0393066406
0.0000000000
0.0000000000
0.0000000000
0.0000000000
0.0000000000
0.0000000000
0.0000000000
0.0000000000
0.0000000000
0.3015136719
0.0000000000
0.0000000000
0.0000000000
0.0000000000
0.0863647461
0.0393981934
0.0000000000
0.0000000000
0.0000000000
0.0000000000
0.0000000000
0.0000000000
0.0000000000
0.0000000000
0.0000000000
0.0000000000
0.3779296875
0.0000000000
0.0000000000
0.0000000000
0.0863647461
0.0394592285
0.0000000000
0.0000000000
0.0000000000
0.0000000000
0.0000000000
0.0000000000
0.0000000000
0.0000000000
0.0000000000
0.0000000000
0.0000000000
0.3779296875
0.0000000000
0.0000000000
0.0863647461
0.0395202637
0.0000000000
0.0000000000
0.0000000000
0.0000000000
0.0000000000
0.0000000000
0.0000000000
0.0000000000
0.0000000000
0.3015136719
0.0000000000
0.0000000000
0.0000000000
0.0000000000
0.0863647461
0.0395507812
0.0000000000
0.0000000000
0.0000000000
0.0000000000
0.0000000000
0.0000000000
0.0000000000
0.0000000000
0.3535156250
0.0000000000
0.0000000000
0.0000000000
0.0000000000
0.0000000000
0.0863647461
0.0396118164
0.0000000000
0.0000000000
0.0000000000
0.0000000000
0.0000000000
0.0000000000
0.0000000000
0.5000000000
0.0000000000
0.0000000000
0.0000000000
0.0000000000
0.0000000000
0.0000000000
0.0863647461
0.0396728516
0.0000000000
0.0000000000
0.0000000000
0.0000000000
0.0000000000
0.0000000000
0.0000000000
0.0000000000
0.0000000000
0.0000000000
0.0000000000
0.0000000000
1.0000000000
0.0000000000
0.0863647461
0.0397033691
0.0000000000
0.0000000000
0.0000000000
0.0000000000
0.0000000000
0.0000000000
0.3535156250
0.0000000000
0.0000000000
0.0000000000
0.0000000000
0.0000000000
0.0000000000
0.0000000000
0.0863647461
0.0397338867
0.0000000000
0.0000000000
0.0000000000
0.0000000000
0.0000000000
0.4472656250
0.0000000000
0.0000000000
0.0000000000
0.0000000000
0.0000000000
0.0000000000
0.0000000000
0.0000000000
0.0863647461
0.0397949219
0.0000000000
0.0000000000
0.4665527344
0.0000000000
0.3779296875
0.0000000000
0.0000000000
0.0000000000
0.0000000000
0.0000000000
0.0000000000
0.0000000000
0.0000000000
0.0000000000
0.0863647461
0.0398559570
0.0000000000
0.3747558594
0.0000000000
0.3332519531
0.0000000000
0.0000000000
0.0000000000
0.0000000000
0.0000000000
0.0000000000
0.0000000000
0.0000000000
0.0000000000
0.0000000000
0.0863647461
0.0411376953
0.3388671875
0.0000000000
0.0000000000
0.0000000000
0.3779296875
0.0000000000
0.0000000000
0.0000000000
0.0000000000
0.0000000000
0.0000000000
0.0000000000
0.0000000000
0.0000000000
0.0863647461
0.0411682129
0.0000000000
0.3747558594
0.0000000000
0.3332519531
0.0000000000
0.0000000000
0.0000000000
0.0000000000
0.0000000000
0.0000000000
0.0000000000
0.0000000000
0.0000000000
0.0000000000
0.0863647461
0.0411987305
0.3388671875
0.0000000000
0.0000000000
0.0000000000
0.0000000000
0.0000000000
0.0000000000
0.0000000000
0.0000000000
0.0000000000
0.0000000000
0.0000000000
0.0000000000
0.5000000000
0.0863647461
0.0412597656
0.0000000000
0.0000000000
0.0000000000
0.0000000000
0.0000000000
0.3901367188
0.0000000000
0.0000000000
0.0000000000
0.0000000000
0.0562438965
0.0000000000
0.0000000000
0.0000000000
0.0000000000
0.0000000000
0.0000000000
0.0000000000
0.0000000000
0.0000000000
0.0000000000
0.3901367188
0.0000000000
0.0000000000
0.0000000000
0.0000000000
0.0562438965
0.0000000000
0.0000000000
0.0000000000
0.0000000000
0.0000000000
0.0000000000
0.0000000000
0.0000000000
0.0000000000
0.0000000000
0.0000000000
0.3525390625
0.0000000000
0.0000000000
0.0000000000
0.0567626953
0.0000000000
0.0000000000
0.0000000000
0.0000000000
0.0000000000
0.0000000000
0.0000000000
0.0000000000
0.0000000000
0.0000000000
0.0000000000
0.0000000000
0.4223632812
0.0000000000
0.0000000000
0.0571594238
0.0000000000
0.0000000000
0.0000000000
0.0000000000
0.0000000000
0.0000000000
0.0000000000
0.0000000000
0.0000000000
0.0000000000
0.0000000000
0.0000000000
0.0000000000
0.4460449219
0.0000000000
0.0567626953
0.0000000000
0.0000000000
0.0000000000
0.0000000000
0.0000000000
0.0000000000
0.0000000000
0.0000000000
0.0000000000
0.0000000000
0.0000000000
0.3525390625
0.0000000000
0.0000000000
0.0000000000
0.0567626953
0.0000000000
0.0000000000
0.0000000000
0.0000000000
0.0000000000
0.0000000000
0.0000000000
0.0000000000
0.0000000000
0.0000000000
0.3901367188
0.0000000000
0.0000000000
0.0000000000
0.0000000000
0.0562438965
0.0000000000
0.0000000000
0.0000000000
0.0000000000
0.0000000000
0.0000000000
0.0000000000
0.0000000000
0.0000000000
0.4926757812
0.0000000000
0.0000000000
0.0000000000
0.0000000000
0.0000000000
0.0560302734
0.0000000000
0.0000000000
0.0000000000
0.0000000000
0.0000000000
0.0000000000
0.0000000000
0.0000000000
0.0000000000
0.0000000000
0.0000000000
0.0000000000
0.0000000000
0.0000000000
0.0000000000
0.0564270020
0.0000000000
0.0000000000
0.0000000000
0.0000000000
0.0000000000
0.0000000000
0.0000000000
0.0000000000
0.4067382812
0.0000000000
0.0000000000
0.0000000000
0.0000000000
0.0000000000
0.0000000000
0.0567016602
0.0000000000
0.0000000000
0.0000000000
0.0000000000
0.0000000000
0.0000000000
0.0000000000
0.0000000000
0.0000000000
0.0000000000
0.0000000000
0.0000000000
0.0000000000
0.0000000000
0.0000000000
0.0574951172
0.0000000000
0.0000000000
0.0000000000
0.0000000000
0.0000000000
0.0000000000
0.0000000000
0.0000000000
0.0000000000
0.0000000000
0.0000000000
0.0000000000
0.0000000000
0.0000000000
0.0000000000
0.0585021973
0.0000000000
0.0000000000
0.0000000000
0.0000000000
0.0000000000
0.0000000000
0.0000000000
0.0000000000
0.0000000000
0.0000000000
0.0000000000
0.0000000000
0.0000000000
0.0000000000
0.0000000000
0.0587463379
0.0000000000
0.0000000000
0.0000000000
0.0000000000
0.0000000000
0.0000000000
0.0000000000
0.0000000000
0.0000000000
0.0000000000
0.0000000000
0.0000000000
0.0000000000
0.0000000000
0.0000000000
0.0585021973
0.0000000000
0.0000000000
0.0000000000
0.0000000000
0.0000000000
0.0000000000
0.0000000000
0.0000000000
0.0000000000
0.0000000000
0.0000000000
0.0000000000
0.0000000000
0.0000000000
0.0000000000
0.0587463379
0.0000000000
0.0000000000
0.0000000000
0.0000000000
0.0000000000
0.0000000000
0.0000000000
0.0000000000
0.0000000000
0.0000000000
0.0000000000
0.0000000000
0.0000000000
0.0000000000
0.4926757812
0.0592346191
0.0000000000
0.0000000000
0.0000000000
0.0000000000
0.0000000000
0.0000000000
0.0000000000
0.0000000000
0.0000000000
0.0000000000
0.0000000000
0.0000000000
0.0000000000
0.2583007812
0.0000000000
0.0000000000
0.0000000000
0.0000000000
0.0863647461
0.0418395996
0.0000000000
0.0000000000
0.0000000000
0.0000000000
0.0000000000
0.0000000000
0.0000000000
0.0000000000
0.0000000000
0.2583007812
0.0000000000
0.0000000000
0.0000000000
0.0000000000
0.0863647461
0.0431823730
0.0000000000
0.0000000000
0.0000000000
0.0000000000
0.0000000000
0.0000000000
0.2885742188
0.0000000000
0.0000000000
0.0000000000
0.0000000000
0.0000000000
0.0000000000
0.0000000000
0.0863647461
0.0437316895
0.0000000000
0.0000000000
0.2976074219
0.0000000000
0.0000000000
0.0000000000
0.0000000000
0.1856689453
0.0000000000
0.0000000000
0.0000000000
0.0000000000
0.0000000000
0.0000000000
0.0863647461
0.0438232422
0.0000000000
0.0000000000
0.0000000000
0.1901855469
0.0000000000
0.0000000000
0.0000000000
0.1856689453
0.0000000000
0.0000000000
0.0000000000
0.0000000000
0.0000000000
0.0000000000
0.0863647461
0.0439453125
0.0000000000
0.0000000000
0.0000000000
0.1901855469
0.0000000000
0.0000000000
0.0000000000
0.0000000000
0.3779296875
0.0000000000
0.0000000000
0.0000000000
0.0000000000
0.0000000000
0.0863647461
0.0439758301
0.0000000000
0.0000000000
0.0000000000
0.0000000000
0.0000000000
0.2885742188
0.0000000000
0.0000000000
0.0000000000
0.0000000000
0.0000000000
0.0000000000
0.0000000000
0.0000000000
0.0863647461
0.0440979004
0.0000000000
0.2966308594
0.0000000000
0.0000000000
0.0000000000
0.0000000000
0.0000000000
0.0000000000
0.0000000000
0.2583007812
0.0000000000
0.0000000000
0.0000000000
0.0000000000
0.0863647461
0.0442810059
0.0000000000
0.0000000000
0.0000000000
0.0000000000
0.0000000000
0.0000000000
0.0000000000
0.0000000000
0.0000000000
0.2583007812
0.0000000000
0.0000000000
0.0000000000
0.0000000000
0.0863647461
0.0454711914
0.0000000000
0.0000000000
0.0000000000
0.0000000000
0.0000000000
0.0000000000
0.0000000000
0.0000000000
0.0000000000
0.2583007812
0.0000000000
0.0000000000
0.0000000000
0.0000000000
0.0863647461
0.0457458496
0.0000000000
0.0000000000
0.0000000000
0.0000000000
0.0000000000
0.0000000000
0.0000000000
0.0000000000
0.0000000000
0.0000000000
0.3779296875
0.0000000000
0.0000000000
0.0000000000
0.0863647461
0.0457763672
0.0000000000
0.0000000000
0.0000000000
0.0000000000
0.0000000000
0.0000000000
0.0000000000
0.0000000000
0.0000000000
0.0000000000
0.0000000000
0.5000000000
0.0000000000
0.0000000000
0.0863647461
0.0458374023
0.0000000000
0.0000000000
0.0000000000
0.0000000000
0.0000000000
0.0000000000
0.0000000000
0.0000000000
0.0000000000
0.0000000000
0.0000000000
0.0000000000
0.5000000000
0.0000000000
0.0863647461
0.0458679199
0.0000000000
0.0000000000
0.0000000000
0.0000000000
0.2236328125
0.0000000000
0.0000000000
0.0000000000
0.0000000000
0.0000000000
0.0000000000
0.0000000000
0.0000000000
0.0000000000
0.0863647461
0.0458984375
0.2509765625
0.0000000000
0.0000000000
0.0000000000
0.2236328125
0.0000000000
0.0000000000
0.0000000000
0.0000000000
0.0000000000
0.0000000000
0.0000000000
0.0000000000
0.0000000000
0.0863647461
0.0459899902
0.2509765625
0.0000000000
0.0000000000
0.0000000000
0.0000000000
0.0000000000
0.0000000000
0.0000000000
0.0000000000
0.0000000000
0.0000000000
0.0000000000
0.0000000000
0.7070312500
0.0863647461
0.0460205078
0.0000000000
0.0000000000
0.0000000000
0.0000000000
0.0000000000
0.0000000000
0.0000000000
0.0596313477
0.0000000000
0.0000000000
0.0000000000
0.0000000000
0.0000000000
0.0000000000
0.0000000000
0.0000000000
0.0000000000
0.0000000000
0.0000000000
0.0000000000
0.0000000000
0.0000000000
0.0000000000
0.0596313477
0.0000000000
0.0000000000
0.0000000000
0.0000000000
0.0000000000
0.0000000000
0.0000000000
0.0000000000
0.0000000000
0.0000000000
0.0000000000
0.0000000000
0.0000000000
0.0000000000
0.0000000000
0.0567932129
0.0000000000
0.0000000000
0.0000000000
0.0000000000
0.0000000000
0.0000000000
0.0000000000
0.0000000000
0.0000000000
0.0000000000
0.0000000000
0.0000000000
0.0000000000
0.0000000000
0.0000000000
0.0558776855
0.0000000000
0.0000000000
0.0000000000
0.0000000000
0.0000000000
0.0000000000
0.0000000000
0.0000000000
0.0000000000
0.0000000000
0.0000000000
0.0000000000
0.0000000000
0.0000000000
0.0000000000
0.0558776855
0.0000000000
0.0000000000
0.0000000000
0.0000000000
0.0000000000
0.0000000000
0.0000000000
0.0000000000
0.0000000000
0.0000000000
0.0000000000
0.0000000000
0.3864746094
0.0000000000
0.0000000000
0.0563659668
0.0000000000
0.0000000000
0.0000000000
0.0000000000
0.0000000000
0.0000000000
0.0000000000
0.0000000000
0.0000000000
0.0000000000
0.0000000000
0.0000000000
0.0000000000
0.0000000000
0.0000000000
0.0581359863
0.0000000000
0.0000000000
0.0000000000
0.0000000000
0.0000000000
0.0000000000
0.0000000000
0.0000000000
0.0000000000
0.0000000000
0.0000000000
0.0000000000
0.0000000000
0.0000000000
0.0000000000
0.0596313477
0.0000000000
0.0000000000
0.0000000000
0.0000000000
0.0000000000
0.0000000000
0.0000000000
0.0000000000
0.0000000000
0.0000000000
0.0000000000
0.0000000000
0.0000000000
0.0000000000
0.0000000000
0.0596313477
0.0000000000
0.0000000000
0.0000000000
0.0000000000
0.0000000000
0.0000000000
0.0000000000
0.0000000000
0.0000000000
0.0000000000
0.0000000000
0.0000000000
0.0000000000
0.0000000000
0.0000000000
0.0596313477
0.0000000000
0.0000000000
0.0000000000
0.0000000000
0.0000000000
0.0000000000
0.0000000000
0.0000000000
0.0000000000
0.0000000000
0.0000000000
0.0000000000
0.0000000000
0.0000000000
0.0000000000
0.0595703125
0.0000000000
0.0000000000
0.0000000000
0.0000000000
0.0000000000
0.0000000000
0.0000000000
0.0000000000
0.0000000000
0.0000000000
0.0000000000
0.0000000000
0.0000000000
0.4926757812
0.0000000000
0.0595092773
0.0000000000
0.0000000000
0.0000000000
0.0000000000
0.0000000000
0.0000000000
0.0000000000
0.0000000000
0.0000000000
0.0000000000
0.0000000000
0.0000000000
0.0000000000
0.0000000000
0.4926757812
0.0594482422
0.0000000000
0.0000000000
0.0000000000
0.0000000000
0.0000000000
0.0000000000
0.0000000000
0.0000000000
0.0000000000
0.0000000000
0.0000000000
0.0000000000
0.0000000000
0.0000000000
0.0000000000
0.0596313477
0.0000000000
0.0000000000
0.0000000000
0.0000000000
0.0000000000
0.0000000000
0.0000000000
0.0000000000
0.0000000000
0.0000000000
0.0000000000
0.0000000000
0.0000000000
0.0000000000
0.0000000000
0.0596313477
0.0000000000
0.0000000000
0.0000000000
0.0000000000
0.0000000000
0.0000000000
0.0000000000
0.0000000000
0.0000000000
0.0000000000
0.0000000000
0.0000000000
0.0000000000
0.0000000000
0.0000000000
0.0596008301
0.0000000000
0.0000000000
0.0000000000
0.0000000000
0.0000000000
0.0000000000
0.0000000000
0.0000000000
0.0000000000
0.0000000000
0.0000000000
0.0000000000
0.0000000000
0.0000000000
0.0000000000
0.0000000000
0.0000000000
1.0000000000
0.0000000000
0.0000000000
0.0000000000
0.0000000000
0.0000000000
0.0000000000
0.0863647461
0.0460815430
0.0000000000
0.0000000000
0.0000000000
0.0000000000
0.0000000000
0.0000000000
0.0000000000
0.0000000000
0.5771484375
0.0000000000
0.0000000000
0.0000000000
0.0000000000
0.0000000000
0.0863647461
0.0461425781
0.0000000000
0.0000000000
0.4472656250
0.0000000000
0.0000000000
0.0000000000
0.0000000000
0.0000000000
0.0000000000
0.0000000000
0.0000000000
0.0000000000
0.0000000000
0.0000000000
0.0863647461
0.0461730957
0.4460449219
0.0000000000
0.0000000000
0.5000000000
0.0000000000
0.0000000000
0.0000000000
0.0000000000
0.0000000000
0.0000000000
0.0000000000
0.0000000000
0.0000000000
0.0000000000
0.0863647461
0.0462036133
0.0000000000
0.5019531250
0.0000000000
0.0000000000
0.5000000000
0.0000000000
0.0000000000
0.0000000000
0.0000000000
0.0000000000
0.0000000000
0.0000000000
0.0000000000
0.0000000000
0.0863647461
0.0462646484
0.0000000000
0.0000000000
0.0000000000
0.0000000000
0.5000000000
0.0000000000
0.0000000000
0.0000000000
0.0000000000
0.0000000000
0.0000000000
0.0000000000
0.0000000000
0.0000000000
0.0863647461
0.0476684570
0.0000000000
0.0000000000
0.0000000000
0.0000000000
0.0000000000
0.0000000000
0.0000000000
0.0000000000
0.0000000000
0.4472656250
0.0000000000
0.0000000000
0.0000000000
0.0000000000
0.0863647461
0.0477905273
0.0000000000
0.0000000000
0.0000000000
0.0000000000
0.0000000000
0.0000000000
0.0000000000
0.0000000000
0.0000000000
0.4472656250
0.0000000000
0.0000000000
0.0000000000
0.0000000000
0.0863647461
0.0478515625
0.0000000000
0.0000000000
0.0000000000
0.0000000000
0.0000000000
0.0000000000
0.0000000000
0.0000000000
0.0000000000
0.0000000000
0.4472656250
0.0000000000
0.0000000000
0.0000000000
0.0863647461
0.0479431152
0.0000000000
0.0000000000
0.0000000000
0.0000000000
0.0000000000
0.0000000000
0.0000000000
0.0000000000
0.0000000000
0.0000000000
0.0000000000
1.0000000000
0.0000000000
0.0000000000
0.0863647461
0.0480651855
0.0000000000
0.0000000000
0.0000000000
0.0000000000
0.0000000000
0.0000000000
0.4472656250
0.0000000000
0.0000000000
0.0000000000
0.0000000000
0.0000000000
0.0000000000
0.0000000000
0.0863647461
0.0480957031
0.0000000000
0.0000000000
0.0000000000
0.0000000000
0.0000000000
0.0000000000
0.0000000000
0.0000000000
0.0000000000
0.0000000000
0.0000000000
0.0000000000
0.5771484375
0.0000000000
0.0863647461
0.0481872559
0.0000000000
0.0000000000
0.0000000000
0.0000000000
0.0000000000
0.0000000000
0.4472656250
0.0000000000
0.0000000000
0.0000000000
0.0000000000
0.0000000000
0.0000000000
0.0000000000
0.0863647461
0.0482482910
0.0000000000
0.0000000000
0.0000000000
0.0000000000
0.0000000000
0.0000000000
0.0000000000
0.0000000000
0.0000000000
0.0000000000
0.0000000000
0.0000000000
0.0000000000
0.5771484375
0.0863647461
0.0483703613
0.0000000000
0.0000000000
0.0000000000
0.0000000000
0.0000000000
0.3161621094
0.0000000000
0.0000000000
0.0000000000
0.0000000000
0.0000000000
0.0000000000
0.0000000000
0.0000000000
0.0863647461
0.0484619141
0.0000000000
0.0000000000
0.0000000000
0.0000000000
0.0000000000
0.3161621094
0.0000000000
0.0000000000
0.0000000000
0.0000000000
0.0000000000
0.0000000000
0.0000000000
0.0000000000
0.0863647461
0.0498352051
0.0000000000
0.0000000000
0.0000000000
0.0000000000
0.0000000000
0.0000000000
0.0596313477
0.0000000000
0.0000000000
0.0000000000
0.0000000000
0.0000000000
0.0000000000
0.0000000000
0.0000000000
0.0000000000
0.0000000000
0.0000000000
0.0000000000
0.0000000000
0.0000000000
0.5717773438
0.0602416992
0.0000000000
0.0000000000
0.0000000000
0.0000000000
0.0000000000
0.0000000000
0.0000000000
0.0000000000
0.0000000000
0.0000000000
0.0000000000
0.0000000000
0.0000000000
0.0000000000
0.0000000000
0.0605468750
0.0000000000
0.0000000000
0.0000000000
0.0000000000
0.0000000000
0.0000000000
0.0000000000
0.0000000000
0.0000000000
0.0000000000
0.0000000000
0.0000000000
0.0000000000
0.0000000000
0.0000000000
0.0607604980
0.0000000000
0.0000000000
0.0000000000
0.0000000000
0.0000000000
0.0000000000
0.0000000000
0.0000000000
0.0000000000
0.0000000000
0.0000000000
0.5009765625
0.0000000000
0.0000000000
0.0000000000
0.0610351562
0.0000000000
0.0000000000
0.0000000000
0.0000000000
0.0000000000
0.0000000000
0.0000000000
0.0000000000
0.0000000000
0.0000000000
0.0000000000
0.5009765625
0.0000000000
0.0000000000
0.0000000000
0.0610351562
0.0000000000
0.0000000000
0.0000000000
0.0000000000
0.0000000000
0.0000000000
0.0000000000
0.0000000000
0.0000000000
0.0000000000
0.0000000000
0.0000000000
0.0000000000
0.0000000000
0.0000000000
0.0599670410
0.0000000000
0.0000000000
0.0000000000
0.0000000000
0.0000000000
0.0000000000
0.0000000000
0.0000000000
0.0000000000
0.0000000000
0.0000000000
0.0000000000
0.0000000000
0.0000000000
0.0000000000
0.0599670410
0.0000000000
0.0000000000
0.0000000000
0.0000000000
0.0000000000
0.0000000000
0.0000000000
0.0000000000
0.0000000000
0.0000000000
0.0000000000
0.0000000000
0.0000000000
0.0000000000
0.0000000000
0.0596618652
0.0000000000
0.0000000000
0.0000000000
0.0000000000
0.0000000000
0.0000000000
0.0000000000
0.0000000000
0.0000000000
0.0000000000
0.0000000000
0.0000000000
0.0000000000
0.0000000000
0.0000000000
0.0612792969
0.0000000000
0.0000000000
0.0000000000
0.0000000000
0.0000000000
0.0000000000
0.0000000000
0.0000000000
0.0000000000
0.0000000000
0.0000000000
0.0000000000
0.0000000000
0.4633789062
0.0000000000
0.0608215332
0.0000000000
0.0000000000
0.0000000000
0.0000000000
0.0000000000
0.0000000000
0.0000000000
0.0000000000
0.0000000000
0.0000000000
0.0000000000
0.0000000000
0.0000000000
0.0000000000
0.0000000000
0.0603332520
0.0000000000
0.0000000000
0.0000000000
0.0000000000
0.0000000000
0.0000000000
0.0000000000
0.0000000000
0.0000000000
0.0000000000
0.0000000000
0.0000000000
0.0000000000
0.4633789062
0.0000000000
0.0608215332
0.0000000000
0.0000000000
0.0000000000
0.0000000000
0.0000000000
0.0000000000
0.0000000000
0.0000000000
0.0000000000
0.0000000000
0.0000000000
0.0000000000
0.0000000000
0.0000000000
0.0000000000
0.0586242676
0.0000000000
0.0000000000
0.0000000000
0.0000000000
0.0000000000
0.0000000000
0.0000000000
0.0000000000
0.0000000000
0.0000000000
0.0000000000
0.0000000000
0.3210449219
0.0000000000
0.0000000000
0.0598754883
0.0000000000
0.0000000000
0.0000000000
0.0000000000
0.0000000000
0.0000000000
0.0000000000
0.0000000000
0.0000000000
0.0000000000
0.0000000000
0.0000000000
0.3210449219
0.0000000000
0.0000000000
0.0598754883
0.0000000000
0.0000000000
0.0000000000
0.0000000000
0.0000000000
0.0000000000
0.0000000000
0.0000000000
0.0000000000
0.0000000000
0.0000000000
0.0000000000
0.0000000000
0.0000000000
0.5771484375
0.0000000000
0.0000000000
0.0000000000
0.0000000000
0.0000000000
0.0000000000
0.0000000000
0.0000000000
0.0863647461
0.0499267578
0.0000000000
0.0000000000
0.0000000000
0.0000000000
0.0000000000
0.0000000000
0.5000000000
0.0000000000
0.0000000000
0.0000000000
0.0000000000
0.0000000000
0.0000000000
0.0000000000
0.0863647461
0.0500183105
0.0000000000
0.0000000000
0.0000000000
0.0000000000
0.0000000000
0.0000000000
0.0000000000
0.5771484375
0.0000000000
0.0000000000
0.0000000000
0.0000000000
0.0000000000
0.0000000000
0.0863647461
0.0501403809
0.0000000000
0.0000000000
0.0000000000
0.0000000000
0.3161621094
0.0000000000
0.0000000000
0.0000000000
0.0000000000
0.0000000000
0.0000000000
0.0000000000
0.0000000000
0.0000000000
0.0863647461
0.0502319336
0.0000000000
0.0000000000
0.0000000000
0.0000000000
0.0000000000
0.0000000000
0.0000000000
0.0000000000
0.4472656250
0.0000000000
0.0000000000
0.0000000000
0.0000000000
0.0000000000
0.0863647461
0.0502624512
0.0000000000
0.0000000000
0.0000000000
0.0000000000
0.3161621094
0.0000000000
0.0000000000
0.0000000000
0.0000000000
0.0000000000
0.0000000000
0.0000000000
0.0000000000
0.0000000000
0.0863647461
0.0503540039
0.0000000000
0.0000000000
0.0000000000
0.0000000000
0.3161621094
0.0000000000
0.0000000000
0.0000000000
0.0000000000
0.0000000000
0.0000000000
0.0000000000
0.0000000000
0.0000000000
0.0863647461
0.0520019531
0.0000000000
0.0000000000
0.0000000000
0.0000000000
0.0000000000
0.0000000000
0.0000000000
0.0000000000
0.0000000000
0.4472656250
0.0000000000
0.0000000000
0.0000000000
0.0000000000
0.0863647461
0.0520629883
0.0000000000
0.0000000000
0.0000000000
0.5000000000
0.0000000000
0.0000000000
0.0000000000
0.0000000000
0.0000000000
0.0000000000
0.0000000000
0.0000000000
0.0000000000
0.0000000000
0.0863647461
0.0521545410
0.0000000000
0.5019531250
0.0000000000
0.0000000000
0.0000000000
0.0000000000
0.0000000000
0.0000000000
0.0000000000
0.0000000000
0.4472656250
0.0000000000
0.0000000000
0.0000000000
0.0863647461
0.0521850586
0.0000000000
0.0000000000
0.0000000000
0.0000000000
0.0000000000
0.0000000000
0.0000000000
0.0000000000
0.0000000000
0.0000000000
0.0000000000
0.4472656250
0.0000000000
0.0000000000
0.0863647461
0.0522460938
0.0000000000
0.0000000000
0.0000000000
0.0000000000
0.0000000000
0.0000000000
0.0000000000
0.0000000000
0.0000000000
0.0000000000
0.0000000000
0.0000000000
0.4472656250
0.0000000000
0.0863647461
0.0523376465
0.0000000000
0.0000000000
0.3332519531
0.0000000000
0.0000000000
0.0000000000
0.0000000000
0.0000000000
0.0000000000
0.0000000000
0.0000000000
0.0000000000
0.0000000000
0.0000000000
0.0863647461
0.0524597168
0.3325195312
0.0000000000
0.0000000000
0.0000000000
0.0000000000
0.0000000000
0.0000000000
0.0000000000
0.0000000000
0.0000000000
0.0000000000
0.0000000000
0.0000000000
0.5000000000
0.0863647461
0.0524902344
0.0000000000
0.0000000000
0.3332519531
0.0000000000
0.0000000000
0.0000000000
0.0000000000
0.0000000000
0.0000000000
0.0000000000
0.0000000000
0.0000000000
0.0000000000
0.0000000000
0.0863647461
0.0525207520
0.3325195312
0.0000000000
0.0000000000
0.0000000000
0.0000000000
0.0000000000
0.0000000000
0.0000000000
0.0000000000
0.0000000000
0.0000000000
0.0000000000
0.4472656250
0.0000000000
0.0863647461
0.0525817871
0.0000000000
0.0000000000
0.0000000000
0.0593566895
0.0000000000
0.0000000000
0.0000000000
0.0000000000
0.0000000000
0.0000000000
0.0000000000
0.0000000000
0.0000000000
0.0000000000
0.0000000000
0.0000000000
0.0000000000
0.0000000000
0.0000000000
0.0595703125
0.0000000000
0.0000000000
0.0000000000
0.0000000000
0.0000000000
0.0000000000
0.0000000000
0.0000000000
0.0000000000
0.0000000000
0.0000000000
0.0000000000
0.0000000000
0.0000000000
0.0000000000
0.0595397949
0.0000000000
0.0000000000
0.0000000000
0.0000000000
0.0000000000
0.0000000000
0.0000000000
0.0000000000
0.0000000000
0.0000000000
0.0000000000
0.0000000000
0.0000000000
0.0000000000
0.3210449219
0.0598754883
0.0000000000
0.0000000000
0.0000000000
0.0000000000
0.0000000000
0.0000000000
0.0000000000
0.0000000000
0.0000000000
0.0000000000
0.0000000000
0.0000000000
0.0000000000
0.0000000000
0.0000000000
0.0600585938
0.0000000000
0.0000000000
0.0000000000
0.0000000000
0.0000000000
0.0000000000
0.0000000000
0.0000000000
0.0000000000
0.0000000000
0.0000000000
0.0000000000
0.0000000000
0.0000000000
0.3210449219
0.0598754883
0.0000000000
0.0000000000
0.0000000000
0.0000000000
0.0000000000
0.0000000000
0.0000000000
0.0000000000
0.0000000000
0.0000000000
0.0000000000
0.0000000000
0.0000000000
0.0000000000
0.3210449219
0.0598754883
0.0000000000
0.0000000000
0.0000000000
0.0000000000
0.0000000000
0.0000000000
0.0000000000
0.0000000000
0.0000000000
0.0000000000
0.0000000000
0.0000000000
0.0000000000
0.0000000000
0.0000000000
0.0596923828
0.0000000000
0.0000000000
0.0000000000
0.0000000000
0.0000000000
0.0000000000
0.0000000000
0.0000000000
0.0000000000
0.0000000000
0.0000000000
0.0000000000
0.0000000000
0.0000000000
0.0000000000
0.0607604980
0.0000000000
0.0000000000
0.0000000000
0.0000000000
0.0000000000
0.0000000000
0.0000000000
0.0000000000
0.0000000000
0.0000000000
0.0000000000
0.0000000000
0.0000000000
0.0000000000
0.0000000000
0.0610351562
0.0000000000
0.0000000000
0.0000000000
0.0000000000
0.0000000000
0.0000000000
0.0000000000
0.0000000000
0.0000000000
0.0000000000
0.0000000000
0.0000000000
0.0000000000
0.0000000000
0.0000000000
0.0606689453
0.0000000000
0.0000000000
0.0000000000
0.0000000000
0.0000000000
0.0000000000
0.0000000000
0.0000000000
0.0000000000
0.0000000000
0.0000000000
0.0000000000
0.0000000000
0.0000000000
0.0000000000
0.0613098145
0.0000000000
0.0000000000
0.0000000000
0.0000000000
0.0000000000
0.0000000000
0.0000000000
0.0000000000
0.0000000000
0.0000000000
0.0000000000
0.0000000000
0.0000000000
0.0000000000
0.0000000000
0.0625000000
0.0000000000
0.0000000000
0.0000000000
0.0000000000
0.0000000000
0.0000000000
0.0000000000
0.0000000000
0.0000000000
0.0000000000
0.0000000000
0.0000000000
0.0000000000
0.0000000000
0.0000000000
0.0623474121
0.0000000000
0.0000000000
0.0000000000
0.0000000000
0.0000000000
0.0000000000
0.0000000000
0.0000000000
0.0000000000
0.0000000000
0.0000000000
0.0000000000
0.0000000000
0.0000000000
0.0000000000
0.0625000000
0.0000000000
0.0000000000
0.0000000000
0.0000000000
0.0000000000
0.0000000000
0.0000000000
0.0000000000
0.0000000000
0.0000000000
0.0000000000
0.0000000000
0.0000000000
0.0000000000
0.0000000000
0.0613098145
0.0000000000
0.0000000000
0.0000000000
0.0000000000
0.0000000000
0.0000000000
0.0000000000
0.0000000000
0.0000000000
0.0000000000
0.0000000000
0.0000000000
0.0000000000
0.0000000000
0.0000000000
0.0000000000
0.0000000000
0.0000000000
0.0000000000
0.0000000000
0.0000000000
0.4472656250
0.0000000000
0.0000000000
0.0000000000
0.0000000000
0.0000000000
0.0000000000
0.0863647461
0.0526123047
0.0000000000
0.0000000000
0.0000000000
0.0000000000
0.0000000000
0.0000000000
0.4472656250
0.0000000000
0.0000000000
0.0000000000
0.0000000000
0.0000000000
0.0000000000
0.0000000000
0.0863647461
0.0526428223
0.5000000000
0.0000000000
0.0000000000
0.0000000000
0.0000000000
0.0000000000
0.0000000000
0.0000000000
0.0000000000
0.0000000000
0.0000000000
0.0000000000
0.0000000000
0.0000000000
0.0863647461
0.0526733398
0.0000000000
0.0000000000
0.0000000000
0.0000000000
0.0000000000
0.4472656250
0.0000000000
0.0000000000
0.0000000000
0.0000000000
0.0000000000
0.0000000000
0.0000000000
0.0000000000
0.0863647461
0.0527343750
0.0000000000
0.0000000000
0.0000000000
0.0000000000
0.4472656250
0.0000000000
0.0000000000
0.0000000000
0.0000000000
0.0000000000
0.0000000000
0.0000000000
0.0000000000
0.0000000000
0.0863647461
0.0527954102
0.0000000000
0.3161621094
0.0000000000
0.0000000000
0.0000000000
0.0000000000
0.0000000000
0.0000000000
0.0000000000
0.0000000000
0.0000000000
0.0000000000
0.0000000000
0.0000000000
0.0863647461
0.0527954102
0.0000000000
0.0000000000
0.2885742188
0.0000000000
0.0000000000
0.0000000000
0.0000000000
0.0000000000
0.0000000000
0.0000000000
0.0000000000
0.0000000000
0.0000000000
0.0000000000
0.0863647461
0.0529174805
0.0000000000
0.0000000000
0.2885742188
0.0000000000
0.0000000000
0.0000000000
0.0000000000
0.0000000000
0.0000000000
0.0000000000
0.0000000000
0.0000000000
0.0000000000
0.0000000000
0.0863647461
0.0541076660
0.0000000000
0.0000000000
0.0000000000
0.0000000000
0.0000000000
0.0000000000
0.0000000000
0.0000000000
0.5771484375
0.0000000000
0.0000000000
0.0000000000
0.0000000000
0.0000000000
0.0863647461
0.0541992188
0.0000000000
0.0000000000
0.0000000000
0.0000000000
0.0000000000
0.0000000000
0.0000000000
0.0000000000
0.0000000000
0.5771484375
0.0000000000
0.0000000000
0.0000000000
0.0000000000
0.0863647461
0.0543212891
0.0000000000
0.0000000000
0.0000000000
0.0000000000
0.0000000000
0.0000000000
0.0000000000
0.0000000000
0.0000000000
0.0000000000
0.5000000000
0.0000000000
0.0000000000
0.0000000000
0.0863647461
0.0544128418
0.0000000000
0.0000000000
0.0000000000
0.0000000000
0.0000000000
0.0000000000
0.0000000000
0.0000000000
0.0000000000
0.0000000000
0.0000000000
0.5771484375
0.0000000000
0.0000000000
0.0863647461
0.0545043945
0.0000000000
0.0000000000
0.0000000000
0.2885742188
0.0000000000
0.0000000000
0.0000000000
0.0000000000
0.0000000000
0.0000000000
0.0000000000
0.0000000000
0.0000000000
0.0000000000
0.0863647461
0.0545654297
0.0000000000
0.0000000000
0.0000000000
0.0000000000
0.0000000000
0.0000000000
0.0000000000
0.0000000000
0.0000000000
0.0000000000
0.0000000000
0.0000000000
0.5771484375
0.0000000000
0.0863647461
0.0546875000
0.0000000000
0.0000000000
0.0000000000
0.2885742188
0.0000000000
0.0000000000
0.0000000000
0.0000000000
0.0000000000
0.0000000000
0.0000000000
0.0000000000
0.0000000000
0.0000000000
0.0863647461
0.0547180176
0.0000000000
0.0000000000
0.0000000000
0.0000000000
0.0000000000
0.0000000000
0.0000000000
0.0000000000
0.0000000000
0.0000000000
0.0000000000
0.0000000000
0.0000000000
0.5771484375
0.0863647461
0.0548400879
0.0000000000
0.0000000000
0.0000000000
0.0000000000
0.0606689453
0.0000000000
0.0000000000
0.0000000000
0.0000000000
0.0000000000
0.0000000000
0.0000000000
0.0000000000
0.0000000000
0.0000000000
0.0000000000
0.0000000000
0.0000000000
0.0000000000
0.0000000000
0.0610351562
0.0000000000
0.0000000000
0.0000000000
0.0000000000
0.0000000000
0.0000000000
0.0000000000
0.0000000000
0.0000000000
0.0000000000
0.0000000000
0.5019531250
0.0000000000
0.0000000000
0.0000000000
0.0607604980
0.0000000000
0.0000000000
0.0000000000
0.0000000000
0.0000000000
0.0000000000
0.0000000000
0.0000000000
0.0000000000
0.0000000000
0.0000000000
0.0000000000
0.0000000000
0.0000000000
0.0000000000
0.0596923828
0.0000000000
0.0000000000
0.0000000000
0.0000000000
0.0000000000
0.0000000000
0.0000000000
0.0000000000
0.0000000000
0.0000000000
0.0000000000
0.0000000000
0.0000000000
0.0000000000
0.0000000000
0.0600585938
0.0000000000
0.0000000000
0.0000000000
0.0000000000
0.0000000000
0.0000000000
0.0000000000
0.0000000000
0.0000000000
0.0000000000
0.0000000000
0.0000000000
0.3210449219
0.0000000000
0.0000000000
0.0598754883
0.0000000000
0.0000000000
0.0000000000
0.0000000000
0.0000000000
0.0000000000
0.0000000000
0.0000000000
0.0000000000
0.0000000000
0.0000000000
0.0000000000
0.0000000000
0.3112792969
0.0000000000
0.0600891113
0.0000000000
0.0000000000
0.0000000000
0.0000000000
0.0000000000
0.0000000000
0.0000000000
0.0000000000
0.0000000000
0.0000000000
0.0000000000
0.0000000000
0.0000000000
0.3112792969
0.0000000000
0.0600891113
0.0000000000
0.0000000000
0.0000000000
0.0000000000
0.0000000000
0.0000000000
0.0000000000
0.0000000000
0.0000000000
0.0000000000
0.0000000000
0.0000000000
0.0000000000
0.0000000000
0.0000000000
0.0583190918
0.0000000000
0.0000000000
0.0000000000
0.0000000000
0.0000000000
0.0000000000
0.0000000000
0.0000000000
0.0000000000
0.0000000000
0.0000000000
0.0000000000
0.0000000000
0.0000000000
0.0000000000
0.0595092773
0.0000000000
0.0000000000
0.0000000000
0.0000000000
0.0000000000
0.0000000000
0.0000000000
0.0000000000
0.0000000000
0.0000000000
0.0000000000
0.0000000000
0.0000000000
0.0000000000
0.0000000000
0.0599365234
0.0000000000
0.0000000000
0.0000000000
0.0000000000
0.0000000000
0.0000000000
0.0000000000
0.0000000000
0.0000000000
0.0000000000
0.0000000000
0.0000000000
0.0000000000
0.0000000000
0.0000000000
0.0597229004
0.0000000000
0.0000000000
0.0000000000
0.0000000000
0.0000000000
0.0000000000
0.0000000000
0.0000000000
0.0000000000
0.0000000000
0.0000000000
0.0000000000
0.0000000000
0.0000000000
0.3037109375
0.0606994629
0.0000000000
0.0000000000
0.0000000000
0.0000000000
0.0000000000
0.0000000000
0.0000000000
0.0000000000
0.0000000000
0.0000000000
0.0000000000
0.0000000000
0.0000000000
0.0000000000
0.0000000000
0.0603027344
0.0000000000
0.0000000000
0.0000000000
0.0000000000
0.0000000000
0.0000000000
0.0000000000
0.0000000000
0.0000000000
0.0000000000
0.0000000000
0.0000000000
0.0000000000
0.0000000000
0.3037109375
0.0606994629
0.0000000000
0.0000000000
0.0000000000
0.0000000000
0.0000000000
0.0000000000
0.0000000000
0.0000000000
0.0000000000
0.0000000000
0.0000000000
0.0000000000
0.0000000000
0.0000000000
0.0000000000
0.0599060059
0.0000000000
0.0000000000
0.0000000000
0.0000000000
0.0000000000
0.0000000000
0.0000000000
0.0000000000
0.0000000000
0.0000000000
0.0000000000
0.0000000000
0.7070312500
0.0000000000
0.0000000000
0.0000000000
0.0000000000
0.0000000000
0.0000000000
0.0000000000
0.0000000000
0.0000000000
0.0863647461
0.0549011230
0.0000000000
0.7099609375
0.0000000000
0.0000000000
0.0000000000
0.5771484375
0.0000000000
0.0000000000
0.0000000000
0.0000000000
0.0000000000
0.0000000000
0.0000000000
0.0000000000
0.0863647461
0.0549316406
0.0000000000
0.0000000000
0.5791015625
0.0000000000
0.0000000000
0.0000000000
0.0000000000
0.0000000000
0.0000000000
0.7070312500
0.0000000000
0.0000000000
0.0000000000
0.0000000000
0.0863647461
0.0563354492
0.0000000000
0.0000000000
0.0000000000
0.0000000000
0.0000000000
0.0000000000
0.0000000000
0.0000000000
0.0000000000
0.0000000000
0.7070312500
0.0000000000
0.0000000000
0.0000000000
0.0863647461
0.0564270020
0.0000000000
0.0000000000
0.0000000000
0.0000000000
0.0000000000
0.0000000000
0.0000000000
0.0000000000
0.0000000000
0.0000000000
0.0000000000
0.7070312500
0.0000000000
0.0000000000
0.0863647461
0.0565490723
0.0000000000
0.0000000000
0.0000000000
0.0000000000
0.0000000000
0.0000000000
0.0000000000
0.0000000000
0.0000000000
0.0000000000
0.7070312500
0.0000000000
0.0000000000
0.0000000000
0.0863647461
0.0566101074
0.0000000000
0.0000000000
0.0000000000
0.0000000000
0.0000000000
0.0000000000
0.0000000000
0.0000000000
0.0000000000
0.0000000000
0.0000000000
0.7070312500
0.0000000000
0.0000000000
0.0863647461
0.0566406250
0.0000000000
0.0000000000
0.0000000000
0.0000000000
0.0000000000
0.0000000000
0.0000000000
0.0000000000
0.0000000000
0.7070312500
0.0000000000
0.0000000000
0.0000000000
0.0000000000
0.0863647461
0.0566711426
0.0000000000
0.0000000000
0.0000000000
0.0000000000
0.0000000000
0.5771484375
0.0000000000
0.0000000000
0.0000000000
0.0000000000
0.0000000000
0.0000000000
0.0000000000
0.0000000000
0.0863647461
0.0567932129
0.0000000000
0.0000000000
0.5791015625
0.0000000000
0.0000000000
0.0000000000
0.0000000000
0.0000000000
0.5771484375
0.0000000000
0.0000000000
0.0000000000
0.0000000000
0.0000000000
0.0863647461
0.0568542480
0.0000000000
0.0000000000
0.0000000000
0.0000000000
0.0000000000
0.0000000000
0.0000000000
0.0000000000
0.0000000000
0.0000000000
0.0000000000
0.0000000000
0.5771484375
0.0000000000
0.0863647461
0.0569458008
0.0000000000
0.0000000000
0.0000000000
0.2885742188
0.0000000000
0.0000000000
0.0000000000
0.0000000000
0.0000000000
0.0000000000
0.0000000000
0.0000000000
0.0000000000
0.0000000000
0.0863647461
0.0570068359
0.3037109375
0.0000000000
0.0000000000
0.0000000000
0.0000000000
0.0000000000
0.0000000000
0.5771484375
0.0000000000
0.0000000000
0.0000000000
0.0000000000
0.0000000000
0.0000000000
0.0863647461
0.0570373535
0.0000000000
0.0000000000
0.0000000000
0.2885742188
0.0000000000
0.0000000000
0.0000000000
0.0000000000
0.0000000000
0.0000000000
0.0000000000
0.0000000000
0.0000000000
0.0000000000
0.0863647461
0.0570678711
0.3037109375
0.0000000000
0.0000000000
0.0000000000
0.0000000000
0.0000000000
0.0000000000
0.0000000000
0.0000000000
0.0000000000
0.0000000000
0.0000000000
0.0000000000
0.4472656250
0.0863647461
0.0584716797
0.0000000000
0.0000000000
0.0000000000
0.0000000000
0.0000000000
0.0000000000
0.2673339844
0.0000000000
0.0000000000
0.0000000000
0.0000000000
0.0000000000
0.0000000000
0.0000000000
0.0863647461
0.0585327148
0.0000000000
0.0000000000
0.0000000000
0.0000000000
0.0614929199
0.0000000000
0.0000000000
0.0000000000
0.0000000000
0.0000000000
0.0000000000
0.0000000000
0.0000000000
0.0000000000
0.0000000000
0.0000000000
0.0000000000
0.0000000000
0.0000000000
0.0000000000
0.0618896484
0.0000000000
0.0000000000
0.0000000000
0.0000000000
0.0000000000
0.0000000000
0.0000000000
0.0000000000
0.0000000000
0.0000000000
0.0000000000
0.0000000000
0.0000000000
0.0000000000
0.0000000000
0.0618591309
0.0000000000
0.0000000000
0.0000000000
0.0000000000
0.0000000000
0.0000000000
0.0000000000
0.0000000000
0.0000000000
0.0000000000
0.0000000000
0.0000000000
0.0000000000
0.0000000000
0.0000000000
0.0610046387
0.0000000000
0.0000000000
0.0000000000
0.0000000000
0.0000000000
0.0000000000
0.0000000000
0.0000000000
0.0000000000
0.0000000000
0.0000000000
0.0000000000
0.0000000000
0.0000000000
0.0000000000
0.0613403320
0.0000000000
0.0000000000
0.0000000000
0.0000000000
0.0000000000
0.0000000000
0.0000000000
0.0000000000
0.0000000000
0.0000000000
0.0000000000
0.0000000000
0.0000000000
0.0000000000
0.0000000000
0.0610046387
0.0000000000
0.0000000000
0.0000000000
0.0000000000
0.0000000000
0.0000000000
0.0000000000
0.0000000000
0.0000000000
0.0000000000
0.0000000000
0.0000000000
0.0000000000
0.0000000000
0.0000000000
0.0613403320
0.0000000000
0.0000000000
0.0000000000
0.0000000000
0.0000000000
0.0000000000
0.0000000000
0.0000000000
0.0000000000
0.0000000000
0.0000000000
0.0000000000
0.0000000000
0.0000000000
0.0000000000
0.0618591309
0.0000000000
0.0000000000
0.0000000000
0.0000000000
0.0000000000
0.0000000000
0.0000000000
0.0000000000
0.0000000000
0.0000000000
0.0000000000
0.0000000000
0.0000000000
0.0000000000
0.0000000000
0.0618896484
0.0000000000
0.0000000000
0.0000000000
0.0000000000
0.0000000000
0.0000000000
0.0000000000
0.0000000000
0.0000000000
0.0000000000
0.0000000000
0.0000000000
0.0000000000
0.0000000000
0.0000000000
0.0599060059
0.0000000000
0.0000000000
0.0000000000
0.0000000000
0.0000000000
0.0000000000
0.0000000000
0.0000000000
0.0000000000
0.0000000000
0.0000000000
0.0000000000
0.0000000000
0.0000000000
0.0000000000
0.0605163574
0.0000000000
0.0000000000
0.0000000000
0.0000000000
0.0000000000
0.0000000000
0.0000000000
0.0000000000
0.0000000000
0.0000000000
0.0000000000
0.0000000000
0.0000000000
0.0000000000
0.0000000000
0.0606994629
0.0000000000
0.0000000000
0.0000000000
0.0000000000
0.0000000000
0.0000000000
0.0000000000
0.0000000000
0.0000000000
0.0000000000
0.0000000000
0.0000000000
0.0000000000
0.0000000000
0.0000000000
0.0603027344
0.0000000000
0.0000000000
0.0000000000
0.0000000000
0.0000000000
0.0000000000
0.0000000000
0.0000000000
0.0000000000
0.0000000000
0.0000000000
0.0000000000
0.0000000000
0.0000000000
0.0000000000
0.0606994629
0.0000000000
0.0000000000
0.0000000000
0.0000000000
0.0000000000
0.0000000000
0.0000000000
0.0000000000
0.0000000000
0.0000000000
0.0000000000
0.0000000000
0.0000000000
0.0000000000
0.0000000000
0.0592346191
0.0000000000
0.0000000000
0.0000000000
0.0000000000
0.0000000000
0.0000000000
0.0000000000
0.0000000000
0.0000000000
0.0000000000
0.0000000000
0.0000000000
0.0000000000
0.0000000000
0.3168945312
0.0593261719
0.0000000000
0.0000000000
0.0000000000
0.0000000000
0.0000000000
0.0000000000
0.0000000000
0.0000000000
0.0000000000
0.0000000000
0.0000000000
0.0000000000
0.0000000000
0.0000000000
0.0000000000
0.0000000000
0.0000000000
0.0000000000
0.0000000000
0.5771484375
0.0000000000
0.0000000000
0.0000000000
0.0863647461
0.0000000000
0.0585632324
0.0000000000
0.0000000000
0.0000000000
0.0590515137
0.0000000000
0.0000000000
0.2673339844
0.0000000000
0.0000000000
0.0000000000
0.0000000000
0.0000000000
0.0000000000
0.0863647461
0.0000000000
0.0586242676
0.0000000000
0.0000000000
0.3168945312
0.0593261719
0.0000000000
0.0000000000
0.0000000000
0.0000000000
0.0000000000
0.0000000000
0.5000000000
0.0000000000
0.0000000000
0.0000000000
0.1269531250
0.0586547852
0.0000000000
0.0000000000
0.0000000000
0.0587158203
0.0000000000
0.0000000000
0.0000000000
0.0000000000
0.0000000000
0.0000000000
0.0000000000
0.5000000000
0.0000000000
0.0000000000
0.1269531250
0.0587463379
0.0000000000
0.0000000000
0.0000000000
0.0587463379
0.0000000000
0.0000000000
0.0000000000
0.0000000000
0.0000000000
0.0000000000
0.0000000000
0.0000000000
0.4472656250
0.0000000000
0.1269531250
0.0588073730
0.0000000000
0.0000000000
0.0000000000
0.0587768555
0.0000000000
0.0000000000
0.0000000000
0.0000000000
0.0000000000
0.0000000000
0.0000000000
0.5000000000
0.0000000000
0.0000000000
0.1269531250
0.0588378906
0.0000000000
0.0000000000
0.0000000000
0.0587463379
0.0000000000
0.0000000000
0.0000000000
0.0000000000
0.0000000000
0.0000000000
0.0000000000
0.0000000000
0.4472656250
0.0000000000
0.1269531250
0.0588684082
0.0000000000
0.0000000000
0.0000000000
0.0587768555
0.0000000000
0.0000000000
0.0000000000
0.0000000000
0.0000000000
0.0000000000
0.5000000000
0.0000000000
0.0000000000
0.0000000000
0.1269531250
0.0588989258
0.0000000000
0.0000000000
0.0000000000
0.0587158203
0.0000000000
0.0000000000
0.0000000000
0.0000000000
0.4472656250
0.0000000000
0.0000000000
0.0000000000
0.0000000000
0.0000000000
0.1269531250
0.0589294434
0.0000000000
0.0000000000
0.0000000000
0.0592346191
0.0000000000
0.0000000000
0.2673339844
0.0000000000
0.0000000000
0.0000000000
0.0000000000
0.0000000000
0.0000000000
0.0000000000
0.1269531250
0.0589904785
0.0000000000
0.0000000000
0.3168945312
0.0593261719
0.0000000000
0.0000000000
0.0000000000
0.0000000000
0.0000000000
0.5771484375
0.0000000000
0.0000000000
0.0000000000
0.0000000000
0.1269531250
0.0590209961
0.0000000000
0.0000000000
0.0000000000
0.0590515137
0.0000000000
0.2885742188
0.0000000000
0.0000000000
0.0000000000
0.0000000000
0.0000000000
0.0000000000
0.0000000000
0.0000000000
0.1269531250
0.0591125488
0.0000000000
0.3037109375
0.0000000000
0.0606994629
0.0000000000
0.0000000000
0.0000000000
0.5771484375
0.0000000000
0.0000000000
0.0000000000
0.0000000000
0.0000000000
0.0000000000
0.1269531250
0.0592041016
0.0000000000
0.0000000000
0.0000000000
0.0603027344
0.0000000000
0.2885742188
0.0000000000
0.0000000000
0.0000000000
0.0000000000
0.0000000000
0.0000000000
0.0000000000
0.0000000000
0.1269531250
0.0592651367
0.0000000000
0.3037109375
0.0000000000
0.0606994629
0.2885742188
0.0000000000
0.0000000000
0.0000000000
0.0000000000
0.0000000000
0.0000000000
0.0000000000
0.0000000000
0.0000000000
0.1269531250
0.0593566895
0.3112792969
0.0000000000
0.0000000000
0.0600891113
0.2885742188
0.0000000000
0.0000000000
0.0000000000
0.0000000000
0.0000000000
0.0000000000
0.0000000000
0.0000000000
0.0000000000
0.1269531250
0.0605773926
0.3112792969
0.0000000000
0.0000000000
0.0600891113
0.0000000000
0.0000000000
0.0000000000
0.0000000000
0.0000000000
0.0000000000
0.0000000000
0.0000000000
0.5771484375
0.0000000000
0.0000000000
0.0000000000
0.1269531250
0.0606384277
0.0000000000
0.0000000000
0.0000000000
0.0000000000
0.0000000000
0.0000000000
0.0000000000
0.0000000000
0.0000000000
0.0000000000
0.0000000000
0.5771484375
0.0000000000
0.0000000000
0.1269531250
0.0606994629
0.0000000000
0.0000000000
0.0000000000
0.0000000000
0.0000000000
0.0000000000
0.0000000000
0.0000000000
0.0000000000
0.0000000000
0.0000000000
0.0000000000
0.5000000000
0.0000000000
0.1269531250
0.0607604980
0.0000000000
0.0000000000
0.0000000000
0.0000000000
0.0000000000
0.0000000000
0.0000000000
0.0000000000
0.0000000000
0.0000000000
0.0000000000
0.0000000000
0.0000000000
0.5771484375
0.1269531250
0.0607910156
0.0000000000
0.0000000000
0.0000000000
0.0000000000
0.0000000000
0.0000000000
0.0000000000
0.0000000000
0.0000000000
0.0000000000
0.0000000000
0.0000000000
0.5000000000
0.0000000000
0.1269531250
0.0608520508
0.0000000000
0.0000000000
0.0000000000
0.0000000000
0.0000000000
0.0000000000
0.0000000000
0.0000000000
0.0000000000
0.5000000000
0.0000000000
0.0000000000
0.0000000000
0.0000000000
0.1269531250
0.0609130859
0.0000000000
0.0000000000
0.0000000000
0.0000000000
0.0000000000
0.0000000000
0.0000000000
0.0000000000
0.5771484375
0.0000000000
0.0000000000
0.0000000000
0.0000000000
0.0000000000
0.1269531250
0.0610046387
0.0000000000
0.0000000000
0.0000000000
0.0000000000
0.4472656250
0.0000000000
0.0000000000
0.0000000000
0.0000000000
0.0000000000
0.0000000000
0.0000000000
0.0000000000
0.0000000000
0.1269531250
0.0610656738
0.0000000000
0.0000000000
0.0000000000
0.0000000000
0.0000000000
0.0000000000
0.0000000000
0.5771484375
0.0000000000
0.0000000000
0.0000000000
0.0000000000
0.0000000000
0.0000000000
0.1269531250
0.0610961914
0.0000000000
0.0000000000
0.0000000000
0.2425537109
0.0000000000
0.0000000000
0.0000000000
0.0000000000
0.0000000000
0.0000000000
0.0000000000
0.0000000000
0.0000000000
0.0000000000
0.1269531250
0.0611572266
0.0000000000
0.2856445312
0.0000000000
0.0000000000
0.0000000000
0.0000000000
0.4472656250
0.0000000000
0.0000000000
0.0000000000
0.0000000000
0.0000000000
0.0000000000
0.0000000000
0.1269531250
0.0612182617
0.0000000000
0.0000000000
0.0000000000
0.0000000000
0.0000000000
0.4472656250
0.0000000000
0.0000000000
0.0000000000
0.0000000000
0.0000000000
0.0000000000
0.0000000000
0.0000000000
0.1269531250
0.0612792969
0.0000000000
0.0000000000
0.0000000000
0.0000000000
0.0000000000
0.0000000000
0.4472656250
0.0000000000
0.0000000000
0.0000000000
0.0000000000
0.0000000000
0.0000000000
0.0000000000
0.1269531250
0.0613403320
0.0000000000
0.0000000000
0.0000000000
0.0000000000
0.0000000000
0.0000000000
0.0000000000
0.5771484375
0.0000000000
0.0000000000
0.0000000000
0.0000000000
0.0000000000
0.0000000000
0.1269531250
0.0614624023
0.0000000000
0.0000000000
0.3332519531
0.0000000000
0.0000000000
0.0000000000
0.0000000000
0.0000000000
0.0000000000
0.0000000000
0.0000000000
0.0000000000
0.0000000000
0.0000000000
0.1269531250
0.0616760254
0.3325195312
0.0000000000
0.3332519531
0.0000000000
0.0000000000
0.0000000000
0.0000000000
0.0000000000
0.0000000000
0.0000000000
0.0000000000
0.0000000000
0.0000000000
0.0000000000
0.1269531250
0.0628051758
0.3325195312
0.0000000000
0.0000000000
0.0583190918
0.0000000000
0.0000000000
0.0000000000
0.0000000000
0.0000000000
0.0000000000
0.0000000000
0.0000000000
0.0000000000
0.0000000000
0.0000000000
0.0000000000
0.0000000000
0.0000000000
0.0000000000
0.0595092773
0.0000000000
0.0000000000
0.0000000000
0.0000000000
0.0000000000
0.0000000000
0.0000000000
0.0000000000
0.0000000000
0.0000000000
0.0000000000
0.0000000000
0.0000000000
0.0000000000
0.0000000000
0.0599365234
0.0000000000
0.0000000000
0.0000000000
0.0000000000
0.0000000000
0.0000000000
0.0000000000
0.0000000000
0.0000000000
0.0000000000
0.0000000000
0.0000000000
0.0000000000
0.0000000000
0.0000000000
0.0597229004
0.0000000000
0.0000000000
0.0000000000
0.0000000000
0.0000000000
0.0000000000
0.0000000000
0.0000000000
0.0000000000
0.0000000000
0.0000000000
0.0000000000
0.0000000000
0.0000000000
0.0000000000
0.0599365234
0.0000000000
0.0000000000
0.0000000000
0.0000000000
0.0000000000
0.0000000000
0.0000000000
0.0000000000
0.0000000000
0.0000000000
0.0000000000
0.0000000000
0.0000000000
0.0000000000
0.0000000000
0.0595703125
0.0000000000
0.0000000000
0.0000000000
0.0000000000
0.0000000000
0.0000000000
0.0000000000
0.0000000000
0.0000000000
0.0000000000
0.0000000000
0.0000000000
0.0000000000
0.0000000000
0.0000000000
0.0586242676
0.0000000000
0.0000000000
0.0000000000
0.0000000000
0.0000000000
0.0000000000
0.0000000000
0.0000000000
0.0000000000
0.0000000000
0.0000000000
0.0000000000
0.0000000000
0.0000000000
0.4633789062
0.0608215332
0.0000000000
0.0000000000
0.0000000000
0.0000000000
0.0000000000
0.0000000000
0.0000000000
0.0000000000
0.0000000000
0.0000000000
0.0000000000
0.0000000000
0.0000000000
0.0000000000
0.0000000000
0.0603332520
0.0000000000
0.0000000000
0.0000000000
0.0000000000
0.0000000000
0.0000000000
0.0000000000
0.0000000000
0.0000000000
0.0000000000
0.0000000000
0.0000000000
0.0000000000
0.0000000000
0.0000000000
0.0601501465
0.0000000000
0.0000000000
0.0000000000
0.0000000000
0.0000000000
0.0000000000
0.0000000000
0.0000000000
0.0000000000
0.0000000000
0.0000000000
0.0000000000
0.0000000000
0.0000000000
0.0000000000
0.0596618652
0.0000000000
0.0000000000
0.0000000000
0.0000000000
0.0000000000
0.0000000000
0.0000000000
0.0000000000
0.0000000000
0.0000000000
0.0000000000
0.0000000000
0.0000000000
0.0000000000
0.0000000000
0.0599670410
0.0000000000
0.0000000000
0.0000000000
0.0000000000
0.0000000000
0.0000000000
0.0000000000
0.0000000000
0.0000000000
0.0000000000
0.0000000000
0.0000000000
0.0000000000
0.0000000000
0.0000000000
0.0596618652
0.0000000000
0.0000000000
0.0000000000
0.0000000000
0.0000000000
0.0000000000
0.0000000000
0.0000000000
0.0000000000
0.0000000000
0.0000000000
0.0000000000
0.0000000000
0.0000000000
0.0000000000
0.0603332520
0.0000000000
0.0000000000
0.0000000000
0.0000000000
0.0000000000
0.0000000000
0.0000000000
0.0000000000
0.0000000000
0.0000000000
0.0000000000
0.0000000000
0.0000000000
0.0000000000
0.0000000000
0.0625000000
0.0000000000
0.0000000000
0.0000000000
0.0000000000
0.0000000000
0.0000000000
0.0000000000
0.0000000000
0.0000000000
0.0000000000
0.0000000000
0.0000000000
0.0000000000
0.0000000000
0.0000000000
0.0625000000
0.0000000000
0.0000000000
0.0000000000
0.0000000000
0.0000000000
0.0000000000
0.0000000000
0.0000000000
0.0000000000
0.0000000000
0.0000000000
0.0000000000
0.0000000000
0.0000000000
0.0000000000
0.0000000000
0.0000000000
0.0000000000
0.0000000000
0.0000000000
0.0000000000
0.0000000000
0.0000000000
0.0000000000
0.0000000000
0.5000000000
0.1269531250
0.0628662109
0.0000000000
0.0000000000
0.3332519531
0.0000000000
0.0000000000
0.0000000000
0.0000000000
0.0000000000
0.0000000000
0.0000000000
0.0000000000
0.0000000000
0.0000000000
0.0000000000
0.1269531250
0.0628662109
0.3325195312
0.0000000000
0.0000000000
0.0000000000
0.0000000000
0.0000000000
0.0000000000
0.0000000000
0.0000000000
0.0000000000
0.0000000000
0.0000000000
0.4472656250
0.0000000000
0.1269531250
0.0629272461
0.0000000000
0.0000000000
0.0000000000
0.0000000000
0.0000000000
0.0000000000
0.0000000000
0.0000000000
0.0000000000
0.0000000000
0.0000000000
0.4472656250
0.0000000000
0.0000000000
0.1269531250
0.0629882812
0.0000000000
0.0000000000
0.0000000000
0.0000000000
0.0000000000
0.0000000000
0.0000000000
0.0000000000
0.0000000000
0.0000000000
0.4472656250
0.0000000000
0.0000000000
0.0000000000
0.1269531250
0.0629882812
0.0000000000
0.0000000000
0.0000000000
0.0000000000
0.0000000000
0.0000000000
0.0000000000
0.0000000000
0.0000000000
0.4472656250
0.0000000000
0.0000000000
0.0000000000
0.0000000000
0.1269531250
0.0631103516
0.0000000000
0.0000000000
0.0000000000
0.0000000000
0.0000000000
0.0000000000
0.0000000000
0.0000000000
0.4472656250
0.0000000000
0.0000000000
0.0000000000
0.0000000000
0.0000000000
0.1269531250
0.0631103516
0.0000000000
0.0000000000
0.0000000000
0.0000000000
0.0000000000
0.0000000000
0.0000000000
0.5771484375
0.0000000000
0.0000000000
0.0000000000
0.0000000000
0.0000000000
0.0000000000
0.1269531250
0.0631713867
0.0000000000
0.0000000000
0.0000000000
0.0000000000
0.0000000000
0.0000000000
0.5000000000
0.0000000000
0.0000000000
0.0000000000
0.0000000000
0.0000000000
0.0000000000
0.0000000000
0.1269531250
0.0632324219
0.0000000000
0.0000000000
0.0000000000
0.0000000000
0.0000000000
0.5771484375
0.0000000000
0.0000000000
0.0000000000
0.0000000000
0.0000000000
0.0000000000
0.0000000000
0.0000000000
0.1269531250
0.0632324219
0.0000000000
0.0000000000
0.0000000000
0.0000000000
0.5771484375
0.0000000000
0.0000000000
0.0000000000
0.0000000000
0.0000000000
0.0000000000
0.0000000000
0.0000000000
0.0000000000
0.1269531250
0.0632934570
0.0000000000
0.0000000000
0.0000000000
0.0000000000
0.0000000000
0.5771484375
0.0000000000
0.0000000000
0.0000000000
0.0000000000
0.0000000000
0.0000000000
0.0000000000
0.0000000000
0.1269531250
0.0634155273
0.0000000000
0.0000000000
0.0000000000
0.3161621094
0.0000000000
0.0000000000
0.0000000000
0.0000000000
0.0000000000
0.0000000000
0.0000000000
0.0000000000
0.0000000000
0.0000000000
0.1269531250
0.0634155273
0.0000000000
0.3210449219
0.0000000000
0.0000000000
0.0000000000
0.0000000000
0.0000000000
0.0000000000
0.4472656250
0.0000000000
0.0000000000
0.0000000000
0.0000000000
0.0000000000
0.1269531250
0.0634155273
0.0000000000
0.0000000000
0.0000000000
0.0000000000
0.0000000000
0.0000000000
0.0000000000
0.5771484375
0.0000000000
0.0000000000
0.0000000000
0.0000000000
0.0000000000
0.0000000000
0.1269531250
0.0634765625
0.0000000000
0.0000000000
0.0000000000
0.0000000000
0.0000000000
0.0000000000
0.5000000000
0.0000000000
0.0000000000
0.0000000000
0.0000000000
0.0000000000
0.0000000000
0.0000000000
0.1269531250
0.0635375977
0.0000000000
0.0000000000
0.0623474121
0.0000000000
0.0000000000
0.0000000000
0.0000000000
0.0000000000
0.0000000000
0.0000000000
0.0000000000
0.0000000000
0.0000000000
0.0000000000
0.0000000000
0.0000000000
0.0000000000
0.0000000000
0.0625000000
0.0000000000
0.0000000000
0.0000000000
0.0000000000
0.0000000000
0.0000000000
0.0000000000
0.0000000000
0.0000000000
0.0000000000
0.0000000000
0.0000000000
0.0000000000
0.0000000000
0.0000000000
0.0613098145
0.0000000000
0.0000000000
0.0000000000
0.0000000000
0.0000000000
0.0000000000
0.0000000000
0.0000000000
0.0000000000
0.0000000000
0.0000000000
0.0000000000
0.0000000000
0.0000000000
0.0000000000
0.0606689453
0.0000000000
0.0000000000
0.0000000000
0.0000000000
0.0000000000
0.0000000000
0.0000000000
0.0000000000
0.0000000000
0.0000000000
0.0000000000
0.0000000000
0.0000000000
0.0000000000
0.0000000000
0.0610351562
0.0000000000
0.0000000000
0.0000000000
0.0000000000
0.0000000000
0.0000000000
0.0000000000
0.0000000000
0.0000000000
0.0000000000
0.0000000000
0.0000000000
0.0000000000
0.0000000000
0.0000000000
0.0596923828
0.0000000000
0.0000000000
0.0000000000
0.0000000000
0.0000000000
0.0000000000
0.0000000000
0.0000000000
0.0000000000
0.0000000000
0.0000000000
0.0000000000
0.0000000000
0.0000000000
0.0000000000
0.0600585938
0.0000000000
0.0000000000
0.0000000000
0.0000000000
0.0000000000
0.0000000000
0.0000000000
0.0000000000
0.0000000000
0.0000000000
0.0000000000
0.0000000000
0.0000000000
0.0000000000
0.0000000000
0.0595397949
0.0000000000
0.0000000000
0.0000000000
0.0000000000
0.0000000000
0.0000000000
0.0000000000
0.0000000000
0.0000000000
0.0000000000
0.0000000000
0.0000000000
0.0000000000
0.0000000000
0.0000000000
0.0595703125
0.0000000000
0.0000000000
0.0000000000
0.0000000000
0.0000000000
0.0000000000
0.0000000000
0.0000000000
0.0000000000
0.0000000000
0.0000000000
0.0000000000
0.0000000000
0.0000000000
0.0000000000
0.0593566895
0.0000000000
0.0000000000
0.0000000000
0.0000000000
0.0000000000
0.0000000000
0.0000000000
0.0000000000
0.0000000000
0.0000000000
0.0000000000
0.0000000000
0.0000000000
0.0000000000
0.0000000000
0.0586242676
0.0000000000
0.0000000000
0.0000000000
0.0000000000
0.0000000000
0.0000000000
0.0000000000
0.0000000000
0.0000000000
0.0000000000
0.0000000000
0.0000000000
0.0000000000
0.0000000000
0.0000000000
0.0593566895
0.0000000000
0.0000000000
0.0000000000
0.0000000000
0.0000000000
0.0000000000
0.0000000000
0.0000000000
0.0000000000
0.0000000000
0.0000000000
0.0000000000
0.0000000000
0.0000000000
0.0000000000
0.0598754883
0.0000000000
0.0000000000
0.0000000000
0.0000000000
0.0000000000
0.0000000000
0.0000000000
0.0000000000
0.0000000000
0.0000000000
0.0000000000
0.0000000000
0.0000000000
0.0000000000
0.0000000000
0.0600585938
0.0000000000
0.0000000000
0.0000000000
0.0000000000
0.0000000000
0.0000000000
0.0000000000
0.0000000000
0.0000000000
0.0000000000
0.0000000000
0.0000000000
0.0000000000
0.0000000000
0.0000000000
0.0595397949
0.0000000000
0.0000000000
0.0000000000
0.0000000000
0.0000000000
0.0000000000
0.0000000000
0.0000000000
0.0000000000
0.0000000000
0.0000000000
0.0000000000
0.0000000000
0.0000000000
0.0000000000
0.0595703125
0.0000000000
0.0000000000
0.0000000000
0.0000000000
0.0000000000
0.0000000000
0.0000000000
0.0000000000
0.0000000000
0.0000000000
0.0000000000
0.0000000000
0.0000000000
0.0000000000
0.0000000000
0.0000000000
0.0000000000
0.0000000000
0.0000000000
0.5771484375
0.0000000000
0.0000000000
0.0000000000
0.0000000000
0.0000000000
0.0000000000
0.0000000000
0.1269531250
0.0635986328
0.0000000000
0.0000000000
0.0000000000
0.0000000000
0.0000000000
0.5771484375
0.0000000000
0.0000000000
0.0000000000
0.0000000000
0.0000000000
0.0000000000
0.0000000000
0.0000000000
0.1269531250
0.0651245117
0.0000000000
0.0000000000
0.2885742188
0.0000000000
0.0000000000
0.0000000000
0.0000000000
0.0000000000
0.0000000000
0.0000000000
0.0000000000
0.0000000000
0.0000000000
0.0000000000
0.1269531250
0.0651855469
0.3112792969
0.0000000000
0.0000000000
0.0000000000
0.0000000000
0.0000000000
0.0000000000
0.5000000000
0.0000000000
0.0000000000
0.0000000000
0.0000000000
0.0000000000
0.0000000000
0.1269531250
0.0651855469
0.0000000000
0.0000000000
0.0000000000
0.0000000000
0.0000000000
0.0000000000
0.0000000000
0.0000000000
0.5771484375
0.0000000000
0.0000000000
0.0000000000
0.0000000000
0.0000000000
0.1269531250
0.0652465820
0.0000000000
0.0000000000
0.0000000000
0.2885742188
0.0000000000
0.0000000000
0.0000000000
0.0000000000
0.0000000000
0.0000000000
0.0000000000
0.0000000000
0.0000000000
0.0000000000
0.1269531250
0.0653076172
0.0000000000
0.3037109375
0.0000000000
0.0000000000
0.0000000000
0.0000000000
0.0000000000
0.0000000000
0.0000000000
0.0000000000
0.5771484375
0.0000000000
0.0000000000
0.0000000000
0.1269531250
0.0653686523
0.0000000000
0.0000000000
0.0000000000
0.0000000000
0.0000000000
0.0000000000
0.0000000000
0.0000000000
0.0000000000
0.5771484375
0.0000000000
0.0000000000
0.0000000000
0.0000000000
0.1269531250
0.0654296875
0.0000000000
0.0000000000
0.0000000000
0.0000000000
0.0000000000
0.0000000000
0.0000000000
0.0000000000
0.0000000000
0.0000000000
0.5771484375
0.0000000000
0.0000000000
0.0000000000
0.1269531250
0.0654296875
0.0000000000
0.0000000000
0.0000000000
0.2885742188
0.0000000000
0.0000000000
0.0000000000
0.0000000000
0.0000000000
0.0000000000
0.0000000000
0.0000000000
0.0000000000
0.0000000000
0.1269531250
0.0654907227
0.0000000000
0.3037109375
0.0000000000
0.0000000000
0.2673339844
0.0000000000
0.0000000000
0.0000000000
0.0000000000
0.0000000000
0.0000000000
0.0000000000
0.0000000000
0.0000000000
0.1269531250
0.0656127930
0.0000000000
0.0000000000
0.0000000000
0.0000000000
0.0000000000
0.0000000000
0.0000000000
0.0000000000
0.0000000000
0.0000000000
0.0000000000
0.0000000000
0.5771484375
0.0000000000
0.1269531250
0.0656127930
0.0000000000
0.0000000000
0.0000000000
0.0000000000
0.2673339844
0.0000000000
0.0000000000
0.0000000000
0.0000000000
0.0000000000
0.0000000000
0.0000000000
0.0000000000
0.0000000000
0.1269531250
0.0656738281
0.0000000000
0.0000000000
0.0000000000
0.0000000000
0.0000000000
0.0000000000
0.0000000000
0.0000000000
0.0000000000
0.0000000000
0.0000000000
0.4472656250
0.0000000000
0.0000000000
0.1269531250
0.0657348633
0.0000000000
0.0000000000
0.0000000000
0.0000000000
0.0000000000
0.0000000000
0.0000000000
0.0000000000
0.0000000000
0.0000000000
0.0000000000
0.4472656250
0.0000000000
0.0000000000
0.1269531250
0.0670776367
0.0000000000
0.0000000000
0.0000000000
0.0000000000
0.0000000000
0.0000000000
0.0000000000
0.0000000000
0.0000000000
0.0000000000
0.0000000000
0.0000000000
0.0000000000
0.5000000000
0.1269531250
0.0671386719
0.0000000000
0.0000000000
0.0000000000
0.0595092773
0.0000000000
0.0000000000
0.0000000000
0.0000000000
0.0000000000
0.0000000000
0.0000000000
0.0000000000
0.0000000000
0.0000000000
0.0000000000
0.0000000000
0.0000000000
0.0000000000
0.0000000000
0.0583190918
0.0000000000
0.0000000000
0.0000000000
0.0000000000
0.0000000000
0.0000000000
0.0000000000
0.0000000000
0.0000000000
0.0000000000
0.0000000000
0.0000000000
0.0000000000
0.0000000000
0.0000000000
0.0600891113
0.0000000000
0.0000000000
0.0000000000
0.0000000000
0.0000000000
0.0000000000
0.0000000000
0.0000000000
0.0000000000
0.0000000000
0.0000000000
0.0000000000
0.0000000000
0.0000000000
0.0000000000
0.0599365234
0.0000000000
0.0000000000
0.0000000000
0.0000000000
0.0000000000
0.0000000000
0.0000000000
0.0000000000
0.0000000000
0.0000000000
0.0000000000
0.0000000000
0.0000000000
0.0000000000
0.0000000000
0.0597229004
0.0000000000
0.0000000000
0.0000000000
0.0000000000
0.0000000000
0.0000000000
0.0000000000
0.0000000000
0.0000000000
0.0000000000
0.0000000000
0.0000000000
0.0000000000
0.0000000000
0.0000000000
0.0606994629
0.0000000000
0.0000000000
0.0000000000
0.0000000000
0.0000000000
0.0000000000
0.0000000000
0.0000000000
0.0000000000
0.0000000000
0.0000000000
0.0000000000
0.0000000000
0.0000000000
0.0000000000
0.0605163574
0.0000000000
0.0000000000
0.0000000000
0.0000000000
0.0000000000
0.0000000000
0.0000000000
0.0000000000
0.0000000000
0.0000000000
0.0000000000
0.0000000000
0.0000000000
0.0000000000
0.0000000000
0.0599060059
0.0000000000
0.0000000000
0.0000000000
0.0000000000
0.0000000000
0.0000000000
0.0000000000
0.0000000000
0.0000000000
0.0000000000
0.0000000000
0.0000000000
0.0000000000
0.0000000000
0.0000000000
0.0605163574
0.0000000000
0.0000000000
0.0000000000
0.0000000000
0.0000000000
0.0000000000
0.0000000000
0.0000000000
0.0000000000
0.0000000000
0.0000000000
0.0000000000
0.0000000000
0.0000000000
0.0000000000
0.0606994629
0.0000000000
0.0000000000
0.0000000000
0.0000000000
0.0000000000
0.0000000000
0.0000000000
0.0000000000
0.0000000000
0.0000000000
0.0000000000
0.0000000000
0.0000000000
0.0000000000
0.3168945312
0.0593261719
0.0000000000
0.0000000000
0.0000000000
0.0000000000
0.0000000000
0.0000000000
0.0000000000
0.0000000000
0.0000000000
0.0000000000
0.0000000000
0.0000000000
0.0000000000
0.0000000000
0.0000000000
0.0590515137
0.0000000000
0.0000000000
0.0000000000
0.0000000000
0.0000000000
0.0000000000
0.0000000000
0.0000000000
0.0000000000
0.0000000000
0.0000000000
0.0000000000
0.0000000000
0.0000000000
0.3168945312
0.0593261719
0.0000000000
0.0000000000
0.0000000000
0.0000000000
0.0000000000
0.0000000000
0.0000000000
0.0000000000
0.0000000000
0.0000000000
0.0000000000
0.0000000000
0.0000000000
0.0000000000
0.0000000000
0.0592346191
0.0000000000
0.0000000000
0.0000000000
0.0000000000
0.0000000000
0.0000000000
0.0000000000
0.0000000000
0.0000000000
0.0000000000
0.0000000000
0.0000000000
0.0000000000
0.0000000000
0.0000000000
0.0592346191
0.0000000000
0.0000000000
0.0000000000
0.0000000000
0.0000000000
0.0000000000
0.0000000000
0.0000000000
0.0000000000
0.0000000000
0.0000000000
0.0000000000
0.0000000000
0.0000000000
0.0000000000
0.0587158203
0.0000000000
0.0000000000
0.0000000000
0.0000000000
0.0000000000
0.0000000000
0.0000000000
0.0000000000
0.0000000000
0.0000000000
0.0000000000
0.0000000000
0.0000000000
0.0000000000
0.0000000000
0.0000000000
0.0000000000
0.0000000000
0.0000000000
0.0000000000
0.0000000000
0.0000000000
0.4472656250
0.0000000000
0.0000000000
0.0000000000
0.1072387695
0.0671997070
0.0000000000
0.0000000000
0.0000000000
0.0000000000
0.0000000000
0.0000000000
0.0000000000
0.0000000000
0.0000000000
0.5000000000
0.0000000000
0.0000000000
0.0000000000
0.0000000000
0.1072387695
0.0671997070
0.0000000000
0.0000000000
0.0000000000
0.0000000000
0.0000000000
0.0000000000
0.0000000000
0.0000000000
0.0000000000
0.0000000000
0.4472656250
0.0000000000
0.0000000000
0.0000000000
0.1072387695
0.0672607422
0.0000000000
0.0000000000
0.0000000000
0.0000000000
0.0000000000
0.0000000000
0.0000000000
0.0000000000
0.0000000000
0.5000000000
0.0000000000
0.0000000000
0.0000000000
0.0000000000
0.1072387695
0.0672607422
0.0000000000
0.0000000000
0.0000000000
0.0000000000
0.0000000000
0.0000000000
0.0000000000
0.0000000000
0.0000000000
0.0000000000
0.4472656250
0.0000000000
0.0000000000
0.0000000000
0.1072387695
0.0673217773
0.0000000000
0.0000000000
0.0000000000
0.0000000000
0.0000000000
0.0000000000
0.0000000000
0.0000000000
0.5000000000
0.0000000000
0.0000000000
0.0000000000
0.0000000000
0.0000000000
0.1072387695
0.0673828125
0.0000000000
0.0000000000
0.0000000000
0.0000000000
0.0000000000
0.0000000000
0.0000000000
0.4472656250
0.0000000000
0.0000000000
0.0000000000
0.0000000000
0.0000000000
0.0000000000
0.1072387695
0.0673828125
0.0000000000
0.0000000000
0.0000000000
0.0000000000
0.0000000000
0.0000000000
0.4082031250
0.0000000000
0.0000000000
0.0000000000
0.0000000000
0.0000000000
0.0000000000
0.0000000000
0.1072387695
0.0675659180
0.0000000000
0.0000000000
0.0000000000
0.0000000000
0.0000000000
0.4472656250
0.0000000000
0.0000000000
0.0000000000
0.0000000000
0.0000000000
0.0000000000
0.0000000000
0.0000000000
0.1072387695
0.0676269531
0.0000000000
0.0000000000
0.0000000000
0.0000000000
0.0000000000
0.0000000000
0.0000000000
0.0000000000
0.0000000000
0.0000000000
0.0000000000
0.5771484375
0.0000000000
0.0000000000
0.1072387695
0.0676879883
0.0000000000
0.0000000000
0.0000000000
0.0000000000
0.0000000000
0.0000000000
0.0000000000
0.0000000000
0.0000000000
0.0000000000
0.0000000000
0.0000000000
0.5771484375
0.0000000000
0.1072387695
0.0677490234
0.0000000000
0.0000000000
0.0000000000
0.3161621094
0.0000000000
0.0000000000
0.0000000000
0.0000000000
0.0000000000
0.0000000000
0.0000000000
0.0000000000
0.0000000000
0.0000000000
0.1072387695
0.0677490234
0.0000000000
0.3137207031
0.0000000000
0.3161621094
0.0000000000
0.0000000000
0.0000000000
0.0000000000
0.0000000000
0.0000000000
0.0000000000
0.0000000000
0.0000000000
0.0000000000
0.1072387695
0.0692749023
0.0000000000
0.3137207031
0.3332519531
0.0000000000
0.0000000000
0.0000000000
0.0000000000
0.0000000000
0.0000000000
0.0000000000
0.0000000000
0.0000000000
0.0000000000
0.0000000000
0.1072387695
0.0693969727
0.3300781250
0.0000000000
0.0000000000
0.0000000000
0.4472656250
0.0000000000
0.0000000000
0.0000000000
0.0000000000
0.0000000000
0.0000000000
0.0000000000
0.0000000000
0.0000000000
0.1072387695
0.0693969727
0.0000000000
0.0000000000
0.0000000000
0.0000000000
0.0000000000
0.0000000000
0.0000000000
0.0000000000
0.0000000000
0.0000000000
0.0000000000
0.0000000000
0.0000000000
0.4472656250
0.1072387695
0.0694580078
0.0000000000
0.0000000000
0.0000000000
0.0000000000
0.0000000000
0.0000000000
0.0000000000
0.0000000000
0.0587768555
0.0000000000
0.0000000000
0.0000000000
0.0000000000
0.0000000000
0.0000000000
0.0000000000
0.0000000000
0.0000000000
0.0000000000
0.0000000000
0.0000000000
0.0000000000
0.0000000000
0.0000000000
0.0587463379
0.0000000000
0.0000000000
0.0000000000
0.0000000000
0.0000000000
0.0000000000
0.0000000000
0.0000000000
0.0000000000
0.0000000000
0.0000000000
0.0000000000
0.0000000000
0.0000000000
0.0000000000
0.0587768555
0.0000000000
0.0000000000
0.0000000000
0.0000000000
0.0000000000
0.0000000000
0.0000000000
0.0000000000
0.0000000000
0.0000000000
0.0000000000
0.0000000000
0.0000000000
0.0000000000
0.0000000000
0.0587463379
0.0000000000
0.0000000000
0.0000000000
0.0000000000
0.0000000000
0.0000000000
0.0000000000
0.0000000000
0.0000000000
0.0000000000
0.0000000000
0.0000000000
0.0000000000
0.0000000000
0.0000000000
0.0587768555
0.0000000000
0.0000000000
0.0000000000
0.0000000000
0.0000000000
0.0000000000
0.0000000000
0.0000000000
0.0000000000
0.0000000000
0.0000000000
0.0000000000
0.0000000000
0.0000000000
0.0000000000
0.0587158203
0.0000000000
0.0000000000
0.0000000000
0.0000000000
0.0000000000
0.0000000000
0.0000000000
0.0000000000
0.0000000000
0.0000000000
0.0000000000
0.0000000000
0.0000000000
0.0000000000
0.0000000000
0.0592346191
0.0000000000
0.0000000000
0.0000000000
0.0000000000
0.0000000000
0.0000000000
0.0000000000
0.0000000000
0.0000000000
0.0000000000
0.0000000000
0.4211425781
0.0000000000
0.0000000000
0.0000000000
0.0596008301
0.0000000000
0.0000000000
0.0000000000
0.0000000000
0.0000000000
0.0000000000
0.0000000000
0.0000000000
0.0000000000
0.0000000000
0.4670410156
0.0000000000
0.0000000000
0.0000000000
0.0000000000
0.0595703125
0.0000000000
0.0000000000
0.0000000000
0.0000000000
0.0000000000
0.0000000000
0.0000000000
0.0000000000
0.0000000000
0.0000000000
0.0000000000
0.0000000000
0.5664062500
0.0000000000
0.0000000000
0.0599975586
0.0000000000
0.0000000000
0.0000000000
0.0000000000
0.0000000000
0.0000000000
0.0000000000
0.0000000000
0.0000000000
0.0000000000
0.0000000000
0.0000000000
0.0000000000
0.5664062500
0.0000000000
0.0608825684
0.0000000000
0.0000000000
0.0000000000
0.0000000000
0.0000000000
0.0000000000
0.0000000000
0.0000000000
0.0000000000
0.0000000000
0.0000000000
0.0000000000
0.0000000000
0.0000000000
0.0000000000
0.0617675781
0.0000000000
0.0000000000
0.0000000000
0.0000000000
0.0000000000
0.0000000000
0.0000000000
0.0000000000
0.0000000000
0.0000000000
0.0000000000
0.0000000000
0.0000000000
0.0000000000
0.0000000000
0.0617675781
0.0000000000
0.0000000000
0.0000000000
0.0000000000
0.0000000000
0.0000000000
0.0000000000
0.0000000000
0.0000000000
0.0000000000
0.0000000000
0.0000000000
0.0000000000
0.0000000000
0.0000000000
0.0626220703
0.0000000000
0.0000000000
0.0000000000
0.0000000000
0.0000000000
0.0000000000
0.0000000000
0.0000000000
0.0000000000
0.4428710938
0.0000000000
0.0000000000
0.0000000000
0.0000000000
0.0000000000
0.0628051758
0.0000000000
0.0000000000
0.0000000000
0.0000000000
0.0000000000
0.0000000000
0.0000000000
0.0000000000
0.0000000000
0.0000000000
0.0000000000
0.0000000000
0.0000000000
0.0000000000
0.4394531250
0.0629882812
0.0000000000
0.0000000000
0.0000000000
0.0000000000
0.0000000000
0.0000000000
0.0000000000
0.0000000000
0.0000000000
0.0000000000
0.0000000000
0.0000000000
0.0000000000
0.0000000000
0.0000000000
0.0000000000
0.4472656250
0.0000000000
0.0000000000
0.0000000000
0.1072387695
0.0694580078
0.0000000000
0.0000000000
0.0000000000
0.0000000000
0.0000000000
0.0000000000
0.0000000000
0.0000000000
0.0000000000
0.0000000000
0.4472656250
0.0000000000
0.0000000000
0.0000000000
0.1072387695
0.0697021484
0.0000000000
0.0000000000
0.0000000000
0.0000000000
0.0000000000
0.0000000000
0.0000000000
0.0000000000
0.0000000000
0.4472656250
0.0000000000
0.0000000000
0.0000000000
0.0000000000
0.1072387695
0.0697631836
0.0000000000
0.0000000000
0.0000000000
0.0000000000
0.0000000000
0.0000000000
0.0000000000
0.4472656250
0.0000000000
0.0000000000
0.0000000000
0.0000000000
0.0000000000
0.0000000000
0.1072387695
0.0697631836
0.0000000000
0.0000000000
0.0000000000
0.0000000000
0.0000000000
0.0000000000
0.3332519531
0.0000000000
0.0000000000
0.0000000000
0.0000000000
0.0000000000
0.0000000000
0.0000000000
0.1072387695
0.0697631836
0.0000000000
0.0000000000
0.0000000000
0.0000000000
0.0000000000
0.5000000000
0.0000000000
0.0000000000
0.0000000000
0.0000000000
0.0000000000
0.0000000000
0.0000000000
0.0000000000
0.1072387695
0.0698242188
0.0000000000
0.0000000000
0.4938964844
0.0000000000
0.5000000000
0.0000000000
0.0000000000
0.0000000000
0.0000000000
0.0000000000
0.0000000000
0.0000000000
0.0000000000
0.0000000000
0.1072387695
0.0698852539
0.0000000000
0.4938964844
0.0000000000
0.4472656250
0.0000000000
0.0000000000
0.0000000000
0.0000000000
0.0000000000
0.0000000000
0.0000000000
0.0000000000
0.0000000000
0.0000000000
0.1072387695
0.0699462891
0.4401855469
0.0000000000
0.0000000000
0.0000000000
0.0000000000
0.0000000000
0.0000000000
0.0000000000
0.0000000000
0.0000000000
0.0000000000
0.5771484375
0.0000000000
0.0000000000
0.1072387695
0.0700073242
0.0000000000
0.0000000000
0.0000000000
0.0000000000
0.0000000000
0.0000000000
0.0000000000
0.0000000000
0.0000000000
0.0000000000
0.0000000000
0.0000000000
0.5000000000
0.0000000000
0.1072387695
0.0700073242
0.0000000000
0.0000000000
0.0000000000
0.0000000000
0.0000000000
0.0000000000
0.0000000000
0.0000000000
0.0000000000
0.0000000000
0.0000000000
0.0000000000
0.0000000000
0.0000000000
0.1072387695
0.0714721680
0.0000000000
0.0000000000
0.0000000000
0.0000000000
0.0000000000
0.0000000000
0.0000000000
0.0000000000
0.0000000000
0.0000000000
0.0000000000
0.0000000000
0.0000000000
0.0000000000
0.1072387695
0.0715332031
0.0000000000
0.0000000000
0.0000000000
0.0000000000
0.0000000000
0.0000000000
0.0000000000
0.0000000000
0.0000000000
0.0000000000
0.0000000000
0.0000000000
0.0000000000
0.0000000000
0.1072387695
0.0715942383
0.0000000000
0.0000000000
0.0000000000
0.0000000000
0.0000000000
0.0000000000
0.0000000000
0.0000000000
0.0000000000
0.0000000000
0.0000000000
0.0000000000
0.0000000000
0.0000000000
0.1072387695
0.0716552734
0.0000000000
0.0000000000
0.0000000000
0.0000000000
0.0000000000
0.0000000000
0.0000000000
0.0000000000
0.0000000000
0.0000000000
0.0000000000
0.0000000000
0.0000000000
0.5771484375
0.1072387695
0.0717163086
0.0000000000
0.0000000000
0.0000000000
0.0000000000
0.0000000000
0.0000000000
0.0000000000
0.0000000000
0.5000000000
0.0000000000
0.0000000000
0.0000000000
0.0000000000
0.0000000000
0.1072387695
0.0717773438
0.0000000000
0.0000000000
0.0000000000
0.0000000000
0.0000000000
0.0000000000
0.4394531250
0.0000000000
0.0000000000
0.0000000000
0.0632324219
0.0000000000
0.0000000000
0.0000000000
0.0000000000
0.0000000000
0.0000000000
0.0000000000
0.0000000000
0.0000000000
0.0000000000
0.0000000000
0.4394531250
0.0000000000
0.0000000000
0.0000000000
0.0632324219
0.0000000000
0.0000000000
0.0000000000
0.0000000000
0.0000000000
0.0000000000
0.0000000000
0.0000000000
0.0000000000
0.0000000000
0.4394531250
0.0000000000
0.0000000000
0.0000000000
0.0000000000
0.0629882812
0.0000000000
0.0000000000
0.0000000000
0.0000000000
0.0000000000
0.0000000000
0.0000000000
0.0000000000
0.0000000000
0.4428710938
0.0000000000
0.0000000000
0.0000000000
0.0000000000
0.0000000000
0.0628051758
0.0000000000
0.0000000000
0.0000000000
0.0000000000
0.0000000000
0.0000000000
0.0000000000
0.0000000000
0.3300781250
0.0000000000
0.0000000000
0.0000000000
0.0000000000
0.0000000000
0.0000000000
0.0626220703
0.0000000000
0.0000000000
0.0000000000
0.0000000000
0.0000000000
0.0000000000
0.0000000000
0.0000000000
0.0000000000
0.0000000000
0.0000000000
0.0000000000
0.0000000000
0.0000000000
0.0000000000
0.0629882812
0.0000000000
0.0000000000
0.0000000000
0.0000000000
0.0000000000
0.0000000000
0.0000000000
0.0000000000
0.0000000000
0.0000000000
0.0000000000
0.0000000000
0.0000000000
0.0000000000
0.0000000000
0.0632324219
0.0000000000
0.0000000000
0.0000000000
0.0000000000
0.0000000000
0.0000000000
0.0000000000
0.0000000000
0.0000000000
0.0000000000
0.0000000000
0.0000000000
0.0000000000
0.0000000000
0.0000000000
0.0633544922
0.0000000000
0.0000000000
0.0000000000
0.0000000000
0.0000000000
0.0000000000
0.0000000000
0.0000000000
0.0000000000
0.0000000000
0.0000000000
0.0000000000
0.5664062500
0.0000000000
0.0000000000
0.0631103516
0.0000000000
0.0000000000
0.0000000000
0.0000000000
0.0000000000
0.0000000000
0.0000000000
0.0000000000
0.0000000000
0.0000000000
0.0000000000
0.0000000000
0.0000000000
0.4892578125
0.0000000000
0.0629882812
0.0000000000
0.0000000000
0.0000000000
0.0000000000
0.0000000000
0.0000000000
0.0000000000
0.0000000000
0.0000000000
0.0000000000
0.0000000000
0.0000000000
0.0000000000
0.0000000000
0.0000000000
0.0629272461
0.0000000000
0.0000000000
0.0000000000
0.0000000000
0.0000000000
0.0000000000
0.0000000000
0.0000000000
0.0000000000
0.0000000000
0.0000000000
0.0000000000
0.0000000000
0.0000000000
0.0000000000
0.0629272461
0.0000000000
0.0000000000
0.0000000000
0.0000000000
0.0000000000
0.0000000000
0.0000000000
0.0000000000
0.0000000000
0.0000000000
0.0000000000
0.0000000000
0.0000000000
0.0000000000
0.0000000000
0.0629272461
0.0000000000
0.0000000000
0.0000000000
0.0000000000
0.0000000000
0.0000000000
0.0000000000
0.0000000000
0.0000000000
0.0000000000
0.0000000000
0.0000000000
0.0000000000
0.0000000000
0.0000000000
0.0629272461
0.0000000000
0.0000000000
0.0000000000
0.0000000000
0.0000000000
0.0000000000
0.0000000000
0.0000000000
0.0000000000
0.0000000000
0.0000000000
0.0000000000
0.0000000000
0.0000000000
0.5664062500
0.0624084473
0.0000000000
0.0000000000
0.0000000000
0.0000000000
0.0000000000
0.0000000000
0.0000000000
0.0000000000
0.0000000000
0.0000000000
0.0000000000
0.0000000000
0.0000000000
0.0000000000
0.0000000000
0.0623474121
0.0000000000
0.0000000000
0.0000000000
0.0000000000
0.0000000000
0.0000000000
0.0000000000
0.0000000000
0.0000000000
0.3332519531
0.0000000000
0.0000000000
0.0000000000
0.0000000000
0.0000000000
0.0000000000
0.0000000000
0.0000000000
0.1072387695
0.0717773438
0.0000000000
0.3325195312
0.0000000000
0.0625000000
0.0000000000
0.0000000000
0.0000000000
0.0000000000
0.0000000000
0.0000000000
0.0000000000
0.0000000000
0.4472656250
0.0000000000
0.1072387695
0.0718383789
0.0000000000
0.0000000000
0.0000000000
0.0613098145
0.0000000000
0.0000000000
0.0000000000
0.0000000000
0.0000000000
0.0000000000
0.0000000000
0.4472656250
0.0000000000
0.0000000000
0.1072387695
0.0718994141
0.0000000000
0.0000000000
0.0000000000
0.0606689453
0.0000000000
0.0000000000
0.0000000000
0.0000000000
0.0000000000
0.0000000000
0.4472656250
0.0000000000
0.0000000000
0.0000000000
0.1072387695
0.0718994141
0.0000000000
0.0000000000
0.0000000000
0.0610351562
0.0000000000
0.0000000000
0.0000000000
0.0000000000
0.0000000000
0.4472656250
0.0000000000
0.0000000000
0.0000000000
0.0000000000
0.1072387695
0.0720214844
0.0000000000
0.0000000000
0.0000000000
0.0596923828
0.0000000000
0.0000000000
0.3161621094
0.0000000000
0.0000000000
0.0000000000
0.0000000000
0.0000000000
0.0000000000
0.0000000000
0.1072387695
0.0720825195
0.0000000000
0.0000000000
0.3210449219
0.0598754883
0.0000000000
0.0000000000
0.0000000000
0.0000000000
0.4472656250
0.0000000000
0.0000000000
0.0000000000
0.0000000000
0.0000000000
0.1072387695
0.0720825195
0.0000000000
0.0000000000
0.0000000000
0.0600585938
0.0000000000
0.0000000000
0.0000000000
0.0000000000
0.0000000000
0.4472656250
0.0000000000
0.0000000000
0.0000000000
0.0000000000
0.1072387695
0.0721435547
0.0000000000
0.0000000000
0.0000000000
0.0596923828
0.0000000000
0.0000000000
0.0000000000
0.0000000000
0.0000000000
0.0000000000
0.4472656250
0.0000000000
0.0000000000
0.0000000000
0.1072387695
0.0722045898
0.0000000000
0.0000000000
0.0000000000
0.0610351562
0.0000000000
0.0000000000
0.0000000000
0.0000000000
0.0000000000
0.0000000000
0.0000000000
0.4472656250
0.0000000000
0.0000000000
0.1072387695
0.0722045898
0.0000000000
0.0000000000
0.0000000000
0.0606689453
0.0000000000
0.0000000000
0.0000000000
0.0000000000
0.0000000000
0.0000000000
0.0000000000
0.0000000000
0.4472656250
0.0000000000
0.1072387695
0.0722656250
0.0000000000
0.0000000000
0.0000000000
0.0613098145
0.0000000000
0.0000000000
0.0000000000
0.0000000000
0.0000000000
0.0000000000
0.0000000000
0.0000000000
0.0000000000
0.5000000000
0.1072387695
0.0723266602
0.0000000000
0.0000000000
0.0000000000
0.0623474121
0.0000000000
0.3332519531
0.0000000000
0.0000000000
0.0000000000
0.0000000000
0.0000000000
0.0000000000
0.0000000000
0.0000000000
0.1072387695
0.0723876953
0.0000000000
0.3325195312
0.0000000000
0.0625000000
0.4472656250
0.0000000000
0.0000000000
0.0000000000
0.0000000000
0.0000000000
0.0000000000
0.0000000000
0.0000000000
0.0000000000
0.1072387695
0.0724487305
0.4494628906
0.0000000000
0.0000000000
0.0617370605
0.4472656250
0.0000000000
0.0000000000
0.0000000000
0.0000000000
0.0000000000
0.0000000000
0.0000000000
0.0000000000
0.0000000000
0.1072387695
0.0735473633
0.4494628906
0.0000000000
0.0000000000
0.0617370605
0.0000000000
0.0000000000
0.0000000000
0.4472656250
0.0000000000
0.0000000000
0.0000000000
0.0000000000
0.0000000000
0.0000000000
0.1072387695
0.0736694336
0.0000000000
0.0000000000
0.0000000000
0.0599670410
0.0000000000
0.0000000000
0.0000000000
0.0000000000
0.0000000000
0.0000000000
0.0000000000
0.0000000000
0.0000000000
0.0000000000
0.0000000000
0.0000000000
0.0000000000
0.4472656250
0.1072387695
0.0737304688
0.0000000000
0.0000000000
0.0000000000
0.0000000000
0.0000000000
0.0000000000
0.0000000000
0.0000000000
0.0000000000
0.0000000000
0.0000000000
0.0000000000
0.0000000000
0.4472656250
0.1072387695
0.0737915039
0.0000000000
0.0000000000
0.0000000000
0.0000000000
0.0000000000
0.0000000000
0.0000000000
0.0000000000
0.0000000000
0.0000000000
0.0000000000
0.0000000000
0.4472656250
0.0000000000
0.1072387695
0.0738525391
0.0000000000
0.0000000000
0.5000000000
0.0000000000
0.0000000000
0.0000000000
0.0000000000
0.0000000000
0.0000000000
0.0000000000
0.0000000000
0.0000000000
0.0000000000
0.0000000000
0.1072387695
0.0738525391
0.0000000000
0.5000000000
0.0000000000
0.0000000000
0.0000000000
0.0000000000
0.0000000000
0.0000000000
0.0000000000
0.0000000000
0.0000000000
0.0000000000
0.0000000000
0.0000000000
0.1072387695
0.0739135742
0.4472656250
0.0000000000
0.0000000000
0.0000000000
0.0000000000
0.0000000000
0.0000000000
0.0000000000
0.0000000000
0.0000000000
0.0000000000
0.0000000000
0.0000000000
0.0000000000
0.1072387695
0.0739135742
0.0000000000
0.0000000000
0.0000000000
0.0000000000
0.0000000000
0.0000000000
0.0000000000
0.0000000000
0.0000000000
0.0000000000
0.0000000000
0.5771484375
0.0000000000
0.0000000000
0.1072387695
0.0739746094
0.0000000000
0.0000000000
0.0000000000
0.0000000000
0.0000000000
0.0000000000
0.0000000000
0.0000000000
0.0000000000
0.0000000000
0.7070312500
0.0000000000
0.0000000000
0.0000000000
0.1072387695
0.0740356445
0.0000000000
0.0000000000
0.0000000000
0.2236328125
0.0000000000
0.0000000000
0.0000000000
0.0000000000
0.0000000000
0.0000000000
0.0000000000
0.0000000000
0.0000000000
0.0000000000
0.1072387695
0.0740356445
0.0000000000
0.0000000000
0.0000000000
0.0000000000
0.0000000000
0.0000000000
0.0000000000
0.0000000000
0.0000000000
0.5000000000
0.0000000000
0.0000000000
0.0000000000
0.0000000000
0.1072387695
0.0740966797
0.0000000000
0.0000000000
0.0000000000
0.0000000000
0.0000000000
0.0000000000
0.0000000000
0.0000000000
0.5000000000
0.0000000000
0.0000000000
0.0000000000
0.0000000000
0.0000000000
0.1072387695
0.0741577148
0.0000000000
0.0000000000
0.0000000000
0.0000000000
0.0000000000
0.0000000000
0.0000000000
0.3779296875
0.0000000000
0.0000000000
0.0000000000
0.0000000000
0.0000000000
0.0000000000
0.1072387695
0.0741577148
0.0000000000
0.0000000000
0.0000000000
0.0000000000
0.0000000000
0.0000000000
0.2583007812
0.0000000000
0.0000000000
0.0000000000
0.0000000000
0.0000000000
0.0000000000
0.0000000000
0.1072387695
0.0742187500
0.0000000000
0.0000000000
0.0000000000
0.0000000000
0.0000000000
0.0000000000
0.2583007812
0.0000000000
0.0000000000
0.0000000000
0.0000000000
0.0000000000
0.0000000000
0.0000000000
0.1072387695
0.0758666992
0.0000000000
0.0000000000
0.0000000000
0.0000000000
0.0000000000
0.5000000000
0.0000000000
0.0000000000
0.0000000000
0.0000000000
0.0000000000
0.0000000000
0.0000000000
0.0000000000
0.1072387695
0.0759277344
0.0000000000
0.0000000000
0.0000000000
0.0000000000
0.3332519531
0.0000000000
0.0000000000
0.0000000000
0.0000000000
0.0000000000
0.0000000000
0.0000000000
0.0000000000
0.0000000000
0.1072387695
0.0759887695
0.0000000000
0.0000000000
0.0000000000
0.0000000000
0.0000000000
0.0000000000
0.0000000000
0.0000000000
0.0000000000
0.0596618652
0.0000000000
0.0000000000
0.0000000000
0.0000000000
0.0000000000
0.0000000000
0.0000000000
0.0000000000
0.0000000000
0.0000000000
0.0000000000
0.0000000000
0.0000000000
0.0000000000
0.0000000000
0.0596618652
0.0000000000
0.0000000000
0.0000000000
0.0000000000
0.0000000000
0.0000000000
0.0000000000
0.0000000000
0.0000000000
0.0000000000
0.0000000000
0.0000000000
0.0000000000
0.0000000000
0.0000000000
0.0599670410
0.0000000000
0.0000000000
0.0000000000
0.0000000000
0.0000000000
0.0000000000
0.0000000000
0.0000000000
0.5009765625
0.0000000000
0.0000000000
0.0000000000
0.0000000000
0.0000000000
0.0000000000
0.0610351562
0.0000000000
0.0000000000
0.0000000000
0.0000000000
0.0000000000
0.0000000000
0.0000000000
0.5019531250
0.0000000000
0.0000000000
0.0000000000
0.0000000000
0.0000000000
0.0000000000
0.0000000000
0.0607604980
0.0000000000
0.0000000000
0.0000000000
0.0000000000
0.0000000000
0.0000000000
0.4460449219
0.0000000000
0.0000000000
0.0000000000
0.0000000000
0.0000000000
0.0000000000
0.0000000000
0.0000000000
0.0605468750
0.0000000000
0.0000000000
0.0000000000
0.0000000000
0.0000000000
0.0000000000
0.0000000000
0.0000000000
0.0000000000
0.0000000000
0.0000000000
0.0000000000
0.0000000000
0.0000000000
0.5717773438
0.0602416992
0.0000000000
0.0000000000
0.0000000000
0.0000000000
0.0000000000
0.0000000000
0.0000000000
0.0000000000
0.0000000000
0.0000000000
0.0000000000
0.0000000000
0.0000000000
0.0000000000
0.0000000000
0.0596008301
0.0000000000
0.0000000000
0.0000000000
0.0000000000
0.0000000000
0.0000000000
0.0000000000
0.0000000000
0.0000000000
0.2509765625
0.0000000000
0.0000000000
0.0000000000
0.0000000000
0.0000000000
0.0596313477
0.0000000000
0.0000000000
0.0000000000
0.0000000000
0.0000000000
0.0000000000
0.0000000000
0.0000000000
0.0000000000
0.0000000000
0.0000000000
0.0000000000
0.0000000000
0.4926757812
0.0000000000
0.0594482422
0.0000000000
0.0000000000
0.0000000000
0.0000000000
0.0000000000
0.0000000000
0.0000000000
0.0000000000
0.0000000000
0.0000000000
0.0000000000
0.0000000000
0.4926757812
0.0000000000
0.0000000000
0.0595092773
0.0000000000
0.0000000000
0.0000000000
0.0000000000
0.0000000000
0.0000000000
0.0000000000
0.0000000000
0.0000000000
0.0000000000
0.0000000000
0.0000000000
0.0000000000
0.0000000000
0.0000000000
0.0595703125
0.0000000000
0.0000000000
0.0000000000
0.0000000000
0.0000000000
0.0000000000
0.0000000000
0.0000000000
0.0000000000
0.0000000000
0.0000000000
0.0000000000
0.0000000000
0.0000000000
0.0000000000
0.0596313477
0.0000000000
0.0000000000
0.0000000000
0.0000000000
0.0000000000
0.0000000000
0.0000000000
0.0000000000
0.0000000000
0.0000000000
0.0000000000
0.0000000000
0.0000000000
0.0000000000
0.0000000000
0.0596313477
0.0000000000
0.0000000000
0.0000000000
0.0000000000
0.0000000000
0.0000000000
0.0000000000
0.0000000000
0.0000000000
0.0000000000
0.0000000000
0.4926757812
0.0000000000
0.0000000000
0.0000000000
0.0592346191
0.0000000000
0.0000000000
0.0000000000
0.0000000000
0.0000000000
0.0000000000
0.0000000000
0.0000000000
0.0000000000
0.0000000000
0.3388671875
0.0000000000
0.0000000000
0.0000000000
0.0000000000
0.0587463379
0.0000000000
0.0000000000
0.0000000000
0.0000000000
0.0000000000
0.0000000000
0.0000000000
0.0000000000
0.0000000000
0.0000000000
0.0000000000
0.0000000000
0.0000000000
0.0000000000
0.0000000000
0.0000000000
0.0000000000
0.3779296875
0.0000000000
0.1072387695
0.0759887695
0.0000000000
0.0000000000
0.0000000000
0.0000000000
0.0000000000
0.0000000000
0.0000000000
0.0000000000
0.0000000000
0.0000000000
0.0000000000
0.0000000000
0.0000000000
1.0000000000
0.1072387695
0.0760498047
0.0000000000
0.0000000000
0.0000000000
0.0000000000
0.0000000000
0.0000000000
0.0000000000
0.0000000000
0.0000000000
0.0000000000
0.0000000000
0.7070312500
0.0000000000
0.0000000000
0.1072387695
0.0760498047
0.0000000000
0.0000000000
0.0000000000
0.0000000000
0.0000000000
0.0000000000
0.0000000000
0.0000000000
0.0000000000
0.0000000000
0.7070312500
0.0000000000
0.0000000000
0.0000000000
0.1072387695
0.0761108398
0.0000000000
0.0000000000
0.0000000000
0.0000000000
0.0000000000
0.0000000000
0.0000000000
0.0000000000
0.0000000000
0.7070312500
0.0000000000
0.0000000000
0.0000000000
0.0000000000
0.1072387695
0.0761718750
0.0000000000
0.0000000000
0.0000000000
0.0000000000
0.0000000000
0.0000000000
0.0000000000
0.0000000000
0.7070312500
0.0000000000
0.0000000000
0.0000000000
0.0000000000
0.0000000000
0.1072387695
0.0762939453
0.0000000000
0.0000000000
0.0000000000
0.0000000000
0.0000000000
0.0000000000
0.0000000000
0.7070312500
0.0000000000
0.0000000000
0.0000000000
0.0000000000
0.0000000000
0.0000000000
0.1072387695
0.0762939453
0.0000000000
0.0000000000
0.0000000000
0.0000000000
0.0000000000
0.0000000000
0.7070312500
0.0000000000
0.0000000000
0.0000000000
0.0000000000
0.0000000000
0.0000000000
0.0000000000
0.1072387695
0.0762939453
0.0000000000
0.0000000000
0.0000000000
0.0000000000
0.0000000000
0.7070312500
0.0000000000
0.0000000000
0.0000000000
0.0000000000
0.0000000000
0.0000000000
0.0000000000
0.0000000000
0.1072387695
0.0763549805
0.0000000000
0.0000000000
0.0000000000
0.0000000000
0.7070312500
0.0000000000
0.0000000000
0.0000000000
0.0000000000
0.0000000000
0.0000000000
0.0000000000
0.0000000000
0.0000000000
0.1072387695
0.0763549805
0.0000000000
0.0000000000
0.0000000000
0.7070312500
0.0000000000
0.0000000000
0.0000000000
0.0000000000
0.0000000000
0.0000000000
0.0000000000
0.0000000000
0.0000000000
0.0000000000
0.1072387695
0.0764160156
0.0000000000
0.0000000000
0.5000000000
0.0000000000
0.0000000000
0.0000000000
0.0000000000
0.0000000000
0.0000000000
0.0000000000
0.0000000000
0.0000000000
0.0000000000
0.0000000000
0.1072387695
0.0764770508
0.4926757812
0.1889648438
0.0000000000
0.0000000000
0.0000000000
0.0000000000
0.0000000000
0.0000000000
0.0000000000
0.0000000000
0.0000000000
0.0000000000
0.0000000000
0.0000000000
0.1072387695
0.0822753906
0.0000000000
0.1889648438
0.0000000000
0.0000000000
0.0000000000
0.0000000000
0.0000000000
0.0000000000
0.0000000000
0.0000000000
0.0000000000
0.0000000000
0.0000000000
0.0000000000
0.1072387695
0.0845336914
0.0000000000
0.1889648438
0.0000000000
0.0000000000
0.0000000000
0.0000000000
0.0000000000
0.0000000000
0.0000000000
0.0000000000
0.0000000000
0.0000000000
0.0000000000
0.0000000000
0.1072387695
0.0851440430
0.0000000000
0.1889648438
0.0000000000
0.0000000000
0.0000000000
0.0000000000
0.0000000000
0.0000000000
0.0000000000
0.0000000000
0.0000000000
0.0000000000
0.0000000000
0.0000000000
0.1072387695
0.0866088867
0.0000000000
0.3747558594
0.0585021973
0.0000000000
0.0000000000
0.0000000000
0.0000000000
0.0000000000
0.0000000000
0.0000000000
0.0000000000
0.0000000000
0.0000000000
0.0000000000
0.0000000000
0.0000000000
0.0000000000
0.0000000000
0.0584106445
0.0000000000
0.0000000000
0.0000000000
0.0000000000
0.0000000000
0.0000000000
0.0000000000
0.0000000000
0.0000000000
0.0000000000
0.0000000000
0.0000000000
0.0000000000
0.0000000000
0.0000000000
0.0585937500
0.0000000000
0.0000000000
0.0000000000
0.0000000000
0.0000000000
0.0000000000
0.0000000000
0.0000000000
0.0000000000
0.0000000000
0.0000000000
0.0000000000
0.0000000000
0.0000000000
0.0000000000
0.0581970215
0.0000000000
0.0000000000
0.0000000000
0.0000000000
0.0000000000
0.0000000000
0.0000000000
0.0000000000
0.0000000000
0.0000000000
0.0000000000
0.0000000000
0.0000000000
0.0000000000
0.0000000000
0.0579223633
0.0000000000
0.0000000000
0.0000000000
0.0000000000
0.0000000000
0.0000000000
0.0000000000
0.0000000000
0.0000000000
0.0000000000
0.0000000000
0.0000000000
0.0000000000
0.0000000000
0.0000000000
0.0575561523
0.0000000000
0.0000000000
0.0000000000
0.0000000000
0.0000000000
0.0000000000
0.0000000000
0.0000000000
0.0000000000
0.0000000000
0.0000000000
0.0000000000
0.0000000000
0.0000000000
0.0000000000
0.0573425293
0.0000000000
0.0000000000
0.0000000000
0.0000000000
0.0000000000
0.0000000000
0.0000000000
0.0000000000
0.0000000000
0.0000000000
0.0000000000
0.0000000000
0.0000000000
0.0000000000
0.0000000000
0.0570373535
0.0000000000
0.0000000000
0.0000000000
0.0000000000
0.0000000000
0.0000000000
0.0000000000
0.0000000000
0.0000000000
0.0000000000
0.0000000000
0.0000000000
0.0000000000
0.0000000000
0.0000000000
0.0568847656
0.0000000000
0.0000000000
0.0000000000
0.0000000000
0.0000000000
0.0000000000
0.0000000000
0.0000000000
0.0000000000
0.0000000000
0.0000000000
0.0000000000
0.0000000000
0.0000000000
0.0000000000
0.0567626953
0.0000000000
0.0000000000
0.0000000000
0.0000000000
0.0000000000
0.0000000000
0.0000000000
0.0000000000
0.0000000000
0.0000000000
0.0000000000
0.0000000000
0.0000000000
0.0000000000
0.0000000000
0.0560607910
0.0000000000
0.0000000000
0.0000000000
0.0000000000
0.0000000000
0.0000000000
0.0000000000
0.0000000000
0.0000000000
0.0000000000
0.0000000000
0.0000000000
0.0000000000
0.0000000000
0.0000000000
0.0561523438
0.0000000000
0.0000000000
0.0000000000
0.0000000000
0.0000000000
0.0000000000
0.0000000000
0.0000000000
0.0000000000
0.0000000000
0.0000000000
0.0000000000
0.0000000000
0.0000000000
0.0000000000
0.0562133789
0.0000000000
0.0000000000
0.0000000000
0.0000000000
0.0000000000
0.0000000000
0.0000000000
0.0000000000
0.0000000000
0.0000000000
0.0000000000
0.0000000000
0.0000000000
0.0000000000
0.0000000000
0.0562133789
0.0000000000
0.0000000000
0.0000000000
0.0000000000
0.0000000000
0.0000000000
0.0000000000
0.0000000000
0.0000000000
0.0000000000
0.0000000000
0.0000000000
0.0000000000
0.0000000000
0.0000000000
0.0562133789
0.0000000000
0.0000000000
0.0000000000
0.0000000000
0.0000000000
0.0000000000
0.0000000000
0.0000000000
0.0000000000
0.0000000000
0.0000000000
0.0000000000
0.0000000000
0.0000000000
0.0000000000
0.0562133789
0.0000000000
0.0000000000
0.0000000000
0.0000000000
0.0000000000
0.0000000000
0.0000000000
0.0000000000
0.0000000000
0.0000000000
0.0000000000
0.0000000000
0.0000000000
0.0000000000
0.1889648438
0.0000000000
0.0000000000
0.0000000000
0.0000000000
0.0000000000
0.0000000000
0.1072387695
0.0000000000
0.0909423828
0.0000000000
0.0000000000
0.0000000000
0.0000000000
0.0000000000
0.0000000000
0.0000000000
0.0000000000
0.2041015625
0.0000000000
0.0000000000
0.0000000000
0.0000000000
0.1072387695
0.0000000000
0.0910034180
0.0000000000
0.0000000000
0.2216796875
0.0000000000
0.0000000000
0.0000000000
0.0000000000
0.1961669922
0.0000000000
0.0000000000
0.0000000000
0.0000000000
0.0000000000
0.1072387695
0.0000000000
0.0910034180
0.0000000000
0.2159423828
0.0000000000
0.0000000000
0.0000000000
0.0000000000
0.0000000000
0.0000000000
0.2041015625
0.0000000000
0.0000000000
0.0000000000
0.0000000000
0.1072387695
0.0000000000
0.0910644531
0.0000000000
0.0000000000
0.2216796875
0.0000000000
0.0000000000
0.0000000000
0.0000000000
0.1961669922
0.0000000000
0.0000000000
0.0000000000
0.0000000000
0.0000000000
0.1072387695
0.0000000000
0.0910644531
0.0000000000
0.2159423828
0.0000000000
0.0000000000
0.0000000000
0.0000000000
0.0000000000
0.0000000000
0.2041015625
0.0000000000
0.0000000000
0.0000000000
0.0000000000
0.1072387695
0.0000000000
0.0910644531
0.0000000000
0.0000000000
0.2216796875
0.0000000000
0.0000000000
0.0000000000
0.0000000000
0.1961669922
0.0000000000
0.0000000000
0.0000000000
0.0000000000
0.0000000000
0.1072387695
0.0000000000
0.0911254883
0.0000000000
0.2159423828
0.0000000000
0.0000000000
0.0000000000
0.0000000000
0.0000000000
0.0000000000
0.0000000000
0.0000000000
0.2583007812
0.0000000000
0.0000000000
0.0000000000
0.1889648438
0.0000000000
0.0000000000
0.0000000000
0.0000000000
0.0000000000
0.2565917969
0.0000000000
0.0000000000
0.0000000000
0.0000000000
0.3015136719
0.0000000000
0.0000000000
0.0000000000
0.0000000000
0.1889648438
0.0000000000
0.0006542206
0.0000000000
0.0000000000
0.2434082031
0.0000000000
0.0000000000
0.0000000000
0.0000000000
0.0000000000
0.0000000000
0.2583007812
0.0000000000
0.0000000000
0.0000000000
0.1889648438
0.0000000000
0.0546264648
0.0000000000
0.0000000000
0.0000000000
0.2565917969
0.0000000000
0.0000000000
0.0000000000
0.0000000000
0.0000000000
0.2583007812
0.0000000000
0.0000000000
0.0000000000
0.1889648438
0.0000000000
0.0829467773
0.0000000000
0.0000000000
0.0000000000
0.2565917969
0.0000000000
0.0000000000
0.0000000000
0.0000000000
0.0000000000
0.2583007812
0.0000000000
0.0000000000
0.0000000000
0.1889648438
0.0000000000
0.1190185547
0.0000000000
0.0000000000
0.0000000000
0.2565917969
0.0000000000
0.0000000000
0.0000000000
0.0000000000
0.0000000000
0.0000000000
0.4472656250
0.0000000000
0.0000000000
0.1889648438
0.0000000000
0.1491699219
0.0000000000
0.0000000000
0.0000000000
0.0000000000
0.3666992188
0.0000000000
0.0000000000
0.0000000000
0.0000000000
0.0000000000
0.0000000000
0.5771484375
0.0000000000
0.1889648438
0.0000000000
0.1497802734
0.0000000000
0.0000000000
0.0000000000
0.0000000000
0.0000000000
0.0000000000
0.0000000000
0.0000000000
0.0000000000
0.0000000000
0.0000000000
0.5771484375
0.0000000000
0.1889648438
0.0000000000
0.1820068359
0.0000000000
0.0000000000
0.0000000000
0.0000000000
0.0000000000
0.0000000000
0.0000000000
0.0000000000
0.0000000000
0.0000000000
0.4472656250
0.0000000000
0.0000000000
0.1889648438
0.0000000000
0.1838378906
0.0000000000
0.0000000000
0.0000000000
0.0000000000
0.3666992188
0.0562133789
0.0000000000
0.0000000000
0.0000000000
0.0000000000
0.0000000000
0.0000000000
0.0000000000
0.0000000000
0.0000000000
0.0000000000
0.0000000000
0.0000000000
0.0000000000
0.0000000000
0.0000000000
0.0556335449
0.0000000000
0.0000000000
0.0000000000
0.0000000000
0.0000000000
0.0000000000
0.0000000000
0.0000000000
0.0000000000
0.0000000000
0.0000000000
0.0000000000
0.0000000000
0.0000000000
0.0000000000
0.0565490723
0.0000000000
0.0000000000
0.0000000000
0.0000000000
0.0000000000
0.0000000000
0.0000000000
0.0000000000
0.0000000000
0.0000000000
0.0000000000
0.0000000000
0.0000000000
0.0000000000
0.0000000000
0.0556335449
0.0000000000
0.0000000000
0.0000000000
0.0000000000
0.0000000000
0.0000000000
0.0000000000
0.0000000000
0.0000000000
0.0000000000
0.0000000000
0.0000000000
0.0000000000
0.0000000000
0.0000000000
0.0565490723
0.0000000000
0.0000000000
0.0000000000
0.0000000000
0.0000000000
0.0000000000
0.0000000000
0.0000000000
0.0000000000
0.0000000000
0.0000000000
0.0000000000
0.0000000000
0.0000000000
0.0000000000
0.0556335449
0.0000000000
0.0000000000
0.0000000000
0.0000000000
0.0000000000
0.0000000000
0.0000000000
0.0000000000
0.0000000000
0.0000000000
0.0000000000
0.0000000000
0.0000000000
0.0000000000
0.0000000000
0.0565490723
0.0000000000
0.0000000000
0.0000000000
0.0000000000
0.0000000000
0.0000000000
0.0000000000
0.0000000000
0.0000000000
0.0000000000
0.0000000000
0.0000000000
0.0000000000
0.0000000000
0.0000000000
0.0000000000
0.1889648438
0.0000000000
0.0000000000
0.0000000000
0.0000000000
0.0000000000
0.0000000000
0.0000000000
0.0000000000
0.0000000000
0.0000000000
0.0000000000
0.0000000000
0.0000000000
0.0000000000
0.0000000000
0.1883544922
0.0000000000
0.0000000000
0.0000000000
0.0000000000
0.0000000000
0.0000000000
0.0000000000
0.0000000000
0.0000000000
0.0000000000
0.0000000000
0.0000000000
0.0000000000
0.0000000000
0.0000000000
0.1889648438
0.0000000000
0.0000000000
0.0000000000
0.0000000000
0.0000000000
0.0000000000
0.0000000000
0.0000000000
0.0000000000
0.0000000000
0.0000000000
0.0000000000
0.0000000000
0.0000000000
0.0000000000
0.1889648438
0.0000000000
0.0000000000
0.0000000000
0.0000000000
0.0000000000
0.0000000000
0.0000000000
0.0000000000
0.0000000000
0.0000000000
0.0000000000
0.0000000000
0.0000000000
0.0000000000
0.0000000000
0.1889648438
0.0000000000
0.0000000000
0.0000000000
0.0000000000
0.0000000000
0.0000000000
0.0000000000
0.0000000000
0.0000000000
0.0000000000
0.0000000000
0.0000000000
0.0000000000
0.0000000000
0.0000000000
0.1898193359
0.0000000000
0.0000000000
0.0000000000
0.0000000000
0.0000000000
0.0000000000
0.0000000000
0.0000000000
0.0000000000
0.0000000000
0.0000000000
0.0000000000
0.0000000000
0.0000000000
0.0000000000
0.1900634766
0.0000000000
0.0000000000
0.0000000000
0.0000000000
0.0000000000
0.0000000000
0.0000000000
0.0000000000
0.0000000000
0.0000000000
0.0000000000
0.0000000000
0.0000000000
0.0000000000
0.0000000000
0.1900634766
0.0000000000
0.0000000000
0.0000000000
0.0000000000
0.0000000000
0.0000000000
0.0000000000
0.0000000000
0.0000000000
0.0000000000
0.0000000000
0.0000000000
0.0000000000
0.0000000000
0.0000000000
0.1898193359
0.0000000000
0.0000000000
0.0000000000
0.0000000000
0.0000000000
0.0000000000
0.0000000000
0.0000000000
0.0000000000
0.0000000000
0.0000000000
0.0000000000
0.0000000000
0.0000000000
0.0000000000
0.0000000000
0.0000000000
0.0000000000
0.0000000000
0.0000000000
0.5771484375
0.1889648438
0.1844482422
0.0000000000
0.0000000000
0.0000000000
0.0000000000
0.0000000000
0.0000000000
0.1900634766
0.0000000000
0.0000000000
0.3779296875
0.0000000000
0.0000000000
0.0000000000
0.0000000000
0.1889648438
0.1885986328
0.0000000000
0.0000000000
0.2917480469
0.0000000000
0.0000000000
0.0000000000
0.1896972656
0.0000000000
0.0000000000
0.0000000000
0.3779296875
0.0000000000
0.0000000000
0.0000000000
0.1889648438
0.1917724609
0.0000000000
0.0000000000
0.0000000000
0.3081054688
0.0000000000
0.0000000000
0.1883544922
0.0000000000
0.3015136719
0.0000000000
0.0000000000
0.0000000000
0.0000000000
0.0000000000
0.1889648438
0.1927490234
0.0000000000
0.2434082031
0.0000000000
0.0000000000
0.0000000000
0.0000000000
0.1883544922
0.0000000000
0.0000000000
0.0000000000
0.0000000000
0.2583007812
0.0000000000
0.0000000000
0.1889648438
0.1951904297
0.0000000000
0.0000000000
0.0000000000
0.0000000000
0.2565917969
0.0000000000
0.1889648438
0.0000000000
0.3015136719
0.0000000000
0.0000000000
0.0000000000
0.0000000000
0.0000000000
0.1889648438
0.1955566406
0.0000000000
0.2434082031
0.0000000000
0.0000000000
0.0000000000
0.0000000000
0.1883544922
0.0000000000
0.0000000000
0.0000000000
0.3779296875
0.0000000000
0.0000000000
0.0000000000
0.1889648438
0.1964111328
0.0000000000
0.0000000000
0.0000000000
0.3081054688
0.0000000000
0.0000000000
0.1883544922
0.0000000000
0.0000000000
0.3779296875
0.0000000000
0.0000000000
0.0000000000
0.0000000000
0.1889648438
0.1975097656
0.0000000000
0.0000000000
0.2917480469
0.0000000000
0.0000000000
0.0000000000
0.1896972656
0.0000000000
0.0000000000
0.0000000000
0.3779296875
0.0000000000
0.0000000000
0.0000000000
0.1889648438
0.1983642578
0.0000000000
0.0000000000
0.0000000000
0.3081054688
0.0000000000
0.0000000000
0.1883544922
0.0000000000
0.0000000000
0.0000000000
0.0000000000
0.2583007812
0.0000000000
0.0000000000
0.1889648438
0.1994628906
0.0000000000
0.0000000000
0.0000000000
0.0000000000
0.2565917969
0.0000000000
0.1889648438
0.0000000000
0.3015136719
0.0000000000
0.0000000000
0.0000000000
0.0000000000
0.0000000000
0.1889648438
0.2004394531
0.0000000000
0.2434082031
0.0000000000
0.0000000000
0.0000000000
0.0000000000
0.1883544922
0.0000000000
0.0000000000
0.0000000000
0.3779296875
0.0000000000
0.0000000000
0.0000000000
0.1889648438
0.2012939453
0.0000000000
0.0000000000
0.0000000000
0.3081054688
0.0000000000
0.0000000000
0.1883544922
0.0000000000
0.0000000000
0.3779296875
0.0000000000
0.0000000000
0.0000000000
0.0000000000
0.1889648438
0.2025146484
0.0000000000
0.0000000000
0.2917480469
0.0000000000
0.0000000000
0.0000000000
0.1896972656
0.0000000000
0.0000000000
0.0000000000
0.0000000000
0.0000000000
0.4472656250
0.0000000000
0.1889648438
0.2049560547
0.0000000000
0.0000000000
0.0000000000
0.0000000000
0.0000000000
0.3666992188
0.1896972656
0.0000000000
0.3015136719
0.0000000000
0.0000000000
0.0000000000
0.0000000000
0.0000000000
0.1889648438
0.2489013672
0.0000000000
0.2434082031
0.0000000000
0.0000000000
0.0000000000
0.0000000000
0.1883544922
0.3535156250
0.0000000000
0.0000000000
0.0000000000
0.0000000000
0.0000000000
0.0000000000
0.1889648438
0.2512207031
0.2695312500
0.0000000000
0.0000000000
0.0000000000
0.0000000000
0.0000000000
0.1865234375
0.0000000000
0.0000000000
0.0000000000
0.3535156250
0.0000000000
0.0000000000
0.1889648438
0.0000000000
0.0000000000
0.2553710938
0.0000000000
0.0000000000
0.0000000000
0.0000000000
0.2807617188
0.0000000000
0.0000000000
0.0000000000
0.0000000000
0.3535156250
0.0000000000
0.0000000000
0.1889648438
0.0000000000
0.0000000000
0.2580566406
0.0000000000
0.0000000000
0.0000000000
0.0000000000
0.2807617188
0.0000000000
0.0000000000
0.0000000000
0.4472656250
0.0000000000
0.0000000000
0.0000000000
0.1889648438
0.0000000000
0.0000000000
0.2592773438
0.0000000000
0.0000000000
0.0000000000
0.3222656250
0.0000000000
0.0000000000
0.1961669922
0.0000000000
0.0000000000
0.0000000000
0.0000000000
0.0000000000
0.0000000000
0.3015136719
0.0000000000
0.0000000000
0.0000000000
0.1506347656
0.0000000000
0.0000000000
0.0000000000
0.0000000000
0.0000000000
0.2041015625
0.0000000000
0.0000000000
0.0000000000
0.0000000000
0.0000000000
0.3015136719
0.0000000000
0.0000000000
0.0005259514
0.0000000000
0.1546630859
0.0000000000
0.0000000000
0.0000000000
0.1961669922
0.0000000000
0.0000000000
0.0000000000
0.0000000000
0.0000000000
0.0000000000
0.3015136719
0.0000000000
0.0000000000
0.0010929108
0.1506347656
0.0000000000
0.0000000000
0.0000000000
0.0000000000
0.0000000000
0.2041015625
0.0000000000
0.0000000000
0.0000000000
0.0000000000
0.0000000000
0.3015136719
0.0000000000
0.0000000000
0.0014772415
0.0000000000
0.1546630859
0.0000000000
0.0000000000
0.0000000000
0.1961669922
0.0000000000
0.0000000000
0.0000000000
0.0000000000
0.0000000000
0.0000000000
0.3015136719
0.0000000000
0.0000000000
0.0018615723
0.1506347656
0.0000000000
0.0000000000
0.0000000000
0.0000000000
0.0000000000
0.2041015625
0.0000000000
0.0000000000
0.0000000000
0.0000000000
0.0000000000
0.3015136719
0.0000000000
0.0000000000
0.0022869110
0.0000000000
0.1546630859
0.0000000000
0.0000000000
0.0000000000
0.1961669922
0.0000000000
0.0000000000
0.0000000000
0.0000000000
0.0000000000
0.0000000000
0.3015136719
0.0000000000
0.0000000000
0.0026512146
0.1506347656
0.0000000000
0.0000000000
0.0000000000
0.0000000000
0.0000000000
0.0000000000
0.0000000000
0.0000000000
0.0000000000
0.2583007812
0.0000000000
0.3015136719
0.0000000000
0.0000000000
0.1710205078
0.0000000000
0.0000000000
0.0000000000
0.0000000000
0.0000000000
0.0000000000
0.0000000000
0.0000000000
0.0000000000
0.0000000000
0.2583007812
0.0000000000
0.3015136719
0.0000000000
0.0000000000
0.1800537109
0.0000000000
0.0000000000
0.0000000000
0.0000000000
0.0000000000
0.0000000000
0.0000000000
0.0000000000
0.0000000000
0.0000000000
0.2583007812
0.0000000000
0.3015136719
0.0000000000
0.0000000000
0.1956787109
0.0000000000
0.0000000000
0.0000000000
0.0000000000
0.0000000000
0.0000000000
0.0000000000
0.0000000000
0.0000000000
0.3535156250
0.0000000000
0.0000000000
0.3015136719
0.0000000000
0.0000000000
0.1978759766
0.0000000000
0.0000000000
0.0000000000
0.0000000000
0.2722167969
0.0000000000
0.0000000000
0.0000000000
0.0000000000
0.0000000000
0.2583007812
0.0000000000
0.0000000000
0.3161621094
0.0000000000
0.2071533203
0.0000000000
0.0000000000
0.0000000000
0.0000000000
0.0000000000
0.0000000000
0.0000000000
0.0000000000
0.0000000000
0.0000000000
0.2583007812
0.0000000000
0.0000000000
0.3161621094
0.0000000000
0.2261962891
0.0000000000
0.0000000000
0.0000000000
0.0000000000
0.0000000000
0.0000000000
0.1882324219
0.0000000000
0.0000000000
0.0000000000
0.0000000000
0.0000000000
0.0000000000
0.0000000000
0.0000000000
0.0000000000
0.0000000000
0.0000000000
0.0000000000
0.0000000000
0.0000000000
0.0000000000
0.1882324219
0.0000000000
0.0000000000
0.0000000000
0.0000000000
0.0000000000
0.0000000000
0.0000000000
0.0000000000
0.0000000000
0.0000000000
0.0000000000
0.0000000000
0.0000000000
0.0000000000
0.0000000000
0.1909179688
0.0000000000
0.0000000000
0.0000000000
0.0000000000
0.0000000000
0.0000000000
0.0000000000
0.0000000000
0.0000000000
0.0000000000
0.0000000000
0.0000000000
0.0000000000
0.0000000000
0.0000000000
0.0000000000
0.2180175781
0.0000000000
0.0000000000
0.0000000000
0.0000000000
0.0000000000
0.0000000000
0.0000000000
0.0000000000
0.0000000000
0.0000000000
0.0000000000
0.0000000000
0.0000000000
0.0000000000
0.0000000000
0.2144775391
0.0000000000
0.0000000000
0.0000000000
0.0000000000
0.0000000000
0.0000000000
0.0000000000
0.0000000000
0.0000000000
0.0000000000
0.0000000000
0.0000000000
0.0000000000
0.0000000000
0.0000000000
0.2180175781
0.0000000000
0.0000000000
0.0000000000
0.0000000000
0.0000000000
0.0000000000
0.0000000000
0.0000000000
0.0000000000
0.0000000000
0.0000000000
0.0000000000
0.0000000000
0.0000000000
0.0000000000
0.2144775391
0.0000000000
0.0000000000
0.0000000000
0.0000000000
0.0000000000
0.0000000000
0.0000000000
0.0000000000
0.0000000000
0.0000000000
0.0000000000
0.0000000000
0.0000000000
0.0000000000
0.0000000000
0.2180175781
0.0000000000
0.0000000000
0.0000000000
0.0000000000
0.0000000000
0.0000000000
0.0000000000
0.0000000000
0.0000000000
0.0000000000
0.0000000000
0.0000000000
0.0000000000
0.0000000000
0.0000000000
0.2144775391
0.0000000000
0.0000000000
0.0000000000
0.0000000000
0.0000000000
0.0000000000
0.0000000000
0.0000000000
0.0000000000
0.0000000000
0.0000000000
0.0000000000
0.0000000000
0.0000000000
0.0000000000
0.2180175781
0.0000000000
0.0000000000
0.0000000000
0.0000000000
0.0000000000
0.0000000000
0.0000000000
0.0000000000
0.0000000000
0.0000000000
0.0000000000
0.0000000000
0.0000000000
0.2592773438
0.0000000000
0.2196044922
0.0000000000
0.0000000000
0.0000000000
0.0000000000
0.0000000000
0.0000000000
0.0000000000
0.0000000000
0.0000000000
0.0000000000
0.0000000000
0.0000000000
0.0000000000
0.2592773438
0.0000000000
0.2196044922
0.0000000000
0.0000000000
0.0000000000
0.0000000000
0.0000000000
0.0000000000
0.0000000000
0.0000000000
0.0000000000
0.0000000000
0.0000000000
0.0000000000
0.0000000000
0.2592773438
0.0000000000
0.2196044922
0.0000000000
0.0000000000
0.0000000000
0.0000000000
0.0000000000
0.0000000000
0.0000000000
0.0000000000
0.0000000000
0.0000000000
0.0000000000
0.0000000000
0.0000000000
0.0000000000
0.0000000000
0.2167968750
0.0000000000
0.0000000000
0.0000000000
0.0000000000
0.0000000000
0.0000000000
0.0000000000
0.0000000000
0.0000000000
0.0000000000
0.0000000000
0.0000000000
0.0000000000
0.2592773438
0.0000000000
0.2196044922
0.0000000000
0.0000000000
0.0000000000
0.0000000000
0.0000000000
0.0000000000
0.0000000000
0.0000000000
0.0000000000
0.0000000000
0.0000000000
0.0000000000
0.0000000000
0.2592773438
0.0000000000
0.2196044922
0.0000000000
0.0000000000
0.0000000000
0.0000000000
0.0000000000
0.0000000000
0.0000000000
0.0000000000
0.0000000000
0.0000000000
0.0000000000
0.0000000000
0.0000000000
0.0000000000
0.0000000000
0.0000000000
0.0000000000
0.0000000000
0.2583007812
0.3161621094
0.0000000000
0.2573242188
0.0000000000
0.0000000000
0.0000000000
0.0000000000
0.0000000000
0.0000000000
0.2592773438
0.0000000000
0.0000000000
0.0000000000
0.0000000000
0.0000000000
0.2583007812
0.3161621094
0.0000000000
0.2653808594
0.0000000000
0.0000000000
0.0000000000
0.0000000000
0.0000000000
0.0000000000
0.2592773438
0.0000000000
0.0000000000
0.0000000000
0.0000000000
0.0000000000
0.2583007812
0.3161621094
0.0000000000
0.2951660156
0.0000000000
0.0000000000
0.0000000000
0.0000000000
0.0000000000
0.0000000000
0.2592773438
0.0000000000
0.0000000000
0.0000000000
0.0000000000
0.0000000000
0.2583007812
0.3161621094
0.0000000000
0.3137207031
0.0000000000
0.0000000000
0.0000000000
0.0000000000
0.0000000000
0.0000000000
0.2592773438
0.0000000000
0.0000000000
0.0000000000
0.0000000000
0.3015136719
0.0000000000
0.3161621094
0.0000000000
0.3142089844
0.0000000000
0.0000000000
0.0000000000
0.0000000000
0.0000000000
0.2459716797
0.0000000000
0.0000000000
0.0000000000
0.0000000000
0.3535156250
0.0000000000
0.0000000000
0.3161621094
0.0000000000
0.3198242188
0.0000000000
0.0000000000
0.0000000000
0.0000000000
0.2722167969
0.0000000000
0.0000000000
0.0000000000
0.0000000000
0.3535156250
0.0000000000
0.0000000000
0.0000000000
0.3161621094
0.0000000000
0.3427734375
0.0000000000
0.0000000000
0.0000000000
0.2839355469
0.0000000000
0.0000000000
0.0000000000
0.0000000000
0.0000000000
0.3535156250
0.0000000000
0.0000000000
0.0000000000
0.3161621094
0.0000000000
0.3549804688
0.0000000000
0.0000000000
0.0000000000
0.2839355469
0.0000000000
0.0000000000
0.0000000000
0.1961669922
0.0000000000
0.0000000000
0.0000000000
0.0000000000
0.0000000000
0.0000000000
0.1386718750
0.0000000000
0.0000000000
0.1835937500
0.0000000000
0.0000000000
0.0000000000
0.0000000000
0.0000000000
0.0000000000
0.2041015625
0.0000000000
0.0000000000
0.0000000000
0.0000000000
0.0000000000
0.1386718750
0.0000000000
0.0004708767
0.0000000000
0.1884765625
0.0000000000
0.0000000000
0.0000000000
0.0000000000
0.1961669922
0.0000000000
0.0000000000
0.0000000000
0.0000000000
0.0000000000
0.0000000000
0.1386718750
0.0000000000
0.0010004044
0.1835937500
0.0000000000
0.0000000000
0.0000000000
0.0000000000
0.0000000000
0.0000000000
0.2041015625
0.0000000000
0.0000000000
0.0000000000
0.0000000000
0.0000000000
0.1386718750
0.0000000000
0.0025691986
0.0000000000
0.1884765625
0.0000000000
0.0000000000
0.0000000000
0.0000000000
0.1961669922
0.0000000000
0.0000000000
0.0000000000
0.0000000000
0.0000000000
0.0000000000
0.1386718750
0.0000000000
0.0030212402
0.1835937500
0.0000000000
0.0000000000
0.0000000000
0.0000000000
0.0000000000
0.0000000000
0.2041015625
0.0000000000
0.0000000000
0.0000000000
0.0000000000
0.0000000000
0.1386718750
0.0000000000
0.0034141541
0.0000000000
0.1884765625
0.0000000000
0.0000000000
0.0000000000
0.0000000000
0.1961669922
0.0000000000
0.0000000000
0.0000000000
0.0000000000
0.0000000000
0.0000000000
0.1386718750
0.0000000000
0.0039253235
0.1835937500
0.0000000000
0.0000000000
0.0000000000
0.0000000000
0.0000000000
0.0000000000
0.2041015625
0.0000000000
0.0000000000
0.0000000000
0.0000000000
0.0000000000
0.1386718750
0.0000000000
0.0042572021
0.0000000000
0.1884765625
0.0000000000
0.0000000000
0.0000000000
0.0000000000
0.2196044922
0.0000000000
0.0000000000
0.0000000000
0.0000000000
0.0000000000
0.0000000000
0.0000000000
0.0000000000
0.0000000000
0.0000000000
0.0000000000
0.0000000000
0.0000000000
0.0000000000
0.0000000000
0.2196044922
0.0000000000
0.0000000000
0.0000000000
0.0000000000
0.0000000000
0.0000000000
0.0000000000
0.0000000000
0.0000000000
0.0000000000
0.0000000000
0.0000000000
0.0000000000
0.0000000000
0.0000000000
0.2196044922
0.0000000000
0.0000000000
0.0000000000
0.0000000000
0.0000000000
0.0000000000
0.0000000000
0.0000000000
0.0000000000
0.0000000000
0.0000000000
0.0000000000
0.0000000000
0.0000000000
0.0000000000
0.2196044922
0.0000000000
0.0000000000
0.0000000000
0.0000000000
0.0000000000
0.0000000000
0.0000000000
0.0000000000
0.0000000000
0.0000000000
0.0000000000
0.0000000000
0.0000000000
0.0000000000
0.0000000000
0.2188720703
0.0000000000
0.0000000000
0.0000000000
0.0000000000
0.0000000000
0.0000000000
0.0000000000
0.0000000000
0.0000000000
0.0000000000
0.0000000000
0.0000000000
0.0000000000
0.0000000000
0.0000000000
0.2167968750
0.0000000000
0.0000000000
0.0000000000
0.0000000000
0.0000000000
0.0000000000
0.0000000000
0.0000000000
0.0000000000
0.0000000000
0.0000000000
0.0000000000
0.0000000000
0.0000000000
0.0000000000
0.2187500000
0.0000000000
0.0000000000
0.0000000000
0.0000000000
0.0000000000
0.0000000000
0.0000000000
0.0000000000
0.0000000000
0.0000000000
0.0000000000
0.0000000000
0.0000000000
0.0000000000
0.0000000000
0.2187500000
0.0000000000
0.0000000000
0.0000000000
0.0000000000
0.0000000000
0.0000000000
0.0000000000
0.0000000000
0.0000000000
0.0000000000
0.0000000000
0.0000000000
0.0000000000
0.0000000000
0.0000000000
0.0000000000
0.1368408203
0.0000000000
0.0000000000
0.0000000000
0.0000000000
0.0000000000
0.0000000000
0.0000000000
0.0000000000
0.0000000000
0.0000000000
0.0000000000
0.0000000000
0.0000000000
0.0000000000
0.0000000000
0.1345214844
0.0000000000
0.0000000000
0.0000000000
0.0000000000
0.0000000000
0.0000000000
0.0000000000
0.0000000000
0.0000000000
0.0000000000
0.0000000000
0.0000000000
0.0000000000
0.0000000000
0.0000000000
0.1368408203
0.0000000000
0.0000000000
0.0000000000
0.0000000000
0.0000000000
0.0000000000
0.0000000000
0.0000000000
0.0000000000
0.0000000000
0.0000000000
0.0000000000
0.0000000000
0.0000000000
0.0000000000
0.1345214844
0.0000000000
0.0000000000
0.0000000000
0.0000000000
0.0000000000
0.0000000000
0.0000000000
0.0000000000
0.0000000000
0.0000000000
0.0000000000
0.0000000000
0.0000000000
0.0000000000
0.0000000000
0.1368408203
0.0000000000
0.0000000000
0.0000000000
0.0000000000
0.0000000000
0.0000000000
0.0000000000
0.0000000000
0.0000000000
0.0000000000
0.0000000000
0.0000000000
0.0000000000
0.0000000000
0.0000000000
0.1345214844
0.0000000000
0.0000000000
0.0000000000
0.0000000000
0.0000000000
0.0000000000
0.0000000000
0.0000000000
0.0000000000
0.0000000000
0.0000000000
0.0000000000
0.0000000000
0.0000000000
0.0000000000
0.1368408203
0.0000000000
0.0000000000
0.0000000000
0.0000000000
0.0000000000
0.0000000000
0.0000000000
0.0000000000
0.0000000000
0.0000000000
0.0000000000
0.0000000000
0.0000000000
0.0000000000
0.0000000000
0.1345214844
0.0000000000
0.0000000000
0.0000000000
0.0000000000
0.0000000000
0.0000000000
0.0000000000
0.0000000000
0.0000000000
0.0000000000
0.0000000000
0.0000000000
0.0000000000
0.0000000000
0.0000000000
0.1961669922
0.0000000000
0.0000000000
0.0000000000
0.0000000000
0.0000000000
0.0000000000
0.1386718750
0.0047264099
0.1835937500
0.0000000000
0.1368408203
0.0000000000
0.0000000000
0.0000000000
0.0000000000
0.0000000000
0.2041015625
0.0000000000
0.0000000000
0.0000000000
0.0000000000
0.0000000000
0.1386718750
0.0051383972
0.0000000000
0.1884765625
0.1345214844
0.0000000000
0.0000000000
0.0000000000
0.0000000000
0.1961669922
0.0000000000
0.0000000000
0.0000000000
0.0000000000
0.0000000000
0.0000000000
0.1386718750
0.0060043335
0.1835937500
0.0000000000
0.1368408203
0.0000000000
0.0000000000
0.0000000000
0.0000000000
0.0000000000
0.0000000000
0.0000000000
0.4082031250
0.0000000000
0.0000000000
0.0000000000
0.1386718750
0.0602416992
0.0000000000
0.0000000000
0.1441650391
0.0000000000
0.0000000000
0.0000000000
0.0000000000
0.0000000000
0.0000000000
0.2583007812
0.0000000000
0.0000000000
0.0000000000
0.0000000000
0.1386718750
0.0613098145
0.0000000000
0.0000000000
0.1445312500
0.0000000000
0.0000000000
0.0000000000
0.0000000000
0.0000000000
0.0000000000
0.0000000000
0.4082031250
0.0000000000
0.0000000000
0.0000000000
0.1386718750
0.0815429688
0.0000000000
0.0000000000
0.1441650391
0.0000000000
0.0000000000
0.0000000000
0.0000000000
0.0000000000
0.0000000000
0.0000000000
0.0000000000
0.0000000000
0.0000000000
0.0000000000
0.1386718750
0.0848388672
0.0000000000
0.0000000000
0.1528320312
0.0000000000
0.0000000000
0.0000000000
0.0000000000
0.0000000000
0.0000000000
0.0000000000
0.0000000000
0.5000000000
0.0000000000
0.0000000000
0.1386718750
0.0859375000
0.0000000000
0.0000000000
0.1528320312
0.0000000000
0.0000000000
0.0000000000
0.0000000000
0.0000000000
0.0000000000
0.0000000000
0.0000000000
0.0000000000
0.0000000000
0.0000000000
0.1386718750
0.0920410156
0.0000000000
0.0000000000
0.1248168945
0.0000000000
0.0000000000
0.0000000000
0.0000000000
0.0000000000
0.0000000000
0.0000000000
0.0000000000
0.0000000000
0.4082031250
0.0000000000
0.1386718750
0.0930786133
0.0000000000
0.0000000000
0.1251220703
0.0000000000
0.0000000000
0.0000000000
0.0000000000
0.0000000000
0.0000000000
0.0000000000
0.0000000000
0.0000000000
0.0000000000
0.3535156250
0.1386718750
0.0963134766
0.0000000000
0.0000000000
0.1374511719
0.0000000000
0.0000000000
0.0000000000
0.1889648438
0.0000000000
0.0000000000
0.0000000000
0.0000000000
0.0000000000
0.0000000000
0.0000000000
0.1386718750
0.0973510742
0.0000000000
0.0000000000
0.1359863281
0.0000000000
0.0000000000
0.0000000000
0.0000000000
0.0000000000
0.0000000000
0.0000000000
0.0000000000
0.0000000000
0.0000000000
0.3535156250
0.1386718750
0.1080932617
0.0000000000
0.0000000000
0.1374511719
0.0000000000
0.0000000000
0.0000000000
0.0000000000
0.0000000000
0.0000000000
0.0000000000
0.0000000000
0.0000000000
0.0000000000
0.0000000000
0.1386718750
0.1130371094
0.0000000000
0.0000000000
0.1528320312
0.0000000000
0.0000000000
0.0000000000
0.0000000000
0.0000000000
0.0000000000
0.0000000000
0.0000000000
0.5000000000
0.0000000000
0.0000000000
0.1386718750
0.1140136719
0.0000000000
0.0000000000
0.1528320312
0.0000000000
0.0000000000
0.0000000000
0.0000000000
0.0000000000
0.0000000000
0.0000000000
0.0000000000
0.0000000000
0.4082031250
0.0000000000
0.1386718750
0.1193237305
0.0000000000
0.0000000000
0.1251220703
0.0000000000
0.0000000000
0.0000000000
0.0000000000
0.0000000000
0.0000000000
0.0000000000
0.0000000000
0.3535156250
0.1386718750
0.1225585938
0.1374511719
0.0000000000
0.0000000000
0.0000000000
0.0000000000
0.0000000000
0.0000000000
0.0000000000
0.1889648438
0.0000000000
0.0000000000
0.0000000000
0.0000000000
0.0000000000
0.1386718750
0.1234130859
0.1359863281
0.0000000000
0.0000000000
0.0000000000
0.0000000000
0.0000000000
0.0000000000
0.0000000000
0.0000000000
0.0000000000
0.0000000000
0.0000000000
0.0000000000
0.3535156250
0.1386718750
0.1385498047
0.1374511719
0.0000000000
0.0000000000
0.0000000000
0.0000000000
0.0000000000
0.0000000000
0.0000000000
0.0000000000
0.2583007812
0.0000000000
0.0000000000
0.0000000000
0.0000000000
0.1386718750
0.1409912109
0.1445312500
0.0000000000
0.0000000000
0.0000000000
0.0000000000
0.0000000000
0.0000000000
0.0000000000
0.0000000000
0.0000000000
0.4082031250
0.0000000000
0.0000000000
0.0000000000
0.1386718750
0.1418457031
0.1441650391
0.0000000000
0.0000000000
0.0000000000
0.0000000000
0.0000000000
0.0000000000
0.0000000000
0.0000000000
0.0000000000
0.0000000000
0.0000000000
0.0000000000
0.0000000000
0.1386718750
0.1477050781
0.1248168945
0.0000000000
0.0000000000
0.0000000000
0.0000000000
0.0000000000
0.0000000000
0.0000000000
0.0000000000
0.0000000000
0.0000000000
0.0000000000
0.4082031250
0.0000000000
0.1386718750
0.1489257812
0.1251220703
0.0000000000
0.0000000000
0.0000000000
0.0000000000
0.0000000000
0.0000000000
0.0000000000
0.0000000000
0.0000000000
0.0000000000
0.0000000000
0.0000000000
0.0000000000
0.1386718750
0.1505126953
0.1248168945
0.0000000000
0.0000000000
0.0000000000
0.0000000000
0.0000000000
0.0000000000
0.0000000000
0.0000000000
0.0000000000
0.0000000000
0.0000000000
0.4082031250
0.0000000000
0.1386718750
0.1514892578
0.1251220703
0.0000000000
0.0000000000
0.0000000000
0.0000000000
0.0000000000
0.0000000000
0.0000000000
0.0000000000
0.0000000000
0.0000000000
0.0000000000
0.0000000000
0.3535156250
0.1386718750
0.1541748047
0.1374511719
0.0000000000
0.0000000000
0.0000000000
0.0000000000
0.0000000000
0.0000000000
0.0000000000
0.1889648438
0.0000000000
0.0000000000
0.0000000000
0.0000000000
0.0000000000
0.1386718750
0.1551513672
0.1359863281
0.0000000000
0.0000000000
0.0000000000
0.0000000000
0.0000000000
0.0000000000
0.0000000000
0.0000000000
0.0000000000
0.0000000000
0.0000000000
0.0000000000
0.3535156250
0.1386718750
0.1669921875
0.1374511719
0.0000000000
0.0000000000
0.0000000000
0.0000000000
0.0000000000
0.0000000000
0.0000000000
0.0000000000
0.2583007812
0.0000000000
0.0000000000
0.0000000000
0.0000000000
0.1386718750
0.1701660156
0.1445312500
0.0000000000
0.0000000000
0.0000000000
0.0000000000
0.0000000000
0.0000000000
0.0000000000
0.0000000000
0.0000000000
0.4082031250
0.0000000000
0.0000000000
0.0000000000
0.1386718750
0.1726074219
0.1441650391
0.0000000000
0.0000000000
0.0000000000
0.0000000000
0.0000000000
0.0000000000
0.0000000000
0.0000000000
0.0000000000
0.0000000000
0.0000000000
0.0000000000
0.0000000000
0.1386718750
0.1755371094
0.1528320312
0.0000000000
0.0000000000
0.0000000000
0.0000000000
0.0000000000
0.0000000000
0.0000000000
0.0000000000
0.0000000000
0.0000000000
0.5000000000
0.0000000000
0.0000000000
0.1386718750
0.1766357422
0.1528320312
0.0000000000
0.0000000000
0.0000000000
0.0000000000
0.0000000000
0.0000000000
0.0000000000
0.0000000000
0.0000000000
0.0000000000
0.0000000000
0.0000000000
0.3535156250
0.1386718750
0.0000000000
0.1805419922
0.0000000000
0.1374511719
0.0000000000
0.0000000000
0.0000000000
0.0000000000
0.0000000000
0.1889648438
0.0000000000
0.0000000000
0.0000000000
0.0000000000
0.0000000000
0.1386718750
0.0000000000
0.1816406250
0.0000000000
0.1359863281
0.0000000000
0.0000000000
0.0000000000
0.0000000000
0.0000000000
0.0000000000
0.0000000000
0.0000000000
0.0000000000
0.0000000000
0.3535156250
0.1386718750
0.0000000000
0.1927490234
0.0000000000
0.1374511719
0.0000000000
0.0000000000
0.0000000000
0.0000000000
0.0000000000
0.0000000000
0.0000000000
0.4082031250
0.0000000000
0.0000000000
0.0000000000
0.1386718750
0.0000000000
0.1954345703
0.0000000000
0.1441650391
0.0000000000
0.0000000000
0.0000000000
0.0000000000
0.0000000000
0.0000000000
0.2583007812
0.0000000000
0.0000000000
0.0000000000
0.0000000000
0.1386718750
0.0000000000
0.1964111328
0.0000000000
0.1445312500
0.0000000000
0.0000000000
0.0000000000
0.0000000000
0.0000000000
0.0000000000
0.0000000000
0.0000000000
0.5000000000
0.0000000000
0.0000000000
0.1386718750
0.0000000000
0.1999511719
0.0000000000
0.1528320312
0.0000000000
0.0000000000
0.0000000000
0.0000000000
0.0000000000
0.0000000000
0.0000000000
0.0000000000
0.0000000000
0.0000000000
0.0000000000
0.1386718750
0.0000000000
0.2015380859
0.0000000000
0.1528320312
0.0000000000
0.0000000000
0.0000000000
0.0000000000
0.0000000000
0.0000000000
0.0000000000
0.0000000000
0.0000000000
0.4082031250
0.0000000000
0.1386718750
0.0000000000
0.2091064453
0.0000000000
0.1251220703
0.0000000000
0.0000000000
0.0000000000
0.0000000000
0.0000000000
0.0000000000
0.0000000000
0.0000000000
0.0000000000
0.0000000000
0.0000000000
0.1386718750
0.0000000000
0.2227783203
0.0000000000
0.1248168945
0.0000000000
0.0000000000
0.0000000000
0.0000000000
0.0000000000
0.0000000000
0.0000000000
0.0000000000
0.0000000000
0.4082031250
0.0000000000
0.1386718750
0.0000000000
0.2238769531
0.0000000000
0.1251220703
0.0000000000
0.0000000000
0.0000000000
0.0000000000
0.0000000000
0.0000000000
0.0000000000
0.4082031250
0.0000000000
0.0000000000
0.0000000000
0.1386718750
0.0000000000
0.2282714844
0.0000000000
0.1441650391
0.0000000000
0.0000000000
0.0000000000
0.0000000000
0.0000000000
0.0000000000
0.2583007812
0.0000000000
0.0000000000
0.0000000000
0.0000000000
0.1386718750
0.0000000000
0.2291259766
0.0000000000
0.1445312500
0.0000000000
0.0000000000
0.0000000000
0.0000000000
0.0000000000
0.1889648438
0.0000000000
0.0000000000
0.0000000000
0.0000000000
0.0000000000
0.0000000000
0.0649414062
0.0000000000
0.0000000000
0.0000000000
0.0616455078
0.0000000000
0.0000000000
0.0000000000
0.0000000000
0.1889648438
0.0000000000
0.0000000000
0.0000000000
0.0000000000
0.0000000000
0.0000000000
0.0649414062
0.0000000000
0.0052566528
0.0000000000
0.0616455078
0.0000000000
0.0000000000
0.0000000000
0.0000000000
0.1889648438
0.0000000000
0.0000000000
0.0000000000
0.0000000000
0.0000000000
0.0000000000
0.0649414062
0.0000000000
0.0099411011
0.0000000000
0.0616455078
0.0000000000
0.0000000000
0.0000000000
0.0000000000
0.1889648438
0.0000000000
0.0000000000
0.0000000000
0.0000000000
0.0000000000
0.0000000000
0.0649414062
0.0000000000
0.0116271973
0.0000000000
0.0616455078
0.0000000000
0.0000000000
0.0000000000
0.0000000000
0.1889648438
0.0000000000
0.0000000000
0.0000000000
0.0000000000
0.0000000000
0.0000000000
0.0000000000
0.0000000000
0.0000000000
0.0000000000
0.0000000000
0.0000000000
0.0000000000
0.0649414062
0.0322265625
0.0000000000
0.5000000000
0.0000000000
0.0000000000
0.0000000000
0.0000000000
0.0000000000
0.0000000000
0.0000000000
0.0000000000
0.0000000000
0.0000000000
0.0000000000
0.0000000000
0.0649414062
0.0334472656
0.0000000000
0.0000000000
0.7070312500
0.0000000000
0.0000000000
0.0000000000
0.0000000000
0.0000000000
0.0000000000
0.0000000000
0.0000000000
0.0000000000
0.0000000000
0.0000000000
0.0649414062
0.0335388184
0.0000000000
0.0000000000
0.0000000000
0.7070312500
0.0000000000
0.0000000000
0.0000000000
0.0000000000
0.0000000000
0.0000000000
0.0000000000
0.0000000000
0.0000000000
0.0000000000
0.0649414062
0.0336303711
0.0000000000
0.0000000000
0.0000000000
0.0000000000
0.7070312500
0.0000000000
0.0000000000
0.0000000000
0.0000000000
0.0000000000
0.0000000000
0.0000000000
0.0000000000
0.0000000000
0.0649414062
0.0339050293
0.0000000000
0.0000000000
0.0000000000
0.0000000000
0.0000000000
0.5771484375
0.0000000000
0.0000000000
0.0000000000
0.0000000000
0.0000000000
0.0000000000
0.0000000000
0.0000000000
0.0649414062
0.0339660645
0.0000000000
0.0000000000
0.0000000000
0.0000000000
0.0000000000
0.0000000000
0.7070312500
0.0000000000
0.0000000000
0.0000000000
0.0000000000
0.0000000000
0.0000000000
0.0000000000
0.0649414062
0.0341186523
0.0000000000
0.0000000000
0.0000000000
0.0000000000
0.0000000000
0.0000000000
0.0000000000
0.5771484375
0.0000000000
0.0000000000
0.0000000000
0.0000000000
0.0000000000
0.0000000000
0.0649414062
0.0342102051
0.0000000000
0.0000000000
0.0000000000
0.0000000000
0.0000000000
0.0000000000
0.0000000000
0.0000000000
0.5771484375
0.0000000000
0.0000000000
0.0000000000
0.0000000000
0.0000000000
0.0649414062
0.0342712402
0.0000000000
0.0000000000
0.0000000000
0.0000000000
0.0000000000
0.0000000000
0.0000000000
0.0000000000
0.0000000000
0.5771484375
0.0000000000
0.0000000000
0.0000000000
0.0000000000
0.0649414062
0.0343627930
0.0000000000
0.0000000000
0.0000000000
0.0000000000
0.0000000000
0.0000000000
0.0000000000
0.0000000000
0.0000000000
0.0000000000
0.7070312500
0.0000000000
0.0000000000
0.0000000000
0.0649414062
0.0345153809
0.0000000000
0.0000000000
0.0000000000
0.0000000000
0.0000000000
0.0000000000
0.0000000000
0.0000000000
0.0000000000
0.0000000000
0.0000000000
0.5771484375
0.0000000000
0.0000000000
0.0649414062
0.0346069336
0.0000000000
0.0000000000
0.0000000000
0.0000000000
0.0000000000
0.0000000000
0.0000000000
0.0000000000
0.0000000000
0.0000000000
0.0000000000
0.0000000000
0.7070312500
0.0000000000
0.0649414062
0.0347290039
0.0000000000
0.0000000000
0.0000000000
0.0000000000
0.0000000000
0.0000000000
0.0000000000
0.0000000000
0.0000000000
0.0000000000
0.0000000000
0.5771484375
0.0000000000
0.0000000000
0.0649414062
0.0376586914
0.0000000000
0.0000000000
0.0000000000
0.0000000000
0.0000000000
0.0000000000
0.0000000000
0.0000000000
0.0000000000
0.0000000000
0.0000000000
0.0000000000
0.0000000000
1.0000000000
0.0649414062
0.0377807617
0.0000000000
0.0000000000
0.0000000000
0.0000000000
0.0000000000
0.0000000000
0.0000000000
0.0000000000
0.0000000000
0.0000000000
0.0000000000
0.5771484375
0.0000000000
0.0000000000
0.0649414062
0.0378723145
0.0000000000
0.0616455078
0.0000000000
0.0000000000
0.0000000000
0.0000000000
0.0000000000
0.0000000000
0.0000000000
0.0000000000
0.0000000000
0.0000000000
0.0000000000
0.0000000000
0.0000000000
0.0000000000
0.5073242188
0.0615844727
0.0000000000
0.0000000000
0.0000000000
0.0000000000
0.0000000000
0.0000000000
0.0000000000
0.0000000000
0.0000000000
0.0000000000
0.0000000000
0.0000000000
0.0000000000
0.0000000000
0.0000000000
0.0617675781
0.0000000000
0.0000000000
0.0000000000
0.0000000000
0.0000000000
0.0000000000
0.0000000000
0.0000000000
0.0000000000
0.0000000000
0.0000000000
0.0000000000
0.0000000000
0.0000000000
0.0000000000
0.0617980957
0.0000000000
0.0000000000
0.0000000000
0.0000000000
0.0000000000
0.0000000000
0.0000000000
0.0000000000
0.0000000000
0.0000000000
0.0000000000
0.0000000000
0.0000000000
0.0000000000
0.0000000000
0.0619201660
0.0000000000
0.0000000000
0.0000000000
0.0000000000
0.0000000000
0.0000000000
0.0000000000
0.0000000000
0.0000000000
0.0000000000
0.0000000000
0.0000000000
0.0000000000
0.0000000000
0.0000000000
0.0618286133
0.0000000000
0.0000000000
0.0000000000
0.0000000000
0.0000000000
0.0000000000
0.0000000000
0.0000000000
0.0000000000
0.0000000000
0.0000000000
0.0000000000
0.0000000000
0.0000000000
0.0000000000
0.0618591309
0.0000000000
0.0000000000
0.0000000000
0.0000000000
0.0000000000
0.0000000000
0.0000000000
0.0000000000
0.0000000000
0.0000000000
0.0000000000
0.0000000000
0.0000000000
0.0000000000
0.0000000000
0.0618896484
0.0000000000
0.0000000000
0.0000000000
0.0000000000
0.0000000000
0.0000000000
0.0000000000
0.0000000000
0.0000000000
0.0000000000
0.0000000000
0.0000000000
0.0000000000
0.0000000000
0.0000000000
0.0618591309
0.0000000000
0.0000000000
0.0000000000
0.0000000000
0.0000000000
0.0000000000
0.0000000000
0.0000000000
0.0000000000
0.0000000000
0.0000000000
0.0000000000
0.0000000000
0.0000000000
0.0000000000
0.0616455078
0.0000000000
0.0000000000
0.0000000000
0.0000000000
0.0000000000
0.0000000000
0.0000000000
0.0000000000
0.0000000000
0.0000000000
0.0000000000
0.0000000000
0.0000000000
0.0000000000
0.0000000000
0.0614318848
0.0000000000
0.0000000000
0.0000000000
0.0000000000
0.0000000000
0.0000000000
0.0000000000
0.0000000000
0.0000000000
0.0000000000
0.0000000000
0.0000000000
0.0000000000
0.0000000000
0.0000000000
0.0618896484
0.0000000000
0.0000000000
0.0000000000
0.0000000000
0.0000000000
0.0000000000
0.0000000000
0.0000000000
0.0000000000
0.0000000000
0.0000000000
0.0000000000
0.0000000000
0.0000000000
0.0000000000
0.0617980957
0.0000000000
0.0000000000
0.0000000000
0.0000000000
0.0000000000
0.0000000000
0.0000000000
0.0000000000
0.0000000000
0.0000000000
0.0000000000
0.0000000000
0.0000000000
0.0000000000
0.0000000000
0.0618896484
0.0000000000
0.0000000000
0.0000000000
0.0000000000
0.0000000000
0.0000000000
0.0000000000
0.0000000000
0.0000000000
0.0000000000
0.0000000000
0.0000000000
0.0000000000
0.0000000000
0.0000000000
0.0620117188
0.0000000000
0.0000000000
0.0000000000
0.0000000000
0.0000000000
0.0000000000
0.0000000000
0.0000000000
0.0000000000
0.0000000000
0.0000000000
0.0000000000
0.0000000000
0.0000000000
0.0000000000
0.0618896484
0.0000000000
0.0000000000
0.0000000000
0.0000000000
0.0000000000
0.0000000000
0.0000000000
0.0000000000
0.0000000000
0.0000000000
0.0000000000
0.0000000000
0.0000000000
0.0000000000
0.0000000000
0.0000000000
0.0000000000
0.0000000000
0.0000000000
0.0000000000
0.0000000000
0.7070312500
0.0000000000
0.0000000000
0.0000000000
0.0000000000
0.0000000000
0.0000000000
0.0000000000
0.0000000000
0.0000000000
0.0000000000
0.0000000000
0.0000000000
0.0000000000
0.0000000000
0.7070312500
0.0000000000
0.0000000000
0.0000000000
0.0000000000
0.0000000000
0.0000000000
0.0000000000
0.0000000000
0.0000000000
0.0000000000
0.0000000000
0.0000000000
0.0000000000
0.0000000000
0.5771484375
0.0000000000
0.0000000000
0.0000000000
0.0000000000
0.0000000000
0.0000000000
0.0000000000
0.0000000000
0.0000000000
0.0000000000
0.0000000000
0.0000000000
0.0000000000
0.0000000000
0.5771484375
0.0000000000
0.0000000000
0.0000000000
0.0000000000
0.0000000000
0.0000000000
0.0000000000
0.0000000000
0.0000000000
0.0000000000
0.0000000000
0.0000000000
0.0000000000
0.0000000000
0.5771484375
0.0000000000
0.0000000000
0.0000000000
0.0000000000
0.0000000000
0.0000000000
0.0000000000
0.0000000000
0.0000000000
0.0000000000
0.0000000000
0.0000000000
0.0000000000
0.0000000000
0.7070312500
0.0000000000
0.0000000000
0.0000000000
0.0000000000
0.0000000000
0.0000000000
0.0000000000
0.0000000000
0.0000000000
0.0000000000
0.0000000000
0.0000000000
0.0000000000
0.0000000000
0.0000000000
0.0000000000
0.0000000000
0.0000000000
0.0000000000
0.0000000000
0.0000000000
0.7070312500
0.0000000000
0.0000000000
0.0000000000
0.0000000000
0.0000000000
0.0000000000
0.0000000000
0.0000000000
0.0000000000
0.0000000000
0.0000000000
0.0000000000
0.0000000000
0.0000000000
0.0000000000
0.0000000000
0.7070312500
0.0000000000
0.0000000000
0.0000000000
0.0000000000
0.0000000000
0.0000000000
0.0000000000
0.0000000000
0.0000000000
0.0000000000
0.0000000000
0.0000000000
0.0000000000
0.0000000000
0.0000000000
0.0000000000
0.7070312500
0.0000000000
0.0000000000
0.0000000000
0.0000000000
0.0000000000
0.0000000000
0.0000000000
0.0000000000
0.0000000000
0.0000000000
0.0000000000
0.0000000000
0.0000000000
0.0000000000
0.0000000000
0.0000000000
0.7070312500
0.0000000000
0.0000000000
0.0000000000
0.0000000000
0.0000000000
0.0000000000
0.0000000000
0.0000000000
0.0000000000
0.0000000000
0.0000000000
0.0000000000
0.0000000000
0.0000000000
0.0000000000
0.0000000000
0.7070312500
0.0000000000
0.0000000000
0.0000000000
0.3779296875
0.0000000000
0.0000000000
0.0000000000
0.0000000000
0.0000000000
0.0000000000
0.0000000000
0.0000000000
0.0000000000
0.0000000000
0.0000000000
0.0000000000
0.0000000000
0.0000000000
0.0000000000
0.0000000000
0.0000000000
0.0000000000
0.0000000000
0.0000000000
0.0000000000
0.0000000000
0.0000000000
0.0000000000
0.0000000000
0.0000000000
0.0000000000
0.0000000000
0.7070312500
0.0000000000
0.0000000000
0.0000000000
0.4472656250
0.0000000000
0.0000000000
0.0000000000
0.0000000000
0.0000000000
0.0000000000
0.0000000000
0.0000000000
0.0000000000
0.0000000000
0.0000000000
0.0000000000
0.0000000000
0.0000000000
0.0000000000
0.0000000000
0.0000000000
0.0000000000
0.0000000000
0.0000000000
0.0000000000
0.0000000000
0.0000000000
0.0000000000
0.0000000000
0.0000000000
0.0000000000
0.0000000000
0.7070312500
0.0000000000
0.0000000000
0.0000000000
0.0000000000
0.0000000000
0.0000000000
0.0000000000
0.0000000000
0.0000000000
0.0000000000
0.0000000000
0.0000000000
0.0000000000
0.0000000000
0.0000000000
0.0000000000
0.7070312500
0.0649414062
0.0379028320
0.0000000000
0.0000000000
0.0617980957
0.0000000000
0.0000000000
0.0000000000
0.0000000000
0.0000000000
0.0000000000
0.0000000000
0.0000000000
0.0000000000
0.0000000000
0.0000000000
0.0649414062
0.0380249023
0.0000000000
0.0000000000
0.0614318848
0.0000000000
0.0000000000
0.0000000000
0.0000000000
0.0000000000
0.0000000000
0.0000000000
0.0000000000
0.0000000000
0.0000000000
0.0000000000
0.0649414062
0.0381774902
0.0000000000
0.0000000000
0.0616455078
0.0000000000
0.0000000000
0.0000000000
0.0000000000
0.0000000000
0.0000000000
0.0000000000
0.0000000000
0.0000000000
0.0000000000
0.0000000000
0.0649414062
0.0383300781
0.0000000000
0.0000000000
0.0618591309
0.0000000000
0.0000000000
0.0000000000
0.0000000000
0.0000000000
0.0000000000
0.0000000000
0.0000000000
0.0000000000
0.0000000000
0.0000000000
0.0649414062
0.0383911133
0.0000000000
0.0000000000
0.0618896484
0.0000000000
0.0000000000
0.0000000000
0.0000000000
0.0000000000
0.0000000000
0.0000000000
0.0000000000
0.0000000000
0.0000000000
0.0000000000
0.0649414062
0.0384826660
0.0000000000
0.0000000000
0.0618591309
0.0000000000
0.0000000000
0.0000000000
0.0000000000
0.0000000000
0.0000000000
0.0000000000
0.0000000000
0.0000000000
0.0000000000
0.0000000000
0.0649414062
0.0385131836
0.0000000000
0.0000000000
0.0618591309
0.0000000000
0.0000000000
0.0000000000
0.0000000000
0.0000000000
0.0000000000
0.0000000000
0.0000000000
0.0000000000
0.0000000000
0.0000000000
0.0649414062
0.0387268066
0.0000000000
0.0000000000
0.0615844727
0.0000000000
0.0000000000
0.0000000000
0.0000000000
0.0000000000
0.0000000000
0.0000000000
0.0000000000
0.0000000000
0.0000000000
0.0000000000
0.0649414062
0.0389709473
0.0000000000
0.0000000000
0.0610656738
0.0000000000
0.0000000000
0.0000000000
0.0000000000
0.0000000000
0.0000000000
0.0000000000
0.0000000000
0.0000000000
0.0000000000
0.0000000000
0.0649414062
0.0390930176
0.0000000000
0.0000000000
0.0608520508
0.0000000000
0.0000000000
0.0000000000
0.0000000000
0.0000000000
0.0000000000
0.0000000000
0.0000000000
0.0000000000
0.0000000000
0.0000000000
0.0649414062
0.0393981934
0.0000000000
0.0000000000
0.0619201660
0.0000000000
0.0000000000
0.0000000000
0.0000000000
0.0000000000
0.0000000000
0.0000000000
0.0000000000
0.0000000000
0.0000000000
0.0000000000
0.0649414062
0.0395812988
0.4345703125
0.0000000000
0.0626831055
0.0000000000
0.0000000000
0.0000000000
0.0000000000
0.0000000000
0.0000000000
0.0000000000
0.0000000000
0.0000000000
0.0000000000
0.0000000000
0.0649414062
0.0397644043
0.0000000000
0.0000000000
0.0626831055
0.0000000000
0.0000000000
0.0000000000
0.0000000000
0.0000000000
0.0000000000
0.0000000000
0.0000000000
0.0000000000
0.0000000000
0.0000000000
0.0649414062
0.0400390625
0.0000000000
0.5463867188
0.0626831055
0.0000000000
0.0000000000
0.0000000000
0.0000000000
0.0000000000
0.0000000000
0.0000000000
0.0000000000
0.0000000000
0.0000000000
0.0000000000
0.0649414062
0.0401916504
0.0000000000
0.0000000000
0.0610656738
0.0000000000
0.0000000000
0.0000000000
0.0000000000
0.0000000000
0.0000000000
0.0000000000
0.0000000000
0.0000000000
0.0000000000
0.0000000000
0.0649414062
0.0402832031
0.0000000000
0.0000000000
0.0625610352
0.0000000000
0.0000000000
0.0000000000
0.0000000000
0.0000000000
0.0000000000
0.0000000000
0.0000000000
0.0000000000
0.0000000000
0.0000000000
0.0000000000
0.0000000000
0.0000000000
0.0000000000
0.0000000000
0.0000000000
0.0000000000
0.0000000000
0.0000000000
0.7070312500
0.0000000000
0.0000000000
0.0000000000
0.0000000000
0.0649414062
0.0404052734
0.0000000000
0.0000000000
0.0000000000
0.0000000000
0.0000000000
0.0000000000
0.0000000000
0.0000000000
0.0000000000
0.0000000000
0.7070312500
0.0000000000
0.0000000000
0.0000000000
0.0649414062
0.0406188965
0.0000000000
0.0000000000
0.0000000000
0.0000000000
0.0000000000
0.0000000000
0.0000000000
0.0000000000
0.0000000000
0.0000000000
0.7070312500
0.0000000000
0.0000000000
0.0000000000
0.0649414062
0.0433349609
0.0000000000
0.0000000000
0.0000000000
0.0000000000
0.0000000000
0.0000000000
0.0000000000
0.0000000000
0.0000000000
0.7070312500
0.0000000000
0.0000000000
0.0000000000
0.0000000000
0.0649414062
0.0436096191
0.0000000000
0.0000000000
0.0000000000
0.0000000000
0.0000000000
0.0000000000
0.0000000000
0.0000000000
0.7070312500
0.0000000000
0.0000000000
0.0000000000
0.0000000000
0.0000000000
0.0649414062
0.0436706543
0.0000000000
0.0000000000
0.0000000000
0.0000000000
0.0000000000
0.0000000000
0.0000000000
0.7070312500
0.0000000000
0.0000000000
0.0000000000
0.0000000000
0.0000000000
0.0000000000
0.0649414062
0.0437927246
0.0000000000
0.0000000000
0.0000000000
0.0000000000
0.0000000000
0.4472656250
0.0000000000
0.0000000000
0.0000000000
0.0000000000
0.0000000000
0.0000000000
0.0000000000
0.0000000000
0.0649414062
0.0438842773
0.0000000000
0.0000000000
0.0000000000
0.0000000000
0.0000000000
0.0000000000
0.7070312500
0.0000000000
0.0000000000
0.0000000000
0.0000000000
0.0000000000
0.0000000000
0.0000000000
0.0649414062
0.0440063477
0.0000000000
0.0000000000
0.0000000000
0.3779296875
0.0000000000
0.0000000000
0.0000000000
0.0000000000
0.0000000000
0.0000000000
0.0000000000
0.0000000000
0.0000000000
0.0000000000
0.0649414062
0.0441589355
0.0000000000
0.0000000000
0.0000000000
0.0000000000
0.3779296875
0.0000000000
0.0000000000
0.0000000000
0.0000000000
0.0000000000
0.0000000000
0.0000000000
0.0000000000
0.0000000000
0.0649414062
0.0442810059
0.0000000000
0.0000000000
0.3015136719
0.0000000000
0.0000000000
0.0000000000
0.0000000000
0.0000000000
0.0000000000
0.0000000000
0.0000000000
0.0000000000
0.0000000000
0.0000000000
0.0649414062
0.0443725586
0.0000000000
0.0000000000
0.0000000000
0.0000000000
0.0000000000
0.0000000000
0.0000000000
0.0000000000
0.0000000000
0.0000000000
0.0000000000
0.7070312500
0.0000000000
0.0000000000
0.0649414062
0.0444641113
0.0000000000
0.0000000000
0.0000000000
0.0000000000
0.0000000000
0.0000000000
0.0000000000
0.0000000000
0.0000000000
0.0000000000
0.0000000000
0.0000000000
0.7070312500
0.0000000000
0.0649414062
0.0445556641
0.0000000000
0.0000000000
0.0000000000
0.0000000000
0.0000000000
0.0000000000
0.0000000000
0.0000000000
0.0000000000
0.0000000000
0.0000000000
0.0000000000
0.0000000000
0.7070312500
0.0649414062
0.0446472168
0.0000000000
0.5000000000
0.0000000000
0.0000000000
0.0000000000
0.0000000000
0.0000000000
0.0000000000
0.0000000000
0.0000000000
0.0000000000
0.0000000000
0.0000000000
0.0000000000
0.0649414062
0.0447387695
0.3779296875
0.0000000000
0.0000000000
0.0000000000
0.0000000000
0.0000000000
0.0000000000
0.0000000000
0.0000000000
0.0000000000
0.0000000000
0.0000000000
0.0000000000
0.0000000000
0.0649414062
0.0448303223
0.0000000000
0.0000000000
0.0000000000
0.0000000000
0.0000000000
0.0000000000
0.0626220703
0.0000000000
0.0000000000
0.0000000000
0.0000000000
0.0000000000
0.0000000000
0.0000000000
0.0000000000
0.0000000000
0.0000000000
0.0000000000
0.0000000000
0.0000000000
0.0000000000
0.0000000000
0.0619201660
0.0000000000
0.0000000000
0.0000000000
0.0000000000
0.0000000000
0.0000000000
0.0000000000
0.0000000000
0.0000000000
0.0000000000
0.0000000000
0.0000000000
0.0000000000
0.0000000000
0.0000000000
0.0619201660
0.0000000000
0.0000000000
0.0000000000
0.0000000000
0.0000000000
0.0000000000
0.0000000000
0.0000000000
0.0000000000
0.0000000000
0.0000000000
0.0000000000
0.0000000000
0.0000000000
0.0000000000
0.0626220703
0.0000000000
0.0000000000
0.0000000000
0.0000000000
0.0000000000
0.0000000000
0.0000000000
0.0000000000
0.0000000000
0.0000000000
0.0000000000
0.0000000000
0.0000000000
0.0000000000
0.0000000000
0.0625610352
0.0000000000
0.0000000000
0.0000000000
0.0000000000
0.0000000000
0.0000000000
0.0000000000
0.0000000000
0.0000000000
0.0000000000
0.0000000000
0.0000000000
0.0000000000
0.0000000000
0.0000000000
0.0610656738
0.0000000000
0.0000000000
0.0000000000
0.0000000000
0.0000000000
0.0000000000
0.0000000000
0.0000000000
0.0000000000
0.0000000000
0.0000000000
0.0000000000
0.0000000000
0.0000000000
0.5463867188
0.0626831055
0.0000000000
0.0000000000
0.0000000000
0.0000000000
0.0000000000
0.0000000000
0.0000000000
0.0000000000
0.0000000000
0.0000000000
0.0000000000
0.0000000000
0.0000000000
0.0000000000
0.0000000000
0.0626831055
0.0000000000
0.0000000000
0.0000000000
0.0000000000
0.0000000000
0.0000000000
0.0000000000
0.0000000000
0.0000000000
0.0000000000
0.0000000000
0.0000000000
0.4345703125
0.0000000000
0.0000000000
0.0626831055
0.0000000000
0.0000000000
0.0000000000
0.0000000000
0.0000000000
0.0000000000
0.0000000000
0.0000000000
0.0000000000
0.0000000000
0.0000000000
0.0000000000
0.0000000000
0.4589843750
0.0000000000
0.0622253418
0.0000000000
0.0000000000
0.0000000000
0.0000000000
0.0000000000
0.0000000000
0.0000000000
0.0000000000
0.0000000000
0.0000000000
0.0000000000
0.3627929688
0.0000000000
0.0000000000
0.0000000000
0.0622253418
0.0000000000
0.0000000000
0.0000000000
0.0000000000
0.0000000000
0.0000000000
0.0000000000
0.0000000000
0.0000000000
0.0000000000
0.0000000000
0.0000000000
0.0000000000
0.0000000000
0.0000000000
0.0625000000
0.0000000000
0.0000000000
0.0000000000
0.0000000000
0.0000000000
0.0000000000
0.0000000000
0.0000000000
0.0000000000
0.0000000000
0.0000000000
0.0000000000
0.0000000000
0.0000000000
0.0000000000
0.0630493164
0.0000000000
0.0000000000
0.0000000000
0.0000000000
0.0000000000
0.0000000000
0.0000000000
0.0000000000
0.0000000000
0.0000000000
0.0000000000
0.0000000000
0.0000000000
0.0000000000
0.0000000000
0.0632934570
0.0000000000
0.0000000000
0.0000000000
0.0000000000
0.0000000000
0.0000000000
0.0000000000
0.0000000000
0.0000000000
0.0000000000
0.5136718750
0.0000000000
0.0000000000
0.0000000000
0.0000000000
0.0636596680
0.0000000000
0.0000000000
0.0000000000
0.0000000000
0.0000000000
0.0000000000
0.0000000000
0.0000000000
0.0000000000
0.3928222656
0.0000000000
0.0000000000
0.0000000000
0.0000000000
0.0000000000
0.0637817383
0.0000000000
0.0000000000
0.0000000000
0.0000000000
0.0000000000
0.0000000000
0.0000000000
0.0000000000
0.0000000000
0.3161621094
0.0000000000
0.0000000000
0.0000000000
0.0000000000
0.0000000000
0.0000000000
0.0000000000
0.0000000000
0.0000000000
0.0000000000
0.0649414062
0.0449523926
0.3300781250
0.0000000000
0.0000000000
0.0000000000
0.4082031250
0.0000000000
0.0000000000
0.0000000000
0.0000000000
0.0000000000
0.0000000000
0.0000000000
0.0000000000
0.0000000000
0.0649414062
0.0449829102
0.0000000000
0.4230957031
0.0000000000
0.0000000000
0.0000000000
0.0000000000
0.0000000000
0.0000000000
0.0000000000
0.0000000000
0.0000000000
0.7070312500
0.0000000000
0.0000000000
0.0649414062
0.0450744629
0.0000000000
0.0000000000
0.0000000000
0.0000000000
0.0000000000
0.0000000000
0.0000000000
0.0000000000
0.0000000000
0.0000000000
0.0000000000
0.0000000000
0.7070312500
0.0000000000
0.0649414062
0.0451965332
0.0000000000
0.0000000000
0.0000000000
0.0000000000
0.0000000000
0.0000000000
0.0000000000
0.0000000000
0.0000000000
0.0000000000
0.0000000000
0.0000000000
0.0000000000
0.7070312500
0.0649414062
0.0452575684
0.0000000000
0.0000000000
0.0000000000
0.0000000000
0.0000000000
0.0000000000
0.0000000000
0.0000000000
0.0000000000
0.0000000000
0.0000000000
0.0000000000
0.0000000000
0.7070312500
0.0649414062
0.0487365723
0.0000000000
0.0000000000
0.0000000000
0.0000000000
0.0000000000
0.0000000000
0.0000000000
0.0000000000
0.0000000000
0.0000000000
0.0000000000
0.0000000000
0.7070312500
0.0000000000
0.0649414062
0.0488281250
0.0000000000
0.0000000000
0.0000000000
0.0000000000
0.0000000000
0.0000000000
0.0000000000
0.0000000000
0.0000000000
0.0000000000
0.0000000000
0.7070312500
0.0000000000
0.0000000000
0.0649414062
0.0489807129
0.0000000000
0.0000000000
0.0000000000
0.0000000000
0.4082031250
0.0000000000
0.0000000000
0.0000000000
0.0000000000
0.0000000000
0.0000000000
0.0000000000
0.0000000000
0.0000000000
0.0649414062
0.0490417480
0.0000000000
0.4230957031
0.0000000000
0.3161621094
0.0000000000
0.0000000000
0.0000000000
0.0000000000
0.0000000000
0.0000000000
0.0000000000
0.0000000000
0.0000000000
0.0000000000
0.0649414062
0.0490722656
0.3300781250
0.0000000000
0.0000000000
0.0000000000
0.0000000000
0.3779296875
0.0000000000
0.0000000000
0.0000000000
0.0000000000
0.0000000000
0.0000000000
0.0000000000
0.0000000000
0.0649414062
0.0491943359
0.0000000000
0.0000000000
0.3928222656
0.0000000000
0.0000000000
0.0000000000
0.5000000000
0.0000000000
0.0000000000
0.0000000000
0.0000000000
0.0000000000
0.0000000000
0.0000000000
0.0649414062
0.0492858887
0.0000000000
0.0000000000
0.0000000000
0.0000000000
0.0000000000
0.0000000000
0.0000000000
0.0000000000
0.0000000000
0.0000000000
0.7070312500
0.0000000000
0.0000000000
0.0000000000
0.0649414062
0.0493469238
0.0000000000
0.0000000000
0.0000000000
0.0000000000
0.0000000000
0.0000000000
0.0000000000
0.0000000000
0.0000000000
0.7070312500
0.0000000000
0.0000000000
0.0000000000
0.0000000000
0.0649414062
0.0494384766
0.0000000000
0.0000000000
0.0000000000
0.0000000000
0.0000000000
0.0000000000
0.0000000000
0.0000000000
0.7070312500
0.0000000000
0.0000000000
0.0000000000
0.0000000000
0.0000000000
0.0649414062
0.0494995117
0.0000000000
0.0000000000
0.0000000000
0.0000000000
0.0000000000
0.0000000000
0.0000000000
0.3015136719
0.0000000000
0.0000000000
0.0000000000
0.0000000000
0.0000000000
0.0000000000
0.0649414062
0.0495910645
0.0000000000
0.0000000000
0.0000000000
0.0000000000
0.0000000000
0.0636596680
0.0000000000
0.0000000000
0.0000000000
0.0000000000
0.0000000000
0.0000000000
0.0000000000
0.0000000000
0.0000000000
0.0000000000
0.0000000000
0.0000000000
0.0000000000
0.0000000000
0.0000000000
0.0638427734
0.0000000000
0.0000000000
0.0000000000
0.0000000000
0.0000000000
0.0000000000
0.0000000000
0.0000000000
0.0000000000
0.0000000000
0.0000000000
0.0000000000
0.0000000000
0.0000000000
0.0000000000
0.0639038086
0.0000000000
0.0000000000
0.0000000000
0.0000000000
0.0000000000
0.0000000000
0.0000000000
0.0000000000
0.0000000000
0.0000000000
0.0000000000
0.0000000000
0.0000000000
0.0000000000
0.0000000000
0.0639038086
0.0000000000
0.0000000000
0.0000000000
0.0000000000
0.0000000000
0.0000000000
0.0000000000
0.0000000000
0.0000000000
0.0000000000
0.0000000000
0.0000000000
0.0000000000
0.0000000000
0.0000000000
0.0636596680
0.0000000000
0.0000000000
0.0000000000
0.0000000000
0.0000000000
0.0000000000
0.0000000000
0.0000000000
0.0000000000
0.0000000000
0.0000000000
0.0000000000
0.0000000000
0.0000000000
0.0000000000
0.0636596680
0.0000000000
0.0000000000
0.0000000000
0.0000000000
0.0000000000
0.0000000000
0.0000000000
0.0000000000
0.0000000000
0.0000000000
0.0000000000
0.0000000000
0.0000000000
0.0000000000
0.0000000000
0.0639038086
0.0000000000
0.0000000000
0.0000000000
0.0000000000
0.0000000000
0.0000000000
0.0000000000
0.0000000000
0.0000000000
0.0000000000
0.0000000000
0.0000000000
0.0000000000
0.0000000000
0.0000000000
0.0639038086
0.0000000000
0.0000000000
0.0000000000
0.0000000000
0.0000000000
0.0000000000
0.0000000000
0.0000000000
0.0000000000
0.0000000000
0.0000000000
0.0000000000
0.0000000000
0.0000000000
0.0000000000
0.0638427734
0.0000000000
0.0000000000
0.0000000000
0.0000000000
0.0000000000
0.0000000000
0.0000000000
0.0000000000
0.0000000000
0.0000000000
0.0000000000
0.0000000000
0.0000000000
0.0000000000
0.0000000000
0.0636596680
0.0000000000
0.0000000000
0.0000000000
0.0000000000
0.0000000000
0.0000000000
0.0000000000
0.0000000000
0.0000000000
0.0000000000
0.0000000000
0.0000000000
0.0000000000
0.0000000000
0.0000000000
0.0637817383
0.0000000000
0.0000000000
0.0000000000
0.0000000000
0.0000000000
0.0000000000
0.0000000000
0.0000000000
0.0000000000
0.0000000000
0.0000000000
0.0000000000
0.0000000000
0.5136718750
0.0000000000
0.0636596680
0.0000000000
0.0000000000
0.0000000000
0.0000000000
0.0000000000
0.0000000000
0.0000000000
0.0000000000
0.0000000000
0.0000000000
0.0000000000
0.0000000000
0.0000000000
0.0000000000
0.0000000000
0.0632934570
0.0000000000
0.0000000000
0.0000000000
0.0000000000
0.0000000000
0.0000000000
0.0000000000
0.0000000000
0.0000000000
0.0000000000
0.0000000000
0.0000000000
0.0000000000
0.0000000000
0.0000000000
0.0630493164
0.0000000000
0.0000000000
0.0000000000
0.0000000000
0.0000000000
0.0000000000
0.0000000000
0.0000000000
0.0000000000
0.0000000000
0.0000000000
0.0000000000
0.0000000000
0.0000000000
0.0000000000
0.0625000000
0.0000000000
0.0000000000
0.0000000000
0.0000000000
0.0000000000
0.0000000000
0.0000000000
0.0000000000
0.0000000000
0.0000000000
0.0000000000
0.0000000000
0.0000000000
0.0000000000
0.3627929688
0.0622253418
0.0000000000
0.0000000000
0.0000000000
0.0000000000
0.0000000000
0.0000000000
0.0000000000
0.0000000000
0.0000000000
0.0000000000
0.0000000000
0.0000000000
0.0000000000
0.0000000000
0.0000000000
0.0000000000
0.0000000000
0.0000000000
0.0000000000
0.0000000000
0.0000000000
0.0000000000
0.3535156250
0.0000000000
0.0000000000
0.0000000000
0.0000000000
0.0000000000
0.0000000000
0.0000000000
0.0000000000
0.0000000000
0.0000000000
0.0000000000
0.0000000000
0.0000000000
0.0000000000
0.5000000000
0.0000000000
0.0000000000
0.0000000000
0.0000000000
0.0000000000
0.0000000000
0.0000000000
0.0000000000
0.0000000000
0.0000000000
0.0000000000
0.0000000000
0.0000000000
0.0000000000
0.3535156250
0.0000000000
0.0000000000
0.0000000000
0.0000000000
0.0000000000
0.0000000000
0.0000000000
0.0000000000
0.0000000000
0.0000000000
0.0000000000
0.0000000000
0.0000000000
0.0000000000
0.4472656250
0.0000000000
0.0000000000
0.0000000000
0.0000000000
0.0000000000
0.0000000000
0.0000000000
0.0000000000
0.0000000000
0.0000000000
0.0000000000
0.0000000000
0.0000000000
0.0000000000
0.3779296875
0.0000000000
0.0000000000
0.0000000000
0.0000000000
0.0000000000
0.0000000000
0.0000000000
0.0000000000
0.0000000000
0.0000000000
0.0000000000
0.3332519531
0.0000000000
0.0000000000
0.0000000000
0.0000000000
0.0000000000
0.0000000000
0.0000000000
0.0000000000
0.0000000000
0.0000000000
0.0000000000
0.0000000000
0.0000000000
0.0000000000
0.0000000000
0.0000000000
0.0000000000
0.0000000000
0.0000000000
0.0000000000
0.0000000000
0.0000000000
0.0000000000
0.0000000000
0.5000000000
0.0000000000
0.0000000000
0.0000000000
0.0000000000
0.0000000000
0.0000000000
0.0000000000
0.0000000000
0.0000000000
0.0000000000
0.0000000000
0.0000000000
0.0000000000
0.0000000000
0.0000000000
0.0000000000
0.2583007812
0.0000000000
0.0000000000
0.0000000000
0.0000000000
0.0000000000
0.0000000000
0.0000000000
0.0000000000
0.0000000000
0.0000000000
0.0000000000
0.0000000000
0.0000000000
0.0000000000
0.0000000000
0.0000000000
0.3779296875
0.0000000000
0.0000000000
0.0000000000
0.0000000000
0.0000000000
0.0000000000
0.0000000000
0.0000000000
0.0000000000
0.0000000000
0.0000000000
0.0000000000
0.0000000000
0.0000000000
0.0000000000
0.0000000000
0.5771484375
0.0000000000
0.0000000000
0.0000000000
0.0000000000
0.0000000000
0.0000000000
0.0000000000
0.0000000000
0.0000000000
0.0000000000
0.0000000000
0.0000000000
0.0000000000
0.0000000000
0.0000000000
0.0000000000
0.7070312500
0.0000000000
0.0000000000
0.0000000000
0.2885742188
0.0000000000
0.0000000000
0.0000000000
0.0000000000
0.0000000000
0.0000000000
0.0000000000
0.0000000000
0.0000000000
0.0000000000
0.0000000000
0.0000000000
0.0000000000
0.0000000000
0.0000000000
0.0000000000
0.0000000000
0.3161621094
0.0000000000
0.0000000000
0.0000000000
0.0000000000
0.0000000000
0.0000000000
0.0000000000
0.0000000000
0.0000000000
0.0000000000
0.0000000000
0.0000000000
0.0000000000
0.0000000000
0.5771484375
0.0000000000
0.0000000000
0.0000000000
0.0000000000
0.0000000000
0.0000000000
0.0000000000
0.0000000000
0.0000000000
0.0000000000
0.0000000000
0.0000000000
0.0000000000
0.0000000000
0.0000000000
0.0000000000
0.0000000000
0.0000000000
0.0000000000
0.0000000000
0.0000000000
0.0000000000
0.0000000000
0.0000000000
0.0000000000
0.0000000000
0.0000000000
0.7070312500
0.5771484375
0.0000000000
0.0000000000
0.0000000000
0.0000000000
0.0000000000
0.0000000000
0.0000000000
0.0000000000
0.0000000000
0.0000000000
0.0000000000
0.0000000000
0.0000000000
0.0000000000
0.0000000000
0.0649414062
0.0498046875
0.0000000000
0.0000000000
0.0000000000
0.0000000000
0.0000000000
0.0000000000
0.0000000000
0.0000000000
0.0000000000
0.4016113281
0.0000000000
0.0616455078
0.0000000000
0.0000000000
0.0649414062
0.0499572754
0.0000000000
0.0000000000
0.0000000000
0.0000000000
0.0000000000
0.0000000000
0.0000000000
0.0000000000
0.5073242188
0.0000000000
0.0000000000
0.0614318848
0.0000000000
0.0000000000
0.0649414062
0.0501098633
0.0000000000
0.0000000000
0.0000000000
0.0000000000
0.0000000000
0.0000000000
0.0000000000
0.4184570312
0.0000000000
0.0000000000
0.0000000000
0.0621643066
0.0000000000
0.0000000000
0.0649414062
0.0502014160
0.0000000000
0.0000000000
0.0000000000
0.0000000000
0.0000000000
0.0000000000
0.4799804688
0.0000000000
0.0000000000
0.0000000000
0.0000000000
0.0630493164
0.0000000000
0.0000000000
0.0649414062
0.0503234863
0.0000000000
0.0000000000
0.0000000000
0.0000000000
0.0000000000
0.3857421875
0.0000000000
0.0000000000
0.0000000000
0.0000000000
0.0000000000
0.0641479492
0.0000000000
0.0000000000
0.0649414062
0.0503845215
0.0000000000
0.3486328125
0.0000000000
0.0000000000
0.0000000000
0.0000000000
0.0000000000
0.0000000000
0.0000000000
0.0000000000
0.0000000000
0.0644531250
0.0000000000
0.0000000000
0.0649414062
0.0505065918
0.0000000000
0.0000000000
0.0000000000
0.0000000000
0.0000000000
0.0000000000
0.0000000000
0.0000000000
0.0000000000
0.0000000000
0.5073242188
0.0649414062
0.0000000000
0.0000000000
0.0649414062
0.0506286621
0.0000000000
0.0000000000
0.0000000000
0.0000000000
0.0000000000
0.0000000000
0.0000000000
0.0000000000
0.0000000000
0.0000000000
0.0000000000
0.0654296875
0.0000000000
0.0000000000
0.0649414062
0.0507812500
0.0000000000
0.0000000000
0.0000000000
0.0000000000
0.0000000000
0.0000000000
0.0000000000
0.0000000000
0.0000000000
0.0000000000
0.0000000000
0.0653076172
0.0000000000
0.0000000000
0.0649414062
0.0508728027
0.0000000000
0.0000000000
0.0000000000
0.0000000000
0.0000000000
0.0000000000
0.0000000000
0.0000000000
0.0000000000
0.0000000000
0.0000000000
0.0648803711
0.0000000000
0.0000000000
0.0649414062
0.0509643555
0.0000000000
0.0000000000
0.0000000000
0.0000000000
0.0000000000
0.0000000000
0.0000000000
0.0000000000
0.0000000000
0.0000000000
0.0000000000
0.0642700195
0.0000000000
0.0000000000
0.0649414062
0.0510559082
0.0000000000
0.0000000000
0.3054199219
0.0000000000
0.0000000000
0.0000000000
0.0000000000
0.0000000000
0.0000000000
0.0000000000
0.0000000000
0.0637207031
0.0000000000
0.0000000000
0.0649414062
0.0511474609
0.0000000000
0.0000000000
0.0000000000
0.0000000000
0.3300781250
0.0000000000
0.0000000000
0.0000000000
0.0000000000
0.0000000000
0.0000000000
0.0619201660
0.0000000000
0.0000000000
0.0649414062
0.0512695312
0.0000000000
0.0000000000
0.0000000000
0.6025390625
0.0000000000
0.0000000000
0.0000000000
0.0000000000
0.0000000000
0.0000000000
0.0000000000
0.0632934570
0.0000000000
0.0000000000
0.0649414062
0.0513916016
0.0000000000
0.0000000000
0.0000000000
0.0000000000
0.0000000000
0.0000000000
0.0000000000
0.0000000000
0.0000000000
0.0000000000
0.0000000000
0.0638427734
0.0000000000
0.0000000000
0.0649414062
0.0515136719
0.6088867188
0.0000000000
0.0000000000
0.0000000000
0.0000000000
0.0000000000
0.0000000000
0.0000000000
0.0000000000
0.0000000000
0.0000000000
0.0647583008
0.0000000000
0.0000000000
0.0000000000
0.0000000000
0.0000000000
0.0000000000
0.0000000000
0.0000000000
0.0000000000
0.0000000000
0.0000000000
0.5000000000
0.0000000000
0.0000000000
0.0000000000
0.0000000000
0.0000000000
0.0649414062
0.0000000000
0.0000000000
0.0000000000
0.0000000000
0.0000000000
0.0000000000
0.0000000000
0.0000000000
0.5000000000
0.0000000000
0.0000000000
0.0000000000
0.0000000000
0.0000000000
0.0000000000
0.0649414062
0.0000000000
0.0000000000
0.0000000000
0.0000000000
0.0000000000
0.0000000000
0.0000000000
0.3779296875
0.0000000000
0.0000000000
0.0000000000
0.0000000000
0.0000000000
0.0000000000
0.0000000000
0.0649414062
0.0000000000
0.0000000000
0.0000000000
0.0000000000
0.0000000000
0.0000000000
0.2583007812
0.0000000000
0.0000000000
0.0000000000
0.0000000000
0.0000000000
0.0000000000
0.0000000000
0.0000000000
0.0649414062
0.0000000000
0.0000000000
0.0000000000
0.0000000000
0.0000000000
0.0000000000
0.0000000000
0.3779296875
0.0000000000
0.0000000000
0.0000000000
0.0000000000
0.0000000000
0.0000000000
0.0000000000
0.0649414062
0.0000000000
0.0000000000
0.0000000000
0.0000000000
0.0000000000
0.0000000000
0.0000000000
0.0000000000
0.0000000000
0.0000000000
0.5771484375
0.0000000000
0.0000000000
0.0000000000
0.0000000000
0.0649414062
0.0000000000
0.0000000000
0.0000000000
0.0000000000
0.0000000000
0.0000000000
0.0000000000
0.0000000000
0.0000000000
0.0000000000
0.0000000000
0.7070312500
0.0000000000
0.0000000000
0.0000000000
0.0649414062
0.0000000000
0.0000000000
0.0000000000
0.2885742188
0.0000000000
0.0000000000
0.0000000000
0.0000000000
0.0000000000
0.0000000000
0.0000000000
0.0000000000
0.0000000000
0.0000000000
0.0000000000
0.0649414062
0.0000000000
0.0000000000
0.0000000000
0.0000000000
0.0000000000
0.3161621094
0.0000000000
0.0000000000
0.0000000000
0.0000000000
0.0000000000
0.0000000000
0.0000000000
0.0000000000
0.0000000000
0.0649414062
0.0000000000
0.0000000000
0.0000000000
0.0000000000
0.5771484375
0.0000000000
0.0000000000
0.0000000000
0.0000000000
0.0000000000
0.0000000000
0.0000000000
0.0000000000
0.0000000000
0.0000000000
0.0649414062
0.0000000000
0.0000000000
0.0000000000
0.0000000000
0.0000000000
0.0000000000
0.0000000000
0.0000000000
0.0000000000
0.0000000000
0.0000000000
0.0000000000
0.7070312500
0.0000000000
0.0000000000
0.0649414062
0.0000000000
0.0000000000
0.0000000000
0.0000000000
0.0000000000
0.0000000000
0.0000000000
0.0000000000
0.0000000000
0.0000000000
0.0000000000
0.0000000000
0.0000000000
0.7070312500
0.0000000000
0.0649414062
0.0000000000
0.0000000000
0.2673339844
0.0000000000
0.0000000000
0.0000000000
0.0000000000
0.0000000000
0.0000000000
0.0000000000
0.0000000000
0.0000000000
0.0000000000
0.0000000000
0.0000000000
0.0649414062
0.3015136719
0.0000000000
0.0000000000
0.0000000000
0.0000000000
0.0000000000
0.0000000000
0.0000000000
0.0000000000
0.0000000000
0.0000000000
0.0000000000
0.0000000000
0.0000000000
0.0000000000
0.0649414062
0.0000000000
0.1622314453
0.0000000000
0.0000000000
0.0000000000
0.0000000000
0.0000000000
0.0000000000
0.0000000000
0.0000000000
0.0000000000
0.0000000000
0.0000000000
0.0000000000
0.0000000000
0.0649414062
0.0000000000
0.0000000000
0.0000000000
0.0000000000
0.0000000000
0.0000000000
0.0000000000
0.0000000000
0.0000000000
0.0000000000
0.0000000000
0.0000000000
0.0000000000
0.0000000000
0.7070312500
0.0649414062
0.0516052246
0.0000000000
0.0000000000
0.0000000000
0.0000000000
0.0000000000
0.0000000000
0.0000000000
0.5073242188
0.0651855469
0.0000000000
0.0000000000
0.0000000000
0.0000000000
0.0000000000
0.0000000000
0.0516662598
0.0000000000
0.0000000000
0.0000000000
0.0000000000
0.0000000000
0.0000000000
0.5073242188
0.0000000000
0.0652465820
0.0000000000
0.0000000000
0.0000000000
0.0000000000
0.0000000000
0.0000000000
0.0517578125
0.0000000000
0.0000000000
0.0000000000
0.0000000000
0.0000000000
0.0000000000
0.0000000000
0.0000000000
0.0653076172
0.0000000000
0.0000000000
0.0000000000
0.0000000000
0.0000000000
0.0000000000
0.0543823242
0.0000000000
0.0000000000
0.0000000000
0.0000000000
0.0000000000
0.0000000000
0.0000000000
0.0000000000
0.0654296875
0.0000000000
0.0000000000
0.0000000000
0.0000000000
0.0000000000
0.0000000000
0.0544738770
0.0000000000
0.0000000000
0.0000000000
0.0000000000
0.0000000000
0.0000000000
0.0000000000
0.0000000000
0.0653076172
0.0000000000
0.0000000000
0.0000000000
0.0000000000
0.0000000000
0.0000000000
0.0545349121
0.0000000000
0.0000000000
0.0000000000
0.0000000000
0.0000000000
0.0000000000
0.0000000000
0.0000000000
0.0648803711
0.0000000000
0.0000000000
0.0000000000
0.0000000000
0.0000000000
0.0000000000
0.0545959473
0.0000000000
0.0000000000
0.0000000000
0.0000000000
0.0000000000
0.0000000000
0.0000000000
0.0000000000
0.0642700195
0.0000000000
0.0000000000
0.0000000000
0.0000000000
0.0000000000
0.0000000000
0.0546875000
0.0000000000
0.0000000000
0.0000000000
0.3054199219
0.0000000000
0.0000000000
0.0000000000
0.0000000000
0.0637207031
0.0000000000
0.0000000000
0.0000000000
0.0000000000
0.0000000000
0.0000000000
0.0547790527
0.0000000000
0.0000000000
0.0000000000
0.0000000000
0.0000000000
0.3300781250
0.0000000000
0.0000000000
0.0619201660
0.0000000000
0.0000000000
0.0000000000
0.0000000000
0.0000000000
0.0000000000
0.0549316406
0.0000000000
0.0000000000
0.0000000000
0.0000000000
0.6025390625
0.0000000000
0.0000000000
0.0000000000
0.0632934570
0.0000000000
0.0000000000
0.0000000000
0.0000000000
0.0000000000
0.0000000000
0.0550231934
0.0000000000
0.0000000000
0.0000000000
0.0000000000
0.0000000000
0.0000000000
0.0000000000
0.0000000000
0.0638427734
0.0000000000
0.0000000000
0.0000000000
0.0000000000
0.0000000000
0.0000000000
0.0552368164
0.0000000000
0.0000000000
0.0000000000
0.0000000000
0.0000000000
0.0000000000
0.0000000000
0.0000000000
0.0644531250
0.0000000000
0.0000000000
0.0000000000
0.0000000000
0.0000000000
0.0000000000
0.0553283691
0.0000000000
0.0000000000
0.3049316406
0.0000000000
0.0000000000
0.0000000000
0.0000000000
0.0000000000
0.0648193359
0.0000000000
0.0000000000
0.0000000000
0.0000000000
0.0000000000
0.0000000000
0.0555725098
0.4016113281
0.0000000000
0.0000000000
0.0000000000
0.0000000000
0.0000000000
0.0000000000
0.0000000000
0.0655517578
0.0000000000
0.0000000000
0.0000000000
0.0000000000
0.0000000000
0.0000000000
0.0556945801
0.0000000000
0.2208251953
0.0000000000
0.0000000000
0.0000000000
0.0000000000
0.0000000000
0.0000000000
0.0644531250
0.0000000000
0.0000000000
0.0000000000
0.0000000000
0.0000000000
0.0000000000
0.0558471680
0.0000000000
0.0000000000
0.0000000000
0.0000000000
0.0000000000
0.0000000000
0.0000000000
0.0000000000
0.0627441406
0.0000000000
0.0000000000
0.0000000000
0.0000000000
0.0000000000
0.0000000000
0.0000000000
0.0000000000
0.0000000000
0.0000000000
0.0000000000
0.0000000000
0.0000000000
0.0000000000
0.0000000000
0.0000000000
0.0000000000
0.0000000000
0.0000000000
0.0000000000
0.7070312500
0.0649414062
0.0000000000
0.0000000000
0.0000000000
0.0000000000
0.0000000000
0.0000000000
0.3161621094
0.0000000000
0.0000000000
0.0000000000
0.0000000000
0.0000000000
0.0000000000
0.0000000000
0.0000000000
0.0649414062
0.0000000000
0.0000000000
0.0000000000
0.0000000000
0.0000000000
0.0000000000
0.0000000000
0.2673339844
0.0000000000
0.0000000000
0.0000000000
0.0000000000
0.0000000000
0.0000000000
0.0000000000
0.0649414062
0.0000000000
0.0000000000
0.0000000000
0.0000000000
0.0000000000
0.0000000000
0.0000000000
0.0000000000
0.0000000000
0.0000000000
0.3779296875
0.0000000000
0.0000000000
0.0000000000
0.0000000000
0.0649414062
0.0000000000
0.0000000000
0.0000000000
0.0000000000
0.0000000000
0.0000000000
0.0000000000
0.0000000000
0.0000000000
0.4082031250
0.0000000000
0.0000000000
0.0000000000
0.0000000000
0.0000000000
0.0649414062
0.0000000000
0.0000000000
0.0000000000
0.0000000000
0.0000000000
0.0000000000
0.0000000000
0.0000000000
0.0000000000
0.4082031250
0.0000000000
0.0000000000
0.0000000000
0.0000000000
0.0000000000
0.0649414062
0.0000000000
0.0000000000
0.0000000000
0.0000000000
0.0000000000
0.0000000000
0.0000000000
0.0000000000
0.4472656250
0.0000000000
0.0000000000
0.0000000000
0.0000000000
0.0000000000
0.0000000000
0.0649414062
0.0000000000
0.0000000000
0.0000000000
0.0000000000
0.0000000000
0.0000000000
0.0000000000
0.0000000000
0.0000000000
0.0000000000
0.0000000000
0.5771484375
0.0000000000
0.0000000000
0.0000000000
0.0649414062
0.0000000000
0.0000000000
0.0000000000
0.0000000000
0.0000000000
0.0000000000
0.0000000000
0.0000000000
0.0000000000
0.0000000000
0.0000000000
0.0000000000
0.5771484375
0.0000000000
0.0000000000
0.0649414062
0.0000000000
0.0000000000
0.0000000000
0.3161621094
0.0000000000
0.0000000000
0.0000000000
0.0000000000
0.0000000000
0.0000000000
0.0000000000
0.0000000000
0.0000000000
0.0000000000
0.0000000000
0.0649414062
0.0000000000
0.0000000000
0.0000000000
0.0000000000
0.5771484375
0.0000000000
0.0000000000
0.0000000000
0.0000000000
0.0000000000
0.0000000000
0.0000000000
0.0000000000
0.0000000000
0.0000000000
0.0649414062
0.0000000000
0.0000000000
0.5000000000
0.0000000000
0.0000000000
0.0000000000
0.0000000000
0.0000000000
0.0000000000
0.0000000000
0.0000000000
0.0000000000
0.0000000000
0.0000000000
0.0000000000
0.0649414062
0.0000000000
0.5000000000
0.0000000000
0.0000000000
0.0000000000
0.0000000000
0.0000000000
0.0000000000
0.0000000000
0.0000000000
0.0000000000
0.0000000000
0.0000000000
0.0000000000
0.0000000000
0.0649414062
0.3332519531
0.0000000000
0.0000000000
0.0000000000
0.0000000000
0.0000000000
0.0000000000
0.0000000000
0.0000000000
0.0000000000
0.0000000000
0.0000000000
0.0000000000
0.0000000000
0.0000000000
0.0649414062
0.0000000000
0.0000000000
0.0000000000
0.0000000000
0.0000000000
0.4472656250
0.0000000000
0.0000000000
0.0000000000
0.0000000000
0.0000000000
0.0000000000
0.0000000000
0.0000000000
0.0000000000
0.0649414062
0.0000000000
0.0000000000
0.0000000000
0.0000000000
0.0000000000
0.0000000000
0.0000000000
0.0000000000
0.0000000000
0.0000000000
0.0000000000
0.0000000000
0.0000000000
0.4472656250
0.0000000000
0.0649414062
0.0560607910
0.0000000000
0.0000000000
0.0000000000
0.0000000000
0.0000000000
0.0000000000
0.0000000000
0.0000000000
0.0000000000
0.0000000000
0.0000000000
0.0000000000
0.0000000000
0.0000000000
0.0636596680
0.0561218262
0.0000000000
0.0000000000
0.0000000000
0.0000000000
0.0000000000
0.0000000000
0.3566894531
0.0000000000
0.0000000000
0.0000000000
0.0000000000
0.0000000000
0.0000000000
0.0000000000
0.0642700195
0.0563964844
0.0000000000
0.0000000000
0.0000000000
0.0000000000
0.0000000000
0.0000000000
0.0000000000
0.3261718750
0.0000000000
0.0000000000
0.0000000000
0.0000000000
0.0000000000
0.0000000000
0.0650634766
0.0565795898
0.0000000000
0.0000000000
0.0000000000
0.0000000000
0.0000000000
0.0000000000
0.0000000000
0.0000000000
0.0000000000
0.0000000000
0.5053710938
0.0000000000
0.0000000000
0.0000000000
0.0640869141
0.0568237305
0.0000000000
0.0000000000
0.0000000000
0.0000000000
0.0000000000
0.0000000000
0.0000000000
0.0000000000
0.0000000000
0.4333496094
0.0000000000
0.0000000000
0.0000000000
0.0000000000
0.0653686523
0.0599365234
0.0000000000
0.0000000000
0.0000000000
0.0000000000
0.0000000000
0.0000000000
0.0000000000
0.0000000000
0.0000000000
0.4333496094
0.0000000000
0.0000000000
0.0000000000
0.0000000000
0.0653686523
0.0599670410
0.0000000000
0.0000000000
0.0000000000
0.0000000000
0.0000000000
0.0000000000
0.0000000000
0.0000000000
0.4807128906
0.0000000000
0.0000000000
0.0000000000
0.0000000000
0.0000000000
0.0653076172
0.0601501465
0.0000000000
0.0000000000
0.0000000000
0.0000000000
0.0000000000
0.0000000000
0.0000000000
0.0000000000
0.0000000000
0.0000000000
0.0000000000
0.5830078125
0.0000000000
0.0000000000
0.0657958984
0.0602416992
0.0000000000
0.0000000000
0.0000000000
0.0000000000
0.0000000000
0.0000000000
0.0000000000
0.0000000000
0.0000000000
0.0000000000
0.0000000000
0.0000000000
0.5830078125
0.0000000000
0.0667724609
0.0603332520
0.0000000000
0.0000000000
0.0000000000
0.3227539062
0.0000000000
0.0000000000
0.0000000000
0.0000000000
0.0000000000
0.0000000000
0.0000000000
0.0000000000
0.0000000000
0.0000000000
0.0677490234
0.0604248047
0.0000000000
0.0000000000
0.0000000000
0.0000000000
0.5844726562
0.0000000000
0.0000000000
0.0000000000
0.0000000000
0.0000000000
0.0000000000
0.0000000000
0.0000000000
0.0000000000
0.0681762695
0.0605163574
0.0000000000
0.0000000000
0.5092773438
0.0000000000
0.0000000000
0.0000000000
0.0000000000
0.0000000000
0.0000000000
0.0000000000
0.0000000000
0.0000000000
0.0000000000
0.0000000000
0.0679931641
0.0606079102
0.0000000000
0.5092773438
0.0000000000
0.0000000000
0.0000000000
0.0000000000
0.0000000000
0.0000000000
0.0000000000
0.0000000000
0.0000000000
0.0000000000
0.0000000000
0.0000000000
0.0683593750
0.0606994629
0.3395996094
0.0000000000
0.0000000000
0.0000000000
0.0000000000
0.0000000000
0.0000000000
0.0000000000
0.0000000000
0.0000000000
0.0000000000
0.0000000000
0.0000000000
0.0000000000
0.0686645508
0.0607604980
0.0000000000
0.0000000000
0.0000000000
0.0000000000
0.0000000000
0.4555664062
0.0000000000
0.0000000000
0.0000000000
0.0000000000
0.0000000000
0.0000000000
0.0000000000
0.0000000000
0.0689086914
0.0608825684
0.0000000000
0.0000000000
0.0000000000
0.0000000000
0.0000000000
0.0000000000
0.0000000000
0.0000000000
0.0000000000
0.0000000000
0.0000000000
0.0000000000
0.0000000000
0.4523925781
0.0690917969
0.0000000000
0.0000000000
0.0000000000
0.0000000000
0.0000000000
0.0000000000
0.0000000000
0.0000000000
0.4472656250
0.0000000000
0.0000000000
0.0000000000
0.0000000000
0.0000000000
0.0649414062
0.0609741211
0.0000000000
0.0000000000
0.0000000000
0.0000000000
0.0000000000
0.0000000000
0.0000000000
0.0000000000
0.0000000000
0.7070312500
0.0000000000
0.0000000000
0.0000000000
0.0000000000
0.0649414062
0.0611877441
0.0000000000
0.0000000000
0.0000000000
0.0000000000
0.0000000000
0.0000000000
0.0000000000
0.0000000000
0.0000000000
0.0000000000
0.7070312500
0.0000000000
0.0000000000
0.0000000000
0.0649414062
0.0612487793
0.0000000000
0.0000000000
0.0000000000
0.0000000000
0.0000000000
0.0000000000
0.0000000000
0.0000000000
0.0000000000
0.0000000000
0.0000000000
0.7070312500
0.0000000000
0.0000000000
0.0649414062
0.0614318848
0.5000000000
0.0000000000
0.0000000000
0.0000000000
0.0000000000
0.0000000000
0.0000000000
0.0000000000
0.0000000000
0.0000000000
0.0000000000
0.0000000000
0.0000000000
0.0000000000
0.0649414062
0.0617370605
0.0000000000
0.5000000000
0.0000000000
0.0000000000
0.0000000000
0.0000000000
0.0000000000
0.0000000000
0.0000000000
0.0000000000
0.0000000000
0.0000000000
0.0000000000
0.0000000000
0.0649414062
0.0618286133
0.0000000000
0.0000000000
0.3332519531
0.0000000000
0.0000000000
0.0000000000
0.0000000000
0.0000000000
0.0000000000
0.0000000000
0.0000000000
0.0000000000
0.0000000000
0.0000000000
0.0649414062
0.0619506836
0.0000000000
0.0000000000
0.3332519531
0.0000000000
0.0000000000
0.0000000000
0.0000000000
0.0000000000
0.0000000000
0.0000000000
0.0000000000
0.0000000000
0.0000000000
0.0000000000
0.0649414062
0.0654296875
0.0000000000
0.0000000000
0.0000000000
0.0000000000
0.0000000000
0.0000000000
0.4472656250
0.0000000000
0.0000000000
0.0000000000
0.0000000000
0.0000000000
0.0000000000
0.0000000000
0.0649414062
0.0654907227
0.0000000000
0.0000000000
0.0000000000
0.0000000000
0.0000000000
0.0000000000
0.0000000000
0.4472656250
0.0000000000
0.0000000000
0.0000000000
0.0000000000
0.0000000000
0.0000000000
0.0649414062
0.0655517578
0.0000000000
0.0000000000
0.0000000000
0.0000000000
0.0000000000
0.0000000000
0.0000000000
0.0000000000
0.4472656250
0.0000000000
0.0000000000
0.0000000000
0.0000000000
0.0000000000
0.0649414062
0.0656738281
0.0000000000
0.0000000000
0.0000000000
0.0000000000
0.0000000000
0.5000000000
0.0000000000
0.0000000000
0.0000000000
0.0000000000
0.0000000000
0.0000000000
0.0000000000
0.0000000000
0.0649414062
0.0658569336
0.0000000000
0.0000000000
0.0000000000
0.0000000000
0.5000000000
0.0000000000
0.0000000000
0.0000000000
0.0000000000
0.0000000000
0.0000000000
0.0000000000
0.0000000000
0.0000000000
0.0649414062
0.0659790039
0.0000000000
0.0000000000
0.0000000000
0.0000000000
0.0000000000
0.0000000000
0.0000000000
0.0000000000
0.0000000000
0.0000000000
0.0000000000
0.0000000000
0.7070312500
0.0000000000
0.0649414062
0.0661621094
0.0000000000
0.0000000000
0.0000000000
0.0000000000
0.0000000000
0.0000000000
0.0000000000
0.0000000000
0.0000000000
0.0000000000
0.0000000000
0.0000000000
0.0000000000
0.7070312500
0.0649414062
0.0662841797
0.0000000000
0.0000000000
0.0000000000
0.5000000000
0.0000000000
0.0000000000
0.0000000000
0.0000000000
0.0000000000
0.0000000000
0.0000000000
0.0000000000
0.0000000000
0.0000000000
0.0649414062
0.0663452148
0.0000000000
0.0000000000
0.0000000000
0.0000000000
0.0000000000
0.0000000000
0.0000000000
0.0000000000
0.4523925781
0.0693969727
0.0000000000
0.0000000000
0.0000000000
0.0000000000
0.0000000000
0.0000000000
0.0000000000
0.0000000000
0.0000000000
0.0000000000
0.0000000000
0.0000000000
0.0000000000
0.0000000000
0.0000000000
0.0700073242
0.0000000000
0.0000000000
0.0000000000
0.0000000000
0.0000000000
0.0000000000
0.0000000000
0.0000000000
0.0000000000
0.0000000000
0.0000000000
0.0000000000
0.0000000000
0.0000000000
0.0000000000
0.0700683594
0.0000000000
0.0000000000
0.0000000000
0.0000000000
0.0000000000
0.0000000000
0.0000000000
0.0000000000
0.0000000000
0.0000000000
0.0000000000
0.0000000000
0.0000000000
0.0000000000
0.0000000000
0.0698242188
0.0000000000
0.0000000000
0.0000000000
0.0000000000
0.0000000000
0.0000000000
0.5083007812
0.0000000000
0.0000000000
0.0000000000
0.0000000000
0.0000000000
0.0000000000
0.0000000000
0.0000000000
0.0693359375
0.0000000000
0.0000000000
0.0000000000
0.0000000000
0.0000000000
0.0000000000
0.0000000000
0.5083007812
0.0000000000
0.0000000000
0.0000000000
0.0000000000
0.0000000000
0.0000000000
0.0000000000
0.0690307617
0.0000000000
0.0000000000
0.0000000000
0.0000000000
0.0000000000
0.0000000000
0.0000000000
0.0000000000
0.3395996094
0.0000000000
0.0000000000
0.0000000000
0.0000000000
0.0000000000
0.0000000000
0.0686645508
0.0000000000
0.0000000000
0.0000000000
0.0000000000
0.0000000000
0.0000000000
0.0000000000
0.0000000000
0.3395996094
0.0000000000
0.0000000000
0.0000000000
0.0000000000
0.0000000000
0.0000000000
0.0686645508
0.0000000000
0.0000000000
0.0000000000
0.0000000000
0.0000000000
0.0000000000
0.0000000000
0.0000000000
0.0000000000
0.0000000000
0.0000000000
0.0000000000
0.4555664062
0.0000000000
0.0000000000
0.0689086914
0.0000000000
0.0000000000
0.0000000000
0.0000000000
0.0000000000
0.0000000000
0.0000000000
0.0000000000
0.0000000000
0.0000000000
0.0000000000
0.0000000000
0.0000000000
0.4523925781
0.0000000000
0.0690917969
0.0000000000
0.0000000000
0.0000000000
0.0000000000
0.0000000000
0.0000000000
0.0000000000
0.0000000000
0.0000000000
0.0000000000
0.0000000000
0.0000000000
0.0000000000
0.0000000000
0.4523925781
0.0693969727
0.0000000000
0.0000000000
0.0000000000
0.0000000000
0.0000000000
0.0000000000
0.0000000000
0.0000000000
0.0000000000
0.0000000000
0.0000000000
0.5043945312
0.0000000000
0.0000000000
0.0000000000
0.0700073242
0.0000000000
0.0000000000
0.0000000000
0.0000000000
0.0000000000
0.0000000000
0.0000000000
0.0000000000
0.0000000000
0.0000000000
0.5043945312
0.0000000000
0.0000000000
0.0000000000
0.0000000000
0.0693969727
0.0000000000
0.0000000000
0.0000000000
0.0000000000
0.0000000000
0.0000000000
0.0000000000
0.0000000000
0.0000000000
0.0000000000
0.0000000000
0.0000000000
0.0000000000
0.0000000000
0.0000000000
0.0681762695
0.0000000000
0.0000000000
0.0000000000
0.0000000000
0.0000000000
0.0000000000
0.0000000000
0.0000000000
0.0000000000
0.0000000000
0.0000000000
0.0000000000
0.0000000000
0.0000000000
0.0000000000
0.0679931641
0.0000000000
0.0000000000
0.0000000000
0.0000000000
0.0000000000
0.0000000000
0.0000000000
0.0000000000
0.0000000000
0.5043945312
0.0000000000
0.0000000000
0.0000000000
0.0000000000
0.0000000000
0.0671386719
0.0000000000
0.0000000000
0.0000000000
0.0000000000
0.0000000000
0.0000000000
0.3161621094
0.0000000000
0.0000000000
0.0000000000
0.0000000000
0.0000000000
0.0000000000
0.0000000000
0.0000000000
0.0000000000
0.0000000000
0.0000000000
0.0000000000
0.0649414062
0.0664062500
0.3227539062
0.0000000000
0.5000000000
0.0000000000
0.0000000000
0.0000000000
0.0000000000
0.0000000000
0.0000000000
0.0000000000
0.0000000000
0.0000000000
0.0000000000
0.0000000000
0.0649414062
0.0665283203
0.0000000000
0.0000000000
0.0000000000
0.5000000000
0.0000000000
0.0000000000
0.0000000000
0.0000000000
0.0000000000
0.0000000000
0.0000000000
0.0000000000
0.0000000000
0.0000000000
0.0649414062
0.0666503906
0.0000000000
0.0000000000
0.0000000000
0.0000000000
0.5000000000
0.0000000000
0.0000000000
0.0000000000
0.0000000000
0.0000000000
0.0000000000
0.0000000000
0.0000000000
0.0000000000
0.0649414062
0.0667114258
0.0000000000
0.0000000000
0.0000000000
0.0000000000
0.0000000000
0.5771484375
0.0000000000
0.0000000000
0.0000000000
0.0000000000
0.0000000000
0.0000000000
0.0000000000
0.0000000000
0.0649414062
0.0668334961
0.0000000000
0.0000000000
0.0000000000
0.0000000000
0.0000000000
0.0000000000
0.5000000000
0.0000000000
0.0000000000
0.0000000000
0.0000000000
0.0000000000
0.0000000000
0.0000000000
0.0649414062
0.0669555664
0.0000000000
0.0000000000
0.0000000000
0.0000000000
0.0000000000
0.0000000000
0.0000000000
0.5000000000
0.0000000000
0.0000000000
0.0000000000
0.0000000000
0.0000000000
0.0000000000
0.0649414062
0.0669555664
0.0000000000
0.0000000000
0.0000000000
0.0000000000
0.0000000000
0.0000000000
0.0000000000
0.0000000000
0.5771484375
0.0000000000
0.0000000000
0.0000000000
0.0000000000
0.0000000000
0.0649414062
0.0671386719
0.0000000000
0.0000000000
0.0000000000
0.0000000000
0.0000000000
0.0000000000
0.0000000000
0.0000000000
0.0000000000
0.0000000000
0.5000000000
0.0000000000
0.0000000000
0.0000000000
0.0649414062
0.0673828125
0.0000000000
0.0000000000
0.0000000000
0.0000000000
0.0000000000
0.0000000000
0.0000000000
0.0000000000
0.0000000000
0.5000000000
0.0000000000
0.0000000000
0.0000000000
0.0000000000
0.0649414062
0.0675048828
0.0000000000
0.0000000000
0.0000000000
0.0000000000
0.0000000000
0.0000000000
0.0000000000
0.0000000000
0.0000000000
0.0000000000
0.0000000000
0.0000000000
0.7070312500
0.0000000000
0.0649414062
0.0676269531
0.0000000000
0.0000000000
0.0000000000
0.0000000000
0.0000000000
0.0000000000
0.0000000000
0.0000000000
0.0000000000
0.0000000000
0.0000000000
0.0000000000
0.0000000000
0.7070312500
0.0649414062
0.0676879883
0.0000000000
0.0000000000
0.0000000000
0.0000000000
0.0000000000
0.0000000000
0.0000000000
0.0000000000
0.0000000000
0.0000000000
0.0000000000
0.5771484375
0.0000000000
0.0000000000
0.0649414062
0.0678710938
0.0000000000
0.3161621094
0.0000000000
0.0000000000
0.0000000000
0.0000000000
0.0000000000
0.0000000000
0.0000000000
0.0000000000
0.0000000000
0.0000000000
0.0000000000
0.0000000000
0.0649414062
0.0679931641
0.3227539062
0.0000000000
0.5000000000
0.0000000000
0.0000000000
0.0000000000
0.0000000000
0.0000000000
0.0000000000
0.0000000000
0.0000000000
0.0000000000
0.0000000000
0.0000000000
0.0649414062
0.0680541992
0.0000000000
0.0000000000
0.0000000000
0.5000000000
0.0000000000
0.0000000000
0.0000000000
0.0000000000
0.0000000000
0.0000000000
0.0000000000
0.0000000000
0.0000000000
0.0000000000
0.0649414062
0.0682373047
0.0000000000
0.0000000000
0.0000000000
0.0000000000
0.0000000000
0.0000000000
0.0000000000
0.0000000000
0.0000000000
0.0000000000
0.0000000000
0.0677490234
0.0000000000
0.0000000000
0.0000000000
0.0000000000
0.0000000000
0.5043945312
0.0000000000
0.0000000000
0.0000000000
0.0000000000
0.0000000000
0.0000000000
0.0000000000
0.0000000000
0.0000000000
0.0671386719
0.0000000000
0.0000000000
0.0000000000
0.0000000000
0.0000000000
0.0000000000
0.5092773438
0.0000000000
0.0000000000
0.0000000000
0.0000000000
0.0000000000
0.0000000000
0.0000000000
0.0000000000
0.0668945312
0.0000000000
0.0000000000
0.0000000000
0.0000000000
0.0000000000
0.0000000000
0.0000000000
0.5043945312
0.0000000000
0.0000000000
0.0000000000
0.0000000000
0.0000000000
0.0000000000
0.0000000000
0.0666503906
0.0000000000
0.0000000000
0.0000000000
0.0000000000
0.0000000000
0.0000000000
0.0000000000
0.0000000000
0.5844726562
0.0000000000
0.0000000000
0.0000000000
0.0000000000
0.0000000000
0.0000000000
0.0671997070
0.0000000000
0.0000000000
0.0000000000
0.0000000000
0.0000000000
0.0000000000
0.0000000000
0.0000000000
0.0000000000
0.5092773438
0.0000000000
0.0000000000
0.0000000000
0.0000000000
0.0000000000
0.0676269531
0.0000000000
0.0000000000
0.0000000000
0.0000000000
0.0000000000
0.0000000000
0.0000000000
0.0000000000
0.0000000000
0.0000000000
0.5092773438
0.0000000000
0.0000000000
0.0000000000
0.0000000000
0.0676269531
0.0000000000
0.0000000000
0.0000000000
0.0000000000
0.0000000000
0.0000000000
0.0000000000
0.0000000000
0.0000000000
0.0000000000
0.0000000000
0.5844726562
0.0000000000
0.0000000000
0.0000000000
0.0688476562
0.0000000000
0.0000000000
0.0000000000
0.0000000000
0.0000000000
0.0000000000
0.0000000000
0.0000000000
0.0000000000
0.0000000000
0.0000000000
0.0000000000
0.0000000000
0.5043945312
0.0000000000
0.0700073242
0.0000000000
0.0000000000
0.0000000000
0.0000000000
0.0000000000
0.0000000000
0.0000000000
0.0000000000
0.0000000000
0.0000000000
0.0000000000
0.0000000000
0.5043945312
0.0000000000
0.0000000000
0.0693969727
0.0000000000
0.0000000000
0.0000000000
0.0000000000
0.0000000000
0.0000000000
0.0000000000
0.0000000000
0.0000000000
0.0000000000
0.0000000000
0.0000000000
0.0000000000
0.0000000000
0.0000000000
0.0681762695
0.0000000000
0.0000000000
0.0000000000
0.0000000000
0.0000000000
0.0000000000
0.0000000000
0.0000000000
0.0000000000
0.0000000000
0.0000000000
0.0000000000
0.0000000000
0.0000000000
0.0000000000
0.0679931641
0.0000000000
0.0000000000
0.0000000000
0.0000000000
0.0000000000
0.0000000000
0.0000000000
0.0000000000
0.0000000000
0.0000000000
0.0000000000
0.0000000000
0.0000000000
0.0000000000
0.5844726562
0.0681762695
0.0000000000
0.0000000000
0.0000000000
0.0000000000
0.0000000000
0.0000000000
0.0000000000
0.0000000000
0.0000000000
0.0000000000
0.0000000000
0.0000000000
0.0000000000
0.0000000000
0.0000000000
0.0677490234
0.0000000000
0.0000000000
0.0000000000
0.0000000000
0.0000000000
0.5043945312
0.0000000000
0.0000000000
0.0000000000
0.0000000000
0.0000000000
0.0000000000
0.0000000000
0.0000000000
0.0000000000
0.0671386719
0.0000000000
0.0000000000
0.0000000000
0.0000000000
0.0000000000
0.0000000000
0.5092773438
0.0000000000
0.0000000000
0.0000000000
0.0000000000
0.0000000000
0.0000000000
0.0000000000
0.0000000000
0.0668945312
0.0000000000
0.0000000000
0.0000000000
0.0000000000
0.0000000000
0.0000000000
0.0000000000
0.5000000000
0.0000000000
0.0000000000
0.0000000000
0.0000000000
0.0000000000
0.0000000000
0.0000000000
0.0000000000
0.0000000000
0.0000000000
0.0000000000
0.0649414062
0.0682983398
0.0000000000
0.0000000000
0.5000000000
0.0000000000
0.0000000000
0.0000000000
0.0000000000
0.0000000000
0.0000000000
0.0000000000
0.0000000000
0.0000000000
0.0000000000
0.0000000000
0.0649414062
0.0709838867
0.0000000000
0.0000000000
0.0000000000
0.5771484375
0.0000000000
0.0000000000
0.0000000000
0.0000000000
0.0000000000
0.0000000000
0.0000000000
0.0000000000
0.0000000000
0.0000000000
0.0649414062
0.0710449219
0.0000000000
0.0000000000
0.0000000000
0.0000000000
0.5000000000
0.0000000000
0.0000000000
0.0000000000
0.0000000000
0.0000000000
0.0000000000
0.0000000000
0.0000000000
0.0000000000
0.0649414062
0.0711669922
0.0000000000
0.0000000000
0.0000000000
0.0000000000
0.0000000000
0.5000000000
0.0000000000
0.0000000000
0.0000000000
0.0000000000
0.0000000000
0.0000000000
0.0000000000
0.0000000000
0.0649414062
0.0712280273
0.0000000000
0.0000000000
0.0000000000
0.0000000000
0.0000000000
0.0000000000
0.5771484375
0.0000000000
0.0000000000
0.0000000000
0.0000000000
0.0000000000
0.0000000000
0.0000000000
0.0649414062
0.0713500977
0.0000000000
0.0000000000
0.0000000000
0.0000000000
0.0000000000
0.0000000000
0.0000000000
0.5000000000
0.0000000000
0.0000000000
0.0000000000
0.0000000000
0.0000000000
0.0000000000
0.0649414062
0.0714111328
0.0000000000
0.0000000000
0.0000000000
0.0000000000
0.0000000000
0.0000000000
0.0000000000
0.0000000000
0.5000000000
0.0000000000
0.0000000000
0.0000000000
0.0000000000
0.0000000000
0.0649414062
0.0715332031
0.0000000000
0.0000000000
0.0000000000
0.0000000000
0.0000000000
0.0000000000
0.0000000000
0.0000000000
0.0000000000
0.0000000000
0.4472656250
0.0000000000
0.0000000000
0.0000000000
0.0649414062
0.0720825195
0.0000000000
0.0000000000
0.0000000000
0.0000000000
0.0000000000
0.0000000000
0.0000000000
0.0000000000
0.0000000000
0.4472656250
0.0000000000
0.0000000000
0.0000000000
0.0000000000
0.0649414062
0.0723876953
0.0000000000
0.0000000000
0.0000000000
0.0000000000
0.0000000000
0.0000000000
0.0000000000
0.0000000000
0.0000000000
0.0000000000
0.0000000000
0.7070312500
0.0000000000
0.0000000000
0.0649414062
0.0725097656
0.0000000000
0.0000000000
0.0000000000
0.0000000000
0.0000000000
0.0000000000
0.0000000000
0.0000000000
0.0000000000
0.0000000000
0.0000000000
0.0000000000
0.7070312500
0.0000000000
0.0649414062
0.0726318359
0.0000000000
0.0000000000
0.0000000000
0.0000000000
0.0000000000
0.0000000000
0.0000000000
0.0000000000
0.0000000000
0.0000000000
0.0000000000
0.0000000000
0.0000000000
0.7070312500
0.0649414062
0.0728759766
0.5771484375
0.0000000000
0.0000000000
0.0000000000
0.0000000000
0.0000000000
0.0000000000
0.0000000000
0.0000000000
0.0000000000
0.0000000000
0.0000000000
0.0000000000
0.0000000000
0.0649414062
0.0732421875
0.0000000000
0.4472656250
0.0000000000
0.0000000000
0.0000000000
0.0000000000
0.0000000000
0.0000000000
0.0000000000
0.0000000000
0.0000000000
0.0000000000
0.0000000000
0.0000000000
0.0649414062
0.0733032227
0.0000000000
0.4472656250
0.0000000000
0.0000000000
0.0000000000
0.0000000000
0.0000000000
0.0000000000
0.0000000000
0.0000000000
0.0000000000
0.0000000000
0.0000000000
0.0000000000
0.0649414062
0.0734863281
0.0000000000
0.0000000000
0.5043945312
0.0000000000
0.0000000000
0.0000000000
0.0000000000
0.0000000000
0.0000000000
0.0000000000
0.0000000000
0.0667114258
0.0000000000
0.0000000000
0.0000000000
0.0000000000
0.0000000000
0.0000000000
0.5043945312
0.0000000000
0.0000000000
0.0000000000
0.0000000000
0.0000000000
0.0000000000
0.0000000000
0.0000000000
0.0666503906
0.0000000000
0.0000000000
0.0000000000
0.0000000000
0.0000000000
0.0000000000
0.0000000000
0.5844726562
0.0000000000
0.0000000000
0.0000000000
0.0000000000
0.0000000000
0.0000000000
0.0000000000
0.0671997070
0.0000000000
0.0000000000
0.0000000000
0.0000000000
0.0000000000
0.0000000000
0.0000000000
0.0000000000
0.5092773438
0.0000000000
0.0000000000
0.0000000000
0.0000000000
0.0000000000
0.0000000000
0.0676269531
0.0000000000
0.0000000000
0.0000000000
0.0000000000
0.0000000000
0.0000000000
0.0000000000
0.0000000000
0.0000000000
0.5092773438
0.0000000000
0.0000000000
0.0000000000
0.0000000000
0.0000000000
0.0676269531
0.0000000000
0.0000000000
0.0000000000
0.0000000000
0.0000000000
0.0000000000
0.0000000000
0.0000000000
0.0000000000
0.0000000000
0.5844726562
0.0000000000
0.0000000000
0.0000000000
0.0000000000
0.0688476562
0.0000000000
0.0000000000
0.0000000000
0.0000000000
0.0000000000
0.0000000000
0.0000000000
0.0000000000
0.0000000000
0.0000000000
0.0000000000
0.5043945312
0.0000000000
0.0000000000
0.0000000000
0.0693969727
0.0000000000
0.0000000000
0.0000000000
0.0000000000
0.0000000000
0.0000000000
0.0000000000
0.0000000000
0.0000000000
0.0000000000
0.0000000000
0.0000000000
0.5043945312
0.0000000000
0.0000000000
0.0700073242
0.0000000000
0.0000000000
0.0000000000
0.0000000000
0.0000000000
0.0000000000
0.0000000000
0.0000000000
0.0000000000
0.0000000000
0.0000000000
0.0000000000
0.0000000000
0.0000000000
0.4523925781
0.0693969727
0.0000000000
0.0000000000
0.0000000000
0.0000000000
0.0000000000
0.0000000000
0.0000000000
0.0000000000
0.0000000000
0.0000000000
0.0000000000
0.0000000000
0.0000000000
0.4523925781
0.0000000000
0.0690917969
0.0000000000
0.0000000000
0.0000000000
0.0000000000
0.0000000000
0.0000000000
0.0000000000
0.0000000000
0.0000000000
0.0000000000
0.0000000000
0.0000000000
0.0000000000
0.0000000000
0.0000000000
0.0700073242
0.0000000000
0.0000000000
0.0000000000
0.0000000000
0.0000000000
0.0000000000
0.0000000000
0.0000000000
0.0000000000
0.0000000000
0.0000000000
0.0000000000
0.0000000000
0.0000000000
0.0000000000
0.0700683594
0.0000000000
0.0000000000
0.0000000000
0.0000000000
0.0000000000
0.0000000000
0.0000000000
0.0000000000
0.0000000000
0.0000000000
0.0000000000
0.0000000000
0.0000000000
0.0000000000
0.0000000000
0.0698242188
0.0000000000
0.0000000000
0.0000000000
0.0000000000
0.5844726562
0.0000000000
0.0000000000
0.0000000000
0.0000000000
0.0000000000
0.0000000000
0.0000000000
0.0000000000
0.0000000000
0.0000000000
0.0687255859
0.0000000000
0.0000000000
0.0000000000
0.0000000000
0.0000000000
0.4531250000
0.0000000000
0.0000000000
0.0000000000
0.0000000000
0.0000000000
0.0000000000
0.0000000000
0.0000000000
0.0000000000
0.0694580078
0.0000000000
0.0000000000
0.0000000000
0.0000000000
0.0000000000
0.4531250000
0.0000000000
0.0000000000
0.0000000000
0.0000000000
0.0000000000
0.0000000000
0.0000000000
0.0000000000
0.0000000000
0.0694580078
0.0000000000
0.0000000000
0.0000000000
0.0000000000
0.0000000000
0.0000000000
0.0000000000
0.0000000000
0.0000000000
0.0000000000
0.0000000000
0.5771484375
0.0000000000
0.0000000000
0.0649414062
0.0735473633
0.0000000000
0.0000000000
0.0000000000
0.0000000000
0.0000000000
0.0000000000
0.0000000000
0.0000000000
0.0000000000
0.0000000000
0.0000000000
0.0000000000
0.5000000000
0.0000000000
0.0649414062
0.0736694336
0.0000000000
0.0000000000
0.0000000000
0.0000000000
0.0000000000
0.7070312500
0.0000000000
0.0000000000
0.0000000000
0.0000000000
0.0000000000
0.0000000000
0.0000000000
0.0000000000
0.0649414062
0.0739135742
0.0000000000
0.7202148438
0.0000000000
0.0000000000
0.0000000000
0.0000000000
0.0000000000
0.0000000000
0.0000000000
0.0000000000
0.0000000000
0.0000000000
0.5000000000
0.0000000000
0.0649414062
0.0765991211
0.0000000000
0.0000000000
0.0000000000
0.0000000000
0.0000000000
0.0000000000
0.0000000000
0.0000000000
0.0000000000
0.0000000000
0.0000000000
0.0000000000
0.0000000000
0.0000000000
0.0649414062
0.0767822266
0.0000000000
0.0000000000
0.0000000000
0.0000000000
0.0000000000
0.0000000000
0.0000000000
0.0000000000
0.0000000000
0.0000000000
0.0000000000
0.0000000000
0.0000000000
0.5771484375
0.0649414062
0.0769042969
0.0000000000
0.0000000000
0.0000000000
0.0000000000
0.3332519531
0.0000000000
0.0000000000
0.0000000000
0.0000000000
0.0000000000
0.0000000000
0.0000000000
0.0000000000
0.0000000000
0.0649414062
0.0770263672
0.3422851562
0.0000000000
0.0000000000
0.0000000000
0.0000000000
0.0000000000
0.0000000000
0.0000000000
0.0000000000
0.0000000000
0.0000000000
0.0000000000
0.0000000000
0.5771484375
0.0649414062
0.0772094727
0.0000000000
0.0000000000
0.0000000000
0.0000000000
0.0000000000
0.0000000000
0.0000000000
0.0000000000
0.0000000000
0.0000000000
0.0000000000
0.0000000000
0.0000000000
0.0000000000
0.0649414062
0.0773315430
0.0000000000
0.0000000000
0.0000000000
0.0000000000
0.0000000000
0.0000000000
0.0000000000
0.0000000000
0.0000000000
0.0000000000
0.0000000000
0.0000000000
0.5000000000
0.0000000000
0.0649414062
0.0775756836
0.0000000000
0.0000000000
0.0000000000
0.0000000000
0.0000000000
0.0000000000
0.0000000000
0.0000000000
0.0000000000
0.0000000000
0.0000000000
0.5771484375
0.0000000000
0.0000000000
0.0649414062
0.0776367188
0.0000000000
0.0000000000
0.0000000000
0.0000000000
0.0000000000
0.0000000000
0.0000000000
0.4472656250
0.0000000000
0.0000000000
0.0000000000
0.0000000000
0.0000000000
0.0000000000
0.0649414062
0.0777587891
0.0000000000
0.0000000000
0.0000000000
0.4531250000
0.0000000000
0.0000000000
0.5771484375
0.0000000000
0.0000000000
0.0000000000
0.0000000000
0.0000000000
0.0000000000
0.0000000000
0.0649414062
0.0778198242
0.0000000000
0.0000000000
0.5844726562
0.0000000000
0.0000000000
0.0000000000
0.0000000000
0.0000000000
0.5000000000
0.0000000000
0.0000000000
0.0000000000
0.0000000000
0.0000000000
0.0649414062
0.0780029297
0.0000000000
0.0000000000
0.0000000000
0.0000000000
0.0000000000
0.0000000000
0.0000000000
0.0000000000
0.0000000000
0.5000000000
0.0000000000
0.0000000000
0.0000000000
0.0000000000
0.0649414062
0.0781250000
0.0000000000
0.0000000000
0.0000000000
0.0000000000
0.0000000000
0.0000000000
0.0000000000
0.0000000000
0.0000000000
0.0000000000
0.3332519531
0.0000000000
0.0000000000
0.0000000000
0.0649414062
0.0782470703
0.0000000000
0.0000000000
0.0000000000
0.0000000000
0.0000000000
0.0000000000
0.0000000000
0.5830078125
0.0000000000
0.0000000000
0.0692138672
0.0000000000
0.0000000000
0.0000000000
0.0000000000
0.0000000000
0.0000000000
0.0000000000
0.0000000000
0.0000000000
0.0000000000
0.0000000000
0.0000000000
0.0000000000
0.5034179688
0.0000000000
0.0690307617
0.0000000000
0.0000000000
0.0000000000
0.0000000000
0.0000000000
0.0000000000
0.0000000000
0.0000000000
0.0000000000
0.0000000000
0.0000000000
0.0000000000
0.0000000000
0.0000000000
0.0000000000
0.0673828125
0.0000000000
0.0000000000
0.0000000000
0.0000000000
0.0000000000
0.0000000000
0.0000000000
0.0000000000
0.0000000000
0.0000000000
0.0000000000
0.0000000000
0.0000000000
0.5034179688
0.0000000000
0.0690307617
0.0000000000
0.0000000000
0.0000000000
0.0000000000
0.0000000000
0.0000000000
0.0000000000
0.0000000000
0.0000000000
0.0000000000
0.0000000000
0.0000000000
0.0000000000
0.0000000000
0.0000000000
0.0690307617
0.0000000000
0.0000000000
0.0000000000
0.0000000000
0.0000000000
0.0000000000
0.0000000000
0.0000000000
0.0000000000
0.0000000000
0.0000000000
0.0000000000
0.0000000000
0.0000000000
0.5830078125
0.0684204102
0.0000000000
0.0000000000
0.0000000000
0.0000000000
0.0000000000
0.0000000000
0.0000000000
0.0000000000
0.0000000000
0.0000000000
0.0000000000
0.0000000000
0.0000000000
0.0000000000
0.0000000000
0.0685424805
0.0000000000
0.0000000000
0.0000000000
0.0000000000
0.0000000000
0.0000000000
0.0000000000
0.0000000000
0.0000000000
0.0000000000
0.0000000000
0.0000000000
0.0000000000
0.0000000000
0.5830078125
0.0684204102
0.0000000000
0.0000000000
0.0000000000
0.0000000000
0.0000000000
0.0000000000
0.0000000000
0.0000000000
0.0000000000
0.0000000000
0.0000000000
0.0000000000
0.0000000000
0.0000000000
0.0000000000
0.0690307617
0.0000000000
0.0000000000
0.0000000000
0.0000000000
0.0000000000
0.0000000000
0.0000000000
0.0000000000
0.0000000000
0.0000000000
0.0000000000
0.0000000000
0.0000000000
0.5034179688
0.0000000000
0.0690307617
0.0000000000
0.0000000000
0.0000000000
0.0000000000
0.0000000000
0.0000000000
0.0000000000
0.0000000000
0.0000000000
0.0000000000
0.0000000000
0.0000000000
0.5830078125
0.0000000000
0.0000000000
0.0692138672
0.0000000000
0.0000000000
0.0000000000
0.0000000000
0.0000000000
0.0000000000
0.0000000000
0.0000000000
0.0000000000
0.0000000000
0.0000000000
0.0000000000
0.0000000000
0.0000000000
0.0000000000
0.0694580078
0.0000000000
0.0000000000
0.0000000000
0.0000000000
0.0000000000
0.0000000000
0.0000000000
0.0000000000
0.0000000000
0.0000000000
0.0000000000
0.0000000000
0.0000000000
0.0000000000
0.0000000000
0.0687255859
0.0000000000
0.0000000000
0.0000000000
0.0000000000
0.0000000000
0.0000000000
0.0000000000
0.0000000000
0.0000000000
0.5083007812
0.0000000000
0.0000000000
0.0000000000
0.0000000000
0.0000000000
0.0693359375
0.0000000000
0.0000000000
0.0000000000
0.0000000000
0.0000000000
0.0000000000
0.0000000000
0.0000000000
0.0000000000
0.0000000000
0.5083007812
0.0000000000
0.0000000000
0.0000000000
0.0000000000
0.0690307617
0.0000000000
0.0000000000
0.0000000000
0.0000000000
0.0000000000
0.0000000000
0.0000000000
0.0000000000
0.0000000000
0.0000000000
0.0000000000
0.3395996094
0.0000000000
0.0000000000
0.0000000000
0.0686645508
0.0000000000
0.0000000000
0.0000000000
0.0000000000
0.0000000000
0.0000000000
0.0000000000
0.0000000000
0.0000000000
0.5000000000
0.0000000000
0.0000000000
0.0000000000
0.0000000000
0.0000000000
0.0000000000
0.0000000000
0.0000000000
0.0000000000
0.0000000000
0.0000000000
0.0000000000
0.0649414062
0.0783081055
0.5092773438
0.0000000000
0.5000000000
0.0000000000
0.0000000000
0.0000000000
0.0000000000
0.0000000000
0.0000000000
0.0000000000
0.0000000000
0.0000000000
0.0000000000
0.0000000000
0.0649414062
0.0784301758
0.0000000000
0.0000000000
0.0000000000
0.3161621094
0.0000000000
0.0000000000
0.0000000000
0.0000000000
0.0000000000
0.0000000000
0.0000000000
0.0000000000
0.0000000000
0.0000000000
0.0649414062
0.0784912109
0.0000000000
0.0000000000
0.0000000000
0.0000000000
0.0000000000
0.0000000000
0.0000000000
0.0000000000
0.0000000000
0.0000000000
0.5771484375
0.0000000000
0.0000000000
0.0000000000
0.0649414062
0.0785522461
0.0000000000
0.0000000000
0.0000000000
0.0000000000
0.0000000000
0.0000000000
0.0000000000
0.0000000000
0.0000000000
0.5771484375
0.0000000000
0.0000000000
0.0000000000
0.0000000000
0.0649414062
0.0786743164
0.0000000000
0.0000000000
0.0000000000
0.0000000000
0.0000000000
0.0000000000
0.0000000000
0.4082031250
0.0000000000
0.0000000000
0.0000000000
0.0000000000
0.0000000000
0.0000000000
0.0649414062
0.0788574219
0.0000000000
0.0000000000
0.0000000000
0.0000000000
0.0000000000
0.0000000000
0.4472656250
0.0000000000
0.0000000000
0.0000000000
0.0000000000
0.0000000000
0.0000000000
0.0000000000
0.0649414062
0.0788574219
0.0000000000
0.0000000000
0.0000000000
0.0000000000
0.0000000000
0.0000000000
0.0000000000
0.4082031250
0.0000000000
0.0000000000
0.0000000000
0.0000000000
0.0000000000
0.0000000000
0.0649414062
0.0823364258
0.0000000000
0.0000000000
0.0000000000
0.0000000000
0.0000000000
0.0000000000
0.4472656250
0.0000000000
0.0000000000
0.0000000000
0.0000000000
0.0000000000
0.0000000000
0.0000000000
0.0649414062
0.0823974609
0.0000000000
0.0000000000
0.0000000000
0.0000000000
0.0000000000
0.0000000000
0.0000000000
0.0000000000
0.3779296875
0.0000000000
0.0000000000
0.0000000000
0.0000000000
0.0000000000
0.0649414062
0.0825805664
0.0000000000
0.0000000000
0.0000000000
0.0000000000
0.0000000000
0.2673339844
0.0000000000
0.0000000000
0.0000000000
0.0000000000
0.0000000000
0.0000000000
0.0000000000
0.0000000000
0.0649414062
0.0828247070
0.0000000000
0.0000000000
0.0000000000
0.0000000000
0.3161621094
0.0000000000
0.0000000000
0.0000000000
0.0000000000
0.0000000000
0.0000000000
0.0000000000
0.0000000000
0.0000000000
0.0649414062
0.0830688477
0.0000000000
0.0000000000
0.0000000000
0.0000000000
0.0000000000
0.0000000000
0.0000000000
0.0000000000
0.0000000000
0.0000000000
0.0000000000
0.7070312500
0.0000000000
0.0000000000
0.0649414062
0.0831298828
0.0000000000
0.0000000000
0.0000000000
0.0000000000
0.0000000000
0.0000000000
0.0000000000
0.0000000000
0.0000000000
0.0000000000
0.0000000000
0.0000000000
0.7070312500
0.0000000000
0.0649414062
0.0834350586
0.0000000000
0.0000000000
0.0000000000
0.0000000000
0.0000000000
0.0000000000
0.0000000000
0.0000000000
0.0000000000
0.0000000000
0.0000000000
0.0000000000
0.0000000000
1.0000000000
0.0649414062
0.0834350586
0.0000000000
0.0000000000
0.0000000000
0.0000000000
0.0000000000
0.0000000000
0.0000000000
0.0000000000
0.0000000000
0.0000000000
0.0000000000
0.0000000000
0.7070312500
0.0000000000
0.0649414062
0.0834350586
0.0000000000
0.0000000000
0.0000000000
0.0000000000
0.0000000000
0.0000000000
0.0000000000
0.0000000000
0.0000000000
0.0000000000
0.0683593750
0.0000000000
0.0000000000
0.0000000000
0.0000000000
0.0000000000
0.0000000000
0.5092773438
0.0000000000
0.0000000000
0.0000000000
0.0000000000
0.0000000000
0.0000000000
0.0000000000
0.0000000000
0.0679931641
0.0000000000
0.0000000000
0.0000000000
0.0000000000
0.0000000000
0.0000000000
0.0000000000
0.3227539062
0.0000000000
0.0000000000
0.0000000000
0.0000000000
0.0000000000
0.0000000000
0.0000000000
0.0677490234
0.0000000000
0.0000000000
0.0000000000
0.0000000000
0.0000000000
0.0000000000
0.0000000000
0.0000000000
0.0000000000
0.0000000000
0.0000000000
0.0000000000
0.0000000000
0.0000000000
0.5830078125
0.0667724609
0.0000000000
0.0000000000
0.0000000000
0.0000000000
0.0000000000
0.0000000000
0.0000000000
0.0000000000
0.0000000000
0.0000000000
0.0000000000
0.0000000000
0.0000000000
0.5830078125
0.0000000000
0.0657958984
0.0000000000
0.0000000000
0.0000000000
0.0000000000
0.0000000000
0.0000000000
0.0000000000
0.0000000000
0.0000000000
0.0000000000
0.0000000000
0.4333496094
0.0000000000
0.0000000000
0.0000000000
0.0653686523
0.0000000000
0.0000000000
0.0000000000
0.0000000000
0.0000000000
0.0000000000
0.0000000000
0.0000000000
0.0000000000
0.0000000000
0.4807128906
0.0000000000
0.0000000000
0.0000000000
0.0000000000
0.0653076172
0.0000000000
0.0000000000
0.0000000000
0.0000000000
0.0000000000
0.0000000000
0.0000000000
0.0000000000
0.0000000000
0.0000000000
0.0000000000
0.4333496094
0.0000000000
0.0000000000
0.0000000000
0.0653686523
0.0000000000
0.0000000000
0.0000000000
0.0000000000
0.0000000000
0.0000000000
0.0000000000
0.0000000000
0.0000000000
0.0000000000
0.4807128906
0.0000000000
0.0000000000
0.0000000000
0.0000000000
0.0653076172
0.0000000000
0.0000000000
0.0000000000
0.0000000000
0.0000000000
0.0000000000
0.0000000000
0.0000000000
0.0000000000
0.0000000000
0.0000000000
0.0000000000
0.5053710938
0.0000000000
0.0000000000
0.0640869141
0.0000000000
0.0000000000
0.0000000000
0.0000000000
0.0000000000
0.0000000000
0.0000000000
0.0000000000
0.0000000000
0.3261718750
0.0000000000
0.0000000000
0.0000000000
0.0000000000
0.0000000000
0.0650634766
0.0000000000
0.0000000000
0.0000000000
0.0000000000
0.0000000000
0.0000000000
0.0000000000
0.0000000000
0.3566894531
0.0000000000
0.0000000000
0.0000000000
0.0000000000
0.0000000000
0.0000000000
0.0642700195
0.0000000000
0.0000000000
0.0000000000
0.0000000000
0.0000000000
0.0000000000
0.0000000000
0.0000000000
0.0000000000
0.0000000000
0.0000000000
0.0000000000
0.0000000000
0.0000000000
0.0000000000
0.0636596680
0.0000000000
0.0000000000
0.0000000000
0.0000000000
0.0000000000
0.0000000000
0.0000000000
0.0000000000
0.0000000000
0.0000000000
0.0000000000
0.0000000000
0.0000000000
0.0000000000
0.0000000000
0.0617065430
0.0000000000
0.0000000000
0.0000000000
0.0000000000
0.0000000000
0.0000000000
0.0000000000
0.0000000000
0.0000000000
0.0000000000
0.0000000000
0.0000000000
0.0000000000
0.0000000000
0.0000000000
0.0617065430
0.0000000000
0.0000000000
0.0000000000
0.0000000000
0.0000000000
0.0000000000
0.0000000000
0.0000000000
0.0000000000
0.0000000000
0.0000000000
0.0000000000
0.0000000000
0.0000000000
0.0000000000
0.0617065430
0.0000000000
0.0000000000
0.0000000000
0.0000000000
0.0000000000
0.0000000000
0.0000000000
0.0000000000
0.0000000000
0.0000000000
0.0000000000
0.0000000000
0.0000000000
0.0000000000
0.0000000000
0.0000000000
0.0000000000
0.0000000000
0.0000000000
0.0000000000
0.7070312500
0.0649414062
0.0000000000
0.0000000000
0.1622314453
0.0000000000
0.0000000000
0.0000000000
0.0000000000
0.0000000000
0.0000000000
0.0000000000
0.0000000000
0.0000000000
0.0000000000
0.0000000000
0.0000000000
0.0649414062
0.0000000000
0.3015136719
0.0000000000
0.0000000000
0.0000000000
0.0000000000
0.0000000000
0.0000000000
0.0000000000
0.0000000000
0.0000000000
0.0000000000
0.0000000000
0.0000000000
0.0000000000
0.0649414062
0.4472656250
0.0000000000
0.0000000000
0.0000000000
0.0000000000
0.0000000000
0.0000000000
0.0000000000
0.0000000000
0.0000000000
0.0000000000
0.0000000000
0.0000000000
0.0000000000
0.0000000000
0.0649414062
0.0000000000
0.0000000000
0.0000000000
0.0000000000
0.0000000000
0.0000000000
0.0000000000
0.0000000000
0.0000000000
0.0000000000
0.0000000000
0.5771484375
0.0000000000
0.0000000000
0.0000000000
0.0649414062
0.0000000000
0.0000000000
0.0000000000
0.0000000000
0.0000000000
0.2673339844
0.0000000000
0.0000000000
0.0000000000
0.0000000000
0.0000000000
0.0000000000
0.0000000000
0.0000000000
0.0000000000
0.0649414062
0.0000000000
0.0000000000
0.0000000000
0.0000000000
0.0000000000
0.0000000000
0.0000000000
0.0000000000
0.0000000000
0.0000000000
0.0000000000
0.0000000000
0.0000000000
0.7070312500
0.0000000000
0.0649414062
0.0000000000
0.0000000000
0.0000000000
0.2236328125
0.0000000000
0.0000000000
0.0000000000
0.0000000000
0.0000000000
0.0000000000
0.0000000000
0.0000000000
0.0000000000
0.0000000000
0.0000000000
0.0649414062
0.0000000000
0.0000000000
0.0000000000
0.0000000000
0.5771484375
0.0000000000
0.0000000000
0.0000000000
0.0000000000
0.0000000000
0.0000000000
0.0000000000
0.0000000000
0.0000000000
0.0000000000
0.0649414062
0.0000000000
0.0000000000
0.0000000000
0.0000000000
0.0000000000
0.0000000000
0.0000000000
0.0000000000
0.0000000000
0.0000000000
0.5000000000
0.0000000000
0.0000000000
0.0000000000
0.0000000000
0.0649414062
0.0000000000
0.0000000000
0.0000000000
0.0000000000
0.0000000000
0.0000000000
0.0000000000
0.0000000000
0.0000000000
0.5000000000
0.0000000000
0.0000000000
0.0000000000
0.0000000000
0.0000000000
0.0649414062
0.0000000000
0.0000000000
0.0000000000
0.0000000000
0.0000000000
0.0000000000
0.0000000000
0.0000000000
0.3779296875
0.0000000000
0.0000000000
0.0000000000
0.0000000000
0.0000000000
0.0000000000
0.0649414062
0.0000000000
0.0000000000
0.0000000000
0.0000000000
0.0000000000
0.0000000000
0.0000000000
0.2583007812
0.0000000000
0.0000000000
0.0000000000
0.0000000000
0.0000000000
0.0000000000
0.0000000000
0.0649414062
0.0000000000
0.0000000000
0.0000000000
0.0000000000
0.0000000000
0.0000000000
0.0000000000
0.0000000000
0.3779296875
0.0000000000
0.0000000000
0.0000000000
0.0000000000
0.0000000000
0.0000000000
0.0649414062
0.0000000000
0.0000000000
0.0000000000
0.0000000000
0.0000000000
0.0000000000
0.0000000000
0.0000000000
0.0000000000
0.0000000000
0.0000000000
0.0000000000
0.5771484375
0.0000000000
0.0000000000
0.0649414062
0.0000000000
0.0000000000
0.0000000000
0.0000000000
0.0000000000
0.0000000000
0.5000000000
0.0000000000
0.0000000000
0.0000000000
0.0000000000
0.0000000000
0.0000000000
0.0000000000
0.0000000000
0.0649414062
0.0838012695
0.0000000000
0.0000000000
0.0000000000
0.0000000000
0.0000000000
0.0000000000
0.0000000000
0.0000000000
0.0000000000
0.0000000000
0.0627441406
0.0000000000
0.0000000000
0.0000000000
0.0000000000
0.0839233398
0.0000000000
0.0000000000
0.2208251953
0.0000000000
0.0000000000
0.0000000000
0.0000000000
0.0000000000
0.0000000000
0.0000000000
0.0644531250
0.0000000000
0.0000000000
0.0000000000
0.0000000000
0.0840454102
0.0000000000
0.4016113281
0.0000000000
0.0000000000
0.0000000000
0.0000000000
0.0000000000
0.0000000000
0.0000000000
0.0000000000
0.0655517578
0.0000000000
0.0000000000
0.0000000000
0.0000000000
0.0841674805
0.4589843750
0.0000000000
0.0000000000
0.0000000000
0.0000000000
0.0000000000
0.0000000000
0.0000000000
0.0000000000
0.0000000000
0.0664062500
0.0000000000
0.0000000000
0.0000000000
0.0000000000
0.0842895508
0.0000000000
0.0000000000
0.0000000000
0.0000000000
0.0000000000
0.0000000000
0.0000000000
0.0000000000
0.0000000000
0.5883789062
0.0660400391
0.0000000000
0.0000000000
0.0000000000
0.0000000000
0.0844116211
0.0000000000
0.0000000000
0.0000000000
0.0000000000
0.0000000000
0.3049316406
0.0000000000
0.0000000000
0.0000000000
0.0000000000
0.0648193359
0.0000000000
0.0000000000
0.0000000000
0.0000000000
0.0844726562
0.0000000000
0.0000000000
0.0000000000
0.0000000000
0.0000000000
0.0000000000
0.0000000000
0.0000000000
0.0000000000
0.0000000000
0.0644531250
0.0000000000
0.0000000000
0.0000000000
0.0000000000
0.0845947266
0.0000000000
0.0000000000
0.0000000000
0.2583007812
0.0000000000
0.0000000000
0.0000000000
0.0000000000
0.0000000000
0.0000000000
0.0653686523
0.0000000000
0.0000000000
0.0000000000
0.0000000000
0.0847167969
0.0000000000
0.0000000000
0.0000000000
0.0000000000
0.6088867188
0.0000000000
0.0000000000
0.0000000000
0.0000000000
0.0000000000
0.0647583008
0.0000000000
0.0000000000
0.0000000000
0.0000000000
0.0847778320
0.0000000000
0.0000000000
0.0000000000
0.0000000000
0.0000000000
0.0000000000
0.0000000000
0.0000000000
0.5073242188
0.0000000000
0.0651855469
0.0000000000
0.0000000000
0.0000000000
0.0000000000
0.0848388672
0.0000000000
0.0000000000
0.0000000000
0.0000000000
0.0000000000
0.0000000000
0.0000000000
0.5073242188
0.0000000000
0.0000000000
0.0652465820
0.0000000000
0.0000000000
0.0000000000
0.0000000000
0.0848999023
0.0000000000
0.0000000000
0.0000000000
0.0000000000
0.0000000000
0.0000000000
0.0000000000
0.0000000000
0.0000000000
0.0000000000
0.0653076172
0.0000000000
0.0000000000
0.0000000000
0.0000000000
0.0877075195
0.0000000000
0.0000000000
0.0000000000
0.0000000000
0.0000000000
0.0000000000
0.0000000000
0.0000000000
0.0000000000
0.0000000000
0.0654296875
0.0000000000
0.0000000000
0.0000000000
0.0000000000
0.0878295898
0.0000000000
0.0000000000
0.0000000000
0.0000000000
0.0000000000
0.0000000000
0.0000000000
0.0000000000
0.0000000000
0.0000000000
0.0653076172
0.0000000000
0.0000000000
0.0000000000
0.0000000000
0.0878906250
0.0000000000
0.0000000000
0.0000000000
0.0000000000
0.0000000000
0.0000000000
0.0000000000
0.0000000000
0.0000000000
0.0000000000
0.0648803711
0.0000000000
0.0000000000
0.0000000000
0.0000000000
0.0880737305
0.0000000000
0.0000000000
0.0000000000
0.0000000000
0.0000000000
0.0000000000
0.5073242188
0.0000000000
0.0000000000
0.0000000000
0.0649414062
0.0000000000
0.0000000000
0.0000000000
0.0000000000
0.3332519531
0.0000000000
0.0000000000
0.0000000000
0.0000000000
0.0000000000
0.0000000000
0.0000000000
0.0000000000
0.0000000000
0.0000000000
0.0000000000
0.0000000000
0.0000000000
0.0000000000
0.0000000000
0.0000000000
0.3779296875
0.0000000000
0.0000000000
0.0000000000
0.0000000000
0.0000000000
0.0000000000
0.0000000000
0.0000000000
0.0000000000
0.0000000000
0.0000000000
0.0000000000
0.0000000000
0.0000000000
0.0000000000
0.0000000000
0.4472656250
0.0000000000
0.0000000000
0.0000000000
0.0000000000
0.0000000000
0.0000000000
0.0000000000
0.0000000000
0.0000000000
0.0000000000
0.0000000000
0.0000000000
0.0000000000
0.0000000000
0.0000000000
0.0000000000
0.3535156250
0.0000000000
0.0000000000
0.0000000000
0.0000000000
0.0000000000
0.0000000000
0.0000000000
0.0000000000
0.0000000000
0.0000000000
0.0000000000
0.0000000000
0.0000000000
0.0000000000
0.0000000000
0.0000000000
0.5000000000
0.0000000000
0.0000000000
0.0000000000
0.0000000000
0.0000000000
0.0000000000
0.0000000000
0.0000000000
0.0000000000
0.0000000000
0.0000000000
0.0000000000
0.0000000000
0.0000000000
0.0000000000
0.0000000000
0.3535156250
0.0000000000
0.0000000000
0.0000000000
0.0000000000
0.0000000000
0.0000000000
0.0000000000
0.0000000000
0.0000000000
0.0000000000
0.0000000000
0.0000000000
0.0000000000
0.0000000000
0.0000000000
0.0000000000
0.3015136719
0.0000000000
0.0000000000
0.0000000000
0.0000000000
0.0000000000
0.0000000000
0.0000000000
0.0000000000
0.0000000000
0.0000000000
0.0000000000
0.0000000000
0.0000000000
0.0000000000
0.0000000000
0.0000000000
0.0000000000
0.3779296875
0.0000000000
0.0000000000
0.0000000000
0.0000000000
0.0000000000
0.0000000000
0.0000000000
0.0000000000
0.0000000000
0.0000000000
0.0000000000
0.0000000000
0.0000000000
0.0000000000
0.3779296875
0.0000000000
0.0000000000
0.0000000000
0.0000000000
0.0000000000
0.0000000000
0.0000000000
0.0000000000
0.0000000000
0.0000000000
0.0000000000
0.0000000000
0.0000000000
0.0000000000
0.0000000000
0.0000000000
0.0000000000
0.0000000000
0.0000000000
0.0000000000
0.0000000000
0.0000000000
0.0000000000
0.7070312500
0.0000000000
0.0000000000
0.0000000000
0.0000000000
0.0000000000
0.0000000000
0.0000000000
0.0000000000
0.0000000000
0.0000000000
0.0000000000
0.0000000000
0.0000000000
0.0000000000
0.7070312500
0.0000000000
0.0000000000
0.0000000000
0.0000000000
0.0000000000
0.0000000000
0.0000000000
0.0000000000
0.0000000000
0.0000000000
0.0000000000
0.0000000000
0.0000000000
0.0000000000
0.7070312500
0.0000000000
0.0000000000
0.0000000000
0.0000000000
0.0000000000
0.0000000000
0.0000000000
0.0000000000
0.0000000000
0.0000000000
0.0000000000
0.0000000000
0.0000000000
0.0000000000
0.7070312500
0.0000000000
0.0000000000
0.0000000000
0.0000000000
0.0000000000
0.0000000000
0.0000000000
0.0000000000
0.0000000000
0.0000000000
0.0000000000
0.0000000000
0.0000000000
0.0000000000
0.5771484375
0.0000000000
0.0000000000
0.0000000000
0.0000000000
0.0000000000
0.0000000000
0.0000000000
0.0000000000
0.0000000000
0.0000000000
0.0000000000
0.0000000000
0.0000000000
0.0000000000
0.5771484375
0.0000000000
0.0000000000
0.0000000000
0.0000000000
0.0000000000
0.0000000000
0.0000000000
0.0000000000
0.0000000000
0.0000000000
0.0000000000
0.0000000000
0.0000000000
0.0000000000
0.5771484375
0.0000000000
0.0000000000
0.0000000000
0.0000000000
0.0000000000
0.0000000000
0.0649414062
0.0881958008
0.3486328125
0.0000000000
0.0000000000
0.0000000000
0.0000000000
0.0000000000
0.0000000000
0.0000000000
0.0000000000
0.0644531250
0.0000000000
0.0000000000
0.0000000000
0.0000000000
0.0649414062
0.0882568359
0.0000000000
0.3857421875
0.0000000000
0.0000000000
0.0000000000
0.0000000000
0.0000000000
0.0000000000
0.0000000000
0.0641479492
0.0000000000
0.0000000000
0.0000000000
0.0000000000
0.0649414062
0.0883789062
0.0000000000
0.0000000000
0.4799804688
0.0000000000
0.0000000000
0.0000000000
0.0000000000
0.0000000000
0.0000000000
0.0630493164
0.0000000000
0.0000000000
0.0000000000
0.0000000000
0.0649414062
0.0885009766
0.0000000000
0.0000000000
0.0000000000
0.4184570312
0.0000000000
0.0000000000
0.0000000000
0.0000000000
0.0000000000
0.0621643066
0.0000000000
0.0000000000
0.0000000000
0.0000000000
0.0649414062
0.0886230469
0.0000000000
0.0000000000
0.0000000000
0.0000000000
0.5073242188
0.0000000000
0.0000000000
0.0000000000
0.0000000000
0.0614318848
0.0000000000
0.0000000000
0.0000000000
0.0000000000
0.0649414062
0.0888061523
0.0000000000
0.0000000000
0.0000000000
0.0000000000
0.0000000000
0.4016113281
0.0000000000
0.0000000000
0.0000000000
0.0616455078
0.0000000000
0.0000000000
0.0000000000
0.0000000000
0.0649414062
0.0889892578
0.0000000000
0.0000000000
0.0000000000
0.0000000000
0.0000000000
0.0000000000
0.3627929688
0.0000000000
0.0000000000
0.0622253418
0.0000000000
0.0000000000
0.0000000000
0.0000000000
0.0649414062
0.0890502930
0.0000000000
0.0000000000
0.0000000000
0.0000000000
0.0000000000
0.0000000000
0.0000000000
0.0000000000
0.4589843750
0.0622253418
0.0000000000
0.0000000000
0.0000000000
0.0000000000
0.0649414062
0.0891723633
0.0000000000
0.0000000000
0.0000000000
0.0000000000
0.0000000000
0.0000000000
0.0000000000
0.4345703125
0.0000000000
0.0626831055
0.0000000000
0.0000000000
0.0000000000
0.0000000000
0.0649414062
0.0892944336
0.0000000000
0.0000000000
0.0000000000
0.0000000000
0.0000000000
0.0000000000
0.0000000000
0.0000000000
0.0000000000
0.0619201660
0.0000000000
0.0000000000
0.0000000000
0.0000000000
0.0649414062
0.0895996094
0.0000000000
0.0000000000
0.0000000000
0.0000000000
0.0000000000
0.0000000000
0.0000000000
0.0000000000
0.0000000000
0.0608520508
0.0000000000
0.0000000000
0.0000000000
0.0000000000
0.0649414062
0.0897216797
0.0000000000
0.0000000000
0.0000000000
0.0000000000
0.0000000000
0.0000000000
0.0000000000
0.0000000000
0.0000000000
0.0610656738
0.0000000000
0.0000000000
0.0000000000
0.0000000000
0.0649414062
0.0899047852
0.0000000000
0.0000000000
0.0000000000
0.0000000000
0.0000000000
0.0000000000
0.0000000000
0.0000000000
0.0000000000
0.0615844727
0.0000000000
0.0000000000
0.0000000000
0.0000000000
0.0649414062
0.0900878906
0.0000000000
0.0000000000
0.0000000000
0.0000000000
0.0000000000
0.0000000000
0.0000000000
0.0000000000
0.0000000000
0.0616455078
0.0000000000
0.0000000000
0.0000000000
0.0000000000
0.0649414062
0.0903320312
0.0000000000
0.0000000000
0.0000000000
0.0000000000
0.0000000000
0.0000000000
0.0000000000
0.0000000000
0.0000000000
0.0618591309
0.0000000000
0.0000000000
0.0000000000
0.0000000000
0.0649414062
0.0903930664
0.0000000000
0.0000000000
0.0000000000
0.0000000000
0.0000000000
0.0000000000
0.0000000000
0.0000000000
0.0000000000
0.0618896484
0.0000000000
0.0000000000
0.0000000000
0.0000000000
0.0000000000
0.0000000000
0.0000000000
0.0000000000
0.0000000000
0.0000000000
0.7070312500
0.0649414062
0.0903930664
0.0000000000
0.0618591309
0.0000000000
0.0000000000
0.0000000000
0.0000000000
0.0000000000
0.0000000000
0.0000000000
0.0000000000
0.0000000000
0.0000000000
0.5771484375
0.0000000000
0.0649414062
0.0905151367
0.0000000000
0.0618286133
0.0000000000
0.0000000000
0.0000000000
0.0000000000
0.0000000000
0.0000000000
0.0000000000
0.0000000000
0.0000000000
0.0000000000
0.5771484375
0.0000000000
0.0649414062
0.0932617188
0.0000000000
0.0618286133
0.0000000000
0.0000000000
0.0000000000
0.0000000000
0.0000000000
0.0000000000
0.0000000000
0.0000000000
0.0000000000
0.7070312500
0.0000000000
0.0000000000
0.0649414062
0.0933227539
0.0000000000
0.0619201660
0.0000000000
0.0000000000
0.0000000000
0.0000000000
0.0000000000
0.0000000000
0.0000000000
0.0000000000
0.7070312500
0.0000000000
0.0000000000
0.0000000000
0.0649414062
0.0935668945
0.0000000000
0.0617980957
0.0000000000
0.0000000000
0.0000000000
0.0000000000
0.0000000000
0.0000000000
0.0000000000
0.7070312500
0.0000000000
0.0000000000
0.0000000000
0.0000000000
0.0649414062
0.0936279297
0.0000000000
0.0617675781
0.0000000000
0.0000000000
0.0000000000
0.0000000000
0.0000000000
0.0000000000
0.5000000000
0.0000000000
0.0000000000
0.0000000000
0.0000000000
0.0000000000
0.0649414062
0.0937500000
0.5073242188
0.0615844727
0.0000000000
0.0000000000
0.0000000000
0.0000000000
0.0000000000
0.1889648438
0.0000000000
0.0000000000
0.0000000000
0.0000000000
0.0000000000
0.0000000000
0.0649414062
0.0949096680
0.0000000000
0.0616455078
0.0000000000
0.0000000000
0.0000000000
0.0000000000
0.0000000000
0.1889648438
0.0000000000
0.0000000000
0.0000000000
0.0000000000
0.0000000000
0.0000000000
0.0649414062
0.1068115234
0.0000000000
0.0616455078
0.0000000000
0.0000000000
0.0000000000
0.0000000000
0.0000000000
0.0000000000
0.0000000000
0.0000000000
0.0000000000
0.0000000000
0.0000000000
0.0000000000
0.0000000000
0.0000000000
0.0000000000
0.0000000000
0.0000000000
0.0000000000
0.0000000000
0.0000000000
0.0000000000
0.0000000000
0.0000000000
0.0000000000
0.0000000000
0.0000000000
0.0000000000
0.0000000000
0.0000000000
0.0000000000
0.0000000000
0.0000000000
0.0000000000
0.0000000000
0.0000000000
0.0000000000
0.0000000000
0.0000000000
0.0000000000
0.0000000000
0.0000000000
0.0000000000
0.0000000000
0.0000000000
0.0000000000
0.0000000000
0.0000000000
0.0000000000
0.0000000000
0.0000000000
0.0000000000
0.0000000000
0.0000000000
0.0000000000
0.0000000000
0.0000000000
0.0000000000
0.0000000000
0.0000000000
0.0000000000
0.0000000000
0.0000000000
0.0000000000
0.0000000000
0.0000000000
0.0000000000
0.0000000000
0.0000000000
0.0000000000
0.0000000000
0.0000000000
0.0000000000
0.0000000000
0.0000000000
0.0000000000
0.0000000000
0.0000000000
0.0000000000
0.0000000000
0.0000000000
0.0000000000
0.0000000000
0.0000000000
0.0000000000
0.0000000000
0.0000000000
0.0000000000
0.0000000000
0.0000000000
0.0000000000
0.0000000000
0.0000000000
0.0000000000
0.0000000000
0.0000000000
0.0000000000
0.0000000000
0.0000000000
0.0000000000
0.0000000000
0.0000000000
0.0000000000
0.0000000000
0.0000000000
0.0000000000
0.0000000000
0.0000000000
0.0000000000
0.0000000000
0.0000000000
0.0000000000
0.0000000000
0.0000000000
0.0000000000
0.0000000000
0.0000000000
0.0000000000
