13202
13215
13216
13217
13218
13219
13220
13221
13222
13223
13224
13225
13226
13227
13228
13229
13804
13817
13818
13819
13820
13821
13822
13823
13824
13825
13826
13827
13828
13829
13830
13831
13844
13845
13846
13847
13848
13849
13850
13851
13852
13853
13854
13855
13856
13857
13858
13859
13174
13175
13176
13189
13190
13191
13192
13193
13194
13195
13196
13197
13198
13199
13200
13201
13776
13777
13778
13791
13792
13793
13794
13795
13796
13797
13798
13799
13800
13801
13802
13803
13832
13833
13834
13835
13838
13839
13840
13841
13848
13849
13852
13853
13854
13855
13856
13857
13858
13858
13858
13858
13858
13858
13858
13858
13858
13858
13858
13858
13858
13858
13858
13858
13146
13147
13148
13149
13150
13151
13164
13165
13166
13167
13168
13169
13170
13171
13172
13173
13748
13749
13750
13751
13752
13753
13766
13767
13768
13769
13770
13771
13772
13773
13774
13775
13832
13833
13836
13837
13838
13839
13842
13843
13844
13845
13846
13847
13850
13851
13856
13857
13118
13119
13120
13121
13122
13123
13124
13125
13126
13127
13140
13141
13142
13143
13144
13145
13720
13721
13722
13723
13724
13725
13726
13727
13728
13729
13742
13743
13744
13745
13746
13747
13834
13835
13836
13837
13838
13840
13841
13842
13843
13844
13847
13848
13850
13854
13855
13856
13078
13091
13092
13093
13094
13095
13096
13097
13098
13099
13100
13101
13102
13115
13116
13117
13680
13693
13694
13695
13696
13697
13698
13699
13700
13701
13702
13703
13704
13717
13718
13719
13832
13833
13834
13835
13836
13837
13839
13841
13842
13843
13845
13846
13849
13851
13852
13853
13854
13855
13855
13855
13855
13855
13855
13855
13855
13855
13855
13855
13855
13855
13855
13855
13050
13051
13052
13053
13066
13067
13068
13069
13070
13071
13072
13073
13074
13075
13076
13077
13652
13653
13654
13655
13668
13669
13670
13671
13672
13673
13674
13675
13676
13677
13678
13679
13833
13834
13836
13837
13839
13840
13842
13843
13844
13845
13846
13847
13848
13849
13850
13851
13852
13853
13853
13853
13853
13853
13853
13853
13853
13853
13853
13853
13853
13853
13853
13853
13022
13023
13024
13025
13026
13027
13028
13029
13042
13043
13044
13045
13046
13047
13048
13049
13624
13625
13626
13627
13628
13629
13630
13631
13644
13645
13646
13647
13648
13649
13650
13651
13832
13835
13836
13837
13838
13839
13840
13841
13842
13843
13848
13849
13850
13851
13852
13852
12982
12983
12984
12997
12998
12999
13000
13001
13002
13003
13004
13005
13006
13019
13020
13021
13584
13585
13586
13599
13600
13601
13602
13603
13604
13605
13606
13607
13608
13621
13622
13623
13832
13833
13834
13835
13836
13838
13839
13841
13843
13844
13845
13847
13849
13850
13851
13851
12954
12955
12956
12957
12958
12959
12960
12961
12962
12975
12976
12977
12978
12979
12980
12981
13556
13557
13558
13559
13560
13561
13562
13563
13564
13577
13578
13579
13580
13581
13582
13583
13832
13834
13835
13836
13838
13839
13840
13841
13843
13845
13847
13848
13849
13849
13849
13849
12914
12915
12916
12917
12918
12919
12932
12933
12934
12935
12936
12937
12938
12939
12940
12953
13516
13517
13518
13519
13520
13521
13534
13535
13536
13537
13538
13539
13540
13541
13542
13555
13832
13833
13835
13837
13838
13839
13840
13841
13842
13843
13844
13845
13846
13847
13848
13848
12874
12875
12876
12877
12890
12891
12892
12893
12894
12895
12896
12897
12910
12911
12912
12913
13476
13477
13478
13479
13492
13493
13494
13495
13496
13497
13498
13499
13512
13513
13514
13515
13832
13833
13834
13835
13836
13837
13838
13839
13840
13841
13842
13844
13845
13846
13846
13846
12822
12823
12824
12837
12838
12839
12840
12853
12854
12855
12856
12857
12870
12871
12872
12873
13424
13425
13426
13439
13440
13441
13442
13455
13456
13457
13458
13459
13472
13473
13474
13475
13832
13833
13834
13835
13837
13838
13839
13840
13841
13842
13843
13844
13844
13844
13844
13844
12746
12747
12760
12773
12774
12775
12776
12789
12790
12791
12792
12805
12806
12807
12808
12821
13348
13349
13362
13375
13376
13377
13378
13391
13392
13393
13394
13407
13408
13409
13410
13423
13832
13833
13834
13835
13836
13837
13838
13839
13840
13841
13841
13841
13841
13841
13841
13841
12614
12615
12616
12617
12618
12619
12620
12621
12622
12623
12624
12625
12626
12627
12744
12745
13346
13347
13779
13780
13781
13782
13785
13786
13787
13788
13799
13800
13801
13802
13803
13804
13805
13806
13807
13808
13811
13812
13813
13814
13825
13826
13827
13828
13829
13830
13831
13832
13833
13836
13836
13836
13836
13836
13836
13836
13836
13836
13836
13836
13836
13836
13836
13836
12574
12575
12576
12589
12590
12591
12592
12593
12594
12595
12596
12597
12598
12599
12600
12601
13751
13752
13753
13754
13755
13756
13757
13760
13761
13762
13763
13774
13775
13776
13777
13778
13805
13806
13809
13810
13811
13812
13815
13816
13817
13818
13820
13821
13822
13823
13824
13829
13830
13830
13830
13830
13830
13830
13830
13830
13830
13830
13830
13830
13830
13830
13830
13830
12546
12547
12548
12549
12550
12551
12552
12565
12566
12567
12568
12569
12570
12571
12572
12573
13713
13714
13725
13726
13727
13728
13729
13730
13731
13732
13733
13736
13737
13738
13739
13750
13807
13808
13809
13810
13813
13814
13815
13816
13817
13819
13820
13821
13823
13827
13828
13829
12518
12519
12520
12521
12522
12523
12524
12525
12526
12527
12540
12541
12542
12543
12544
12545
13683
13684
13687
13688
13689
13690
13701
13702
13703
13704
13705
13706
13707
13708
13711
13712
13805
13807
13809
13810
13811
13812
13813
13814
13815
13816
13818
13819
13822
13824
13827
13828
12478
12491
12492
12493
12494
12495
12496
12497
12498
12499
12500
12501
12502
12503
12516
12517
13655
13656
13657
13658
13659
13662
13663
13664
13665
13676
13677
13678
13679
13680
13681
13682
13806
13807
13808
13809
13810
13812
13813
13815
13816
13818
13820
13822
13823
13824
13825
13826
13827
13827
13827
13827
13827
13827
13827
13827
13827
13827
13827
13827
13827
13827
13827
13827
12450
12451
12452
12453
12454
12467
12468
12469
12470
12471
12472
12473
12474
12475
12476
12477
13617
13618
13629
13630
13631
13632
13633
13634
13635
13638
13639
13640
13641
13652
13653
13654
13805
13808
13809
13810
13811
13813
13814
13815
13816
13817
13819
13821
13822
13823
13824
13825
12422
12423
12424
12425
12426
12427
12428
12429
12430
12431
12444
12445
12446
12447
12448
12449
13587
13588
13589
13590
13593
13594
13595
13596
13607
13608
13609
13610
13611
13612
13615
13616
13805
13806
13807
13808
13809
13810
13811
13812
13814
13816
13817
13818
13823
13824
13824
13824
12382
12383
12384
12385
12386
12387
12400
12401
12402
12403
12404
12405
12406
12407
12408
12409
13549
13550
13551
13552
13563
13564
13565
13566
13567
13568
13571
13572
13573
13574
13585
13586
13805
13807
13808
13810
13811
13812
13813
13814
13816
13817
13818
13820
13821
13822
13822
13822
12342
12343
12344
12357
12358
12359
12360
12361
12362
12363
12364
12365
12378
12379
12380
12381
13509
13520
13521
13522
13523
13524
13525
13528
13529
13530
13531
13542
13543
13544
13545
13546
13805
13806
13807
13808
13809
13810
13811
13812
13814
13815
13816
13817
13818
13819
13820
13821
12302
12315
12316
12317
12318
12319
12320
12321
12322
12335
12336
12337
12338
12339
12340
12341
13469
13480
13481
13482
13483
13486
13487
13488
13489
13500
13501
13502
13503
13506
13507
13508
13805
13806
13807
13808
13809
13810
13811
13812
13813
13814
13815
13817
13818
13819
13819
13819
12262
12263
12264
12265
12278
12279
12280
12281
12282
12295
12296
12297
12298
12299
12300
12301
13262
13263
13264
13265
13267
13268
13269
13270
13271
13460
13461
13462
13463
13466
13467
13468
13805
13806
13807
13808
13809
13810
13812
13813
13814
13815
13816
13817
13817
13817
13817
13817
12210
12211
12212
12213
12214
12227
12228
12229
12230
12231
12244
12245
12246
12247
12248
12261
13243
13244
13245
13246
13247
13249
13250
13251
13252
13253
13255
13256
13257
13258
13259
13261
13805
13806
13807
13808
13809
13810
13812
13813
13814
13815
13815
13815
13815
13815
13815
13815
12042
12043
12044
12045
12046
12047
12048
12049
12050
12051
12052
12193
12194
12195
12196
12197
13237
13238
13239
13240
13241
13758
13759
13760
13761
13764
13765
13766
13767
13770
13771
13778
13783
13784
13785
13786
13789
13790
13791
13792
13795
13796
13803
13804
13806
13807
13808
13809
13810
13811
13811
13811
13811
13811
13811
13811
13811
13811
13811
13811
13811
13811
13811
13811
12002
12003
12016
12017
12018
12019
12020
12021
12022
12023
12024
12025
12026
12027
12040
12041
13722
13729
13730
13731
13734
13735
13736
13737
13740
13741
13742
13743
13746
13747
13754
13755
13779
13780
13781
13782
13783
13784
13787
13788
13789
13790
13793
13794
13797
13798
13801
13802
13803
13804
13804
13804
13804
13804
13804
13804
13804
13804
13804
13804
13804
13804
13804
13804
11974
11975
11976
11977
11978
11991
11992
11993
11994
11995
11996
11997
11998
11999
12000
12001
13692
13693
13694
13697
13698
13705
13706
13709
13710
13711
13712
13715
13716
13717
13718
13721
13779
13781
13783
13784
13785
13787
13789
13790
13791
13792
13793
13794
13795
13796
13798
13801
13802
13802
13802
13802
13802
13802
13802
13802
13802
13802
13802
13802
13802
13802
13802
13802
11946
11947
11948
11949
11950
11951
11952
11953
11954
11967
11968
11969
11970
11971
11972
11973
13662
13663
13666
13667
13668
13669
13672
13673
13680
13681
13682
13685
13686
13687
13688
13691
13780
13782
13783
13784
13786
13787
13788
13789
13790
13792
13793
13796
13797
13799
13800
13801
11918
11919
11920
11921
11922
11923
11924
11925
11926
11927
11928
11929
11942
11943
11944
11945
13632
13633
13636
13637
13638
13639
13642
13643
13644
13645
13648
13649
13656
13657
13660
13661
13779
13780
13781
13782
13783
13784
13785
13788
13789
13790
13791
13794
13795
13798
13799
13800
11878
11879
11880
11881
11882
11895
11896
11897
11898
11899
11900
11901
11902
11903
11904
11905
13403
13406
13407
13408
13409
13411
13412
13413
13416
13417
13418
13419
13422
13423
13424
13425
13779
13780
13781
13783
13785
13786
13787
13788
13790
13791
13792
13793
13794
13797
13798
13798
11850
11851
11852
11853
11854
11855
11856
11857
11858
11859
11872
11873
11874
11875
11876
11877
13380
13381
13384
13385
13386
13387
13390
13391
13392
13393
13395
13396
13397
13400
13401
13402
13779
13780
13781
13782
13783
13785
13786
13787
13788
13790
13791
13793
13794
13796
13797
13797
11810
11811
11812
11813
11826
11827
11828
11829
11830
11831
11832
11833
11834
11835
11836
11849
13328
13329
13330
13333
13363
13364
13365
13368
13369
13370
13371
13374
13375
13376
13377
13379
13779
13780
13781
13782
13783
13785
13786
13787
13788
13789
13790
13792
13793
13794
13795
13796
11770
11771
11772
11773
11786
11787
11788
11789
11790
11791
11792
11793
11806
11807
11808
11809
13304
13305
13306
13309
13310
13311
13312
13315
13316
13317
13318
13321
13322
13323
13324
13327
13779
13780
13781
13782
13784
13785
13786
13787
13788
13789
13792
13793
13794
13794
13794
13794
11730
11731
11732
11733
11746
11747
11748
11749
11750
11751
11752
11753
11766
11767
11768
11769
13280
13281
13282
13285
13286
13287
13288
13291
13292
13293
13294
13297
13298
13299
13300
13303
13779
13780
13781
13782
13784
13786
13787
13788
13789
13790
13791
13792
13792
13792
13792
13792
11666
11667
11668
11681
11682
11683
11684
11697
11698
11699
11700
11713
11714
11715
11716
11729
13244
13245
13248
13249
13250
13251
13254
13255
13256
13257
13260
13273
13274
13275
13276
13279
13779
13780
13781
13782
13784
13785
13786
13787
13788
13789
13790
13790
13790
13790
13790
13790
11498
11499
11500
11501
11502
11503
11620
11621
11622
11623
11636
11649
11650
11651
11652
11665
13230
13231
13232
13233
13236
13237
13238
13239
13242
13243
13740
13741
13744
13745
13748
13749
13764
13765
13768
13769
13772
13773
13778
13779
13780
13781
13782
13783
13784
13785
13786
13786
11470
11471
11472
11473
11474
11475
11476
11477
11478
11479
11492
11493
11494
11495
11496
11497
13570
13571
13574
13575
13576
13577
13580
13581
13584
13585
13732
13733
13734
13735
13738
13739
13756
13757
13758
13759
13760
13762
13763
13764
13765
13766
13768
13770
13773
13774
13777
13778
11442
11443
11444
11445
11446
11447
11448
11449
11450
11451
11452
11453
11454
11467
11468
11469
13543
13546
13547
13548
13549
13552
13553
13554
13555
13558
13559
13562
13563
13565
13568
13569
13754
13755
13757
13758
13759
13761
13763
13764
13765
13767
13768
13771
13773
13775
13776
13777
11402
11403
11404
11405
11418
11419
11420
11421
11422
11423
11424
11425
11426
11427
11428
11429
13472
13475
13476
13479
13480
13483
13484
13485
13486
13489
13490
13491
13492
13495
13496
13499
13754
13756
13758
13759
13760
13762
13764
13765
13766
13767
13769
13770
13771
13772
13774
13775
11374
11375
11376
11377
11378
11379
11380
11381
11394
11395
11396
11397
11398
11399
11400
11401
13448
13449
13450
13453
13454
13455
13456
13459
13460
13463
13464
13465
13466
13469
13470
13471
13755
13756
13758
13759
13760
13761
13762
13764
13765
13770
13771
13772
13773
13774
13774
13774
11334
11335
11336
11349
11350
11351
11352
11353
11354
11355
11356
11357
11358
11371
11372
11373
13390
13391
13394
13427
13428
13431
13432
13433
13434
13437
13438
13439
13440
13443
13444
13447
13754
13755
13756
13757
13758
13760
13761
13763
13765
13766
13767
13769
13771
13772
13773
13773
11306
11307
11308
11309
11310
11311
11312
11313
11314
11327
11328
11329
11330
11331
11332
11333
13366
13367
13368
13369
13372
13373
13374
13375
13378
13379
13382
13383
13384
13385
13388
13389
13754
13756
13757
13758
13760
13761
13762
13763
13765
13767
13769
13770
13771
13771
13771
13771
11266
11267
11268
11269
11270
11271
11284
11285
11286
11287
11288
11289
11290
11291
11292
11305
13340
13341
13344
13345
13346
13347
13350
13351
13354
13355
13356
13357
13360
13361
13362
13363
13754
13755
13757
13759
13760
13761
13762
13763
13764
13765
13766
13767
13768
13769
13770
13770
11226
11227
11228
11229
11242
11243
11244
11245
11246
11247
11248
11249
11262
11263
11264
11265
13292
13295
13296
13297
13298
13301
13302
13303
13304
13307
13308
13309
13334
13335
13338
13339
13754
13755
13756
13757
13758
13759
13760
13761
13762
13763
13764
13766
13767
13768
13768
13768
11174
11175
11176
11189
11190
11191
11192
11205
11206
11207
11208
11209
11222
11223
11224
11225
13268
13271
13272
13273
13274
13277
13278
13279
13280
13283
13284
13285
13286
13289
13290
13291
13754
13755
13756
13757
13759
13760
13761
13762
13763
13764
13765
13766
13766
13766
13766
13766
11098
11099
11112
11125
11126
11127
11128
11141
11142
11143
11144
11157
11158
11159
11160
11173
13234
13235
13236
13237
13240
13241
13242
13243
13246
13247
13248
13261
13262
13265
13266
13267
13754
13755
13756
13757
13758
13759
13760
13761
13762
13763
13763
13763
13763
13763
13763
13763
10954
10967
10968
10969
10970
10971
10972
10973
10974
10975
10976
10977
10978
10979
11096
11097
13230
13231
13606
13611
13612
13613
13614
13617
13618
13619
13620
13623
13624
13627
13628
13631
13730
13732
13734
13735
13736
13738
13740
13741
13742
13745
13746
13748
13749
13752
13753
13754
13755
13758
13758
13758
13758
13758
13758
13758
13758
13758
13758
13758
13758
13758
13758
13758
10926
10927
10928
10929
10930
10943
10944
10945
10946
10947
10948
10949
10950
10951
10952
10953
13536
13537
13540
13541
13542
13589
13590
13591
13592
13595
13596
13597
13598
13601
13602
13605
13731
13733
13734
13735
13737
13739
13740
13741
13743
13744
13745
13747
13748
13750
13751
13752
10898
10899
10900
10901
10902
10903
10904
10905
10918
10919
10920
10921
10922
10923
10924
10925
13508
13509
13510
13511
13514
13515
13518
13519
13524
13525
13526
13527
13530
13531
13532
13533
13731
13732
13734
13735
13736
13737
13738
13739
13740
13741
13742
13744
13746
13749
13750
13751
10858
10871
10872
10873
10874
10875
10876
10877
10878
10879
10880
10881
10894
10895
10896
10897
13442
13445
13446
13447
13448
13451
13452
13453
13454
13457
13458
13459
13502
13503
13504
13505
13730
13731
13732
13733
13734
13735
13736
13737
13738
13740
13743
13746
13747
13748
13749
13750
10830
10831
10832
10833
10834
10835
10836
10849
10850
10851
10852
10853
10854
10855
10856
10857
13416
13419
13420
13421
13422
13425
13426
13429
13430
13431
13432
13435
13436
13437
13438
13441
13730
13731
13733
13734
13736
13737
13738
13739
13741
13742
13745
13747
13748
13748
13748
13748
10790
10791
10792
10805
10806
10807
10808
10809
10810
10811
10812
10813
10814
10827
10828
10829
13360
13361
13362
13397
13398
13399
13400
13403
13404
13405
13406
13409
13410
13413
13414
13415
13730
13731
13732
13733
13734
13737
13738
13739
13740
13741
13743
13744
13745
13746
13747
13747
10762
10763
10764
10765
10766
10767
10768
10769
10770
10771
10784
10785
10786
10787
10788
10789
13336
13337
13338
13339
13342
13343
13344
13345
13348
13349
13352
13353
13354
13355
13358
13359
13730
13731
13732
13733
13734
13735
13736
13737
13738
13741
13742
13743
13744
13745
13745
13745
10722
10723
10724
10725
10726
10727
10728
10729
10742
10743
10744
10745
10746
10747
10748
10749
13312
13313
13314
13315
13318
13319
13320
13321
13324
13325
13326
13327
13330
13331
13332
13333
13730
13731
13732
13733
13735
13736
13737
13738
13739
13740
13742
13743
13743
13743
13743
13743
10658
10659
10660
10673
10674
10675
10676
10689
10690
10691
10692
10705
10706
10707
10708
10709
13264
13265
13266
13269
13270
13271
13272
13275
13276
13277
13278
13281
13282
13283
13284
13285
13730
13731
13732
13733
13735
13736
13737
13738
13739
13740
13741
13741
13741
13741
13741
13741
10478
10479
10596
10597
10598
10599
10612
10625
10626
10627
10628
10641
10642
10643
10644
10657
13232
13233
13234
13235
13236
13251
13252
13253
13254
13257
13258
13259
13260
13263
13699
13700
13723
13724
13729
13730
13731
13732
13733
13734
13735
13736
13737
13738
13738
13738
13738
13738
10450
10451
10452
10453
10454
10455
10468
10469
10470
10471
10472
10473
10474
10475
10476
10477
13598
13599
13602
13603
13606
13607
13683
13684
13685
13686
13689
13690
13691
13692
13695
13696
13707
13708
13709
13710
13713
13714
13715
13716
13717
13719
13720
13721
13724
13725
13728
13729
10422
10423
10424
10425
10426
10427
10428
10429
10430
10443
10444
10445
10446
10447
10448
10449
13550
13552
13553
13554
13556
13558
13560
13562
13564
13587
13590
13591
13592
13593
13596
13597
13705
13708
13709
13710
13711
13712
13714
13715
13716
13718
13719
13722
13724
13726
13727
13728
10394
10395
10396
10397
10398
10399
10400
10401
10402
10403
10404
10405
10418
10419
10420
10421
13522
13525
13526
13527
13528
13531
13532
13533
13534
13537
13538
13541
13544
13546
13547
13548
13705
13706
13707
13708
13709
13710
13711
13713
13715
13716
13717
13720
13721
13723
13726
13727
10354
10355
10356
10357
10370
10371
10372
10373
10374
10375
10376
10377
10378
10379
10380
10381
13454
13455
13457
13459
13461
13463
13464
13465
13467
13469
13470
13471
13473
13475
13477
13479
13706
13707
13709
13710
13712
13713
13715
13716
13718
13720
13721
13722
13723
13724
13725
13725
10326
10327
10328
10329
10330
10331
10332
10333
10334
10347
10348
10349
10350
10351
10352
10353
13429
13431
13432
13433
13435
13437
13438
13439
13441
13443
13445
13447
13448
13449
13451
13453
13705
13706
13707
13708
13709
13710
13711
13712
13713
13714
13716
13717
13718
13723
13724
13724
10286
10287
10288
10289
10290
10303
10304
10305
10306
10307
10308
10309
10310
10311
10312
10325
13372
13373
13374
13376
13378
13395
13398
13399
13400
13401
13404
13405
13406
13407
13410
13427
13705
13707
13708
13709
13711
13713
13714
13716
13717
13718
13720
13721
13722
13723
13723
13723
10246
10247
10260
10261
10262
10263
10264
10265
10266
10267
10268
10281
10282
10283
10284
10285
13346
13348
13350
13352
13354
13355
13356
13358
13360
13361
13362
13364
13366
13367
13368
13370
13705
13706
13707
13708
13709
13710
13711
13712
13714
13715
13717
13718
13719
13720
13721
13721
10218
10219
10220
10221
10222
10223
10224
10225
10238
10239
10240
10241
10242
10243
10244
10245
13310
13313
13314
13315
13316
13319
13320
13321
13334
13336
13338
13339
13340
13342
13344
13345
13705
13706
13707
13708
13709
13710
13711
13712
13713
13714
13715
13716
13718
13719
13719
13719
10166
10167
10168
10181
10182
10183
10184
10185
10198
10199
10200
10201
10202
10203
10204
10205
13275
13277
13278
13279
13281
13283
13284
13285
13287
13289
13290
13291
13293
13295
13296
13297
13706
13707
13708
13710
13711
13712
13713
13714
13715
13716
13717
13717
13717
13717
13717
13717
10102
10103
10104
10117
10118
10119
10120
10133
10134
10135
10136
10149
10150
10151
10152
10165
13240
13241
13242
13249
13252
13253
13254
13261
13263
13265
13266
13267
13269
13271
13272
13273
13705
13706
13707
13708
13710
13711
13712
13713
13714
13715
13715
13715
13715
13715
13715
13715
9946
9947
9948
9949
9950
9951
9952
9953
9954
9955
10072
10073
10074
10075
10088
10101
13230
13232
13234
13235
13236
13238
13614
13616
13618
13619
13620
13622
13624
13626
13628
13630
13686
13687
13689
13691
13692
13693
13696
13697
13699
13703
13704
13705
13706
13707
13708
13709
13710
13711
13711
13711
13711
13711
13711
13711
13711
13711
13711
13711
13711
13711
13711
13711
9906
9919
9920
9921
9922
9923
9924
9925
9926
9927
9928
9929
9930
9943
9944
9945
13521
13567
13568
13569
13570
13573
13574
13575
13576
13579
13580
13583
13584
13610
13612
13613
13681
13682
13683
13684
13685
13686
13688
13690
13691
13692
13694
13695
13698
13700
13701
13702
13703
13704
13704
13704
13704
13704
13704
13704
13704
13704
13704
13704
13704
13704
13704
13704
9878
9879
9880
9881
9894
9895
9896
9897
9898
9899
9900
9901
9902
9903
9904
9905
13494
13495
13498
13499
13501
13503
13504
13505
13507
13509
13510
13511
13513
13515
13517
13519
13681
13684
13685
13686
13687
13690
13691
13692
13693
13694
13695
13696
13697
13698
13699
13700
13701
13702
13702
13702
13702
13702
13702
13702
13702
13702
13702
13702
13702
13702
13702
13702
9850
9851
9852
9853
9854
9855
9856
9857
9870
9871
9872
9873
9874
9875
9876
9877
13448
13450
13452
13453
13454
13456
13458
13459
13482
13483
13484
13485
13488
13489
13490
13491
13682
13683
13685
13686
13687
13688
13689
13691
13692
13697
13698
13699
13700
13701
13701
13701
9810
9811
9812
9825
9826
9827
9828
9829
9830
9831
9832
9833
9834
9847
9848
9849
13422
13424
13426
13428
13430
13431
13432
13434
13436
13437
13438
13440
13442
13444
13446
13447
13681
13682
13683
13684
13685
13687
13688
13690
13692
13693
13694
13696
13698
13699
13700
13700
9782
9783
9784
9785
9786
9787
9788
9789
9790
9803
9804
9805
9806
9807
9808
9809
13382
13383
13384
13387
13388
13389
13390
13393
13394
13412
13414
13415
13416
13418
13420
13421
13681
13683
13684
13685
13687
13688
13689
13690
13692
13694
13696
13697
13698
13698
13698
13698
9742
9743
9744
9745
9746
9747
9760
9761
9762
9763
9764
9765
9766
9767
9768
9781
13341
13343
13344
13345
13347
13349
13351
13353
13354
13355
13357
13359
13360
13361
13362
13381
13681
13682
13684
13686
13687
13688
13689
13690
13691
13692
13693
13694
13695
13696
13697
13697
9702
9703
9704
9705
9718
9719
9720
9721
9722
9723
9724
9725
9738
9739
9740
9741
13306
13307
13308
13309
13323
13325
13326
13327
13329
13331
13332
13333
13335
13337
13338
13339
13681
13682
13683
13684
13685
13686
13687
13688
13689
13690
13691
13693
13694
13695
13695
13695
9650
9651
9652
9665
9666
9667
9668
9681
9682
9683
9684
9685
9698
9699
9700
9701
13270
13271
13272
13274
13276
13277
13278
13280
13282
13283
13284
13285
13300
13301
13302
13303
13681
13682
13683
13684
13686
13687
13688
13689
13690
13691
13692
13693
13693
13693
13693
13693
9574
9575
9588
9601
9602
9603
9604
9617
9618
9619
9620
9633
9634
9635
9636
9649
13234
13235
13236
13245
13246
13247
13248
13256
13258
13259
13260
13262
13264
13265
13266
13268
13681
13682
13683
13684
13685
13686
13687
13688
13689
13690
13690
13690
13690
13690
13690
13690
9430
9431
9444
9445
9446
9447
9448
9449
9450
9451
9452
9453
9454
9455
9572
9573
13231
13233
13606
13608
13634
13635
13636
13637
13640
13641
13642
13643
13646
13647
13650
13651
13658
13659
13660
13661
13664
13665
13666
13667
13670
13671
13674
13675
13676
13679
13680
13681
13682
13685
13685
13685
13685
13685
13685
13685
13685
13685
13685
13685
13685
13685
13685
13685
9402
9403
9404
9405
9406
9419
9420
9421
9422
9423
9424
9425
9426
9427
9428
9429
13578
13580
13582
13584
13586
13588
13590
13591
13592
13594
13596
13597
13598
13600
13602
13604
13656
13659
13660
13661
13662
13665
13666
13667
13668
13669
13670
13672
13673
13675
13677
13678
13679
13679
13679
13679
13679
13679
13679
13679
13679
13679
13679
13679
13679
13679
13679
13679
9374
9375
9376
9377
9378
9379
9380
9381
9394
9395
9396
9397
9398
9399
9400
9401
13529
13531
13532
13533
13535
13537
13539
13541
13566
13568
13569
13570
13572
13574
13575
13576
13657
13659
13660
13661
13662
13663
13664
13665
13666
13667
13668
13671
13672
13674
13677
13678
9346
9347
9348
9349
9350
9351
9352
9353
9354
9355
9356
9357
9370
9371
9372
9373
13481
13483
13484
13485
13487
13489
13490
13491
13493
13495
13497
13499
13523
13525
13526
13527
13656
13657
13658
13660
13661
13663
13664
13666
13667
13669
13671
13673
13674
13676
13677
13677
9306
9307
9308
9309
9310
9323
9324
9325
9326
9327
9328
9329
9330
9331
9332
9333
13435
13437
13438
13440
13441
13444
13445
13447
13448
13450
13451
13453
13454
13456
13457
13459
13656
13657
13658
13661
13662
13663
13664
13665
13666
13667
13668
13669
13672
13673
13674
13675
9266
9279
9280
9281
9282
9283
9284
9285
9286
9287
9288
9301
9302
9303
9304
9305
13394
13396
13398
13399
13400
13402
13404
13405
13406
13408
13410
13428
13429
13431
13432
13434
13656
13657
13658
13659
13660
13662
13664
13665
13667
13668
13671
13672
13673
13674
13674
13674
9238
9239
9240
9241
9242
9243
9244
9257
9258
9259
9260
9261
9262
9263
9264
9265
13354
13355
13357
13358
13360
13361
13362
13380
13382
13383
13384
13386
13388
13389
13390
13392
13657
13658
13659
13660
13661
13662
13663
13664
13665
13666
13667
13669
13670
13671
13672
13672
9198
9199
9200
9201
9214
9215
9216
9217
9218
9219
9220
9221
9222
9223
9236
9237
13317
13319
13320
13321
13335
13336
13338
13339
13341
13342
13344
13345
13347
13348
13351
13352
13656
13657
13658
13660
13662
13663
13664
13665
13666
13667
13668
13669
13670
13671
13671
13671
9158
9159
9160
9161
9174
9175
9176
9177
9178
9179
9180
9181
9194
9195
9196
9197
13281
13283
13284
13285
13299
13301
13302
13303
13305
13307
13308
13309
13311
13313
13314
13315
13656
13657
13658
13659
13661
13663
13664
13665
13666
13667
13668
13669
13669
13669
13669
13669
9094
9095
9096
9109
9110
9111
9112
9125
9126
9127
9128
9141
9142
9143
9144
9157
13252
13253
13254
13262
13263
13265
13266
13268
13269
13271
13272
13274
13275
13277
13278
13280
13656
13657
13658
13659
13661
13662
13663
13664
13665
13666
13667
13667
13667
13667
13667
13667
8926
8927
8928
8929
8930
8931
9048
9049
9050
9051
9064
9077
9078
9079
9080
9093
13231
13232
13234
13235
13236
13244
13246
13247
13248
13250
13620
13621
13624
13625
13628
13629
13643
13644
13647
13648
13650
13654
13655
13656
13657
13658
13659
13660
13661
13662
13663
13663
8898
8899
8900
8901
8902
8903
8904
8905
8906
8919
8920
8921
8922
8923
8924
8925
13548
13551
13552
13553
13554
13557
13558
13561
13562
13609
13612
13613
13614
13615
13618
13619
13632
13634
13636
13637
13638
13639
13640
13641
13642
13643
13645
13646
13649
13651
13654
13655
8870
8871
8872
8873
8874
8875
8876
8877
8878
8879
8880
8881
8882
8895
8896
8897
13500
13503
13504
13505
13506
13509
13510
13511
13512
13515
13516
13519
13520
13545
13546
13547
13632
13633
13635
13636
13637
13638
13641
13642
13643
13644
13646
13648
13651
13652
13653
13654
8830
8831
8832
8833
8846
8847
8848
8849
8850
8851
8852
8853
8854
8855
8856
8857
13454
13455
13458
13459
13462
13463
13464
13465
13468
13469
13470
13471
13474
13475
13478
13479
13633
13634
13636
13637
13639
13640
13642
13643
13645
13647
13648
13649
13650
13651
13652
13652
8802
8803
8804
8805
8806
8807
8808
8809
8810
8823
8824
8825
8826
8827
8828
8829
13430
13431
13432
13433
13436
13437
13438
13439
13442
13443
13446
13447
13448
13449
13452
13453
13632
13633
13634
13635
13636
13637
13638
13639
13640
13641
13643
13644
13645
13650
13651
13651
8762
8763
8764
8765
8766
8779
8780
8781
8782
8783
8784
8785
8786
8787
8788
8801
13372
13373
13374
13377
13378
13411
13414
13415
13416
13417
13420
13421
13422
13423
13426
13427
13632
13634
13635
13636
13638
13640
13641
13643
13644
13645
13647
13648
13649
13650
13650
13650
8722
8723
8736
8737
8738
8739
8740
8741
8742
8743
8744
8757
8758
8759
8760
8761
13346
13349
13350
13353
13354
13355
13356
13359
13360
13361
13362
13365
13366
13367
13368
13371
13632
13633
13634
13635
13636
13637
13638
13639
13641
13642
13644
13645
13646
13647
13648
13648
8694
8695
8696
8697
8698
8699
8700
8701
8714
8715
8716
8717
8718
8719
8720
8721
13322
13325
13326
13327
13328
13331
13332
13333
13334
13337
13338
13339
13340
13343
13344
13345
13632
13633
13634
13635
13636
13637
13638
13639
13640
13641
13642
13643
13645
13646
13646
13646
8642
8643
8644
8657
8658
8659
8660
8661
8674
8675
8676
8677
8678
8679
8680
8681
13276
13277
13278
13279
13282
13283
13284
13285
13288
13289
13290
13291
13294
13295
13296
13297
13633
13634
13635
13637
13638
13639
13640
13641
13642
13643
13644
13644
13644
13644
13644
13644
8578
8579
8580
8593
8594
8595
8596
8609
8610
8611
8612
8625
8626
8627
8628
8641
13240
13241
13242
13255
13258
13259
13260
13261
13264
13265
13266
13267
13270
13271
13272
13273
13632
13633
13634
13635
13637
13638
13639
13640
13641
13642
13642
13642
13642
13642
13642
13642
8422
8423
8424
8425
8426
8427
8428
8429
8430
8431
8548
8549
8550
8551
8564
8577
13230
13233
13234
13235
13236
13239
13591
13592
13593
13594
13597
13598
13599
13600
13603
13604
13613
13614
13615
13616
13619
13620
13621
13622
13625
13626
13631
13632
13633
13634
13635
13636
13637
13638
13638
13638
13638
13638
13638
13638
13638
13638
13638
13638
13638
13638
13638
13638
8382
8383
8396
8397
8398
8399
8400
8401
8402
8403
8404
8405
8406
8407
8420
8421
13559
13560
13565
13566
13569
13570
13571
13572
13575
13576
13577
13578
13581
13582
13587
13588
13609
13610
13611
13613
13614
13615
13617
13619
13620
13621
13623
13625
13626
13627
13629
13630
13631
13631
13631
13631
13631
13631
13631
13631
13631
13631
13631
13631
13631
13631
13631
13631
8354
8355
8356
8357
8358
8359
8372
8373
8374
8375
8376
8377
8378
8379
8380
8381
13434
13435
13438
13439
13440
13441
13543
13544
13547
13548
13549
13550
13553
13554
13555
13556
13610
13611
13613
13614
13616
13617
13619
13620
13621
13622
13623
13628
13629
13629
13629
13629
8326
8327
8328
8329
8330
8331
8332
8333
8334
8335
8336
8349
8350
8351
8352
8353
13395
13396
13398
13400
13401
13402
13404
13406
13407
13408
13410
13427
13428
13429
13432
13433
13609
13610
13611
13612
13613
13615
13616
13618
13620
13621
13622
13624
13627
13628
13628
13628
8286
8287
8288
8289
8290
8303
8304
8305
8306
8307
8308
8309
8310
8311
8312
8313
13372
13374
13375
13376
13378
13379
13380
13382
13384
13385
13386
13388
13390
13391
13392
13394
13609
13611
13612
13613
13615
13617
13618
13620
13621
13622
13623
13624
13625
13626
13626
13626
8246
8247
8260
8261
8262
8263
8264
8265
8266
8267
8280
8281
8282
8283
8284
8285
13319
13321
13350
13351
13352
13355
13356
13357
13358
13361
13363
13364
13366
13368
13369
13370
13609
13610
13611
13612
13613
13614
13615
13616
13617
13618
13619
13623
13624
13625
13625
13625
8206
8207
8220
8221
8222
8223
8224
8225
8226
8227
8240
8241
8242
8243
8244
8245
13295
13297
13298
13299
13301
13303
13304
13305
13307
13309
13310
13311
13313
13315
13316
13317
13609
13610
13611
13612
13614
13615
13616
13617
13618
13619
13621
13622
13623
13623
13623
13623
8154
8167
8168
8169
8170
8183
8184
8185
8186
8187
8200
8201
8202
8203
8204
8205
13266
13273
13274
13275
13277
13279
13280
13281
13283
13285
13286
13287
13289
13291
13292
13293
13609
13610
13611
13612
13614
13615
13616
13617
13618
13619
13620
13621
13621
13621
13621
13621
8090
8103
8104
8105
8106
8119
8120
8121
8122
8135
8136
8137
8138
8151
8152
8153
13236
13237
13238
13240
13242
13243
13244
13246
13248
13249
13250
13252
13254
13261
13262
13263
13609
13610
13611
13612
13613
13614
13615
13616
13617
13618
13618
13618
13618
13618
13618
13618
7946
7947
7948
7949
7950
7951
7952
7953
7954
7955
7956
7957
8074
8075
8076
8077
13230
13231
13232
13234
13480
13482
13484
13485
13486
13488
13490
13491
13492
13494
13496
13498
13587
13589
13591
13592
13593
13595
13597
13598
13599
13601
13603
13605
13608
13609
13610
13611
13612
13613
13613
13613
13613
13613
13613
13613
13613
13613
13613
13613
13613
13613
13613
13613
7906
7907
7908
7909
7922
7923
7924
7925
7926
7927
7928
7929
7930
7931
7932
7933
13454
13455
13456
13458
13460
13462
13464
13465
13466
13468
13470
13471
13472
13474
13476
13478
13588
13589
13591
13592
13594
13595
13597
13598
13600
13601
13603
13604
13605
13606
13607
13607
7878
7879
7880
7881
7882
7883
7884
7885
7886
7899
7900
7901
7902
7903
7904
7905
13412
13415
13416
13417
13418
13421
13422
13423
13424
13443
13444
13446
13448
13449
13450
13452
13587
13588
13589
13590
13591
13592
13593
13594
13595
13596
13598
13599
13600
13605
13606
13606
7838
7839
7840
7841
7842
7855
7856
7857
7858
7859
7860
7861
7862
7863
7864
7877
13371
13373
13374
13375
13377
13379
13381
13383
13384
13385
13387
13389
13390
13391
13393
13411
13587
13589
13590
13591
13593
13595
13596
13598
13599
13600
13601
13603
13604
13605
13605
13605
7810
7811
7812
7813
7814
7815
7816
7817
7818
7819
7820
7833
7834
7835
7836
7837
13334
13335
13337
13339
13340
13341
13343
13345
13346
13347
13349
13363
13365
13367
13368
13369
13587
13588
13589
13590
13591
13593
13594
13595
13598
13599
13600
13601
13602
13603
13603
13603
7770
7771
7772
7773
7774
7775
7776
7777
7790
7791
7792
7793
7794
7795
7796
7797
13298
13300
13302
13303
13304
13306
13308
13309
13322
13323
13326
13327
13328
13329
13332
13333
13587
13588
13589
13590
13592
13593
13594
13595
13596
13597
13600
13601
13601
13601
13601
13601
7718
7719
7720
7733
7734
7735
7736
7737
7750
7751
7752
7753
7754
7755
7756
7757
13274
13276
13278
13279
13280
13282
13284
13285
13286
13288
13290
13291
13292
13294
13296
13297
13588
13589
13590
13592
13593
13594
13595
13596
13597
13598
13599
13599
13599
13599
13599
13599
7654
7655
7656
7669
7670
7671
7672
7685
7686
7687
7688
7701
7702
7703
7704
7717
13239
13241
13242
13243
13245
13247
13248
13255
13256
13259
13260
13267
13268
13270
13272
13273
13587
13588
13589
13590
13592
13593
13594
13595
13596
13597
13597
13597
13597
13597
13597
13597
7498
7499
7500
7501
7502
7503
7504
7505
7506
7507
7624
7625
7626
7627
7640
7653
13230
13231
13233
13235
13236
13237
13526
13527
13528
13530
13532
13533
13534
13536
13538
13540
13569
13570
13571
13573
13575
13576
13577
13579
13581
13583
13586
13587
13588
13589
13590
13591
13592
13593
13593
13593
13593
13593
13593
13593
13593
13593
13593
13593
13593
13593
13593
13593
7458
7459
7472
7473
7474
7475
7476
7477
7478
7479
7480
7481
7482
7483
7496
7497
13457
13458
13461
13462
13464
13465
13467
13468
13470
13471
13473
13474
13477
13478
13522
13524
13565
13566
13567
13569
13570
13572
13573
13575
13576
13578
13579
13582
13583
13584
13585
13586
7430
7431
7432
7433
7434
7435
7436
7449
7450
7451
7452
7453
7454
7455
7456
7457
13416
13417
13419
13421
13422
13423
13425
13443
13445
13446
13448
13449
13451
13452
13454
13455
13565
13566
13567
13569
13570
13571
13572
13573
13574
13575
13576
13577
13578
13581
13583
13584
7390
7391
7392
7405
7406
7407
7408
7409
7410
7411
7412
7413
7414
7427
7428
7429
13374
13376
13377
13395
13397
13399
13400
13401
13403
13405
13406
13407
13409
13411
13413
13415
13565
13566
13567
13568
13569
13571
13573
13574
13576
13577
13578
13579
13581
13582
13583
13583
7362
7363
7364
7365
7366
7367
7368
7369
7370
7383
7384
7385
7386
7387
7388
7389
13337
13339
13340
13342
13343
13345
13346
13348
13349
13364
13365
13367
13368
13370
13371
13373
13566
13567
13568
13569
13571
13572
13573
13574
13576
13577
13578
13579
13580
13581
13581
13581
7322
7323
7324
7325
7326
7327
7340
7341
7342
7343
7344
7345
7346
7347
7360
7361
13314
13315
13316
13318
13320
13321
13322
13324
13326
13327
13328
13330
13332
13333
13334
13336
13565
13566
13568
13570
13571
13572
13573
13574
13575
13578
13579
13580
13580
13580
13580
13580
7270
7283
7284
7285
7286
7287
7300
7301
7302
7303
7304
7305
7306
7307
7320
7321
13278
13279
13281
13282
13284
13285
13287
13288
13290
13291
13293
13294
13296
13297
13310
13312
13565
13566
13567
13568
13570
13571
13572
13573
13574
13575
13576
13577
13578
13578
13578
13578
7206
7219
7220
7221
7222
7235
7236
7237
7238
7251
7252
7253
7254
7267
7268
7269
13242
13249
13251
13253
13254
13255
13257
13259
13260
13267
13269
13270
13272
13273
13275
13276
13565
13566
13567
13568
13570
13571
13572
13573
13574
13575
13575
13575
13575
13575
13575
13575
7050
7051
7052
7053
7054
7055
7056
7057
7174
7175
7176
7177
7190
7203
7204
7205
13230
13232
13233
13235
13236
13238
13239
13241
13529
13530
13532
13533
13535
13536
13539
13540
13549
13551
13553
13554
13555
13557
13559
13561
13564
13565
13566
13567
13568
13569
13570
13571
7022
7023
7024
7025
7026
7027
7028
7029
7030
7031
7032
7033
7046
7047
7048
7049
13481
13482
13484
13485
13487
13488
13490
13491
13493
13494
13497
13498
13523
13524
13526
13527
13543
13544
13545
13547
13548
13550
13551
13553
13554
13556
13557
13560
13561
13563
13564
13564
6982
6983
6984
6985
6986
6999
7000
7001
7002
7003
7004
7005
7006
7007
7008
7009
13419
13421
13422
13424
13425
13444
13445
13446
13448
13450
13451
13452
13454
13456
13457
13458
13543
13544
13545
13548
13549
13550
13551
13552
13553
13554
13555
13556
13559
13560
13561
13562
6942
6955
6956
6957
6958
6959
6960
6961
6962
6963
6964
6977
6978
6979
6980
6981
13393
13396
13397
13399
13400
13402
13403
13405
13406
13408
13409
13412
13413
13415
13416
13418
13543
13544
13545
13546
13547
13549
13551
13552
13554
13555
13557
13559
13560
13561
13561
13561
6914
6915
6916
6917
6918
6919
6920
6933
6934
6935
6936
6937
6938
6939
6940
6941
13341
13342
13343
13345
13347
13348
13349
13380
13381
13383
13384
13386
13387
13389
13390
13392
13544
13545
13546
13547
13549
13550
13551
13552
13554
13555
13556
13557
13558
13559
13559
13559
6874
6875
6876
6877
6890
6891
6892
6893
6894
6895
6896
6897
6910
6911
6912
6913
13317
13318
13320
13321
13323
13324
13326
13327
13329
13330
13332
13333
13335
13336
13337
13339
13543
13544
13545
13546
13547
13548
13549
13550
13551
13552
13553
13556
13557
13558
13558
13558
6834
6835
6836
6837
6850
6851
6852
6853
6854
6855
6856
6857
6870
6871
6872
6873
13281
13282
13284
13285
13299
13300
13302
13303
13305
13306
13308
13309
13311
13312
13314
13315
13543
13544
13545
13546
13548
13550
13551
13552
13553
13554
13555
13556
13556
13556
13556
13556
6770
6771
6772
6785
6786
6787
6788
6801
6802
6803
6804
6817
6818
6819
6820
6833
13251
13253
13254
13256
13257
13259
13260
13268
13269
13270
13272
13274
13275
13276
13278
13280
13543
13544
13545
13546
13548
13549
13550
13551
13552
13553
13554
13554
13554
13554
13554
13554
6602
6603
6604
6605
6606
6607
6724
6725
6726
6727
6740
6753
6754
6755
6756
6769
13231
13232
13233
13235
13236
13244
13245
13247
13248
13250
13510
13511
13512
13513
13516
13517
13532
13533
13534
13535
13538
13539
13542
13543
13544
13545
13546
13547
13548
13549
13550
13550
6574
6575
6576
6577
6578
6579
6580
6581
6582
6583
6596
6597
6598
6599
6600
6601
13428
13430
13432
13433
13434
13436
13438
13439
13440
13442
13500
13501
13504
13505
13506
13507
13522
13523
13524
13526
13527
13528
13529
13530
13533
13534
13535
13536
13541
13542
13542
13542
6534
6535
6536
6537
6550
6551
6552
6553
6554
6555
6556
6557
6558
6559
6560
6573
13390
13391
13393
13394
13411
13412
13414
13416
13417
13418
13420
13422
13423
13424
13426
13427
13522
13523
13525
13526
13528
13529
13531
13533
13534
13535
13536
13537
13539
13540
13541
13541
6506
6507
6508
6509
6510
6511
6512
6513
6514
6527
6528
6529
6530
6531
6532
6533
13366
13368
13369
13371
13372
13374
13375
13377
13378
13379
13381
13382
13384
13385
13387
13388
13522
13524
13525
13526
13528
13529
13530
13531
13533
13535
13536
13537
13538
13539
13539
13539
6466
6467
6468
6469
6470
6471
6484
6485
6486
6487
6488
6489
6490
6491
6504
6505
13325
13327
13328
13329
13331
13333
13350
13351
13353
13355
13356
13357
13359
13361
13363
13365
13522
13523
13524
13525
13527
13528
13529
13530
13531
13532
13536
13537
13538
13538
13538
13538
6426
6427
6428
6429
6430
6431
6444
6445
6446
6447
6448
6449
6450
6451
6464
6465
13289
13291
13292
13294
13295
13297
13298
13300
13301
13303
13304
13306
13307
13309
13322
13323
13522
13523
13524
13525
13527
13528
13529
13530
13531
13532
13534
13535
13536
13536
13536
13536
6362
6375
6376
6377
6378
6391
6392
6393
6394
6407
6408
6409
6410
6411
6424
6425
13260
13261
13262
13264
13266
13273
13274
13276
13277
13279
13280
13282
13283
13285
13286
13288
13522
13523
13524
13525
13527
13528
13529
13530
13531
13532
13533
13534
13534
13534
13534
13534
6298
6299
6300
6301
6314
6327
6328
6329
6330
6343
6344
6345
6346
6359
6360
6361
13230
13231
13233
13234
13236
13237
13239
13240
13242
13243
13245
13246
13248
13255
13256
13258
13522
13523
13524
13525
13526
13527
13528
13529
13530
13530
13530
13530
13530
13530
13530
13530
6154
6155
6156
6157
6170
6171
6172
6173
6174
6175
6176
6177
6178
6179
6180
6181
13472
13473
13476
13477
13480
13481
13484
13485
13486
13487
13490
13491
13492
13493
13496
13497
13500
13502
13504
13505
13506
13508
13510
13511
13512
13513
13514
13516
13517
13518
13520
13521
6126
6127
6128
6129
6130
6131
6132
6133
6146
6147
6148
6149
6150
6151
6152
6153
13448
13449
13450
13451
13454
13455
13456
13457
13460
13461
13464
13465
13466
13467
13470
13471
13501
13502
13504
13505
13506
13507
13508
13510
13511
13516
13517
13518
13519
13520
13520
13520
6086
6087
6088
6101
6102
6103
6104
6105
6106
6107
6108
6109
6110
6123
6124
6125
13390
13391
13392
13395
13396
13399
13400
13401
13402
13405
13406
13407
13408
13443
13444
13445
13500
13501
13502
13503
13504
13506
13507
13509
13511
13512
13513
13514
13517
13518
13519
13519
6058
6059
6060
6061
6062
6063
6064
6065
6066
6079
6080
6081
6082
6083
6084
6085
13364
13367
13368
13369
13370
13373
13374
13375
13376
13379
13380
13383
13384
13385
13386
13389
13500
13502
13503
13504
13506
13507
13508
13509
13511
13513
13514
13516
13517
13517
13517
13517
6018
6019
6020
6021
6034
6035
6036
6037
6038
6039
6040
6041
6042
6043
6044
6057
13316
13317
13320
13321
13334
13335
13336
13339
13340
13341
13342
13345
13346
13347
13348
13363
13500
13501
13502
13504
13506
13507
13508
13509
13510
13511
13512
13513
13514
13515
13516
13516
5978
5979
5980
5981
5994
5995
5996
5997
5998
5999
6000
6001
6014
6015
6016
6017
13292
13293
13296
13297
13298
13299
13302
13303
13304
13305
13308
13309
13310
13311
13314
13315
13500
13501
13502
13503
13505
13506
13507
13508
13509
13510
13512
13513
13514
13514
13514
13514
5926
5927
5928
5941
5942
5943
5944
5957
5958
5959
5960
5961
5974
5975
5976
5977
13268
13269
13272
13273
13274
13275
13278
13279
13280
13281
13284
13285
13286
13287
13290
13291
13500
13501
13502
13503
13505
13506
13507
13508
13509
13510
13511
13512
13512
13512
13512
13512
5850
5851
5864
5877
5878
5879
5880
5893
5894
5895
5896
5909
5910
5911
5912
5925
13232
13235
13236
13237
13238
13241
13242
13243
13244
13247
13248
13249
13250
13253
13254
13267
13500
13501
13502
13503
13504
13505
13506
13507
13508
13509
13509
13509
13509
13509
13509
13509
5706
5707
5708
5721
5722
5723
5724
5725
5726
5727
5728
5729
5730
5731
5848
5849
13230
13231
13423
13425
13426
13427
13429
13430
13432
13433
13435
13436
13438
13439
13441
13442
13480
13481
13482
13484
13486
13487
13488
13491
13492
13493
13494
13495
13498
13499
13500
13501
13504
13504
13504
13504
13504
13504
13504
13504
13504
13504
13504
13504
13504
13504
13504
13504
5678
5679
5680
5681
5682
5683
5684
5685
5698
5699
5700
5701
5702
5703
5704
5705
13400
13401
13403
13404
13406
13407
13409
13410
13411
13413
13414
13416
13417
13419
13420
13422
13480
13481
13483
13484
13486
13487
13488
13489
13491
13492
13494
13495
13497
13498
13498
13498
5638
5639
5652
5653
5654
5655
5656
5657
5658
5659
5660
5661
5662
5675
5676
5677
13359
13361
13364
13365
13366
13368
13370
13371
13372
13374
13376
13377
13378
13395
13397
13398
13480
13481
13482
13483
13484
13487
13488
13489
13490
13491
13493
13494
13495
13496
13497
13497
5598
5599
5612
5613
5614
5615
5616
5617
5618
5619
5632
5633
5634
5635
5636
5637
13319
13321
13322
13324
13325
13327
13328
13330
13331
13333
13350
13352
13353
13355
13356
13358
13480
13481
13482
13483
13485
13486
13487
13489
13490
13493
13494
13495
13495
13495
13495
13495
5558
5559
5572
5573
5574
5575
5576
5577
5578
5579
5592
5593
5594
5595
5596
5597
13283
13285
13287
13288
13289
13291
13293
13294
13295
13297
13310
13312
13313
13315
13316
13318
13480
13481
13482
13483
13485
13486
13487
13488
13489
13490
13491
13492
13493
13493
13493
13493
5494
5507
5508
5509
5510
5523
5524
5525
5526
5539
5540
5541
5542
5555
5556
5557
13254
13255
13257
13258
13260
13261
13263
13264
13266
13273
13275
13276
13277
13279
13281
13282
13480
13481
13482
13483
13485
13486
13487
13488
13489
13490
13491
13491
13491
13491
13491
13491
5326
5327
5328
5329
5446
5447
5448
5449
5462
5475
5476
5477
5478
5491
5492
5493
13230
13232
13233
13234
13236
13238
13239
13240
13242
13249
13251
13252
13438
13440
13441
13442
13471
13472
13473
13474
13479
13480
13481
13482
13483
13484
13485
13486
13487
13487
13487
13487
5298
5299
5300
5301
5302
5303
5304
5305
5306
5319
5320
5321
5322
5323
5324
5325
13414
13416
13418
13419
13420
13422
13424
13425
13426
13428
13429
13430
13432
13434
13435
13436
13460
13461
13462
13463
13464
13466
13467
13468
13469
13471
13472
13473
13475
13478
13479
13479
5258
5259
5260
5273
5274
5275
5276
5277
5278
5279
5280
5281
5282
5283
5296
5297
13392
13393
13394
13396
13397
13398
13400
13402
13403
13404
13406
13408
13409
13410
13412
13413
13460
13461
13462
13463
13464
13466
13468
13469
13471
13472
13473
13474
13475
13476
13477
13478
5230
5231
5232
5233
5234
5235
5236
5237
5250
5251
5252
5253
5254
5255
5256
5257
13351
13352
13353
13355
13357
13358
13359
13361
13380
13381
13382
13384
13386
13387
13388
13390
13460
13461
13462
13463
13464
13465
13466
13467
13468
13469
13470
13471
13475
13476
13476
13476
5190
5191
5192
5193
5194
5195
5196
5197
5210
5211
5212
5213
5214
5215
5216
5217
13311
13312
13313
13315
13317
13318
13319
13321
13323
13324
13325
13327
13329
13330
13331
13333
13460
13461
13462
13463
13465
13466
13467
13468
13469
13470
13473
13474
13474
13474
13474
13474
5138
5139
5140
5153
5154
5155
5156
5157
5170
5171
5172
5173
5174
5175
5176
5177
13275
13276
13277
13280
13281
13282
13283
13285
13299
13300
13301
13303
13305
13306
13307
13309
13461
13462
13463
13465
13466
13467
13468
13469
13470
13471
13472
13472
13472
13472
13472
13472
5074
5075
5076
5089
5090
5091
5092
5105
5106
5107
5108
5121
5122
5123
5124
5137
13245
13246
13248
13250
13251
13252
13254
13256
13257
13258
13260
13262
13263
13264
13266
13274
13460
13461
13462
13463
13465
13466
13467
13468
13469
13470
13470
13470
13470
13470
13470
13470
4906
4907
4920
4921
4922
4923
4924
4925
4926
4927
5044
5045
5046
5047
5060
5073
13231
13232
13233
13234
13236
13244
13419
13420
13427
13428
13429
13430
13433
13434
13435
13436
13443
13444
13445
13446
13449
13450
13451
13452
13453
13458
13459
13460
13461
13462
13463
13464
13465
13466
13466
13466
13466
13466
13466
13466
13466
13466
13466
13466
13466
13466
13466
13466
4866
4867
4880
4881
4882
4883
4884
4885
4886
4887
4900
4901
4902
4903
4904
4905
13387
13388
13395
13396
13397
13398
13401
13402
13403
13404
13411
13412
13413
13414
13417
13418
13443
13444
13445
13446
13447
13449
13450
13452
13453
13456
13457
13458
13458
13458
13458
13458
4826
4827
4840
4841
4842
4843
4844
4845
4846
4847
4860
4861
4862
4863
4864
4865
13276
13277
13363
13364
13365
13366
13369
13370
13371
13372
13379
13380
13381
13382
13385
13386
13443
13444
13445
13446
13447
13449
13450
13451
13452
13453
13454
13455
13456
13456
13456
13456
4774
4775
4776
4789
4790
4791
4792
4793
4806
4807
4808
4809
4810
4823
4824
4825
13251
13252
13254
13255
13256
13257
13258
13260
13261
13262
13263
13264
13266
13273
13274
13275
13443
13444
13445
13446
13447
13448
13451
13452
13453
13454
13454
13454
13454
13454
13454
13454
4594
4595
4596
4597
4738
4739
4740
4741
4742
4755
4756
4757
4758
4759
4772
4773
13237
13238
13239
13240
13242
13243
13244
13245
13246
13248
13249
13250
13328
13329
13330
13332
13433
13434
13435
13437
13442
13443
13444
13445
13446
13447
13448
13449
13450
13451
13451
13451
4554
4555
4556
4557
4570
4571
4572
4573
4574
4575
4576
4577
4590
4591
4592
4593
13304
13305
13306
13308
13310
13311
13312
13314
13316
13317
13318
13320
13322
13323
13324
13326
13427
13428
13429
13430
13431
13433
13434
13435
13436
13437
13440
13441
13442
13442
13442
13442
4514
4515
4516
4517
4530
4531
4532
4533
4534
4535
4536
4537
4550
4551
4552
4553
13280
13281
13282
13284
13286
13287
13288
13290
13292
13293
13294
13296
13298
13299
13300
13302
13427
13428
13429
13430
13431
13434
13435
13436
13437
13438
13439
13440
13440
13440
13440
13440
4450
4451
4452
4465
4466
4467
4468
4481
4482
4483
4484
4497
4498
4499
4500
4513
13244
13245
13247
13249
13250
13251
13253
13255
13256
13257
13259
13267
13268
13269
13270
13279
13427
13428
13429
13430
13431
13433
13434
13435
13436
13437
13438
13438
13438
13438
13438
13438
4282
4283
4284
4285
4286
4287
4416
4417
4418
4419
4420
4433
4434
4435
4436
4449
13230
13231
13232
13233
13235
13237
13238
13239
13241
13243
13352
13354
13356
13357
13358
13360
13413
13415
13417
13418
13419
13421
13426
13427
13428
13429
13430
13431
13432
13433
13434
13434
4242
4243
4244
4245
4246
4247
4260
4261
4262
4263
4264
4265
4266
4267
4280
4281
13301
13302
13304
13305
13307
13308
13310
13311
13313
13314
13316
13317
13319
13320
13350
13351
13411
13412
13414
13415
13417
13418
13419
13420
13421
13424
13425
13426
13426
13426
13426
13426
4190
4203
4204
4205
4206
4207
4220
4221
4222
4223
4224
4225
4226
4227
4240
4241
13271
13279
13280
13281
13283
13284
13286
13287
13289
13290
13292
13293
13295
13296
13298
13299
13411
13412
13413
13414
13415
13417
13418
13419
13420
13421
13422
13423
13424
13424
13424
13424
4126
4139
4140
4141
4142
4155
4156
4157
4158
4171
4172
4173
4174
4187
4188
4189
13241
13243
13244
13246
13247
13249
13250
13252
13253
13261
13262
13263
13265
13267
13268
13269
13411
13412
13413
13414
13415
13417
13418
13419
13420
13421
13421
13421
13421
13421
13421
13421
3970
3971
3972
3973
3974
3975
3976
3977
4106
4107
4108
4109
4110
4123
4124
4125
13230
13231
13232
13234
13235
13237
13238
13240
13350
13351
13353
13354
13356
13357
13359
13360
13395
13396
13397
13399
13401
13402
13403
13405
13410
13411
13412
13413
13414
13415
13416
13417
3930
3931
3932
3933
3934
3935
3936
3937
3950
3951
3952
3953
3954
3955
3956
3957
13298
13300
13301
13302
13304
13306
13307
13308
13322
13323
13325
13326
13328
13329
13331
13332
13395
13396
13397
13398
13399
13401
13402
13403
13404
13405
13408
13409
13409
13409
13409
13409
3878
3879
3880
3893
3894
3895
3896
3897
3910
3911
3912
3913
3914
3915
3916
3917
13268
13270
13271
13279
13280
13282
13283
13284
13286
13288
13289
13290
13292
13294
13295
13296
13396
13397
13398
13399
13401
13402
13403
13404
13405
13406
13407
13407
13407
13407
13407
13407
3814
3815
3816
3829
3830
3831
3832
3845
3846
3847
3848
3861
3862
3863
3864
3877
13239
13240
13241
13243
13245
13246
13247
13255
13256
13258
13259
13261
13262
13264
13265
13267
13395
13396
13397
13398
13399
13401
13402
13403
13404
13405
13405
13405
13405
13405
13405
13405
3646
3647
3660
3661
3662
3663
3664
3665
3666
3667
3796
3797
3798
3799
3800
3813
13230
13231
13233
13234
13235
13237
13331
13332
13350
13352
13353
13354
13356
13358
13359
13360
13379
13380
13381
13383
13385
13386
13387
13388
13389
13393
13394
13395
13396
13397
13398
13399
13400
13401
13401
13401
13401
13401
13401
13401
13401
13401
13401
13401
13401
13401
13401
13401
3606
3607
3620
3621
3622
3623
3624
3625
3626
3627
3640
3641
3642
3643
3644
3645
13295
13296
13310
13312
13313
13314
13316
13318
13319
13320
13322
13324
13325
13326
13328
13330
13379
13380
13381
13382
13383
13385
13386
13387
13388
13389
13391
13392
13393
13393
13393
13393
3554
3567
3568
3569
3570
3583
3584
3585
3586
3587
3600
3601
3602
3603
3604
3605
13265
13267
13269
13270
13271
13279
13281
13282
13283
13284
13287
13288
13289
13290
13293
13294
13379
13380
13381
13382
13383
13385
13386
13387
13388
13389
13390
13391
13391
13391
13391
13391
3490
3503
3504
3505
3506
3519
3520
3521
3522
3535
3536
3537
3538
3551
3552
3553
13235
13238
13239
13240
13241
13249
13251
13252
13253
13255
13257
13258
13259
13261
13263
13264
13379
13380
13381
13382
13383
13384
13385
13386
13387
13388
13388
13388
13388
13388
13388
13388
3334
3335
3336
3337
3350
3351
3352
3353
3354
3355
3356
3357
3486
3487
3488
3489
13230
13232
13233
13234
13329
13330
13331
13332
13351
13352
13353
13354
13357
13358
13359
13360
13363
13364
13365
13367
13369
13370
13371
13372
13373
13377
13378
13379
13380
13381
13382
13384
3294
3295
3296
3297
3310
3311
3312
3313
3314
3315
3316
3317
3330
3331
3332
3333
13305
13306
13307
13308
13311
13312
13313
13314
13317
13318
13319
13320
13323
13324
13325
13326
13363
13364
13365
13366
13367
13369
13370
13371
13372
13373
13375
13376
13377
13377
13377
13377
3242
3243
3244
3257
3258
3259
3260
3273
3274
3275
3276
3277
3290
3291
3292
3293
13263
13264
13265
13268
13269
13270
13271
13280
13281
13282
13283
13284
13299
13300
13301
13302
13363
13364
13365
13366
13367
13369
13370
13371
13372
13373
13374
13375
13375
13375
13375
13375
3178
3179
3180
3193
3194
3195
3196
3209
3210
3211
3212
3225
3226
3227
3228
3241
13233
13234
13235
13244
13245
13246
13247
13250
13251
13252
13253
13256
13257
13258
13259
13262
13363
13364
13365
13366
13367
13368
13369
13370
13371
13372
13372
13372
13372
13372
13372
13372
3010
3023
3024
3025
3026
3027
3040
3041
3042
3043
3044
3045
3046
3047
3176
3177
13231
13232
13272
13273
13274
13275
13276
13278
13334
13335
13336
13337
13340
13341
13342
13343
13350
13351
13352
13353
13354
13355
13356
13357
13358
13359
13360
13361
13362
13363
13364
13368
2958
2959
2972
2973
2974
2975
2976
2989
2990
2991
2992
2993
3006
3007
3008
3009
13247
13248
13249
13250
13251
13253
13254
13255
13256
13257
13259
13260
13267
13268
13269
13270
13350
13351
13352
13353
13354
13355
13357
13358
13359
13360
13360
13360
13360
13360
13360
13360
2790
2791
2792
2793
2794
2795
2796
2797
2938
2939
2940
2941
2942
2955
2956
2957
13237
13238
13239
13241
13242
13243
13244
13245
13322
13323
13324
13325
13328
13329
13330
13331
13334
13335
13336
13338
13340
13341
13342
13344
13349
13350
13351
13352
13353
13354
13355
13356
13357
13357
13357
13357
13357
13357
13357
13357
13357
13357
13357
13357
13357
13357
13357
13357
2750
2751
2752
2753
2754
2755
2756
2757
2770
2771
2772
2773
2774
2775
2776
2777
13298
13299
13300
13301
13304
13305
13306
13307
13310
13311
13312
13313
13316
13317
13318
13319
13334
13335
13336
13337
13338
13340
13341
13342
13343
13344
13347
13348
13348
13348
13348
13348
2698
2699
2700
2713
2714
2715
2716
2717
2730
2731
2732
2733
2734
2735
2736
2737
13262
13263
13264
13279
13280
13281
13282
13283
13286
13287
13288
13289
13292
13293
13294
13295
13335
13336
13337
13338
13340
13341
13342
13343
13344
13345
13346
13346
13346
13346
13346
13346
2634
2635
2636
2649
2650
2651
2652
2665
2666
2667
2668
2681
2682
2683
2684
2697
13238
13239
13240
13243
13244
13245
13246
13249
13250
13251
13252
13255
13256
13257
13258
13261
13334
13335
13336
13337
13338
13340
13341
13342
13343
13344
13344
13344
13344
13344
13344
13344
2466
2467
2468
2469
2470
2483
2484
2485
2486
2487
2616
2617
2618
2619
2620
2633
13230
13231
13232
13233
13234
13237
13267
13268
13269
13271
13272
13273
13274
13275
13277
13278
13322
13323
13324
13325
13326
13327
13332
13333
13334
13335
13336
13337
13338
13339
13340
13340
2402
2415
2416
2417
2418
2419
2432
2433
2434
2435
2436
2449
2450
2451
2452
2453
13242
13243
13244
13246
13247
13248
13249
13250
13252
13253
13254
13261
13262
13263
13265
13266
13322
13323
13324
13325
13326
13327
13328
13329
13330
13331
13331
13331
13331
13331
13331
13331
2222
2223
2236
2237
2238
2239
2240
2253
2254
2255
2256
2257
2398
2399
2400
2401
13237
13238
13240
13241
13265
13266
13267
13268
13270
13271
13272
13273
13274
13276
13277
13278
13310
13311
13312
13313
13314
13315
13319
13320
13321
13323
13324
13325
13326
13328
13328
13328
2170
2171
2172
2185
2186
2187
2188
2189
2202
2203
2204
2205
2206
2219
2220
2221
13240
13241
13242
13243
13245
13246
13247
13248
13255
13256
13258
13259
13260
13261
13262
13264
13310
13311
13312
13313
13314
13315
13316
13317
13318
13319
13319
13319
13319
13319
13319
13319
1990
1991
1992
1993
2006
2007
2008
2009
2010
2023
2024
2025
2026
2027
2168
2169
13237
13239
13263
13264
13265
13266
13267
13269
13270
13271
13272
13273
13275
13276
13277
13278
13298
13299
13300
13301
13302
13303
13307
13308
13309
13311
13312
13316
13316
13316
13316
13316
1938
1939
1940
1941
1942
1955
1956
1957
1958
1959
1972
1973
1974
1975
1976
1989
13238
13239
13240
13241
13242
13249
13251
13252
13253
13254
13255
13257
13258
13259
13260
13261
13298
13299
13300
13301
13302
13303
13304
13305
13306
13307
13307
13307
13307
13307
13307
13307
1746
1759
1760
1761
1762
1763
1776
1777
1778
1779
1780
1793
1794
1795
1796
1797
13260
13262
13263
13264
13265
13266
13268
13269
13270
13271
13272
13274
13275
13276
13277
13278
13286
13287
13288
13289
13290
13291
13294
13295
13296
13297
13297
13297
13297
13297
13297
13297
1708
1709
1710
1711
1712
1725
1726
1727
1728
1729
1742
1743
1744
1745
12626
12627
13201
13202
13227
13228
13229
13244
13245
13246
13247
13248
13250
13251
13252
13253
13254
13256
13257
13258
13259
13286
13287
13288
13289
13290
13291
13292
13293
13294
13294
13294
13294
13294
12598
12599
12600
12601
12602
12603
12604
12605
12608
12609
12610
12611
12622
12623
12624
12625
13173
13174
13175
13176
13177
13178
13179
13180
13183
13184
13185
13186
13197
13198
13199
13200
13203
13204
13205
13206
13209
13210
13211
13212
13216
13219
13220
13223
13224
13225
13226
13227
13228
13229
13229
13229
13229
13229
13229
13229
13229
13229
13229
13229
13229
13229
13229
13229
12560
12561
12562
12573
12574
12575
12576
12577
12578
12579
12580
12583
12584
12585
12586
12597
13135
13136
13137
13148
13149
13150
13151
13152
13153
13154
13155
13158
13159
13160
13161
13172
13203
13204
13207
13208
13209
13210
13212
13213
13214
13215
13217
13218
13221
13222
13227
13228
12530
12531
12534
12535
12536
12537
12548
12549
12550
12551
12552
12553
12554
12555
12556
12559
13105
13106
13109
13110
13111
13112
13123
13124
13125
13126
13127
13128
13129
13130
13131
13134
13205
13206
13207
13208
13209
13211
13213
13214
13215
13218
13219
13221
13225
13226
13227
13227
12502
12503
12504
12505
12506
12507
12510
12511
12512
12513
12524
12525
12526
12527
12528
12529
13077
13078
13079
13080
13081
13082
13085
13086
13087
13088
13099
13100
13101
13102
13103
13104
13203
13204
13205
13206
13207
13208
13210
13212
13213
13214
13216
13217
13220
13221
13222
13223
13224
13225
13226
13226
13226
13226
13226
13226
13226
13226
13226
13226
13226
13226
13226
13226
12464
12475
12476
12477
12478
12479
12480
12481
12482
12485
12486
12487
12488
12499
12500
12501
13039
13050
13051
13052
13053
13054
13055
13056
13057
13060
13061
13062
13063
13074
13075
13076
13204
13205
13207
13208
13210
13211
13213
13214
13215
13216
13217
13218
13219
13220
13222
13223
13224
13224
13224
13224
13224
13224
13224
13224
13224
13224
13224
13224
13224
13224
13224
13224
12434
12435
12438
12439
12440
12441
12452
12453
12454
12455
12456
12457
12458
12461
12462
12463
13009
13010
13013
13014
13015
13016
13027
13028
13029
13030
13031
13032
13033
13036
13037
13038
13203
13205
13206
13207
13208
13209
13210
13211
13212
13213
13219
13220
13221
13222
13223
13223
12396
12397
12408
12409
12410
12411
12412
12413
12416
12417
12418
12419
12430
12431
12432
12433
12971
12972
12983
12984
12985
12986
12987
12988
12991
12992
12993
12994
13005
13006
13007
13008
13203
13204
13206
13208
13209
13210
13212
13214
13215
13216
13218
13220
13221
13222
13222
13222
12366
12367
12368
12369
12372
12373
12374
12375
12386
12387
12388
12389
12390
12391
12394
12395
12941
12942
12943
12944
12947
12948
12949
12950
12961
12962
12963
12964
12965
12966
12969
12970
13203
13204
13205
13206
13208
13209
13210
13211
13212
13214
13216
13218
13219
13220
13220
13220
12326
12329
12330
12331
12332
12343
12344
12345
12346
12347
12348
12351
12352
12353
12354
12365
12901
12904
12905
12906
12907
12918
12919
12920
12921
12922
12923
12926
12927
12928
12929
12940
13203
13204
13206
13207
13208
13209
13210
13211
13212
13213
13214
13215
13216
13217
13218
13218
12286
12289
12290
12291
12292
12303
12304
12305
12306
12309
12310
12311
12312
12323
12324
12325
12861
12864
12865
12866
12867
12878
12879
12880
12881
12884
12885
12886
12887
12898
12899
12900
13203
13204
13205
13206
13207
13209
13210
13211
13212
13213
13215
13216
13217
13217
13217
13217
12080
12081
12082
12084
12085
12086
12087
12088
12090
12091
12092
12093
12094
12283
12284
12285
12651
12652
12653
12656
12657
12658
12659
12660
12663
12664
12665
12666
12667
12858
12859
12860
13203
13204
13205
13206
13207
13208
13212
13213
13214
13215
13215
13215
13215
13215
13215
13215
12061
12062
12063
12064
12066
12067
12068
12069
12070
12072
12073
12074
12075
12076
12078
12079
12629
12630
12631
12632
12635
12636
12637
12638
12639
12642
12643
12644
12645
12646
12649
12650
13203
13204
13205
13206
13207
13208
13209
13210
13211
13212
13212
13212
13212
13212
13212
13212
12026
12027
12028
12029
12030
12031
12034
12035
12036
12037
12048
12049
12050
12051
12052
12060
12628
13144
13145
13152
13153
13156
13157
13158
13159
13162
13163
13164
13165
13168
13169
13176
13177
13178
13181
13182
13183
13184
13187
13188
13189
13190
13193
13194
13195
13196
13201
13202
13204
13209
13209
13209
13209
13209
13209
13209
13209
13209
13209
13209
13209
13209
13209
13209
11988
11999
12000
12001
12002
12003
12004
12005
12006
12007
12010
12011
12012
12013
12024
12025
13114
13115
13116
13119
13120
13127
13128
13129
13132
13133
13134
13135
13138
13139
13140
13141
13179
13180
13181
13182
13185
13186
13187
13188
13189
13191
13192
13193
13195
13199
13200
13201
11958
11961
11962
11963
11964
11975
11976
11977
11978
11979
11980
11981
11982
11985
11986
11987
13084
13085
13086
13089
13090
13091
13092
13095
13096
13103
13104
13107
13108
13109
13110
13113
13177
13179
13181
13182
13183
13184
13185
13186
13187
13188
13190
13192
13194
13196
13199
13200
11930
11931
11932
11933
11936
11937
11938
11939
11950
11951
11952
11953
11954
11955
11956
11957
13054
13055
13058
13059
13060
13061
13064
13065
13066
13067
13070
13071
13078
13079
13080
13083
13178
13179
13180
13181
13182
13184
13185
13187
13188
13190
13191
13194
13195
13197
13198
13199
11892
11903
11904
11905
11906
11907
11908
11909
11912
11913
11914
11915
11926
11927
11928
11929
12820
12821
12822
12823
13030
13031
13034
13035
13036
13037
13040
13041
13042
13043
13046
13047
13177
13180
13181
13182
13183
13186
13187
13188
13189
13190
13191
13192
13193
13196
13197
13197
11862
11863
11866
11867
11868
11869
11880
11881
11882
11883
11884
11885
11886
11889
11890
11891
12795
12798
12799
12800
12801
12804
12805
12806
12807
12809
12810
12811
12814
12815
12816
12817
13177
13178
13179
13180
13182
13183
13184
13185
13186
13188
13189
13190
13192
13195
13196
13196
11834
11835
11836
11837
11838
11839
11840
11843
11844
11845
11846
11857
11858
11859
11860
11861
12773
12774
12775
12777
12778
12779
12782
12783
12784
12785
12788
12789
12790
12791
12793
12794
13177
13178
13179
13180
13182
13183
13185
13186
13188
13189
13190
13191
13192
13193
13194
13195
11794
11795
11796
11797
11800
11801
11802
11803
11814
11815
11816
11817
11820
11821
11822
11823
12720
12721
12722
12725
12726
12727
12728
12731
12761
12762
12763
12766
12767
12768
12769
12772
13177
13178
13179
13180
13181
13182
13183
13184
13185
13186
13187
13188
13192
13193
13193
13193
11754
11755
11756
11757
11760
11761
11762
11763
11774
11775
11776
11777
11780
11781
11782
11783
12696
12697
12698
12701
12702
12703
12704
12707
12708
12709
12710
12713
12714
12715
12716
12719
13177
13178
13179
13180
13181
13183
13184
13185
13186
13187
13190
13191
13191
13191
13191
13191
11537
11538
11539
11541
11542
11543
11544
11545
11734
11735
11736
11737
11740
11741
11742
11743
12672
12673
12676
12677
12678
12679
12680
12683
12684
12685
12686
12689
12690
12691
12692
12695
13177
13178
13179
13180
13181
13182
13184
13185
13186
13187
13188
13189
13189
13189
13189
13189
11518
11519
11520
11521
11523
11524
11525
11526
11527
11529
11530
11531
11532
11533
11535
11536
12636
12637
12640
12641
12642
12643
12644
12647
12648
12649
12650
12651
12654
12655
12670
12671
13177
13178
13179
13180
13181
13182
13184
13185
13186
13187
13187
13187
13187
13187
13187
13187
11482
11483
11486
11487
11488
11489
11500
11501
11502
11503
11511
11512
11513
11514
11515
11517
12628
12629
12630
12633
12634
12635
13132
13133
13136
13137
13138
13139
13142
13143
13146
13147
13156
13157
13160
13161
13162
13163
13166
13167
13170
13171
13176
13177
13178
13179
13180
13181
13182
13183
13184
13184
13184
13184
13184
13184
13184
13184
13184
13184
13184
13184
13184
13184
11454
11455
11456
11457
11458
11461
11462
11463
11464
11475
11476
11477
11478
11479
11480
11481
12961
12963
12966
12967
12968
12969
12972
12973
12974
12975
12978
12979
12982
12983
13130
13131
13152
13154
13155
13156
13157
13158
13161
13162
13163
13164
13166
13168
13171
13172
13173
13174
13175
13176
13176
13176
13176
13176
13176
13176
13176
13176
13176
13176
13176
13176
13176
13176
11426
11427
11428
11429
11430
11431
11432
11433
11436
11437
11438
11439
11450
11451
11452
11453
12890
12893
12894
12897
12941
12944
12945
12946
12947
12950
12951
12952
12953
12956
12957
12960
13153
13155
13156
13157
13159
13161
13162
13163
13164
13165
13166
13167
13168
13169
13170
13171
13173
13174
13174
13174
13174
13174
13174
13174
13174
13174
13174
13174
13174
13174
13174
13174
11388
11389
11390
11391
11402
11403
11404
11405
11406
11407
11408
11409
11412
11413
11414
11415
12864
12867
12868
12869
12870
12873
12874
12877
12878
12881
12882
12883
12884
12887
12888
12889
13152
13154
13156
13157
13158
13159
13160
13162
13163
13165
13167
13169
13170
13172
13173
13173
11358
11359
11360
11361
11362
11365
11366
11367
11368
11379
11380
11381
11382
11383
11384
11385
12838
12841
12842
12845
12846
12847
12848
12851
12852
12853
12854
12857
12858
12861
12862
12863
13152
13153
13154
13156
13157
13158
13159
13160
13162
13165
13168
13169
13170
13171
13172
13172
11318
11321
11322
11323
11324
11335
11336
11337
11338
11339
11340
11343
11344
11345
11346
11357
12782
12783
12786
12787
12788
12789
12792
12825
12826
12829
12830
12831
12832
12835
12836
12837
13152
13153
13155
13157
13158
13159
13160
13161
13163
13164
13167
13169
13170
13170
13170
13170
11280
11281
11292
11293
11294
11295
11296
11299
11300
11301
11302
11313
11314
11315
11316
11317
12758
12759
12760
12761
12764
12765
12766
12767
12770
12771
12772
12773
12776
12777
12780
12781
13152
13153
13154
13155
13157
13159
13160
13161
13162
13163
13165
13166
13167
13168
13169
13169
11250
11251
11252
11253
11256
11257
11258
11259
11270
11271
11272
11273
11274
11275
11278
11279
12732
12733
12736
12737
12738
12739
12742
12743
12744
12745
12748
12749
12752
12753
12754
12755
13152
13153
13154
13155
13156
13157
13158
13159
13160
13163
13164
13165
13166
13167
13167
13167
11210
11211
11212
11213
11216
11217
11218
11219
11230
11231
11232
11233
11236
11237
11238
11239
12684
12687
12688
12689
12690
12693
12694
12695
12696
12699
12700
12701
12702
12705
12706
12707
13152
13153
13154
13155
13156
13158
13159
13160
13161
13162
13164
13165
13165
13165
13165
13165
11003
11005
11006
11007
11008
11009
11011
11012
11013
11014
11015
11017
11018
11019
11020
11021
12662
12663
12664
12667
12668
12669
12670
12671
12674
12675
12676
12677
12678
12681
12682
12683
13152
13153
13154
13155
13156
13157
13160
13161
13162
13163
13163
13163
13163
13163
13163
13163
10978
10979
10987
10988
10989
10990
10991
10993
10994
10995
10996
10997
10999
11000
11001
11002
12628
12631
12632
12633
12634
12635
12638
12639
12640
12641
12656
12657
12660
12661
13026
13029
13146
13150
13151
13152
13153
13154
13155
13156
13157
13158
13159
13160
13160
13160
13160
13160
10940
10951
10952
10953
10954
10955
10956
10957
10958
10961
10962
10963
10964
10975
10976
10977
12996
12999
13000
13003
13004
13009
13010
13011
13012
13015
13016
13017
13018
13021
13022
13025
13128
13130
13132
13133
13134
13136
13138
13139
13140
13141
13142
13143
13144
13145
13147
13150
13151
13151
13151
13151
13151
13151
13151
13151
13151
13151
13151
13151
13151
13151
13151
13151
10912
10913
10914
10915
10926
10927
10928
10929
10930
10931
10932
10933
10934
10937
10938
10939
12928
12929
12930
12931
12934
12935
12938
12939
12940
12987
12988
12989
12990
12993
12994
12995
13129
13131
13132
13133
13135
13136
13137
13138
13139
13141
13143
13145
13146
13148
13149
13150
10882
10883
10884
10885
10888
10889
10890
10891
10902
10903
10904
10905
10906
10907
10908
10909
12900
12901
12902
12903
12906
12907
12908
12909
12912
12913
12916
12917
12922
12923
12924
12925
13128
13129
13130
13131
13132
13133
13134
13137
13138
13139
13140
13142
13144
13147
13148
13149
10844
10845
10846
10857
10858
10859
10860
10861
10862
10865
10866
10867
10868
10879
10880
10881
12834
12835
12836
12839
12840
12843
12844
12845
12846
12849
12850
12851
12852
12855
12856
12857
13128
13129
13130
13132
13134
13135
13136
13137
13138
13139
13140
13141
13144
13145
13146
13147
10814
10815
10816
10817
10818
10821
10822
10823
10824
10835
10836
10837
10838
10839
10840
10843
12808
12811
12812
12813
12814
12817
12818
12819
12820
12823
12824
12827
12828
12829
12830
12833
13128
13129
13130
13131
13133
13134
13136
13137
13139
13140
13143
13144
13145
13146
13146
13146
10774
10775
10778
10779
10780
10781
10792
10793
10794
10795
10796
10799
10800
10801
10802
10813
12752
12753
12756
12757
12758
12759
12760
12795
12796
12797
12798
12801
12802
12803
12804
12807
13129
13130
13131
13132
13133
13134
13135
13136
13137
13138
13139
13141
13142
13143
13144
13144
10736
10737
10738
10739
10750
10751
10752
10753
10756
10757
10758
10759
10770
10771
10772
10773
12728
12729
12730
12731
12734
12735
12736
12737
12740
12741
12742
12743
12746
12747
12750
12751
13128
13129
13130
13133
13134
13135
13136
13137
13138
13139
13140
13141
13142
13143
13143
13143
10518
10519
10520
10521
10710
10711
10712
10713
10716
10717
10718
10719
10730
10731
10732
10733
12680
12681
12682
12683
12710
12711
12712
12713
12716
12717
12718
12719
12722
12723
12724
12725
13128
13129
13130
13131
13132
13135
13136
13137
13138
13139
13140
13141
13141
13141
13141
13141
10499
10500
10501
10502
10503
10505
10506
10507
10508
10509
10511
10512
10513
10514
10515
10517
12658
12659
12660
12661
12662
12665
12666
12667
12668
12669
12672
12673
12674
12675
12676
12679
13128
13129
13130
13131
13132
13133
13136
13137
13138
13139
13139
13139
13139
13139
13139
13139
10464
10465
10476
10477
10478
10479
10487
10488
10489
10490
10491
10493
10494
10495
10496
10497
12644
12645
12646
12647
12648
12651
12652
12653
12654
12655
13089
13090
13093
13094
13097
13098
13113
13114
13117
13118
13121
13122
13127
13128
13129
13130
13131
13132
13133
13134
13135
13135
10434
10437
10438
10439
10440
10451
10452
10453
10454
10455
10456
10457
10458
10459
10462
10463
12990
12991
12994
12995
12996
12997
13000
13001
13004
13005
13081
13082
13083
13084
13087
13088
13105
13106
13107
13108
13109
13111
13112
13113
13114
13115
13117
13119
13122
13123
13126
13127
10406
10407
10408
10409
10412
10413
10414
10415
10426
10427
10428
10429
10430
10431
10432
10433
12942
12944
12945
12946
12948
12950
12951
12952
12954
12956
12958
12960
12962
12985
12988
12989
13103
13104
13106
13107
13108
13110
13112
13113
13114
13116
13117
13120
13122
13124
13125
13126
10378
10379
10380
10381
10382
10383
10384
10385
10388
10389
10390
10391
10402
10403
10404
10405
12871
12873
12875
12877
12920
12923
12924
12925
12926
12929
12930
12931
12932
12935
12936
12939
13103
13105
13107
13108
13109
13111
13113
13114
13115
13116
13118
13119
13120
13121
13123
13124
10338
10341
10342
10343
10344
10355
10356
10357
10358
10359
10360
10361
10364
10365
10366
10367
12846
12847
12849
12851
12852
12853
12855
12857
12859
12861
12862
12863
12865
12867
12868
12869
13104
13105
13107
13108
13109
13110
13111
13113
13114
13119
13120
13121
13122
13123
13123
13123
10300
10311
10312
10313
10314
10315
10316
10319
10320
10321
10322
10333
10334
10335
10336
10337
12804
12805
12808
12825
12827
12829
12830
12831
12833
12835
12836
12837
12839
12841
12843
12845
13103
13104
13105
13106
13108
13109
13110
13112
13114
13115
13116
13118
13120
13121
13122
13122
10270
10271
10272
10275
10276
10277
10278
10289
10290
10291
10292
10293
10294
10297
10298
10299
12764
12765
12766
12768
12770
12771
12772
12774
12776
12793
12796
12797
12798
12799
12802
12803
13103
13105
13106
13108
13109
13110
13111
13112
13114
13116
13118
13119
13120
13120
13120
13120
10232
10233
10234
10235
10246
10247
10248
10249
10250
10251
10254
10255
10256
10257
10268
10269
12738
12740
12742
12743
12744
12746
12748
12750
12752
12753
12754
12756
12758
12759
12760
12762
13103
13104
13106
13107
13109
13110
13111
13112
13113
13114
13115
13116
13117
13118
13119
13119
10192
10193
10194
10195
10206
10207
10208
10209
10212
10213
10214
10215
10226
10227
10228
10229
12691
12693
12694
12695
12708
12711
12712
12713
12714
12717
12718
12719
12732
12734
12736
12737
13103
13104
13105
13106
13107
13108
13109
13110
13111
13112
13113
13115
13116
13117
13117
13117
9984
9985
9987
9988
9989
9990
9991
9993
9994
9995
9996
9997
10186
10187
10188
10189
12668
12669
12670
12672
12674
12675
12676
12677
12679
12681
12682
12683
12685
12687
12688
12689
13103
13104
13105
13106
13107
13108
13112
13113
13114
13115
13115
13115
13115
13115
13115
13115
9965
9966
9967
9969
9970
9971
9972
9973
9975
9976
9977
9978
9979
9981
9982
9983
12632
12633
12634
12642
12645
12646
12647
12648
12656
12658
12660
12661
12662
12663
12665
12667
13103
13104
13105
13106
13107
13108
13109
13110
13111
13112
13112
13112
13112
13112
13112
13112
9930
9931
9932
9933
9934
9937
9938
9939
9940
9951
9952
9953
9954
9955
9963
9964
12629
12631
12982
13008
13010
13011
13012
13014
13016
13017
13018
13020
13022
13024
13026
13028
13079
13081
13083
13084
13085
13087
13089
13090
13091
13094
13095
13097
13098
13101
13102
13104
13105
13109
13109
13109
13109
13109
13109
13109
13109
13109
13109
13109
13109
13109
13109
13109
9902
9903
9904
9905
9906
9907
9908
9909
9910
9913
9914
9915
9916
9927
9928
9929
12911
12913
12915
12917
12919
12965
12966
12967
12968
12971
12972
12973
12974
12977
12978
12981
13080
13082
13083
13084
13086
13088
13089
13090
13091
13092
13093
13095
13096
13098
13099
13100
13101
13101
13101
13101
13101
13101
13101
13101
13101
13101
13101
13101
13101
13101
13101
13101
9864
9865
9866
9867
9878
9879
9880
9881
9882
9883
9884
9885
9888
9889
9890
9891
12886
12887
12888
12889
12892
12893
12896
12897
12899
12901
12902
12903
12905
12907
12908
12909
13079
13082
13083
13084
13085
13086
13087
13088
13089
13090
13092
13094
13096
13097
13099
13100
9834
9835
9836
9837
9838
9841
9842
9843
9844
9855
9856
9857
9858
9859
9860
9861
12840
12842
12844
12845
12846
12848
12850
12851
12852
12854
12856
12857
12880
12881
12882
12883
13079
13080
13081
13083
13084
13085
13086
13087
13089
13092
13095
13096
13097
13098
13099
13099
9794
9797
9798
9799
9800
9811
9812
9813
9814
9815
9816
9819
9820
9821
9822
9833
12814
12816
12818
12819
12820
12822
12824
12826
12828
12829
12830
12832
12834
12835
12836
12838
13079
13080
13082
13084
13085
13086
13087
13088
13090
13091
13094
13096
13097
13097
13097
13097
9756
9757
9768
9769
9770
9771
9772
9775
9776
9777
9778
9789
9790
9791
9792
9793
12758
12759
12760
12779
12780
12781
12782
12785
12786
12787
12788
12791
12792
12810
12812
12813
13079
13080
13081
13082
13084
13086
13087
13088
13089
13090
13092
13093
13094
13095
13096
13096
9726
9727
9728
9729
9732
9733
9734
9735
9746
9747
9748
9749
9750
9751
9754
9755
12733
12735
12736
12737
12739
12741
12742
12743
12745
12747
12749
12751
12752
12753
12755
12757
13079
13080
13081
13082
13083
13084
13085
13086
13087
13090
13091
13092
13093
13094
13094
13094
9686
9687
9688
9689
9692
9693
9694
9695
9706
9707
9708
9709
9712
9713
9714
9715
12698
12699
12700
12701
12704
12705
12706
12707
12721
12723
12724
12725
12727
12729
12730
12731
13079
13080
13081
13082
13083
13085
13086
13087
13088
13089
13091
13092
13092
13092
13092
13092
9479
9481
9482
9483
9484
9485
9487
9488
9489
9490
9491
9493
9494
9495
9496
9497
12662
12664
12666
12667
12668
12669
12671
12673
12674
12675
12676
12678
12680
12681
12682
12683
13079
13080
13081
13082
13083
13084
13087
13088
13089
13090
13090
13090
13090
13090
13090
13090
9454
9455
9463
9464
9465
9466
9467
9469
9470
9471
9472
9473
9475
9476
9477
9478
12637
12638
12639
12640
12641
12650
12652
12653
12654
12655
12657
12659
12660
12661
13048
13049
13072
13073
13078
13079
13080
13081
13082
13083
13084
13085
13086
13087
13087
13087
13087
13087
9416
9427
9428
9429
9430
9431
9432
9433
9434
9435
9438
9439
9440
9441
9452
9453
12996
12998
13000
13002
13004
13006
13032
13033
13034
13035
13038
13039
13040
13041
13044
13045
13056
13057
13058
13059
13062
13063
13064
13065
13066
13068
13069
13070
13073
13074
13077
13078
9388
9389
9390
9391
9402
9403
9404
9405
9406
9407
9408
9409
9410
9413
9414
9415
12970
12972
12973
12974
12976
12978
12980
12982
12984
12986
12988
12989
12990
12992
12994
12995
13054
13057
13058
13059
13060
13061
13063
13064
13065
13067
13068
13071
13073
13075
13076
13077
9358
9359
9360
9361
9364
9365
9366
9367
9378
9379
9380
9381
9382
9383
9384
9385
12921
12923
12924
12925
12927
12929
12930
12931
12933
12935
12937
12939
12964
12966
12967
12968
13054
13055
13056
13057
13058
13059
13060
13062
13064
13065
13066
13069
13070
13072
13075
13076
9320
9331
9332
9333
9334
9335
9336
9337
9340
9341
9342
9343
9354
9355
9356
9357
12852
12854
12855
12857
12879
12881
12882
12883
12885
12887
12888
12889
12891
12893
12895
12897
13055
13056
13058
13059
13061
13062
13064
13065
13067
13069
13070
13071
13072
13073
13074
13074
9290
9291
9292
9295
9296
9297
9298
9309
9310
9311
9312
9313
9314
9317
9318
9319
12827
12829
12830
12832
12833
12835
12836
12838
12839
12842
12843
12845
12846
12848
12849
12851
13054
13055
13056
13057
13058
13059
13060
13061
13062
13063
13065
13066
13067
13072
13073
13073
9252
9253
9254
9265
9266
9267
9268
9269
9270
9273
9274
9275
9276
9287
9288
9289
12786
12787
12788
12790
12792
12794
12796
12797
12798
12800
12802
12803
12804
12806
12808
12826
13054
13056
13057
13059
13060
13062
13063
13065
13066
13067
13069
13070
13071
13072
13072
13072
9222
9223
9224
9225
9226
9227
9230
9231
9232
9233
9244
9245
9246
9247
9248
9251
12745
12746
12749
12750
12752
12753
12755
12756
12758
12759
12760
12778
12780
12781
12782
12784
13054
13055
13056
13057
13058
13059
13060
13061
13063
13064
13066
13067
13068
13069
13070
13070
9182
9183
9184
9185
9188
9189
9190
9191
9202
9203
9204
9205
9208
9209
9210
9211
12709
12711
12712
12713
12715
12717
12718
12719
12733
12734
12736
12737
12739
12740
12742
12743
13054
13055
13056
13057
13058
13059
13060
13061
13062
13063
13064
13065
13067
13068
13068
13068
8965
8966
8967
8969
8970
8971
8972
8973
9162
9163
9164
9165
9168
9169
9170
9171
12674
12675
12676
12678
12679
12681
12682
12683
12697
12699
12700
12701
12703
12705
12706
12707
13054
13055
13056
13057
13058
13059
13061
13062
13063
13064
13065
13066
13066
13066
13066
13066
8946
8947
8948
8949
8951
8952
8953
8954
8955
8957
8958
8959
8960
8961
8963
8964
12645
12646
12647
12648
12657
12658
12660
12661
12662
12664
12665
12667
12668
12669
12671
12672
13054
13055
13056
13057
13058
13059
13061
13062
13063
13064
13064
13064
13064
13064
13064
13064
8910
8913
8914
8915
8916
8927
8928
8929
8930
8931
8939
8940
8941
8942
8943
8945
12636
12638
12639
12640
12641
12643
13012
13013
13016
13017
13018
13019
13022
13023
13026
13027
13035
13036
13038
13040
13041
13042
13045
13046
13048
13052
13053
13054
13055
13056
13057
13058
13059
13060
13061
13061
13061
13061
13061
13061
13061
13061
13061
13061
13061
13061
13061
13061
8882
8883
8884
8885
8886
8889
8890
8891
8892
8903
8904
8905
8906
8907
8908
8909
12918
12943
12944
12945
12946
12949
12950
12951
12952
12955
12956
12959
12960
13007
13010
13011
13030
13031
13032
13033
13034
13035
13037
13039
13040
13041
13043
13044
13047
13049
13050
13051
13052
13053
13053
13053
13053
13053
13053
13053
13053
13053
13053
13053
13053
13053
13053
13053
8854
8855
8856
8857
8858
8859
8860
8861
8864
8865
8866
8867
8878
8879
8880
8881
12872
12873
12876
12877
12898
12901
12902
12903
12904
12907
12908
12909
12910
12913
12914
12917
13030
13033
13034
13035
13036
13039
13040
13041
13042
13043
13044
13045
13046
13047
13048
13049
13050
13051
13051
13051
13051
13051
13051
13051
13051
13051
13051
13051
13051
13051
13051
13051
8814
8817
8818
8819
8820
8831
8832
8833
8834
8835
8836
8837
8840
8841
8842
8843
12846
12847
12850
12851
12852
12853
12856
12857
12860
12861
12862
12863
12866
12867
12868
12869
13031
13032
13034
13035
13036
13037
13038
13040
13041
13046
13047
13048
13049
13050
13050
13050
8776
8787
8788
8789
8790
8791
8792
8795
8796
8797
8798
8809
8810
8811
8812
8813
12820
12821
12824
12825
12828
12829
12830
12831
12834
12835
12836
12837
12840
12841
12844
12845
13030
13031
13032
13033
13035
13036
13037
13039
13041
13042
13043
13045
13047
13048
13049
13049
8746
8747
8748
8751
8752
8753
8754
8765
8766
8767
8768
8769
8770
8773
8774
8775
12764
12765
12766
12769
12770
12771
12772
12775
12776
12809
12812
12813
12814
12815
12818
12819
13030
13032
13033
13035
13036
13037
13038
13039
13041
13043
13045
13046
13047
13047
13047
13047
8708
8709
8710
8711
8722
8723
8724
8725
8726
8727
8730
8731
8732
8733
8744
8745
12738
12741
12742
12743
12744
12747
12748
12751
12752
12753
12754
12757
12758
12759
12760
12763
13030
13031
13033
13034
13036
13037
13038
13039
13040
13041
13042
13043
13044
13045
13046
13046
8668
8669
8670
8671
8682
8683
8684
8685
8688
8689
8690
8691
8702
8703
8704
8705
12692
12693
12694
12695
12720
12723
12724
12725
12726
12729
12730
12731
12732
12735
12736
12737
13030
13031
13032
13033
13034
13035
13036
13037
13038
13039
13040
13042
13043
13044
13044
13044
8460
8461
8463
8464
8465
8466
8467
8469
8470
8471
8472
8473
8662
8663
8664
8665
12668
12669
12670
12673
12674
12675
12676
12677
12680
12681
12682
12683
12686
12687
12688
12689
13030
13031
13032
13033
13034
13035
13039
13040
13041
13042
13042
13042
13042
13042
13042
13042
8441
8442
8443
8445
8446
8447
8448
8449
8451
8452
8453
8454
8455
8457
8458
8459
12632
12633
12634
12649
12652
12653
12654
12655
12656
12659
12660
12661
12662
12663
12666
12667
13030
13031
13032
13033
13034
13035
13036
13037
13038
13039
13039
13039
13039
13039
13039
13039
8406
8407
8408
8409
8410
8411
8414
8415
8416
8417
8428
8429
8430
8431
8439
8440
12630
12631
12979
12980
12985
12986
12989
12990
12991
12992
12995
12996
12997
12998
13001
13002
13007
13008
13011
13012
13013
13014
13017
13018
13019
13020
13023
13024
13025
13028
13029
13031
13032
13036
13036
13036
13036
13036
13036
13036
13036
13036
13036
13036
13036
13036
13036
13036
8368
8369
8380
8381
8382
8383
8384
8385
8386
8387
8390
8391
8392
8393
8404
8405
12951
12952
12953
12954
12957
12958
12963
12964
12967
12968
12969
12970
12973
12974
12975
12976
13007
13009
13011
13012
13013
13015
13017
13018
13019
13020
13021
13024
13025
13027
13028
13028
8338
8339
8340
8343
8344
8345
8346
8357
8358
8359
8360
8361
8362
8363
8366
8367
12826
12827
12830
12831
12832
12833
12836
12837
12838
12839
12941
12942
12945
12946
12947
12948
13008
13009
13011
13012
13013
13014
13015
13018
13019
13020
13021
13026
13027
13027
13027
13027
8300
8311
8312
8313
8314
8315
8316
8317
8320
8321
8322
8323
8334
8335
8336
8337
12788
12789
12790
12792
12793
12794
12796
12798
12799
12800
12802
12804
12805
12806
12808
12825
13007
13008
13010
13012
13013
13014
13016
13018
13019
13020
13021
13022
13024
13025
13026
13026
8270
8271
8274
8275
8276
8277
8288
8289
8290
8291
8292
8293
8294
8297
8298
8299
12764
12766
12767
12768
12770
12772
12773
12774
12776
12777
12778
12780
12782
12783
12784
12786
13007
13009
13010
13012
13013
13014
13015
13016
13018
13020
13021
13022
13023
13024
13024
13024
8230
8231
8234
8235
8236
8237
8248
8249
8250
8251
8254
8255
8256
8257
8268
8269
12711
12713
12714
12715
12717
12719
12748
12749
12750
12753
12754
12755
12756
12759
12761
12762
13007
13008
13009
13010
13011
13013
13014
13015
13016
13017
13021
13022
13023
13023
13023
13023
8190
8191
8194
8195
8196
8197
8208
8209
8210
8211
8214
8215
8216
8217
8228
8229
12687
12689
12690
12691
12693
12695
12696
12697
12699
12701
12702
12703
12705
12707
12708
12709
13007
13008
13009
13010
13011
13013
13014
13015
13016
13017
13019
13020
13021
13021
13021
13021
7984
7985
7986
7987
7989
7990
7991
7992
7993
7995
7996
7997
7998
7999
8188
8189
12657
12658
12661
12662
12670
12671
12672
12674
12676
12677
12678
12679
12681
12683
12684
12685
13007
13008
13009
13010
13011
13012
13016
13017
13018
13019
13019
13019
13019
13019
13019
13019
7965
7966
7967
7968
7969
7971
7972
7973
7974
7975
7977
7978
7979
7980
7981
7983
12628
12629
12631
12633
12634
12635
12636
12638
12640
12641
12642
12643
12645
12647
12648
12656
13007
13008
13009
13010
13011
13012
13013
13014
13015
13016
13016
13016
13016
13016
13016
13016
7930
7931
7932
7933
7934
7935
7936
7937
7940
7941
7942
7943
7954
7955
7956
7957
12870
12872
12874
12876
12878
12880
12882
12883
12884
12886
12888
12889
12890
12892
12894
12896
12985
12987
12989
12990
12991
12993
12995
12996
12997
12998
12999
13001
13002
13003
13005
13006
7890
7893
7894
7895
7896
7907
7908
7909
7910
7911
7912
7913
7916
7917
7918
7919
12846
12847
12848
12850
12852
12853
12854
12856
12858
12860
12862
12863
12864
12866
12868
12869
12986
12987
12989
12990
12991
12992
12993
12995
12996
13001
13002
13003
13004
13005
13005
13005
7852
7863
7864
7865
7866
7867
7868
7871
7872
7873
7874
7885
7886
7887
7888
7889
12788
12789
12791
12809
12810
12813
12814
12815
12816
12819
12820
12821
12822
12841
12842
12844
12985
12986
12987
12988
12990
12991
12992
12994
12996
12997
12998
12999
13002
13003
13004
13004
7822
7823
7824
7827
7828
7829
7830
7841
7842
7843
7844
7845
7846
7849
7850
7851
12763
12765
12766
12767
12769
12771
12772
12773
12775
12777
12779
12781
12782
12783
12785
12787
12985
12987
12988
12990
12991
12992
12993
12994
12996
12998
12999
13001
13002
13002
13002
13002
7784
7785
7786
7787
7798
7799
7800
7801
7804
7805
7806
7807
7818
7819
7820
7821
12726
12727
12730
12731
12732
12733
12735
12737
12738
12739
12741
12743
12744
12745
12747
12761
12985
12986
12987
12990
12991
12992
12993
12994
12995
12996
12997
12998
12999
13000
13001
13001
7744
7745
7746
7747
7758
7759
7760
7761
7764
7765
7766
7767
7778
7779
7780
7781
12690
12692
12694
12695
12696
12698
12700
12701
12702
12704
12706
12707
12720
12721
12724
12725
12985
12986
12987
12988
12989
12991
12992
12993
12994
12995
12997
12998
12999
12999
12999
12999
7536
7537
7539
7540
7541
7542
7543
7545
7546
7547
7548
7549
7738
7739
7740
7741
12668
12669
12670
12671
12673
12675
12676
12677
12678
12680
12682
12683
12684
12686
12688
12689
12985
12986
12987
12988
12989
12990
12994
12995
12996
12997
12997
12997
12997
12997
12997
12997
7517
7518
7519
7521
7522
7523
7524
7525
7527
7528
7529
7530
7531
7533
7534
7535
12632
12633
12634
12635
12637
12639
12640
12641
12649
12650
12653
12654
12655
12663
12664
12666
12985
12986
12987
12988
12989
12990
12991
12992
12993
12994
12994
12994
12994
12994
12994
12994
7482
7483
7484
7485
7486
7487
7490
7491
7492
7493
7504
7505
7506
7507
7515
7516
12628
12630
12875
12876
12920
12922
12924
12925
12926
12928
12930
12931
12932
12934
12936
12938
12963
12965
12967
12968
12969
12971
12973
12974
12975
12977
12979
12980
12981
12983
12984
12986
12987
12991
12991
12991
12991
12991
12991
12991
12991
12991
12991
12991
12991
12991
12991
12991
7444
7445
7446
7457
7458
7459
7460
7461
7462
7463
7466
7467
7468
7469
7480
7481
12849
12850
12852
12853
12855
12856
12859
12860
12862
12863
12865
12866
12868
12869
12871
12872
12964
12965
12967
12968
12970
12971
12973
12974
12976
12977
12979
12980
12981
12982
12983
12983
7414
7415
7416
7417
7418
7421
7422
7423
7424
7435
7436
7437
7438
7439
7440
7443
12807
12809
12811
12813
12814
12815
12817
12819
12820
12821
12823
12841
12843
12844
12846
12847
12963
12964
12965
12966
12967
12968
12969
12970
12972
12974
12975
12976
12977
12980
12981
12982
7374
7377
7378
7379
7380
7391
7392
7393
7394
7395
7396
7399
7400
7401
7402
7413
12766
12768
12769
12771
12772
12774
12775
12793
12795
12797
12798
12799
12801
12803
12804
12805
12963
12965
12966
12968
12969
12970
12971
12972
12974
12975
12976
12977
12979
12980
12980
12980
7336
7337
7348
7349
7350
7351
7354
7355
7356
7357
7368
7369
7370
7371
7372
7373
12730
12731
12732
12734
12735
12737
12738
12740
12741
12743
12744
12746
12747
12762
12763
12765
12963
12964
12965
12966
12968
12969
12970
12971
12972
12973
12974
12975
12976
12977
12978
12979
7296
7297
7308
7309
7310
7311
7314
7315
7316
7317
7328
7329
7330
7331
7334
7335
12694
12695
12708
12710
12712
12713
12714
12716
12718
12719
12720
12722
12724
12725
12726
12728
12963
12964
12965
12966
12967
12969
12970
12971
12972
12973
12975
12976
12977
12977
12977
12977
7089
7090
7091
7092
7093
7095
7096
7097
7098
7099
7288
7289
7290
7291
7294
7295
12670
12672
12673
12675
12676
12677
12679
12680
12682
12683
12685
12686
12688
12689
12691
12692
12963
12964
12965
12966
12967
12968
12970
12971
12973
12974
12975
12975
12975
12975
12975
12975
7069
7071
7072
7073
7074
7075
7077
7078
7079
7080
7081
7083
7084
7085
7086
7087
12634
12642
12644
12646
12647
12648
12649
12651
12653
12654
12655
12663
12665
12666
12668
12669
12963
12964
12965
12966
12967
12968
12969
12970
12971
12972
12972
12972
12972
12972
12972
12972
7034
7035
7036
7037
7040
7041
7042
7043
7054
7055
7056
7057
7065
7066
7067
7068
12629
12630
12632
12633
12921
12922
12924
12925
12927
12928
12930
12931
12933
12934
12937
12938
12941
12943
12945
12946
12947
12949
12951
12952
12953
12955
12957
12959
12962
12964
12965
12966
12967
12969
12969
12969
12969
12969
12969
12969
12969
12969
12969
12969
12969
12969
12969
12969
6996
7007
7008
7009
7010
7011
7012
7013
7016
7017
7018
7019
7030
7031
7032
7033
12852
12854
12855
12856
12879
12880
12882
12883
12885
12886
12888
12889
12891
12892
12895
12896
12942
12943
12945
12946
12948
12949
12951
12952
12954
12955
12957
12958
12959
12960
12961
12961
6966
6967
6968
6971
6972
6973
6974
6985
6986
6987
6988
6989
6990
6993
6994
6995
12811
12813
12814
12816
12817
12819
12820
12822
12823
12842
12843
12844
12846
12848
12849
12850
12941
12942
12943
12944
12945
12946
12947
12948
12949
12950
12952
12953
12954
12959
12960
12960
6928
6929
6930
6941
6942
6943
6944
6945
6946
6949
6950
6951
6952
6963
6964
6965
12785
12787
12788
12790
12791
12794
12795
12797
12798
12800
12801
12803
12804
12806
12807
12810
12941
12943
12944
12946
12947
12949
12950
12952
12953
12954
12955
12957
12958
12959
12959
12959
6898
6899
6900
6901
6904
6905
6906
6907
6918
6919
6920
6921
6922
6923
6924
6927
12733
12734
12735
12737
12739
12740
12741
12743
12745
12746
12747
12778
12779
12781
12782
12784
12941
12942
12943
12944
12946
12947
12948
12949
12952
12953
12954
12955
12956
12957
12957
12957
6858
6859
6860
6861
6864
6865
6866
6867
6878
6879
6880
6881
6884
6885
6886
6887
12709
12710
12712
12713
12715
12716
12718
12719
12721
12722
12724
12725
12727
12728
12730
12731
12941
12942
12943
12944
12945
12947
12948
12949
12950
12951
12954
12955
12955
12955
12955
12955
6641
6642
6643
6645
6646
6647
6648
6649
6838
6839
6840
6841
6844
6845
6846
6847
12673
12675
12676
12678
12679
12680
12682
12683
12697
12698
12700
12701
12703
12704
12706
12707
12941
12942
12943
12944
12945
12946
12948
12949
12950
12951
12952
12953
12953
12953
12953
12953
6622
6623
6624
6625
6627
6628
6629
6630
6631
6633
6634
6635
6636
6637
6639
6640
12644
12646
12647
12648
12650
12651
12653
12654
12655
12664
12665
12666
12668
12669
12671
12672
12941
12942
12943
12944
12945
12946
12948
12949
12950
12951
12951
12951
12951
12951
12951
12951
6586
6587
6590
6591
6592
6593
6604
6605
6606
6607
6615
6616
6617
6618
6619
6621
12636
12637
12639
12640
12641
12643
12902
12903
12904
12905
12908
12909
12910
12911
12914
12915
12924
12925
12926
12927
12930
12931
12932
12933
12936
12937
12940
12941
12942
12943
12944
12945
12946
12947
12948
12948
12948
12948
12948
12948
12948
12948
12948
12948
12948
12948
12948
12948
6558
6559
6560
6561
6562
6563
6564
6567
6568
6569
6570
6581
6582
6583
6584
6585
12821
12822
12824
12825
12826
12828
12830
12831
12832
12834
12836
12837
12838
12840
12898
12899
12920
12921
12922
12925
12926
12927
12928
12931
12932
12933
12934
12935
12938
12939
12940
12940
6518
6521
6522
6523
6524
6535
6536
6537
6538
6539
6540
6541
6544
6545
6546
6547
12782
12783
12785
12786
12788
12789
12791
12792
12809
12810
12812
12814
12815
12816
12818
12820
12920
12921
12923
12925
12926
12927
12928
12929
12931
12932
12934
12935
12937
12938
12938
12938
6480
6481
6492
6493
6494
6495
6498
6499
6500
6501
6512
6513
6514
6515
6516
6517
12757
12759
12761
12763
12764
12766
12767
12769
12770
12772
12773
12775
12776
12777
12779
12780
12920
12921
12922
12923
12925
12927
12928
12929
12930
12931
12933
12934
12935
12936
12937
12937
6440
6441
6452
6453
6454
6455
6458
6459
6460
6461
6472
6473
6474
6475
6478
6479
12705
12707
12720
12721
12723
12725
12726
12727
12729
12731
12748
12749
12751
12753
12754
12755
12920
12921
12922
12923
12924
12926
12927
12929
12930
12933
12934
12935
12935
12935
12935
12935
6222
6223
6412
6413
6414
6415
6418
6419
6420
6421
6432
6433
6434
6435
6438
6439
12681
12683
12684
12686
12687
12689
12690
12692
12693
12695
12696
12698
12699
12701
12702
12704
12920
12921
12922
12923
12924
12926
12927
12928
12929
12930
12931
12932
12933
12933
12933
12933
6203
6204
6205
6207
6208
6209
6210
6211
6213
6214
6215
6216
6217
6219
6220
6221
12652
12654
12655
12656
12657
12659
12661
12662
12670
12671
12673
12674
12676
12677
12678
12680
12920
12921
12922
12923
12924
12925
12928
12929
12930
12931
12931
12931
12931
12931
12931
12931
6178
6179
6180
6181
6189
6190
6191
6192
6193
6195
6196
6197
6198
6199
6201
6202
12628
12630
12631
12633
12634
12635
12637
12638
12640
12641
12649
12650
12890
12891
12894
12895
12910
12912
12914
12916
12919
12920
12921
12922
12923
12924
12925
12926
12927
12928
12928
12928
6140
6141
6142
6143
6154
6155
6156
6157
6158
6159
6160
6161
6164
6165
6166
6167
12864
12865
12868
12869
12870
12871
12874
12875
12878
12879
12882
12883
12884
12885
12888
12889
12898
12900
12902
12903
12904
12905
12906
12908
12909
12911
12912
12915
12916
12918
12919
12919
6110
6111
6112
6113
6114
6117
6118
6119
6120
6131
6132
6133
6134
6135
6136
6137
12806
12841
12842
12843
12846
12847
12848
12849
12852
12853
12854
12855
12858
12859
12862
12863
12898
12899
12900
12902
12903
12904
12905
12906
12908
12911
12914
12915
12916
12917
12918
12918
6070
6073
6074
6075
6076
6087
6088
6089
6090
6091
6092
6095
6096
6097
6098
6109
12782
12783
12784
12787
12788
12789
12790
12793
12794
12797
12798
12799
12800
12803
12804
12805
12898
12899
12901
12903
12904
12905
12906
12907
12909
12910
12912
12915
12916
12916
12916
12916
6042
6043
6044
6045
6046
6047
6048
6051
6052
6053
6054
6065
6066
6067
6068
6069
12744
12745
12746
12761
12762
12765
12766
12767
12768
12771
12772
12773
12774
12777
12778
12781
12898
12899
12900
12901
12903
12905
12906
12907
12909
12910
12911
12912
12913
12914
12915
12915
6002
6003
6004
6005
6008
6009
6010
6011
6022
6023
6024
6025
6028
6029
6030
6031
12708
12709
12712
12713
12714
12715
12718
12719
12732
12733
12734
12737
12738
12739
12740
12743
12898
12899
12900
12901
12902
12903
12904
12905
12906
12907
12908
12909
12912
12913
12913
12913
5962
5963
5964
5965
5968
5969
5970
5971
5982
5983
5984
5985
5988
5989
5990
5991
12684
12685
12688
12689
12690
12691
12694
12695
12696
12697
12700
12701
12702
12703
12706
12707
12898
12899
12900
12901
12902
12904
12905
12906
12907
12908
12910
12911
12911
12911
12911
12911
5755
5757
5758
5759
5760
5761
5763
5764
5765
5766
5767
5769
5770
5771
5772
5773
12648
12663
12664
12665
12668
12669
12670
12671
12672
12675
12676
12677
12678
12679
12682
12683
12898
12899
12900
12901
12902
12903
12906
12907
12908
12909
12909
12909
12909
12909
12909
12909
5730
5731
5739
5740
5741
5742
5743
5745
5746
5747
5748
5749
5751
5752
5753
5754
12628
12629
12632
12633
12634
12635
12636
12639
12640
12641
12642
12643
12646
12647
12839
12840
12891
12892
12897
12898
12899
12900
12901
12902
12903
12904
12905
12906
12906
12906
12906
12906
5692
5693
5694
5695
5706
5707
5708
5709
5710
5711
5712
5715
5716
5717
5718
5729
12815
12817
12818
12820
12821
12823
12824
12825
12827
12828
12830
12831
12833
12834
12836
12837
12878
12879
12880
12883
12884
12885
12886
12887
12889
12890
12891
12893
12896
12897
12897
12897
5662
5663
5664
5665
5666
5669
5670
5671
5672
5683
5684
5685
5686
5687
5688
5689
12776
12793
12795
12796
12798
12799
12801
12802
12804
12805
12807
12808
12809
12811
12812
12814
12878
12879
12880
12881
12883
12884
12886
12887
12889
12890
12892
12893
12894
12895
12896
12896
5622
5623
5626
5627
5628
5629
5640
5641
5642
5643
5646
5647
5648
5649
5660
5661
12751
12753
12754
12756
12757
12759
12762
12763
12764
12766
12768
12769
12770
12772
12774
12775
12879
12880
12881
12882
12883
12884
12885
12886
12887
12888
12889
12891
12892
12893
12894
12894
5582
5583
5586
5587
5588
5589
5600
5601
5602
5603
5606
5607
5608
5609
5620
5621
12711
12713
12714
12716
12717
12719
12720
12722
12723
12725
12726
12728
12729
12731
12748
12750
12878
12879
12881
12882
12884
12885
12886
12887
12888
12891
12892
12893
12893
12893
12893
12893
5365
5367
5368
5369
5370
5371
5560
5561
5562
5563
5566
5567
5568
5569
5580
5581
12676
12677
12679
12680
12681
12683
12685
12686
12687
12689
12691
12692
12693
12695
12708
12710
12878
12879
12880
12881
12882
12883
12885
12886
12887
12888
12889
12890
12891
12891
12891
12891
5346
5347
5349
5350
5351
5352
5353
5355
5356
5357
5358
5359
5361
5362
5363
5364
12647
12648
12649
12651
12652
12654
12655
12656
12658
12659
12661
12662
12670
12672
12673
12674
12878
12879
12880
12881
12882
12883
12885
12886
12887
12888
12888
12888
12888
12888
12888
12888
5310
5313
5314
5315
5316
5327
5328
5329
5337
5338
5339
5340
5341
5343
5344
5345
12629
12630
12631
12633
12634
12642
12644
12645
12830
12832
12833
12834
12836
12838
12839
12840
12863
12864
12865
12866
12869
12870
12871
12872
12877
12878
12879
12880
12881
12882
12883
12884
12885
12885
12885
12885
12885
12885
12885
12885
12885
12885
12885
12885
12885
12885
12885
12885
5282
5283
5284
5285
5286
5287
5290
5291
5292
5293
5304
5305
5306
5307
5308
5309
12807
12808
12810
12811
12812
12814
12816
12817
12818
12820
12822
12823
12824
12826
12827
12828
12858
12859
12860
12861
12863
12864
12865
12867
12869
12870
12871
12872
12873
12875
12876
12877
5244
5245
5246
5247
5258
5259
5260
5261
5262
5263
5264
5267
5268
5269
5270
5281
12784
12785
12786
12788
12790
12791
12792
12794
12795
12796
12798
12800
12801
12802
12804
12806
12858
12860
12861
12863
12864
12865
12866
12867
12869
12870
12871
12872
12873
12874
12875
12875
5204
5205
5206
5207
5218
5219
5220
5221
5224
5225
5226
5227
5238
5239
5240
5241
12727
12728
12729
12731
12749
12750
12751
12753
12755
12756
12757
12759
12778
12779
12780
12782
12858
12859
12860
12861
12862
12863
12864
12865
12866
12867
12868
12872
12873
12874
12874
12874
5164
5165
5166
5167
5178
5179
5180
5181
5184
5185
5186
5187
5198
5199
5200
5201
12703
12704
12705
12707
12709
12710
12711
12713
12715
12716
12717
12719
12721
12722
12723
12725
12858
12859
12860
12861
12862
12864
12865
12866
12867
12868
12870
12871
12872
12872
12872
12872
4956
4957
4959
4960
4961
4962
4963
4965
4966
4967
4968
4969
5158
5159
5160
5161
12661
12662
12671
12672
12673
12674
12676
12678
12679
12680
12681
12683
12697
12698
12699
12701
12858
12859
12860
12861
12862
12863
12867
12868
12869
12870
12870
12870
12870
12870
12870
12870
4937
4938
4939
4941
4942
4943
4944
4945
4947
4948
4949
4950
4951
4953
4954
4955
12638
12640
12641
12643
12644
12645
12647
12648
12650
12651
12652
12654
12655
12657
12658
12659
12858
12859
12860
12861
12862
12863
12864
12865
12866
12867
12867
12867
12867
12867
12867
12867
4890
4891
4894
4895
4896
4897
4908
4909
4910
4911
4914
4915
4916
4917
4935
4936
12636
12637
12811
12812
12815
12816
12817
12818
12825
12826
12827
12828
12831
12832
12833
12834
12841
12842
12843
12844
12845
12847
12848
12849
12850
12851
12856
12857
12859
12860
12864
12864
4850
4851
4854
4855
4856
4857
4868
4869
4870
4871
4874
4875
4876
4877
4888
4889
12779
12780
12783
12784
12785
12786
12793
12794
12795
12796
12799
12800
12801
12802
12809
12810
12841
12842
12844
12845
12847
12848
12849
12850
12851
12854
12855
12856
12856
12856
12856
12856
4633
4635
4636
4637
4638
4639
4828
4829
4830
4831
4834
4835
4836
4837
4848
4849
12661
12670
12671
12672
12673
12674
12761
12762
12763
12764
12767
12768
12769
12770
12777
12778
12841
12842
12843
12844
12845
12846
12848
12849
12850
12851
12852
12853
12854
12854
12854
12854
4614
4615
4617
4618
4619
4620
4621
4623
4624
4625
4626
4627
4629
4630
4631
4632
12638
12640
12642
12643
12644
12645
12647
12649
12650
12651
12652
12654
12656
12657
12658
12659
12841
12842
12843
12844
12845
12846
12848
12849
12850
12851
12851
12851
12851
12851
12851
12851
4578
4579
4580
4581
4584
4585
4586
4587
4605
4606
4607
4608
4609
4611
4612
4613
12628
12629
12630
12631
12633
12635
12636
12637
12720
12721
12722
12724
12726
12727
12728
12730
12825
12826
12827
12829
12831
12832
12833
12835
12840
12841
12842
12843
12844
12845
12846
12847
12848
12848
12848
12848
12848
12848
12848
12848
12848
12848
12848
12848
12848
12848
12848
12848
4538
4539
4540
4541
4544
4545
4546
4547
4558
4559
4560
4561
4564
4565
4566
4567
12696
12697
12698
12700
12702
12703
12704
12706
12708
12709
12710
12712
12714
12715
12716
12718
12825
12826
12827
12828
12829
12831
12832
12833
12834
12835
12838
12839
12839
12839
12839
12839
4321
4322
4323
4325
4326
4327
4328
4329
4518
4519
4520
4521
4524
4525
4526
4527
12665
12666
12669
12677
12678
12679
12680
12682
12684
12685
12686
12688
12690
12691
12692
12694
12825
12826
12827
12828
12829
12830
12832
12833
12834
12835
12836
12837
12837
12837
12837
12837
4302
4303
4304
4305
4307
4308
4309
4310
4311
4313
4314
4315
4316
4317
4319
4320
12636
12637
12639
12641
12642
12643
12644
12646
12648
12649
12650
12651
12653
12655
12663
12664
12825
12826
12827
12828
12829
12830
12832
12833
12834
12835
12835
12835
12835
12835
12835
12835
4256
4257
4268
4269
4270
4271
4274
4275
4276
4277
4295
4296
4297
4298
4299
4301
12628
12629
12630
12632
12634
12635
12717
12718
12748
12749
12750
12752
12754
12755
12756
12758
12809
12810
12811
12813
12815
12816
12817
12818
12819
12823
12824
12825
12826
12827
12828
12829
12830
12831
12832
12832
12832
12832
12832
12832
12832
12832
12832
12832
12832
12832
12832
12832
4216
4217
4228
4229
4230
4231
4234
4235
4236
4237
4248
4249
4250
4251
4254
4255
12693
12694
12696
12697
12699
12700
12702
12703
12705
12706
12708
12709
12711
12712
12714
12715
12809
12810
12811
12812
12813
12815
12816
12817
12818
12819
12821
12822
12823
12823
12823
12823
4009
4010
4011
4012
4013
4015
4016
4017
4018
4019
4208
4209
4210
4211
4214
4215
12663
12664
12665
12667
12669
12677
12678
12679
12681
12682
12684
12685
12687
12688
12690
12691
12809
12810
12811
12812
12813
12814
12816
12817
12819
12820
12821
12821
12821
12821
12821
12821
3989
3991
3992
3993
3994
3995
3997
3998
3999
4000
4001
4003
4004
4005
4006
4007
12634
12635
12636
12638
12639
12641
12642
12643
12645
12646
12648
12656
12657
12658
12660
12662
12809
12810
12811
12812
12813
12814
12815
12816
12817
12818
12818
12818
12818
12818
12818
12818
3944
3945
3946
3947
3958
3959
3960
3961
3964
3965
3966
3967
3985
3986
3987
3988
12628
12629
12631
12632
12726
12727
12729
12730
12748
12749
12751
12752
12754
12755
12757
12758
12793
12794
12795
12797
12799
12800
12801
12802
12803
12807
12808
12810
12811
12812
12813
12815
3904
3905
3906
3907
3918
3919
3920
3921
3924
3925
3926
3927
3938
3939
3940
3941
12690
12692
12693
12694
12696
12698
12699
12700
12702
12704
12705
12706
12720
12721
12723
12724
12793
12794
12795
12796
12797
12799
12800
12801
12802
12803
12805
12806
12807
12807
12807
12807
3696
3697
3699
3700
3701
3702
3703
3705
3706
3707
3708
3709
3898
3899
3900
3901
12660
12662
12663
12664
12666
12667
12669
12677
12678
12680
12681
12682
12684
12686
12687
12688
12793
12794
12795
12796
12797
12798
12802
12803
12804
12805
12805
12805
12805
12805
12805
12805
3677
3678
3679
3681
3682
3683
3684
3685
3687
3688
3689
3690
3691
3693
3694
3695
12631
12632
12634
12635
12637
12638
12639
12641
12649
12650
12652
12653
12655
12656
12657
12659
12793
12794
12795
12796
12797
12798
12799
12800
12801
12802
12802
12802
12802
12802
12802
12802
3630
3631
3634
3635
3636
3637
3648
3649
3650
3651
3654
3655
3656
3657
3675
3676
12628
12630
12723
12724
12726
12728
12729
12730
12748
12750
12751
12752
12754
12756
12757
12758
12777
12778
12779
12780
12781
12783
12784
12785
12786
12787
12791
12792
12794
12795
12799
12799
3590
3591
3594
3595
3596
3597
3608
3609
3610
3611
3614
3615
3616
3617
3628
3629
12687
12688
12691
12692
12693
12694
12708
12710
12711
12712
12714
12716
12717
12718
12720
12722
12777
12778
12779
12780
12781
12783
12784
12785
12786
12787
12789
12790
12791
12791
12791
12791
3384
3385
3386
3387
3389
3390
3391
3392
3393
3395
3396
3397
3398
3399
3588
3589
12658
12659
12660
12662
12663
12665
12666
12667
12669
12677
12679
12680
12681
12682
12685
12686
12777
12778
12779
12780
12781
12782
12786
12787
12788
12789
12789
12789
12789
12789
12789
12789
3365
3366
3367
3368
3369
3371
3372
3373
3374
3375
3377
3378
3379
3380
3381
3383
12629
12630
12631
12632
12634
12642
12644
12645
12646
12648
12649
12651
12652
12653
12655
12656
12777
12778
12779
12780
12781
12782
12783
12784
12785
12786
12786
12786
12786
12786
12786
12786
3318
3319
3320
3321
3324
3325
3326
3327
3338
3339
3340
3341
3344
3345
3346
3347
12721
12722
12723
12724
12727
12728
12729
12730
12749
12750
12751
12752
12755
12756
12757
12758
12761
12762
12763
12764
12765
12767
12768
12769
12770
12771
12775
12776
12776
12776
12776
12776
3278
3279
3280
3281
3284
3285
3286
3287
3298
3299
3300
3301
3304
3305
3306
3307
12697
12698
12699
12700
12703
12704
12705
12706
12709
12710
12711
12712
12715
12716
12717
12718
12761
12762
12763
12764
12765
12767
12768
12769
12770
12771
12773
12774
12774
12774
12774
12774
3071
3073
3074
3075
3076
3077
3079
3080
3081
3082
3083
3085
3086
3087
3088
3089
12655
12657
12658
12659
12660
12662
12664
12665
12666
12667
12669
12678
12679
12680
12681
12682
12761
12762
12763
12764
12765
12766
12769
12770
12771
12772
12772
12772
12772
12772
12772
12772
3036
3037
3055
3056
3057
3058
3059
3061
3062
3063
3064
3065
3067
3068
3069
3070
12636
12637
12638
12639
12641
12643
12644
12645
12646
12648
12650
12651
12652
12653
12740
12741
12756
12757
12760
12761
12762
12763
12764
12765
12766
12767
12768
12769
12769
12769
12769
12769
2829
2830
2831
2832
2833
2835
2836
2837
2838
2839
3028
3029
3030
3031
3034
3035
12663
12664
12665
12666
12668
12670
12671
12672
12673
12675
12732
12733
12734
12735
12738
12739
12748
12749
12750
12751
12752
12753
12754
12755
12758
12759
12760
12760
12760
12760
12760
12760
2809
2811
2812
2813
2814
2815
2817
2818
2819
2820
2821
2823
2824
2825
2826
2827
12633
12635
12636
12637
12639
12640
12642
12643
12644
12646
12647
12649
12650
12651
12653
12654
12748
12749
12750
12751
12752
12753
12754
12755
12756
12757
12757
12757
12757
12757
12757
12757
2764
2765
2766
2767
2778
2779
2780
2781
2784
2785
2786
2787
2805
2806
2807
2808
12628
12629
12630
12632
12714
12715
12716
12717
12720
12721
12722
12723
12726
12727
12728
12729
12732
12733
12734
12736
12738
12739
12740
12741
12742
12746
12747
12749
12750
12751
12752
12754
2724
2725
2726
2727
2738
2739
2740
2741
2744
2745
2746
2747
2758
2759
2760
2761
12690
12691
12692
12693
12696
12697
12698
12699
12702
12703
12704
12705
12708
12709
12710
12711
12732
12733
12734
12735
12736
12738
12739
12740
12741
12742
12744
12745
12746
12746
12746
12746
2516
2517
2519
2520
2521
2522
2523
2525
2526
2527
2528
2529
2718
2719
2720
2721
12652
12655
12656
12657
12658
12659
12662
12677
12678
12679
12680
12681
12684
12685
12686
12687
12732
12733
12734
12735
12736
12737
12741
12742
12743
12744
12744
12744
12744
12744
12744
12744
2497
2498
2499
2501
2502
2503
2504
2505
2507
2508
2509
2510
2511
2513
2514
2515
12630
12631
12634
12635
12636
12637
12638
12641
12642
12643
12644
12645
12648
12649
12650
12651
12732
12733
12734
12735
12736
12737
12738
12739
12740
12741
12741
12741
12741
12741
12741
12741
2284
2285
2286
2287
2289
2290
2291
2292
2293
2295
2296
2297
2298
2299
2495
2496
12628
12629
12657
12658
12660
12661
12663
12664
12665
12667
12668
12670
12671
12672
12674
12675
12720
12721
12722
12723
12724
12725
12729
12730
12731
12733
12734
12738
12738
12738
12738
12738
2265
2266
2267
2268
2269
2271
2272
2273
2274
2275
2277
2278
2279
2280
2281
2283
12628
12629
12631
12632
12633
12635
12636
12638
12639
12640
12642
12643
12645
12646
12647
12656
12720
12721
12722
12723
12724
12725
12726
12727
12728
12729
12729
12729
12729
12729
12729
12729
2051
2053
2054
2055
2056
2057
2059
2060
2061
2062
2063
2065
2066
2067
2068
2069
12654
12656
12657
12659
12660
12661
12663
12664
12666
12667
12668
12670
12671
12673
12674
12675
12708
12709
12710
12711
12712
12713
12716
12717
12718
12719
12719
12719
12719
12719
12719
12719
1838
1839
2035
2036
2037
2038
2039
2041
2042
2043
2044
2045
2047
2048
2049
2050
12628
12630
12631
12632
12633
12635
12637
12638
12639
12640
12649
12650
12652
12653
12674
12675
12699
12700
12707
12708
12709
12710
12711
12712
12713
12714
12715
12716
12716
12716
12716
12716
1819
1820
1821
1823
1824
1825
1826
1827
1829
1830
1831
1832
1833
1835
1836
1837
12652
12653
12654
12656
12658
12659
12660
12661
12663
12665
12666
12667
12668
12670
12672
12673
12696
12697
12698
12699
12700
12701
12704
12705
12706
12707
12707
12707
12707
12707
12707
12707
1606
1607
1608
1609
1805
1806
1807
1808
1809
1811
1812
1813
1814
1815
1817
1818
12629
12630
12631
12632
12633
12642
12644
12645
12646
12647
12649
12651
12672
12673
12674
12675
12685
12686
12687
12688
12695
12696
12697
12698
12699
12700
12701
12702
12703
12704
12704
12704
1587
1588
1589
1590
1591
1593
1594
1595
1596
1597
1599
1600
1601
1602
1603
1605
12650
12651
12652
12653
12654
12657
12658
12659
12660
12661
12664
12665
12666
12667
12668
12671
12684
12685
12686
12687
12688
12689
12692
12693
12694
12695
12695
12695
12695
12695
12695
12695
1575
1576
1577
1578
1579
1581
1582
1583
1584
1585
12039
12040
12041
12044
12045
12052
12588
12589
12590
12593
12594
12601
12613
12614
12615
12618
12619
12626
12627
12636
12637
12638
12639
12640
12643
12644
12645
12646
12647
12684
12685
12686
12687
12688
12689
12690
12691
12691
12009
12010
12011
12014
12015
12016
12017
12020
12021
12028
12029
12032
12033
12034
12035
12038
12558
12559
12560
12563
12564
12565
12566
12569
12570
12577
12578
12581
12582
12583
12584
12587
12602
12603
12606
12607
12608
12609
12610
12611
12612
12613
12616
12617
12620
12621
12626
12627
11979
11980
11983
11984
11985
11986
11989
11990
11991
11992
11995
11996
12003
12004
12005
12008
12528
12529
12532
12533
12534
12535
12538
12539
12540
12541
12544
12545
12552
12553
12554
12557
12602
12604
12605
12606
12607
12608
12610
12612
12613
12614
12616
12618
12620
12624
12625
12626
11943
11946
11947
11954
11955
11956
11959
11960
11961
11962
11965
11966
11967
11968
11971
11972
12492
12495
12496
12503
12504
12505
12508
12509
12510
12511
12514
12515
12516
12517
12520
12521
12603
12605
12606
12607
12609
12611
12612
12613
12615
12616
12617
12619
12620
12621
12622
12623
12624
12624
12624
12624
12624
12624
12624
12624
12624
12624
12624
12624
12624
12624
12624
12624
11913
11916
11917
11918
11919
11922
11923
11930
11931
11934
11935
11936
11937
11940
11941
11942
12462
12465
12466
12467
12468
12471
12472
12479
12480
12483
12484
12485
12486
12489
12490
12491
12603
12604
12606
12607
12609
12610
12611
12612
12613
12614
12615
12617
12618
12621
12622
12623
11685
11686
11687
11690
11691
11692
11693
11696
11697
11698
11699
11906
11907
11910
11911
11912
12232
12233
12234
12237
12238
12239
12240
12243
12244
12245
12246
12455
12456
12459
12460
12461
12602
12603
12604
12605
12606
12607
12608
12609
12610
12613
12614
12615
12616
12621
12622
12622
11661
11664
11665
11666
11667
11669
11670
11671
11674
11675
11676
11677
11680
11681
11682
11683
12206
12209
12210
12211
12212
12215
12216
12217
12220
12221
12222
12223
12226
12227
12228
12229
12602
12603
12605
12606
12608
12609
12611
12613
12614
12615
12616
12617
12619
12620
12620
12620
11638
11639
11642
11643
11644
11645
11648
11649
11650
11651
11653
11654
11655
11658
11659
11660
12182
12183
12186
12187
12188
12189
12192
12193
12194
12195
12198
12199
12200
12203
12204
12205
12602
12604
12605
12606
12608
12609
12610
12611
12613
12615
12616
12617
12618
12619
12619
12619
11585
11586
11589
11590
11591
11592
11595
11596
11597
11598
11601
11602
11603
11604
11607
11637
12134
12135
12138
12139
12140
12141
12144
12145
12146
12147
12150
12151
12152
12153
12156
12181
12602
12603
12604
12605
12607
12608
12609
12610
12611
12612
12616
12617
12618
12618
12618
12618
11561
11562
11565
11566
11567
11568
11571
11572
11573
11574
11577
11578
11579
11580
11583
11584
12110
12111
12114
12115
12116
12117
12120
12121
12122
12123
12126
12127
12128
12129
12132
12133
12602
12604
12605
12607
12608
12609
12610
12611
12612
12614
12615
12616
12616
12616
12616
12616
11525
11528
11529
11530
11531
11534
11547
11548
11549
11550
11553
11554
11555
11556
11559
11560
12074
12077
12078
12079
12080
12083
12096
12097
12098
12099
12102
12103
12104
12105
12108
12109
12602
12603
12604
12605
12607
12608
12609
12610
12611
12612
12613
12614
12614
12614
12614
12614
11497
11504
11505
11506
11507
11510
11511
11512
11513
11516
11517
11518
11519
11522
11523
11524
12053
12054
12055
12056
12059
12060
12061
12062
12065
12066
12067
12068
12071
12072
12073
12572
12596
12601
12602
12603
12604
12605
12606
12607
12608
12609
12610
12610
12610
12610
12610
12610
11467
11468
11471
11472
11479
11480
11481
11484
11485
11486
11487
11490
11491
11492
11493
11496
12400
12403
12404
12407
12408
12555
12556
12557
12558
12561
12562
12563
12564
12567
12568
12571
12579
12580
12581
12582
12585
12586
12587
12588
12589
12591
12592
12593
12595
12596
12597
12600
12601
12601
12601
12601
12601
12601
12601
12601
12601
12601
12601
12601
12601
12601
12601
12601
11437
11440
11441
11442
11443
11446
11447
11454
11455
11456
11459
11460
11461
11462
11465
11466
12375
12376
12377
12378
12381
12382
12385
12386
12388
12391
12392
12393
12394
12397
12398
12399
12577
12580
12581
12582
12583
12586
12587
12588
12590
12592
12594
12596
12598
12599
12600
12600
11407
11410
11411
11412
11413
11416
11417
11418
11419
11422
11423
11430
11431
11434
11435
11436
12306
12307
12308
12309
12312
12313
12314
12315
12318
12319
12322
12366
12369
12370
12371
12372
12578
12579
12580
12581
12582
12583
12584
12585
12587
12588
12589
12591
12593
12595
12598
12599
11173
11174
11175
11382
11383
11386
11387
11388
11389
11392
11393
11394
11395
11398
11399
11406
12278
12279
12282
12283
12286
12287
12288
12289
12292
12293
12294
12295
12298
12299
12302
12303
12577
12578
12579
12581
12582
12584
12585
12587
12588
12589
12590
12591
12594
12595
12596
12597
12598
12598
12598
12598
12598
12598
12598
12598
12598
12598
12598
12598
12598
12598
12598
12598
11150
11151
11152
11153
11156
11157
11158
11159
11161
11162
11163
11166
11167
11168
11169
11172
12254
12255
12256
12259
12260
12261
12262
12265
12266
12267
12270
12271
12272
12273
12276
12277
12577
12578
12579
12581
12583
12584
12585
12586
12588
12589
12590
12592
12595
12596
12596
12596
11126
11127
11129
11130
11131
11134
11135
11136
11137
11140
11141
11142
11143
11145
11146
11147
12196
12197
12198
12201
12202
12203
12204
12207
12208
12209
12210
12213
12214
12249
12250
12253
12577
12578
12579
12580
12581
12583
12585
12586
12588
12589
12591
12592
12593
12594
12595
12595
11073
11074
11077
11078
11079
11080
11083
11113
11114
11115
11118
11119
11120
11121
11124
11125
12170
12173
12174
12175
12176
12179
12180
12181
12184
12185
12186
12187
12190
12191
12192
12193
12578
12579
12580
12581
12582
12583
12584
12585
12586
12587
12588
12590
12592
12593
12593
12593
11049
11050
11053
11054
11055
11056
11059
11060
11061
11062
11065
11066
11067
11068
11071
11072
12124
12125
12126
12127
12130
12131
12132
12157
12158
12161
12162
12163
12164
12167
12168
12169
12577
12578
12579
12580
12582
12583
12584
12585
12586
12587
12590
12591
12592
12592
12592
12592
11025
11026
11029
11030
11031
11032
11035
11036
11037
11038
11041
11042
11043
11044
11047
11048
12100
12101
12102
12103
12106
12107
12108
12109
12112
12113
12114
12115
12118
12119
12120
12121
12577
12578
12579
12580
12582
12583
12584
12585
12586
12587
12588
12589
12590
12590
12590
12590
10989
10992
10993
10994
10995
10998
10999
11000
11001
11004
11005
11006
11007
11010
11023
11024
12064
12065
12066
12069
12070
12071
12084
12085
12088
12089
12090
12091
12094
12095
12096
12097
12577
12578
12579
12580
12582
12583
12584
12585
12586
12587
12587
12587
12587
12587
12587
12587
10961
10962
10965
10966
10967
10968
10971
10972
10979
10980
10981
10982
10983
10986
10987
10988
12053
12054
12057
12058
12059
12060
12063
12440
12441
12442
12443
12446
12447
12450
12451
12454
12559
12561
12563
12564
12565
12567
12569
12571
12575
12576
12577
12578
12579
12580
12581
12582
12583
12583
12583
12583
12583
12583
12583
12583
12583
12583
12583
12583
12583
12583
12583
12583
10931
10932
10935
10936
10937
10938
10941
10942
10943
10944
10947
10948
10955
10956
10959
10960
12412
12413
12414
12415
12418
12419
12420
12421
12424
12425
12428
12429
12434
12435
12436
12437
12553
12554
12555
12556
12557
12558
12560
12562
12563
12564
12566
12568
12570
12572
12575
12576
10895
10898
10899
10906
10907
10910
10911
10912
10913
10916
10917
10918
10919
10922
10923
10930
12338
12341
12342
12347
12348
12349
12350
12353
12354
12355
12356
12359
12360
12363
12364
12365
12554
12555
12557
12558
12560
12561
12563
12564
12566
12567
12568
12569
12570
12571
12572
12573
12574
12574
12574
12574
12574
12574
12574
12574
12574
12574
12574
12574
12574
12574
12574
12574
10667
10668
10669
10672
10673
10674
10675
10882
10883
10886
10887
10888
10889
10892
10893
10894
12274
12275
12276
12277
12280
12281
12282
12325
12326
12327
12328
12331
12332
12333
12334
12337
12553
12556
12557
12558
12559
12560
12561
12562
12563
12564
12565
12566
12567
12572
12573
12573
10643
10645
10646
10647
10650
10651
10652
10653
10656
10657
10658
10659
10661
10662
10663
10666
12248
12251
12252
12253
12254
12257
12258
12259
12260
12263
12264
12265
12268
12269
12270
12271
12553
12554
12555
12556
12557
12559
12560
12562
12564
12565
12566
12568
12570
12571
12572
12572
10620
10621
10624
10625
10626
10627
10629
10630
10631
10634
10635
10636
10637
10640
10641
10642
12224
12225
12226
12229
12230
12231
12234
12235
12236
12237
12240
12241
12242
12243
12246
12247
12553
12555
12556
12557
12559
12561
12562
12564
12565
12566
12567
12568
12569
12570
12570
12570
10567
10568
10571
10572
10573
10574
10577
10578
10579
10580
10583
10613
10614
10615
10618
10619
12166
12167
12168
12171
12172
12173
12174
12177
12178
12179
12180
12217
12218
12219
12220
12223
12553
12554
12555
12556
12557
12558
12559
12560
12561
12562
12563
12567
12568
12569
12569
12569
10543
10544
10547
10548
10549
10550
10553
10554
10555
10556
10559
10560
10561
10562
10565
10566
12142
12143
12144
12147
12148
12149
12150
12153
12154
12155
12156
12159
12160
12161
12162
12165
12553
12554
12555
12556
12558
12559
12561
12562
12563
12565
12566
12567
12567
12567
12567
12567
10507
10510
10523
10524
10525
10526
10529
10530
10531
10532
10535
10536
10537
10538
10541
10542
12094
12095
12098
12099
12100
12101
12104
12105
12106
12107
12108
12135
12136
12137
12138
12141
12553
12554
12555
12556
12558
12559
12560
12561
12562
12563
12564
12565
12565
12565
12565
12565
10483
10486
10487
10488
10489
10492
10493
10494
10495
10498
10499
10500
10501
10504
10505
10506
12058
12059
12074
12075
12076
12077
12080
12081
12082
12083
12086
12087
12088
12089
12092
12093
12553
12554
12555
12556
12557
12558
12559
12560
12561
12562
12562
12562
12562
12562
12562
12562
10455
10456
10457
10460
10461
10462
10463
10466
10467
10468
10469
10472
10473
10480
10481
10482
12055
12056
12057
12430
12506
12507
12508
12509
12512
12513
12514
12515
12518
12519
12522
12523
12530
12531
12532
12533
12536
12537
12538
12539
12542
12543
12546
12547
12548
12551
12552
12553
12554
12555
12557
12557
12557
12557
12557
12557
12557
12557
12557
12557
12557
12557
12557
12557
10419
10422
10423
10430
10431
10432
10435
10436
10437
10438
10441
10442
10443
10444
10447
10448
12381
12383
12385
12387
12410
12413
12414
12415
12416
12419
12420
12421
12422
12425
12426
12429
12528
12531
12532
12533
12534
12537
12538
12539
12540
12543
12544
12545
12547
12549
12550
12551
10389
10392
10393
10394
10395
10398
10399
10406
10407
10410
10411
10412
10413
10416
10417
10418
12354
12355
12356
12357
12360
12361
12364
12367
12369
12370
12371
12373
12375
12376
12377
12379
12529
12531
12532
12533
12535
12536
12537
12538
12539
12540
12541
12542
12544
12546
12549
12550
10359
10362
10363
10364
10365
10368
10369
10370
10371
10374
10375
10382
10383
10386
10387
10388
12286
12287
12288
12290
12292
12293
12294
12296
12298
12300
12302
12345
12348
12349
12350
12351
12528
12530
12532
12533
12534
12535
12536
12538
12539
12541
12542
12545
12546
12548
12549
12549
10132
10133
10134
10135
10137
10138
10139
10142
10143
10144
10145
10148
10149
10150
10151
10358
12260
12261
12263
12265
12266
12268
12270
12271
12272
12274
12276
12277
12278
12280
12282
12284
12528
12529
12530
12532
12534
12535
12536
12539
12540
12541
12542
12543
12546
12547
12548
12548
10107
10110
10111
10112
10113
10116
10117
10118
10119
10121
10122
10123
10126
10127
10128
10129
12219
12220
12221
12224
12225
12226
12227
12230
12231
12249
12251
12253
12254
12255
12257
12259
12528
12529
12531
12532
12534
12535
12536
12537
12539
12540
12542
12543
12545
12546
12546
12546
10055
10056
10059
10089
10090
10091
10094
10095
10096
10097
10100
10101
10102
10103
10105
10106
12177
12179
12180
12182
12184
12185
12186
12188
12190
12191
12192
12194
12196
12197
12215
12218
12528
12529
12530
12531
12532
12535
12536
12537
12538
12539
12541
12542
12543
12544
12545
12545
10031
10032
10035
10036
10037
10038
10041
10042
10043
10044
10047
10048
10049
10050
10053
10054
12142
12143
12144
12157
12159
12161
12162
12163
12165
12167
12168
12169
12171
12173
12174
12175
12528
12529
12530
12531
12533
12534
12535
12536
12537
12538
12541
12542
12543
12543
12543
12543
10007
10008
10011
10012
10013
10014
10017
10018
10019
10020
10023
10024
10025
10026
10029
10030
12106
12107
12108
12110
12112
12113
12114
12116
12118
12119
12120
12133
12136
12137
12138
12139
12528
12529
12530
12531
12533
12534
12535
12536
12537
12538
12539
12540
12541
12541
12541
12541
9971
9974
9975
9976
9977
9980
9981
9982
9983
9986
9999
10000
10001
10002
10005
10006
12076
12077
12084
12086
12088
12089
12090
12092
12094
12095
12096
12098
12100
12101
12102
12104
12528
12529
12530
12531
12533
12534
12535
12536
12537
12538
12539
12539
12539
12539
12539
12539
9943
9944
9947
9948
9955
9956
9957
9958
9959
9962
9963
9964
9965
9968
9969
9970
12053
12055
12057
12058
12059
12061
12063
12064
12065
12072
12075
12445
12447
12449
12451
12453
12516
12518
12520
12522
12526
12527
12528
12529
12530
12531
12532
12533
12534
12535
12535
12535
9913
9914
9917
9918
9919
9920
9923
9924
9931
9932
9935
9936
9937
9938
9941
9942
12396
12397
12398
12399
12402
12403
12406
12407
12433
12435
12436
12437
12439
12441
12442
12443
12504
12506
12508
12509
12510
12511
12512
12513
12514
12515
12517
12519
12521
12523
12526
12527
9883
9886
9887
9888
9889
9892
9893
9894
9895
9898
9899
9906
9907
9908
9911
9912
12326
12327
12328
12330
12332
12333
12334
12336
12338
12340
12342
12344
12390
12391
12392
12393
12505
12507
12508
12509
12510
12513
12514
12515
12516
12519
12520
12523
12524
12525
12526
12526
9649
9650
9651
9858
9859
9862
9863
9864
9865
9868
9869
9870
9871
9874
9875
9882
12279
12281
12282
12305
12306
12307
12308
12311
12312
12313
12314
12317
12318
12321
12322
12324
12504
12505
12506
12508
12509
12511
12512
12514
12515
12516
12517
12518
12521
12522
12523
12524
12525
12525
12525
12525
12525
12525
12525
12525
12525
12525
12525
12525
12525
12525
12525
12525
9626
9627
9628
9629
9632
9633
9634
9635
9637
9638
9639
9642
9643
9644
9645
9648
12254
12256
12258
12259
12260
12262
12264
12265
12267
12269
12270
12271
12273
12275
12276
12277
12504
12505
12506
12508
12510
12511
12512
12513
12515
12516
12517
12519
12522
12523
12523
12523
9602
9603
9605
9606
9607
9610
9611
9612
9613
9616
9617
9618
9619
9621
9622
9623
12213
12214
12233
12235
12236
12237
12239
12241
12242
12243
12245
12247
12248
12250
12252
12253
12504
12505
12506
12507
12508
12510
12512
12513
12515
12516
12518
12519
12520
12521
12522
12522
9549
9550
9553
9554
9555
9556
9559
9589
9590
9591
9594
9595
9596
9597
9600
9601
12172
12173
12174
12176
12178
12179
12180
12200
12201
12202
12203
12206
12207
12208
12209
12212
12505
12506
12507
12508
12509
12510
12511
12512
12513
12514
12515
12517
12519
12520
12520
12520
9525
9526
9529
9530
9531
9532
9535
9536
9537
9538
9541
9542
9543
9544
9547
9548
12148
12149
12150
12152
12154
12155
12156
12158
12160
12161
12162
12164
12166
12167
12168
12170
12504
12505
12506
12507
12509
12510
12511
12512
12513
12514
12517
12518
12519
12519
12519
12519
9501
9502
9505
9506
9507
9508
9511
9512
9513
9514
9517
9518
9519
9520
9523
9524
12100
12101
12103
12105
12106
12107
12108
12123
12124
12125
12126
12129
12130
12131
12132
12146
12504
12505
12506
12507
12509
12510
12511
12512
12513
12514
12515
12516
12517
12517
12517
12517
9465
9468
9469
9470
9471
9474
9475
9476
9477
9480
9481
9482
9483
9486
9499
9500
12070
12071
12079
12081
12082
12083
12085
12087
12088
12089
12091
12093
12094
12095
12097
12099
12504
12505
12506
12507
12509
12510
12511
12512
12513
12514
12514
12514
12514
12514
12514
12514
9437
9438
9439
9442
9443
9444
9445
9448
9449
9456
9457
9458
9459
9462
9463
9464
12054
12056
12057
12058
12059
12068
12069
12460
12463
12464
12465
12466
12469
12470
12473
12474
12484
12487
12488
12489
12490
12493
12494
12497
12498
12503
12504
12505
12506
12507
12508
12509
12510
12510
12510
12510
12510
12510
12510
12510
12510
12510
12510
12510
12510
12510
12510
12510
9407
9408
9411
9412
9413
9414
9417
9418
9419
9420
9423
9424
9431
9432
9433
9436
12411
12413
12414
12415
12417
12419
12420
12421
12423
12425
12427
12429
12431
12457
12458
12459
12479
12481
12482
12483
12484
12485
12488
12489
12490
12491
12494
12495
12498
12499
12502
12503
9371
9374
9375
9382
9383
9386
9387
9388
9389
9392
9393
9394
9395
9398
9399
9406
12360
12362
12364
12389
12391
12392
12393
12395
12397
12398
12399
12401
12403
12405
12407
12409
12480
12482
12483
12484
12486
12488
12489
12490
12492
12493
12494
12495
12496
12497
12498
12500
12501
12501
12501
12501
12501
12501
12501
12501
12501
12501
12501
12501
12501
12501
12501
12501
9341
9344
9345
9346
9347
9350
9351
9358
9359
9362
9363
9364
9365
9368
9369
9370
12312
12313
12314
12316
12318
12320
12322
12346
12348
12349
12350
12352
12354
12355
12356
12358
12479
12481
12483
12484
12485
12487
12489
12490
12491
12492
12493
12496
12497
12499
12500
12500
9113
9114
9115
9118
9119
9120
9121
9124
9125
9126
9127
9334
9335
9338
9339
9340
12267
12268
12270
12271
12273
12274
12276
12277
12279
12280
12282
12304
12306
12307
12308
12310
12479
12480
12481
12483
12484
12485
12486
12487
12490
12491
12492
12493
12498
12499
12499
12499
9089
9092
9093
9094
9095
9097
9098
9099
9102
9103
9104
9105
9108
9109
9110
9111
12225
12226
12228
12230
12231
12250
12251
12253
12254
12256
12257
12259
12260
12262
12263
12265
12479
12480
12482
12483
12485
12486
12488
12490
12491
12492
12493
12494
12496
12497
12497
12497
9066
9067
9070
9071
9072
9073
9076
9077
9078
9079
9081
9082
9083
9086
9087
9088
12201
12202
12203
12205
12207
12208
12209
12211
12213
12214
12216
12218
12219
12220
12222
12224
12479
12481
12482
12483
12485
12486
12487
12488
12490
12492
12493
12494
12495
12496
12496
12496
9013
9014
9017
9018
9019
9020
9023
9024
9025
9026
9029
9030
9031
9032
9035
9065
12159
12161
12162
12164
12165
12167
12168
12170
12171
12173
12174
12176
12177
12179
12180
12199
12479
12480
12481
12482
12484
12485
12486
12487
12488
12489
12493
12494
12495
12495
12495
12495
8989
8990
8993
8994
8995
8996
8999
9000
9001
9002
9005
9006
9007
9008
9011
9012
12124
12125
12126
12128
12130
12131
12132
12134
12136
12137
12138
12140
12142
12143
12144
12158
12479
12481
12482
12484
12485
12486
12487
12488
12489
12491
12492
12493
12493
12493
12493
12493
8953
8956
8957
8958
8959
8962
8975
8976
8977
8978
8981
8982
8983
8984
8987
8988
12088
12089
12091
12092
12094
12095
12097
12098
12100
12101
12103
12104
12106
12107
12108
12122
12479
12480
12481
12482
12484
12485
12486
12487
12488
12489
12490
12491
12491
12491
12491
12491
8931
8932
8933
8934
8935
8938
8939
8940
8941
8944
8945
8946
8947
8950
8951
8952
12054
12055
12057
12058
12059
12067
12069
12070
12071
12073
12075
12076
12077
12085
12086
12452
12477
12478
12479
12480
12481
12482
12483
12484
12485
12486
12487
12487
12487
12487
12487
12487
8895
8896
8899
8900
8907
8908
8911
8912
8913
8914
8917
8918
8919
8920
8923
8924
12380
12381
12384
12385
12432
12435
12436
12437
12438
12441
12442
12443
12444
12447
12448
12451
12455
12457
12459
12460
12461
12463
12465
12466
12467
12468
12469
12470
12471
12472
12473
12474
12477
12478
12478
12478
12478
12478
12478
12478
12478
12478
12478
12478
12478
12478
12478
12478
8865
8868
8869
8870
8871
8874
8875
8882
8883
8884
8887
8888
8889
8890
8893
8894
12332
12333
12334
12335
12338
12339
12342
12343
12368
12369
12370
12371
12374
12375
12376
12377
12456
12458
12459
12460
12462
12464
12465
12466
12467
12470
12471
12474
12475
12476
12477
12477
8835
8838
8839
8840
8841
8844
8845
8846
8847
8850
8851
8858
8859
8862
8863
8864
12286
12287
12288
12291
12292
12293
12294
12297
12298
12301
12302
12323
12326
12327
12328
12329
12455
12457
12458
12459
12460
12461
12462
12463
12465
12466
12468
12469
12472
12473
12475
12476
8608
8609
8610
8611
8613
8614
8615
8618
8619
8620
8621
8624
8625
8626
8627
8834
12260
12261
12264
12265
12266
12269
12270
12271
12272
12275
12276
12277
12278
12281
12282
12285
12455
12456
12457
12459
12461
12462
12463
12466
12467
12468
12469
12470
12473
12474
12475
12475
8583
8586
8587
8588
8589
8592
8593
8594
8595
8597
8598
8599
8602
8603
8604
8605
12236
12237
12238
12241
12242
12243
12244
12247
12248
12249
12252
12253
12254
12255
12258
12259
12455
12456
12458
12459
12461
12462
12463
12464
12466
12467
12469
12470
12472
12473
12473
12473
8531
8532
8535
8565
8566
8567
8570
8571
8572
8573
8576
8577
8578
8579
8581
8582
12178
12179
12180
12183
12184
12185
12186
12189
12190
12191
12192
12195
12196
12197
12232
12235
12455
12456
12457
12458
12459
12462
12463
12464
12465
12466
12468
12469
12470
12471
12472
12472
8507
8508
8511
8512
8513
8514
8517
8518
8519
8520
8523
8524
8525
8526
8529
8530
12154
12155
12156
12157
12160
12161
12162
12163
12166
12167
12168
12169
12172
12173
12174
12175
12455
12456
12457
12458
12460
12461
12462
12463
12464
12465
12468
12469
12470
12470
12470
12470
8483
8484
8487
8488
8489
8490
8493
8494
8495
8496
8499
8500
8501
8502
8505
8506
12106
12107
12108
12111
12112
12113
12114
12117
12118
12119
12120
12145
12148
12149
12150
12151
12455
12456
12457
12458
12460
12461
12462
12463
12464
12465
12466
12467
12468
12468
12468
12468
8447
8450
8451
8452
8453
8456
8457
8458
8459
8462
8475
8476
8477
8478
8481
8482
12082
12083
12084
12087
12088
12089
12090
12093
12094
12095
12096
12099
12100
12101
12102
12105
12455
12456
12457
12458
12460
12461
12462
12463
12464
12465
12466
12466
12466
12466
12466
12466
8419
8420
8421
8424
8425
8432
8433
8434
8435
8438
8439
8440
8441
8444
8445
8446
12053
12056
12057
12058
12059
12062
12063
12064
12065
12078
12081
12421
12422
12423
12426
12427
12443
12444
12445
12448
12449
12454
12455
12456
12457
12458
12459
12460
12461
12462
12462
12462
8389
8390
8391
8394
8395
8396
8397
8400
8401
8408
8409
8412
8413
8414
8415
8418
12393
12394
12395
12398
12399
12400
12401
12404
12405
12410
12411
12414
12415
12416
12417
12420
12432
12433
12436
12437
12438
12439
12440
12442
12443
12444
12446
12448
12450
12453
12454
12454
8153
8360
8361
8364
8365
8366
8367
8370
8371
8372
8373
8376
8377
8384
8385
8388
12263
12366
12367
12370
12371
12372
12373
12376
12377
12378
12379
12382
12383
12388
12389
12392
12432
12433
12434
12436
12437
12439
12440
12442
12443
12445
12446
12449
12450
12451
12452
12453
8130
8131
8134
8135
8136
8137
8139
8140
8141
8144
8145
8146
8147
8150
8151
8152
12222
12224
12226
12227
12228
12230
12249
12250
12251
12254
12255
12256
12257
12260
12261
12262
12432
12433
12434
12436
12438
12439
12440
12441
12443
12444
12445
12447
12450
12451
12451
12451
8107
8108
8109
8112
8113
8114
8115
8118
8119
8120
8121
8123
8124
8125
8128
8129
12198
12199
12201
12203
12204
12205
12207
12209
12210
12211
12213
12215
12216
12218
12220
12221
12432
12433
12434
12435
12436
12438
12440
12441
12443
12444
12446
12447
12449
12450
12450
12450
8055
8056
8057
8058
8061
8091
8092
8093
8096
8097
8098
8099
8102
8103
8104
8105
12162
12163
12164
12165
12168
12181
12182
12184
12186
12187
12188
12190
12192
12193
12194
12196
12433
12434
12435
12436
12437
12438
12439
12440
12441
12442
12443
12445
12446
12447
12448
12448
8031
8032
8033
8034
8037
8038
8039
8040
8043
8044
8045
8046
8049
8050
8051
8052
12126
12127
12128
12130
12132
12133
12134
12136
12138
12139
12140
12142
12144
12157
12158
12159
12432
12433
12434
12435
12437
12438
12439
12440
12441
12442
12445
12446
12447
12447
12447
12447
8007
8008
8009
8010
8013
8014
8015
8016
8019
8020
8021
8022
8025
8026
8027
8028
12102
12103
12104
12106
12108
12109
12110
12112
12114
12115
12116
12118
12120
12121
12122
12124
12432
12433
12434
12435
12437
12438
12439
12440
12441
12442
12443
12444
12445
12445
12445
12445
7971
7972
7973
7976
7977
7978
7979
7982
7983
7984
7985
7988
8001
8002
8003
8004
12066
12067
12069
12071
12072
12073
12075
12077
12084
12085
12086
12089
12096
12097
12098
12100
12432
12433
12434
12435
12437
12439
12440
12441
12442
12442
12442
12442
12442
12442
12442
12442
7941
7944
7945
7946
7947
7950
7951
7958
7959
7960
7961
7964
7965
7966
7967
7970
12053
12054
12055
12057
12059
12060
12061
12063
12065
12311
12313
12314
12315
12317
12319
12321
12418
12420
12421
12422
12424
12426
12428
12431
12432
12433
12434
12435
12436
12437
12438
12438
7911
7914
7915
7916
7917
7920
7921
7922
7923
7926
7927
7934
7935
7938
7939
7940
12285
12287
12288
12289
12291
12293
12294
12295
12297
12299
12301
12303
12305
12307
12308
12309
12410
12412
12414
12415
12416
12417
12418
12420
12421
12423
12424
12427
12428
12430
12431
12431
7684
7685
7686
7687
7689
7690
7691
7694
7695
7696
7697
7700
7701
7702
7703
7910
12243
12244
12245
12248
12266
12267
12269
12271
12272
12273
12275
12277
12278
12279
12281
12283
12410
12411
12412
12414
12416
12417
12418
12421
12422
12423
12424
12425
12428
12429
12430
12430
7659
7662
7663
7664
7665
7668
7669
7670
7671
7673
7674
7675
7678
7679
7680
7681
12202
12203
12204
12206
12208
12209
12210
12212
12214
12232
12233
12236
12237
12238
12239
12242
12410
12411
12413
12414
12416
12417
12418
12419
12421
12422
12424
12425
12427
12428
12428
12428
7607
7608
7611
7641
7642
7643
7646
7647
7648
7649
7652
7653
7654
7655
7657
7658
12176
12178
12180
12181
12183
12185
12186
12187
12189
12191
12192
12193
12195
12197
12198
12200
12410
12411
12412
12413
12414
12417
12418
12419
12420
12421
12423
12424
12425
12426
12427
12427
7583
7584
7587
7588
7589
7590
7593
7594
7595
7596
7599
7600
7601
7602
7605
7606
12129
12131
12132
12145
12146
12149
12150
12151
12152
12155
12156
12169
12170
12172
12174
12175
12410
12411
12412
12413
12415
12416
12417
12418
12419
12420
12423
12424
12425
12425
12425
12425
7559
7560
7563
7564
7565
7566
7569
7570
7571
7572
7575
7576
7577
7578
7581
7582
12105
12107
12108
12109
12111
12113
12114
12115
12117
12119
12120
12121
12123
12125
12126
12127
12410
12411
12412
12413
12415
12416
12417
12418
12419
12420
12421
12422
12423
12423
12423
12423
7523
7526
7527
7528
7529
7532
7533
7534
7535
7538
7551
7552
7553
7554
7557
7558
12070
12071
12078
12079
12082
12083
12090
12091
12093
12095
12096
12097
12099
12101
12102
12103
12410
12411
12412
12413
12415
12416
12417
12418
12419
12420
12421
12421
12421
12421
12421
12421
7495
7496
7497
7500
7501
7508
7509
7510
7511
7514
7515
7516
7517
7520
7521
7522
12053
12054
12056
12058
12059
12060
12062
12064
12065
12066
12068
12356
12357
12359
12361
12363
12399
12400
12402
12404
12406
12409
12410
12411
12412
12413
12414
12415
12416
12417
12417
12417
7465
7466
7467
7470
7471
7472
7473
7476
7477
7484
7485
7488
7489
7490
7491
7494
12288
12290
12291
12293
12294
12296
12297
12300
12301
12345
12347
12349
12350
12351
12353
12355
12388
12390
12392
12393
12394
12395
12396
12398
12399
12401
12402
12405
12406
12408
12409
12409
7236
7237
7239
7240
7241
7244
7245
7246
7247
7250
7251
7252
7253
7460
7461
7464
12246
12248
12266
12268
12269
12271
12272
12274
12275
12277
12278
12280
12281
12284
12285
12287
12388
12389
12390
12392
12394
12395
12396
12399
12400
12401
12402
12403
12406
12407
12408
12408
7213
7214
7215
7218
7219
7220
7221
7223
7224
7225
7228
7229
7230
7231
7234
7235
12221
12223
12225
12226
12227
12229
12231
12232
12234
12236
12237
12238
12240
12242
12243
12244
12388
12389
12391
12392
12394
12395
12396
12397
12399
12400
12402
12403
12405
12406
12406
12406
7161
7191
7192
7193
7196
7197
7198
7199
7202
7203
7204
7205
7207
7208
7209
7212
12180
12182
12183
12185
12186
12188
12189
12191
12192
12194
12195
12197
12215
12217
12219
12220
12388
12389
12390
12391
12392
12395
12396
12397
12398
12399
12401
12402
12403
12404
12405
12405
7137
7138
7139
7140
7143
7144
7145
7146
7149
7150
7151
7152
7155
7156
7157
7158
12144
12145
12147
12149
12150
12151
12153
12155
12156
12169
12171
12172
12174
12175
12177
12178
12388
12389
12390
12391
12393
12394
12395
12396
12397
12398
12401
12402
12403
12403
12403
12403
7113
7114
7115
7116
7119
7120
7121
7122
7125
7126
7127
7128
7131
7132
7133
7134
12108
12110
12111
12113
12114
12116
12117
12119
12120
12133
12135
12137
12138
12139
12141
12143
12388
12389
12390
12391
12393
12394
12395
12396
12397
12398
12399
12400
12401
12401
12401
12401
7077
7078
7079
7082
7083
7084
7085
7088
7101
7102
7103
7104
7107
7108
7109
7110
12078
12080
12082
12083
12090
12092
12093
12095
12096
12098
12099
12101
12102
12104
12105
12107
12388
12389
12390
12391
12393
12394
12395
12396
12397
12398
12399
12399
12399
12399
12399
12399
7047
7050
7051
7058
7059
7060
7061
7064
7065
7066
7067
7070
7071
7072
7073
7076
12053
12055
12056
12058
12059
12061
12062
12064
12065
12072
12074
12076
12077
12359
12362
12363
12380
12382
12384
12387
12388
12389
12390
12391
12392
12393
12394
12395
12395
12395
12395
12395
7017
7020
7021
7022
7023
7026
7027
7034
7035
7038
7039
7040
7041
7044
7045
7046
12311
12313
12314
12316
12317
12320
12321
12346
12347
12349
12350
12352
12353
12355
12356
12358
12366
12368
12370
12371
12372
12374
12376
12377
12378
12379
12380
12383
12384
12386
12387
12387
6789
6790
6791
6794
6795
6796
6797
6800
6801
6802
6803
7010
7011
7014
7015
7016
12267
12268
12269
12271
12273
12274
12275
12277
12279
12280
12281
12304
12305
12307
12308
12310
12366
12367
12368
12370
12371
12372
12373
12374
12377
12378
12379
12380
12385
12386
12386
12386
6765
6768
6769
6770
6771
6773
6774
6775
6778
6779
6780
6781
6784
6785
6786
6787
12225
12226
12228
12229
12231
12233
12234
12236
12237
12239
12240
12242
12243
12245
12246
12248
12366
12367
12369
12370
12372
12373
12375
12377
12378
12379
12380
12381
12383
12384
12384
12384
6742
6743
6746
6747
6748
6749
6752
6753
6754
6755
6757
6758
6759
6762
6763
6764
12200
12202
12203
12205
12206
12208
12209
12211
12212
12214
12216
12217
12219
12220
12222
12223
12366
12368
12369
12370
12372
12373
12374
12375
12377
12379
12380
12381
12382
12383
12383
12383
6689
6690
6693
6694
6695
6696
6699
6700
6701
6702
6705
6706
6707
6708
6711
6741
12147
12149
12150
12152
12153
12155
12156
12170
12171
12172
12174
12176
12177
12178
12180
12199
12366
12367
12368
12369
12371
12372
12373
12374
12375
12376
12380
12381
12382
12382
12382
12382
6665
6666
6669
6670
6671
6672
6675
6676
6677
6678
6681
6682
6683
6684
6687
6688
12123
12125
12126
12128
12129
12131
12132
12134
12135
12137
12138
12140
12141
12143
12144
12146
12366
12368
12369
12371
12372
12373
12374
12375
12376
12378
12379
12380
12380
12380
12380
12380
6629
6632
6633
6634
6635
6638
6651
6652
6653
6654
6657
6658
6659
6660
6663
6664
12082
12083
12091
12092
12093
12095
12097
12098
12099
12101
12103
12104
12105
12107
12108
12122
12366
12367
12368
12369
12371
12372
12373
12374
12375
12376
12377
12378
12378
12378
12378
12378
6601
6608
6609
6610
6611
6614
6615
6616
6617
6620
6621
6622
6623
6626
6627
6628
12054
12055
12056
12058
12059
12067
12068
12070
12071
12073
12074
12076
12077
12079
12080
12340
12362
12365
12366
12367
12368
12369
12370
12371
12372
12373
12374
12374
12374
12374
12374
12374
6371
6374
6375
6376
6377
6584
6585
6588
6589
6590
6591
6594
6595
6596
6597
6600
12258
12260
12261
12262
12264
12323
12324
12327
12328
12329
12330
12333
12334
12335
12336
12339
12345
12346
12349
12350
12351
12352
12353
12355
12356
12357
12358
12359
12361
12364
12365
12365
6348
6349
6352
6353
6354
6355
6358
6359
6360
6361
6363
6364
6365
6368
6369
6370
12233
12235
12237
12238
12239
12241
12243
12244
12245
12247
12249
12250
12252
12254
12255
12256
12345
12346
12347
12348
12349
12351
12352
12354
12356
12357
12358
12360
12363
12364
12364
12364
6326
6327
6328
6329
6331
6332
6333
6336
6337
6338
6339
6342
6343
6344
6345
6347
12192
12193
12195
12196
12198
12200
12201
12203
12204
12206
12207
12209
12210
12212
12213
12232
12345
12347
12348
12349
12351
12353
12354
12356
12357
12358
12359
12360
12361
12362
12363
12363
6273
6274
6275
6276
6279
6280
6281
6282
6285
6315
6316
6317
6320
6321
6322
6323
12156
12157
12158
12160
12162
12163
12164
12166
12168
12181
12183
12184
12186
12187
12189
12190
12345
12346
12347
12348
12349
12350
12351
12352
12353
12354
12355
12359
12360
12361
12361
12361
6249
6250
6251
6252
6255
6256
6257
6258
6261
6262
6263
6264
6267
6268
6269
6270
12120
12121
12123
12124
12126
12127
12129
12130
12132
12145
12146
12148
12150
12151
12152
12154
12345
12346
12347
12348
12350
12351
12352
12353
12354
12355
12357
12358
12359
12359
12359
12359
6225
6226
6227
6228
6231
6232
6233
6234
6237
6238
6239
6240
6243
6244
6245
6246
12096
12097
12099
12100
12102
12103
12105
12106
12108
12109
12111
12112
12114
12115
12117
12118
12345
12346
12347
12348
12350
12351
12352
12353
12354
12355
12356
12357
12357
12357
12357
12357
6189
6190
6191
6194
6195
6196
6197
6200
6201
6202
6203
6206
6207
6208
6209
6212
12060
12062
12063
12065
12066
12068
12069
12071
12078
12079
12081
12083
12084
12085
12087
12089
12345
12346
12347
12348
12350
12351
12352
12353
12354
12354
12354
12354
12354
12354
12354
12354
6159
6162
6163
6164
6165
6168
6169
6170
6171
6174
6175
6182
6183
6184
6185
6188
12053
12054
12056
12057
12059
12304
12307
12308
12309
12310
12313
12314
12315
12316
12319
12320
12325
12327
12328
12329
12331
12333
12334
12335
12337
12339
12341
12344
12345
12346
12347
12348
12349
12350
12350
12350
12350
12350
12350
12350
12350
12350
12350
12350
12350
12350
12350
12350
5925
5926
5927
6134
6135
6138
6139
6140
6141
6144
6145
6146
6147
6150
6151
6158
12278
12279
12280
12283
12284
12287
12288
12289
12290
12293
12294
12295
12296
12299
12300
12303
12323
12324
12325
12327
12328
12330
12331
12333
12334
12335
12336
12337
12340
12341
12342
12343
12344
12344
12344
12344
12344
12344
12344
12344
12344
12344
12344
12344
12344
12344
12344
12344
5902
5903
5904
5905
5908
5909
5910
5911
5913
5914
5915
5918
5919
5920
5921
5924
12220
12221
12222
12225
12226
12227
12228
12231
12266
12267
12268
12271
12272
12273
12274
12277
12323
12324
12325
12327
12329
12330
12331
12332
12334
12335
12336
12338
12341
12342
12342
12342
5878
5879
5881
5882
5883
5886
5887
5888
5889
5892
5893
5894
5895
5897
5898
5899
12194
12197
12198
12199
12202
12203
12204
12205
12208
12209
12210
12211
12214
12215
12216
12219
12323
12324
12325
12326
12327
12329
12331
12332
12334
12335
12337
12338
12339
12340
12341
12341
5825
5826
5829
5830
5831
5832
5835
5865
5866
5867
5870
5871
5872
5873
5876
5877
12170
12171
12174
12175
12176
12177
12180
12181
12182
12185
12186
12187
12188
12191
12192
12193
12324
12325
12326
12327
12328
12329
12330
12331
12332
12333
12334
12336
12338
12339
12339
12339
5801
5802
5805
5806
5807
5808
5811
5812
5813
5814
5817
5818
5819
5820
5823
5824
12122
12125
12126
12127
12128
12131
12132
12133
12134
12137
12138
12139
12140
12143
12144
12169
12323
12324
12325
12326
12328
12329
12330
12331
12332
12333
12336
12337
12338
12338
12338
12338
5777
5778
5781
5782
5783
5784
5787
5788
5789
5790
5793
5794
5795
5796
5799
5800
12098
12101
12102
12103
12104
12107
12108
12109
12110
12113
12114
12115
12116
12119
12120
12121
12323
12324
12325
12326
12328
12329
12330
12331
12332
12333
12334
12335
12336
12336
12336
12336
5741
5744
5745
5746
5747
5750
5751
5752
5753
5756
5757
5758
5759
5762
5775
5776
12064
12065
12066
12067
12070
12071
12072
12073
12076
12077
12090
12091
12092
12095
12096
12097
12323
12324
12325
12326
12328
12329
12330
12331
12332
12333
12333
12333
12333
12333
12333
12333
5513
5516
5517
5518
5519
5522
5523
5524
5525
5732
5733
5734
5735
5738
5739
5740
12053
12054
12055
12058
12059
12060
12061
12252
12254
12255
12257
12258
12260
12261
12263
12264
12305
12307
12309
12310
12311
12314
12315
12316
12317
12322
12323
12324
12325
12326
12327
12328
12329
12329
12329
12329
12329
12329
12329
12329
12329
12329
12329
12329
12329
12329
12329
12329
5491
5492
5493
5495
5496
5497
5500
5501
5502
5503
5506
5507
5508
5509
5511
5512
12227
12229
12230
12232
12234
12235
12237
12238
12240
12241
12243
12244
12246
12247
12249
12251
12303
12304
12306
12307
12309
12310
12312
12314
12315
12316
12317
12318
12320
12321
12322
12322
5468
5469
5470
5471
5474
5475
5476
5477
5479
5480
5481
5484
5485
5486
5487
5490
12186
12188
12189
12190
12192
12194
12195
12196
12215
12217
12218
12220
12221
12223
12224
12226
12303
12305
12306
12307
12309
12310
12311
12312
12314
12316
12317
12318
12319
12320
12320
12320
5415
5416
5417
5418
5421
5422
5423
5424
5427
5428
5429
5430
5433
5463
5464
5465
12150
12151
12153
12154
12156
12157
12159
12160
12162
12163
12165
12166
12168
12182
12183
12184
12303
12304
12305
12306
12308
12309
12310
12311
12312
12313
12317
12318
12319
12319
12319
12319
5391
5392
5393
5394
5397
5398
5399
5400
5403
5404
5405
5406
5409
5410
5411
5412
12114
12116
12117
12118
12120
12133
12135
12136
12138
12139
12141
12142
12144
12145
12147
12148
12303
12304
12305
12306
12308
12309
12310
12311
12312
12313
12315
12316
12317
12317
12317
12317
5355
5356
5357
5360
5373
5374
5375
5376
5379
5380
5381
5382
5385
5386
5387
5388
12084
12086
12087
12089
12096
12098
12099
12100
12102
12104
12105
12106
12108
12110
12111
12112
12303
12304
12305
12306
12308
12309
12310
12311
12312
12313
12314
12315
12315
12315
12315
12315
5331
5332
5333
5336
5337
5338
5339
5342
5343
5344
5345
5348
5349
5350
5351
5354
12055
12056
12057
12059
12061
12062
12063
12065
12072
12074
12075
12077
12078
12080
12081
12083
12303
12304
12305
12306
12307
12308
12309
12310
12311
12311
12311
12311
12311
12311
12311
12311
5104
5105
5106
5107
5109
5110
5111
5114
5115
5116
5117
5120
5121
5122
5123
5330
12053
12243
12245
12246
12247
12250
12251
12252
12254
12256
12257
12258
12260
12262
12263
12264
12283
12284
12285
12287
12289
12290
12291
12294
12295
12296
12297
12298
12301
12302
12303
12307
5079
5082
5083
5084
5085
5088
5089
5090
5091
5093
5094
5095
5098
5099
5100
5101
12218
12220
12222
12223
12224
12226
12228
12229
12230
12233
12234
12235
12237
12239
12240
12241
12283
12284
12286
12287
12289
12290
12291
12292
12294
12295
12297
12298
12300
12301
12301
12301
5027
5028
5031
5061
5062
5063
5066
5067
5068
5069
5072
5073
5074
5075
5077
5078
12165
12166
12168
12199
12200
12201
12203
12205
12206
12207
12209
12211
12212
12213
12216
12217
12283
12284
12285
12286
12287
12290
12291
12292
12293
12294
12296
12297
12298
12299
12300
12300
5003
5004
5007
5008
5009
5010
5013
5014
5015
5016
5019
5020
5021
5022
5025
5026
12141
12142
12144
12146
12147
12148
12150
12152
12153
12154
12156
12158
12159
12160
12162
12164
12283
12284
12285
12286
12288
12289
12290
12291
12292
12293
12296
12297
12298
12298
12298
12298
4979
4980
4983
4984
4985
4986
4989
4990
4991
4992
4995
4996
4997
4998
5001
5002
12105
12106
12108
12122
12123
12124
12126
12128
12129
12130
12132
12134
12135
12136
12138
12140
12283
12284
12285
12286
12288
12289
12290
12291
12292
12293
12294
12295
12296
12296
12296
12296
4943
4946
4947
4948
4949
4952
4953
4954
4955
4958
4971
4972
4973
4974
4977
4978
12075
12077
12079
12080
12081
12083
12085
12086
12087
12089
12097
12098
12099
12100
12103
12104
12283
12284
12285
12286
12288
12289
12290
12291
12292
12293
12294
12294
12294
12294
12294
12294
1279
1282
1283
1284
1285
4928
4929
4930
4931
4934
4935
4936
4937
4940
4941
4942
12054
12055
12056
12057
12059
12067
12068
12069
12071
12073
12074
12160
12163
12164
12165
12166
12269
12272
12273
12274
12275
12282
12283
12284
12285
12286
12287
12288
12289
12290
12290
12290
1255
1258
1259
1260
1261
1264
1265
1266
1267
1270
1271
1272
1273
1276
1277
1278
12136
12139
12140
12141
12142
12145
12146
12147
12148
12151
12152
12153
12154
12157
12158
12159
12266
12267
12268
12270
12272
12273
12274
12275
12276
12280
12281
12282
12282
12282
12282
12282
1231
1234
1235
1236
1237
1240
1241
1242
1243
1246
1247
1248
1249
1252
1253
1254
12112
12115
12116
12117
12118
12121
12122
12123
12124
12127
12128
12129
12130
12133
12134
12135
12266
12267
12268
12269
12270
12272
12273
12274
12275
12276
12278
12279
12280
12280
12280
12280
1197
1198
1199
1200
1203
1204
1205
1206
1221
1222
1223
1224
1225
1228
1229
1230
12078
12079
12080
12081
12084
12085
12086
12087
12102
12103
12104
12105
12106
12109
12110
12111
12266
12267
12268
12269
12270
12272
12273
12274
12275
12276
12277
12278
12278
12278
12278
12278
1173
1174
1175
1176
1179
1180
1181
1182
1185
1186
1187
1188
1191
1192
1193
1194
12054
12055
12056
12057
12060
12061
12062
12063
12066
12067
12068
12069
12072
12073
12074
12075
12266
12267
12268
12269
12270
12271
12272
12273
12274
12274
12274
12274
12274
12274
12274
12274
1137
1138
1139
1142
1143
1144
1145
1148
1149
1150
1151
1154
1155
1156
1157
1172
12053
12146
12147
12149
12151
12152
12153
12155
12169
12170
12171
12172
12175
12176
12177
12178
12249
12250
12251
12252
12253
12255
12256
12257
12258
12259
12264
12265
12266
12271
12271
12271
1113
1114
1115
1118
1119
1120
1121
1124
1125
1126
1127
1130
1131
1132
1133
1136
12122
12123
12125
12127
12128
12129
12131
12133
12134
12135
12137
12139
12140
12141
12143
12145
12249
12250
12251
12252
12253
12255
12256
12257
12258
12259
12262
12263
12264
12264
12264
12264
1077
1078
1093
1094
1095
1096
1097
1100
1101
1102
1103
1106
1107
1108
1109
1112
12092
12093
12102
12103
12104
12105
12107
12109
12110
12111
12113
12115
12116
12117
12119
12121
12249
12250
12251
12252
12253
12255
12256
12257
12258
12259
12260
12261
12262
12262
12262
12262
1053
1054
1057
1058
1059
1060
1063
1064
1065
1066
1069
1070
1071
1072
1075
1076
12062
12064
12066
12067
12068
12070
12072
12073
12074
12076
12078
12079
12080
12082
12090
12091
12249
12250
12251
12252
12253
12255
12256
12257
12258
12259
12259
12259
12259
12259
12259
12259
1017
1020
1021
1022
1023
1026
1027
1028
1029
1044
1045
1046
1047
1048
1051
1052
12053
12054
12055
12056
12058
12060
12061
12167
12169
12170
12171
12173
12175
12176
12177
12179
12232
12233
12234
12235
12238
12239
12240
12241
12242
12247
12248
12249
12250
12251
12252
12253
12254
12255
12255
12255
12255
12255
12255
12255
12255
12255
12255
12255
12255
12255
12255
12255
993
996
997
998
999
1002
1003
1004
1005
1008
1009
1010
1011
1014
1015
1016
12131
12133
12134
12136
12137
12139
12140
12142
12143
12157
12158
12159
12161
12163
12164
12165
12232
12233
12234
12235
12236
12238
12239
12240
12241
12242
12245
12246
12247
12247
12247
12247
969
972
973
974
975
978
979
980
981
984
985
986
987
990
991
992
12107
12109
12110
12112
12113
12115
12116
12118
12119
12121
12122
12124
12125
12127
12128
12130
12232
12233
12234
12235
12236
12238
12239
12240
12241
12242
12243
12244
12245
12245
12245
12245
935
936
937
938
941
942
943
944
947
948
949
950
965
966
967
968
12072
12073
12075
12076
12084
12085
12086
12088
12090
12091
12092
12094
12102
12103
12104
12106
12232
12233
12234
12235
12236
12238
12239
12240
12241
12242
12243
12243
12243
12243
12243
12243
899
900
901
916
917
918
919
920
923
924
925
926
929
930
931
932
12053
12054
12055
12057
12058
12060
12061
12063
12064
12066
12067
12069
12070
12176
12178
12179
12222
12223
12224
12231
12232
12233
12234
12235
12236
12237
12238
12239
12239
12239
12239
12239
875
876
877
880
881
882
883
886
887
888
889
892
893
894
895
898
12152
12154
12155
12157
12158
12160
12161
12163
12164
12166
12167
12169
12170
12172
12173
12175
12215
12216
12217
12218
12219
12221
12222
12223
12224
12225
12229
12230
12231
12231
12231
12231
851
852
853
856
857
858
859
862
863
864
865
868
869
870
871
874
12117
12118
12119
12121
12123
12124
12125
12127
12129
12130
12131
12145
12146
12148
12149
12151
12215
12216
12217
12218
12219
12221
12223
12224
12225
12227
12228
12229
12229
12229
12229
12229
815
816
819
820
821
822
837
838
839
840
841
844
845
846
847
850
12087
12088
12090
12091
12093
12094
12102
12103
12105
12106
12107
12109
12111
12112
12113
12115
12215
12216
12217
12218
12219
12221
12222
12223
12224
12225
12226
12227
12227
12227
12227
12227
791
792
795
796
797
798
801
802
803
804
807
808
809
810
813
814
12057
12058
12060
12062
12063
12064
12066
12068
12069
12070
12078
12079
12081
12082
12084
12085
12215
12216
12217
12218
12219
12220
12221
12222
12223
12224
12224
12224
12224
12224
12224
12224
755
758
759
760
761
764
765
766
767
770
771
772
773
788
789
790
12053
12054
12056
12161
12163
12165
12166
12167
12169
12171
12172
12173
12175
12177
12178
12179
12198
12199
12200
12201
12202
12204
12205
12206
12207
12208
12213
12214
12215
12216
12217
12220
731
734
735
736
737
740
741
742
743
746
747
748
749
752
753
754
12137
12139
12141
12142
12143
12145
12147
12148
12149
12151
12153
12154
12155
12157
12159
12160
12198
12199
12200
12201
12202
12204
12205
12206
12207
12208
12211
12212
12213
12213
12213
12213
709
710
711
712
713
716
717
718
719
722
723
724
725
728
729
730
12102
12104
12105
12106
12107
12110
12111
12112
12113
12116
12117
12118
12119
12133
12135
12136
12198
12199
12200
12201
12202
12204
12205
12206
12207
12208
12209
12210
12211
12211
12211
12211
673
674
675
676
679
680
681
682
685
686
687
688
691
692
693
694
12072
12074
12075
12076
12078
12080
12081
12082
12084
12086
12087
12088
12090
12092
12093
12094
12198
12199
12200
12201
12202
12205
12206
12207
12208
12208
12208
12208
12208
12208
12208
12208
637
638
639
642
643
644
645
660
661
662
663
664
667
668
669
670
12053
12055
12056
12057
12058
12061
12062
12063
12064
12171
12172
12173
12176
12177
12178
12179
12182
12183
12184
12187
12188
12189
12190
12197
12198
12199
12200
12201
12202
12203
12204
12204
613
614
615
618
619
620
621
624
625
626
627
630
631
632
633
636
12147
12148
12149
12152
12153
12154
12155
12158
12159
12160
12161
12164
12165
12166
12167
12170
12181
12182
12183
12184
12185
12187
12188
12189
12190
12191
12195
12196
12197
12197
12197
12197
589
590
591
594
595
596
597
600
601
602
603
606
607
608
609
612
12123
12124
12125
12128
12129
12130
12131
12134
12135
12136
12137
12140
12141
12142
12143
12146
12181
12183
12184
12185
12187
12188
12189
12190
12191
12193
12194
12195
12195
12195
12195
12195
553
554
557
558
559
560
563
564
565
566
581
582
583
584
585
588
12081
12082
12085
12086
12087
12088
12091
12092
12093
12094
12103
12104
12105
12106
12107
12122
12181
12182
12183
12184
12185
12187
12188
12189
12190
12191
12192
12193
12193
12193
12193
12193
333
532
533
534
535
536
539
540
541
542
545
546
547
548
551
552
12054
12055
12056
12057
12058
12067
12068
12069
12070
12073
12074
12075
12076
12079
12080
12100
12173
12180
12181
12182
12183
12184
12185
12186
12187
12188
12189
12189
12189
12189
12189
12189
297
300
301
302
303
304
307
308
309
310
311
314
329
330
331
332
12075
12077
12078
12079
12080
12081
12083
12084
12085
12086
12087
12089
12096
12097
12098
12099
12169
12170
12171
12172
12173
12174
12177
12178
12179
12180
12180
12180
12180
12180
12180
12180
275
276
277
280
281
282
283
286
287
288
289
290
293
294
295
296
12060
12061
12062
12063
12065
12066
12067
12068
12069
12071
12072
12073
12074
12098
12099
12101
12159
12160
12161
12168
12169
12170
12171
12172
12173
12174
12175
12176
12177
12177
12177
12177
239
240
241
244
245
246
247
248
251
252
253
254
255
258
273
274
12073
12074
12076
12077
12078
12079
12080
12082
12083
12090
12091
12092
12093
12095
12096
12097
12157
12158
12159
12160
12161
12162
12165
12166
12167
12168
12168
12168
12168
12168
12168
12168
217
218
219
220
221
224
225
226
227
230
231
232
233
234
237
238
12060
12061
12062
12064
12065
12066
12067
12068
12070
12071
12072
12096
12097
12098
12100
12101
12145
12146
12147
12148
12149
12156
12157
12158
12159
12160
12161
12162
12163
12164
12165
12165
181
182
183
184
185
188
189
190
191
192
195
196
197
198
199
202
12071
12072
12073
12075
12076
12077
12084
12085
12086
12088
12089
12090
12091
12092
12094
12095
12145
12146
12147
12148
12149
12150
12152
12153
12154
12155
12155
12155
12155
12155
12155
12155
143
146
161
162
163
164
165
168
169
170
171
174
175
176
177
178
12060
12061
12063
12064
12065
12066
12067
12069
12070
12094
12095
12096
12097
12099
12100
12101
12133
12134
12135
12136
12137
12138
12143
12144
12145
12146
12147
12148
12149
12150
12151
12152
121
122
125
126
127
128
129
132
133
134
135
136
139
140
141
142
12069
12070
12071
12078
12079
12081
12082
12083
12084
12085
12087
12088
12089
12090
12091
12093
12133
12134
12135
12136
12137
12138
12140
12141
12142
12143
12143
12143
12143
12143
12143
12143
85
86
87
90
105
106
107
108
109
112
113
114
115
118
119
120
12060
12062
12063
12064
12065
12066
12068
12092
12093
12094
12095
12096
12098
12099
12100
12101
12121
12122
12123
12124
12125
12126
12131
12132
12133
12134
12135
12136
12137
12138
12139
12140
63
64
65
66
69
70
71
72
73
76
77
78
79
80
83
84
12072
12074
12075
12076
12077
12078
12080
12081
12082
12083
12084
12086
12087
12088
12089
12090
12121
12122
12123
12124
12125
12126
12128
12129
12130
12131
12131
12131
12131
12131
12131
12131
27
28
29
30
31
34
49
50
51
52
53
56
57
58
59
62
12061
12062
12063
12064
12065
12089
12091
12092
12093
12094
12095
12097
12098
12099
12100
12101
12109
12110
12111
12112
12113
12114
12118
12119
12120
12122
12123
12124
12125
12126
12127
12127
3
6
7
8
9
10
13
14
15
16
17
20
21
22
23
24
12070
12071
12073
12074
12075
12076
12077
12079
12080
12081
12082
12083
12085
12086
12087
12088
12109
12110
12111
12112
12113
12114
12115
12116
12117
12118
12118
12118
12118
12118
12118
12118
0
1
2
11335
11482
11483
11484
11485
11488
11489
11490
11491
11494
11495
11498
11499
11857
12006
12007
12008
12009
12012
12013
12014
12015
12018
12019
12022
12023
12030
12031
12032
12033
12036
12037
12038
12039
12042
12043
12046
12047
12048
12051
12052
12067
12068
12069
12110
12111
12112
12115
12115
12115
12115
12115
12115
12115
12115
12115
12115
12115
12115
12115
12115
11308
11309
11312
11313
11315
11318
11319
11320
11321
11324
11325
11326
11327
11330
11331
11334
11829
11830
11833
11834
11837
11840
11841
11842
11843
11846
11847
11848
11849
11852
11853
11856
12028
12031
12032
12033
12034
12037
12038
12039
12040
12042
12044
12045
12047
12049
12050
12051
11239
11240
11241
11242
11245
11246
11249
11293
11296
11297
11298
11299
11302
11303
11304
11305
11763
11764
11765
11766
11769
11770
11773
11814
11817
11818
11819
11820
11823
11824
11825
11826
12029
12031
12032
12033
12035
12036
12037
12038
12039
12040
12041
12043
12044
12046
12049
12050
11213
11214
11215
11216
11219
11220
11221
11222
11225
11226
11229
11230
11233
11234
11235
11236
11737
11738
11739
11740
11743
11744
11745
11746
11749
11750
11753
11754
11757
11758
11759
11760
12028
12030
12032
12033
12034
12035
12036
12038
12039
12041
12043
12045
12046
12048
12049
12049
11187
11188
11189
11190
11193
11194
11197
11198
11199
11200
11203
11204
11205
11206
11209
11210
11711
11712
11713
11714
11717
11718
11721
11722
11723
11724
11727
11728
11729
11730
11733
11734
12028
12029
12030
12033
12034
12035
12036
12037
12038
12039
12040
12041
12044
12045
12046
12047
12048
12048
12048
12048
12048
12048
12048
12048
12048
12048
12048
12048
12048
12048
12048
12048
11129
11132
11133
11134
11135
11138
11139
11140
11141
11144
11177
11178
11181
11182
11183
11184
11653
11656
11657
11658
11659
11662
11663
11664
11665
11668
11701
11702
11705
11706
11707
11708
12028
12029
12030
12031
12032
12034
12035
12036
12037
12039
12040
12043
12045
12046
12046
12046
11105
11106
11107
11110
11111
11112
11113
11116
11117
11118
11119
11122
11123
11124
11125
11128
11629
11630
11631
11634
11635
11636
11637
11640
11641
11642
11643
11646
11647
11648
11649
11652
12029
12030
12031
12032
12033
12034
12035
12036
12037
12038
12039
12041
12042
12043
12044
12044
11057
11058
11059
11084
11085
11088
11089
11090
11091
11094
11095
11096
11097
11100
11101
11104
11581
11582
11583
11608
11609
11612
11613
11614
11615
11618
11619
11620
11621
11624
11625
11628
12028
12029
12030
12031
12032
12034
12035
12036
12037
12038
12039
12040
12041
12042
12043
12043
11033
11034
11035
11036
11039
11040
11041
11042
11045
11046
11047
11048
11051
11052
11053
11054
11557
11558
11559
11560
11563
11564
11565
11566
11569
11570
11571
11572
11575
11576
11577
11578
12028
12029
12030
12031
12033
12034
12035
12036
12037
12038
12039
12040
12041
12041
12041
12041
10997
10998
11011
11012
11015
11016
11017
11018
11021
11022
11023
11024
11027
11028
11029
11030
11521
11522
11535
11536
11539
11540
11541
11542
11545
11546
11547
11548
11551
11552
11553
11554
12028
12029
12030
12031
12033
12034
12035
12036
12037
12038
12039
12039
12039
12039
12039
12039
10827
10830
10831
10834
10835
10980
10981
10984
10985
10986
10987
10990
10991
10992
10993
10996
11504
11505
11508
11509
11510
11511
11514
11515
11516
11517
11520
11897
11898
11901
11902
11905
12016
12018
12020
12023
12024
12027
12028
12029
12030
12031
12032
12033
12034
12035
12035
12035
10802
10803
10804
10805
10808
10809
10812
10813
10815
10818
10819
10820
10821
10824
10825
10826
11869
11870
11871
11874
11875
11878
11879
11882
11885
11886
11887
11888
11891
11892
11893
11894
12004
12007
12008
12009
12010
12013
12014
12015
12017
12018
12021
12023
12025
12026
12027
12027
10733
10734
10735
10736
10739
10740
10741
10742
10745
10746
10749
10793
10796
10797
10798
10799
11797
11798
11799
11802
11803
11804
11805
11808
11809
11812
11813
11862
11863
11864
11865
11868
12005
12006
12007
12008
12009
12010
12011
12012
12014
12015
12016
12019
12020
12022
12025
12026
10705
10706
10709
10710
10713
10714
10715
10716
10719
10720
10721
10722
10725
10726
10729
10730
11731
11732
11733
11776
11777
11778
11779
11782
11783
11784
11785
11788
11789
11792
11793
11796
12004
12005
12006
12008
12009
12011
12012
12014
12015
12017
12019
12020
12021
12022
12023
12024
12025
12025
12025
12025
12025
12025
12025
12025
12025
12025
12025
12025
12025
12025
12025
12025
10681
10682
10683
10684
10687
10688
10689
10690
10693
10694
10697
10698
10699
10700
10703
10704
11705
11706
11709
11710
11711
11712
11715
11716
11719
11720
11721
11722
11725
11726
11727
11728
12004
12005
12006
12007
12008
12009
12010
12011
12012
12013
12014
12015
12016
12017
12022
12023
10623
10624
10625
10628
10629
10632
10633
10634
10635
10638
10639
10640
10641
10644
10677
10678
11679
11680
11683
11684
11687
11688
11689
11690
11693
11694
11695
11696
11699
11700
11703
11704
12004
12005
12006
12007
12008
12010
12012
12013
12015
12016
12017
12019
12020
12021
12022
12022
10597
10600
10601
10604
10605
10606
10607
10610
10611
10612
10613
10616
10617
10618
10619
10622
11623
11626
11627
11628
11629
11632
11633
11634
11635
11636
11671
11672
11673
11674
11677
11678
12004
12005
12006
12007
12008
12009
12010
12011
12012
12013
12014
12017
12018
12019
12020
12020
10551
10552
10553
10554
10557
10558
10559
10584
10585
10588
10589
10590
10591
10594
10595
10596
11599
11600
11601
11604
11605
11606
11607
11610
11611
11612
11613
11616
11617
11618
11619
11622
12004
12005
12006
12007
12008
12009
12010
12011
12012
12013
12014
12015
12016
12017
12018
12018
10527
10528
10529
10530
10533
10534
10535
10536
10539
10540
10541
10542
10545
10546
10547
10548
11551
11552
11555
11556
11557
11558
11559
11586
11587
11588
11589
11592
11593
11594
11595
11598
12004
12005
12006
12007
12009
12010
12011
12012
12013
12014
12015
12016
12017
12017
12017
12017
10491
10492
10493
10496
10497
10498
10511
10512
10515
10516
10517
10518
10521
10522
10523
10524
11527
11528
11531
11532
11533
11534
11537
11538
11539
11540
11543
11544
11545
11546
11549
11550
12004
12005
12006
12007
12009
12010
12011
12012
12013
12014
12014
12014
12014
12014
12014
12014
10461
10464
10465
10466
10467
10470
10471
10474
10475
10480
10481
10484
10485
10486
10487
10490
11506
11507
11508
11509
11510
11525
11526
11960
11963
11964
11965
11966
11969
11970
11973
11974
11984
11987
11988
11989
11990
11993
11994
11997
11998
12003
12004
12005
12006
12007
12008
12009
12010
12010
12010
12010
12010
12010
12010
12010
12010
12010
12010
12010
12010
12010
12010
12010
10291
10294
10295
10296
10297
10300
10301
10302
10303
10306
10307
10310
10311
10458
10459
10460
11860
11863
11864
11865
11866
11869
11870
11871
11872
11875
11876
11879
11880
11957
11958
11959
11979
11981
11982
11983
11984
11985
11988
11989
11990
11991
11993
11995
11998
11999
12002
12003
10221
10222
10225
10269
10272
10273
10274
10275
10278
10279
10280
10281
10284
10285
10288
10289
11789
11790
11793
11815
11817
11818
11819
11821
11823
11824
11825
11827
11829
11831
11833
11835
11980
11982
11983
11984
11986
11988
11989
11990
11992
11993
11994
11995
11996
11997
11998
12000
12001
12001
12001
12001
12001
12001
12001
12001
12001
12001
12001
12001
12001
12001
12001
12001
10195
10196
10197
10198
10201
10202
10205
10206
10209
10210
10211
10212
10215
10216
10217
10218
11743
11744
11745
11747
11749
11751
11753
11774
11777
11778
11779
11780
11783
11784
11785
11786
11979
11981
11983
11984
11985
11987
11989
11990
11991
11992
11994
11996
11997
11999
12000
12000
10169
10170
10173
10174
10175
10176
10179
10180
10181
10182
10185
10186
10189
10190
10191
10192
11717
11719
11721
11722
11723
11725
11727
11728
11729
11731
11733
11735
11737
11738
11739
11741
11979
11980
11981
11983
11984
11985
11986
11987
11989
11995
11996
11997
11998
11999
11999
11999
10111
10114
10115
10116
10117
10120
10153
10154
10157
10158
10159
10160
10163
10164
10165
10166
11675
11678
11679
11680
11681
11684
11701
11703
11705
11706
11707
11709
11711
11712
11713
11715
11979
11980
11982
11983
11985
11986
11987
11988
11990
11991
11992
11994
11996
11997
11997
11997
10087
10088
10089
10092
10093
10094
10095
10098
10099
10100
10101
10104
10105
10108
10109
10110
11635
11636
11638
11640
11641
11642
11644
11646
11647
11648
11650
11652
11669
11672
11673
11674
11979
11980
11981
11982
11983
11986
11987
11988
11989
11990
11992
11993
11994
11995
11996
11996
10061
10064
10065
10066
10067
10070
10071
10072
10073
10076
10077
10080
10081
10082
10083
10086
11610
11612
11613
11614
11616
11618
11619
11620
11622
11624
11626
11628
11629
11630
11632
11634
11979
11980
11981
11982
11983
11984
11985
11986
11987
11988
11990
11991
11992
11993
11994
11994
10015
10016
10017
10018
10021
10022
10023
10024
10027
10028
10029
10030
10033
10034
10035
10060
11563
11564
11565
11567
11569
11570
11571
11584
11587
11588
11589
11590
11593
11594
11595
11608
11979
11981
11982
11984
11985
11986
11987
11988
11989
11991
11992
11993
11993
11993
11993
11993
9991
9992
9993
9994
9997
9998
9999
10000
10003
10004
10005
10006
10009
10010
10011
10012
11539
11540
11541
11543
11545
11546
11547
11549
11551
11552
11553
11555
11557
11558
11559
11561
11979
11980
11981
11982
11984
11985
11986
11987
11988
11989
11990
11991
11991
11991
11991
11991
9811
9956
9957
9960
9961
9962
9963
9966
9967
9968
9969
9972
9973
9974
9987
9988
11504
11506
11508
11509
11510
11512
11514
11515
11516
11523
11526
11527
11528
11535
11537
11904
11975
11978
11979
11980
11981
11982
11983
11984
11985
11986
11987
11987
11987
11987
11987
11987
9784
9785
9788
9789
9791
9794
9795
9796
9797
9800
9801
9802
9803
9806
9807
9810
11852
11855
11856
11859
11884
11886
11887
11888
11890
11892
11893
11894
11896
11898
11900
11902
11955
11958
11959
11960
11961
11964
11965
11966
11967
11969
11971
11972
11974
11976
11977
11978
9715
9716
9717
9718
9721
9722
9725
9769
9772
9773
9774
9775
9778
9779
9780
9781
11803
11804
11805
11807
11809
11811
11813
11839
11840
11841
11842
11845
11846
11847
11848
11851
11956
11958
11959
11960
11962
11963
11964
11965
11966
11967
11968
11970
11971
11973
11976
11977
9689
9690
9691
9692
9695
9696
9697
9698
9701
9702
9705
9706
9709
9710
9711
9712
11757
11758
11759
11762
11763
11764
11765
11768
11769
11772
11773
11795
11797
11798
11799
11801
11955
11957
11959
11960
11961
11962
11963
11965
11966
11968
11970
11972
11973
11975
11976
11976
9663
9664
9665
9666
9669
9670
9673
9674
9675
9676
9679
9680
9681
9682
9685
9686
11711
11712
11714
11716
11718
11720
11721
11722
11724
11726
11727
11728
11730
11732
11733
11756
11955
11956
11957
11960
11961
11962
11963
11964
11965
11966
11967
11968
11971
11972
11973
11974
11975
11975
11975
11975
11975
11975
11975
11975
11975
11975
11975
11975
11975
11975
11975
11975
9605
9608
9609
9610
9611
9614
9615
9616
9617
9620
9653
9654
9657
9658
9659
9660
11686
11688
11689
11690
11692
11694
11695
11696
11698
11700
11702
11704
11705
11706
11708
11710
11955
11956
11957
11958
11959
11961
11962
11963
11964
11966
11967
11970
11972
11973
11973
11973
9581
9582
9583
9586
9587
9588
9589
9592
9593
9594
9595
9598
9599
9600
9601
9604
11629
11631
11633
11634
11635
11636
11655
11656
11657
11658
11661
11662
11663
11664
11667
11668
11956
11957
11958
11959
11960
11961
11962
11963
11964
11965
11966
11968
11969
11970
11971
11971
9533
9534
9535
9560
9561
9564
9565
9566
9567
9570
9571
9572
9573
9576
9577
9580
11605
11606
11607
11609
11611
11612
11613
11615
11617
11618
11619
11621
11623
11625
11627
11628
11955
11956
11957
11958
11959
11961
11962
11963
11964
11965
11966
11967
11968
11969
11970
11970
9509
9510
9511
9512
9515
9516
9517
9518
9521
9522
9523
9524
9527
9528
9529
9530
11557
11558
11559
11574
11575
11576
11577
11580
11581
11582
11583
11597
11599
11600
11601
11603
11955
11956
11957
11958
11960
11961
11962
11963
11964
11965
11966
11967
11968
11968
11968
11968
9473
9474
9487
9488
9491
9492
9493
9494
9497
9498
9499
9500
9503
9504
9505
9506
11533
11534
11536
11538
11539
11540
11542
11544
11545
11546
11548
11550
11551
11552
11554
11556
11955
11956
11957
11958
11960
11961
11962
11963
11964
11965
11966
11966
11966
11966
11966
11966
9443
9446
9447
9450
9451
9456
9457
9460
9461
9462
9463
9466
9467
9468
9469
9472
11505
11507
11508
11509
11510
11519
11520
11521
11522
11530
11532
11917
11920
11921
11924
11925
11941
11944
11945
11948
11949
11954
11955
11956
11957
11958
11959
11960
11961
11962
11962
11962
9273
9276
9277
9278
9279
9282
9283
9286
9287
9434
9435
9436
9437
9440
9441
9442
11867
11869
11870
11871
11873
11875
11877
11879
11881
11908
11909
11910
11911
11914
11915
11916
11932
11933
11934
11935
11936
11938
11939
11940
11941
11942
11944
11946
11949
11950
11953
11954
9248
9249
9250
9251
9254
9255
9256
9257
9260
9261
9264
9265
9267
9270
9271
9272
11840
11841
11842
11844
11846
11847
11848
11850
11852
11854
11856
11858
11861
11863
11864
11865
11930
11933
11934
11935
11937
11939
11940
11941
11943
11944
11947
11949
11951
11952
11953
11953
9177
9178
9181
9182
9185
9186
9187
9188
9191
9192
9193
9194
9197
9198
9201
9245
11769
11771
11773
11775
11777
11778
11779
11781
11783
11784
11785
11787
11789
11791
11793
11838
11930
11931
11932
11934
11935
11936
11938
11940
11941
11942
11945
11946
11947
11948
11950
11951
11952
11952
11952
11952
11952
11952
11952
11952
11952
11952
11952
11952
11952
11952
11952
11952
9151
9152
9155
9156
9157
9158
9161
9162
9165
9166
9167
9168
9171
9172
9173
9174
11724
11725
11727
11728
11730
11731
11733
11755
11757
11758
11759
11761
11763
11764
11765
11767
11931
11932
11934
11935
11936
11937
11938
11940
11941
11943
11946
11947
11948
11949
11950
11950
9093
9096
9129
9130
9133
9134
9135
9136
9139
9140
9141
9142
9145
9146
9149
9150
11682
11684
11702
11703
11705
11706
11708
11709
11711
11712
11714
11715
11718
11719
11721
11722
11930
11931
11932
11933
11934
11935
11936
11937
11939
11941
11942
11943
11945
11947
11948
11949
9069
9070
9071
9074
9075
9076
9077
9080
9081
9084
9085
9086
9087
9090
9091
9092
11657
11658
11660
11662
11663
11664
11666
11668
11670
11672
11673
11674
11676
11678
11679
11680
11930
11932
11933
11934
11936
11937
11938
11939
11941
11943
11945
11946
11947
11947
11947
11947
9043
9046
9047
9048
9049
9052
9053
9056
9057
9058
9059
9062
9063
9064
9065
9068
11616
11618
11619
11621
11622
11625
11626
11628
11629
11631
11632
11634
11635
11636
11654
11656
11930
11931
11932
11933
11935
11936
11937
11938
11939
11940
11941
11942
11943
11944
11945
11946
8997
8998
8999
9000
9003
9004
9005
9006
9009
9010
9011
9036
9037
9040
9041
9042
11581
11582
11583
11585
11587
11588
11589
11591
11593
11594
11595
11609
11610
11612
11613
11615
11930
11931
11932
11933
11934
11935
11936
11938
11939
11940
11942
11943
11944
11944
11944
11944
8973
8974
8975
8976
8979
8980
8981
8982
8985
8986
8987
8988
8991
8992
8993
8994
11545
11546
11548
11549
11551
11552
11554
11555
11557
11558
11559
11573
11575
11576
11577
11579
11930
11931
11932
11933
11935
11936
11937
11938
11939
11940
11941
11942
11942
11942
11942
11942
8937
8938
8939
8942
8943
8944
8945
8948
8949
8950
8963
8964
8967
8968
8969
8970
11509
11510
11518
11520
11521
11522
11524
11526
11527
11528
11536
11537
11539
11540
11542
11543
11930
11931
11932
11933
11934
11935
11936
11937
11938
11939
11939
11939
11939
11939
11939
11939
8767
8770
8771
8772
8773
8776
8777
8778
8779
8782
8783
8786
8787
8932
8933
8936
11505
11506
11508
11883
11886
11887
11888
11889
11892
11893
11894
11895
11898
11899
11902
11903
11906
11909
11910
11911
11912
11915
11916
11917
11918
11920
11922
11925
11926
11929
11930
11931
11932
11934
11934
11934
11934
11934
11934
11934
11934
11934
11934
11934
11934
11934
11934
11934
8697
8698
8701
8745
8748
8749
8750
8751
8754
8755
8756
8757
8760
8761
8764
8765
11809
11810
11813
11816
11817
11818
11819
11822
11823
11824
11825
11828
11829
11832
11833
11836
11907
11909
11910
11911
11913
11915
11916
11917
11919
11920
11921
11922
11923
11924
11925
11927
11928
11928
11928
11928
11928
11928
11928
11928
11928
11928
11928
11928
11928
11928
11928
11928
8671
8672
8673
8674
8677
8678
8681
8682
8685
8686
8687
8688
8691
8692
8693
8694
11743
11744
11745
11748
11749
11752
11753
11794
11797
11798
11799
11800
11803
11804
11805
11806
11906
11908
11910
11911
11912
11914
11916
11917
11918
11919
11921
11923
11924
11926
11927
11927
8645
8646
8649
8650
8651
8652
8655
8656
8657
8658
8661
8662
8665
8666
8667
8668
11717
11720
11721
11722
11723
11726
11727
11728
11729
11732
11733
11736
11737
11738
11739
11742
11906
11907
11908
11910
11911
11912
11913
11914
11916
11922
11923
11924
11925
11926
11926
11926
8587
8590
8591
8592
8593
8596
8629
8630
8633
8634
8635
8636
8639
8640
8641
8642
11691
11694
11695
11696
11697
11700
11701
11704
11705
11706
11707
11710
11711
11712
11713
11716
11906
11907
11909
11910
11912
11913
11914
11915
11917
11918
11919
11921
11923
11924
11924
11924
8563
8564
8565
8568
8569
8570
8571
8574
8575
8576
8577
8580
8581
8584
8585
8586
11635
11636
11639
11640
11641
11642
11645
11646
11647
11648
11651
11652
11685
11688
11689
11690
11906
11907
11908
11909
11910
11913
11914
11915
11916
11917
11919
11920
11921
11922
11923
11923
8537
8540
8541
8542
8543
8546
8547
8548
8549
8552
8553
8556
8557
8558
8559
8562
11611
11612
11613
11614
11617
11618
11619
11620
11623
11624
11627
11628
11629
11630
11633
11634
11906
11907
11908
11909
11910
11911
11912
11913
11914
11915
11917
11918
11919
11920
11921
11921
8491
8492
8493
8494
8497
8498
8499
8500
8503
8504
8505
8506
8509
8510
8511
8536
11563
11564
11565
11568
11569
11570
11571
11596
11599
11600
11601
11602
11605
11606
11607
11608
11906
11908
11909
11911
11912
11913
11914
11915
11916
11918
11919
11920
11920
11920
11920
11920
8467
8468
8469
8470
8473
8474
8475
8476
8479
8480
8481
8482
8485
8486
8487
8488
11539
11540
11541
11544
11545
11546
11547
11550
11551
11552
11553
11556
11557
11558
11559
11562
11906
11907
11908
11909
11911
11912
11913
11914
11915
11916
11917
11918
11918
11918
11918
11918
4265
8432
8433
8436
8437
8438
8439
8442
8443
8444
8445
8448
8449
8450
8463
8464
11504
11507
11508
11509
11510
11513
11514
11515
11516
11529
11532
11533
11534
11535
11538
11791
11900
11905
11906
11907
11908
11909
11910
11911
11912
11913
11914
11914
11914
11914
11914
11914
4239
4240
4241
4244
4245
4248
4249
4252
4253
4254
4255
4258
4259
4260
4261
4264
11765
11766
11767
11770
11771
11774
11775
11778
11779
11780
11781
11784
11785
11786
11787
11790
11883
11884
11887
11888
11889
11890
11893
11894
11895
11896
11897
11899
11901
11904
11905
11905
4213
4214
4215
4218
4219
4220
4221
4224
4225
4228
4229
4232
4233
4234
4235
4238
11739
11740
11741
11744
11745
11746
11747
11750
11751
11754
11755
11758
11759
11760
11761
11764
11883
11885
11887
11888
11889
11890
11891
11893
11894
11896
11897
11900
11901
11903
11904
11904
4155
4156
4191
4192
4193
4196
4197
4198
4199
4202
4203
4204
4205
4208
4209
4212
11681
11682
11717
11718
11719
11722
11723
11724
11725
11728
11729
11730
11731
11734
11735
11738
11883
11884
11885
11887
11888
11889
11890
11891
11893
11895
11896
11899
11900
11901
11902
11903
4131
4132
4133
4134
4137
4138
4139
4140
4143
4144
4147
4148
4149
4150
4153
4154
11657
11658
11659
11660
11663
11664
11665
11666
11669
11670
11673
11674
11675
11676
11679
11680
11883
11884
11886
11887
11889
11890
11891
11892
11894
11895
11897
11900
11901
11901
11901
11901
4105
4106
4107
4108
4111
4112
4115
4116
4117
4118
4121
4122
4123
4124
4127
4128
11619
11620
11621
11622
11637
11638
11641
11642
11643
11644
11647
11648
11649
11650
11653
11654
11883
11884
11885
11886
11887
11890
11891
11892
11894
11895
11896
11897
11898
11899
11900
11900
4057
4058
4059
4062
4063
4064
4065
4068
4069
4094
4095
4096
4099
4100
4101
4102
11583
11584
11585
11588
11589
11590
11591
11594
11595
11608
11609
11610
11613
11614
11615
11616
11883
11884
11885
11886
11887
11888
11889
11890
11891
11892
11893
11896
11897
11898
11898
11898
4033
4034
4035
4038
4039
4040
4041
4044
4045
4046
4047
4050
4051
4052
4053
4056
11559
11560
11561
11564
11565
11566
11567
11570
11571
11572
11573
11576
11577
11578
11579
11582
11883
11884
11885
11886
11888
11889
11890
11891
11892
11893
11894
11895
11896
11896
11896
11896
3997
3998
4001
4002
4015
4016
4017
4020
4021
4022
4023
4026
4027
4028
4029
4032
11523
11524
11527
11528
11541
11542
11543
11546
11547
11548
11549
11552
11553
11554
11555
11558
11883
11884
11885
11886
11888
11889
11890
11891
11892
11893
11894
11894
11894
11894
11894
11894
3951
3954
3955
3978
3979
3980
3983
3984
3985
3986
3989
3990
3991
3992
3995
3996
11504
11505
11506
11509
11510
11511
11512
11515
11516
11517
11518
11521
11522
11807
11810
11811
11873
11876
11877
11882
11883
11884
11885
11886
11887
11888
11889
11890
11890
11890
11890
11890
3925
3928
3929
3930
3931
3934
3935
3938
3939
3942
3943
3944
3945
3948
3949
3950
11762
11764
11765
11766
11768
11770
11772
11794
11795
11798
11799
11800
11801
11804
11805
11806
11860
11861
11864
11865
11866
11867
11868
11870
11871
11872
11874
11876
11878
11881
11882
11882
3899
3902
3903
3904
3905
3908
3909
3910
3911
3914
3915
3918
3919
3922
3923
3924
11736
11738
11739
11740
11742
11744
11745
11746
11748
11750
11752
11754
11756
11758
11759
11760
11860
11862
11864
11865
11866
11867
11868
11870
11871
11873
11874
11877
11878
11880
11881
11881
3843
3844
3845
3846
3881
3882
3883
3886
3887
3888
3889
3892
3893
3894
3895
3898
11695
11696
11697
11698
11717
11718
11720
11722
11723
11724
11726
11728
11729
11730
11732
11734
11860
11861
11862
11865
11866
11867
11868
11869
11870
11871
11872
11873
11876
11877
11878
11879
11880
11880
11880
11880
11880
11880
11880
11880
11880
11880
11880
11880
11880
11880
11880
11880
3817
3818
3821
3822
3823
3824
3827
3828
3829
3830
3833
3834
3837
3838
3839
3840
11653
11655
11657
11658
11659
11661
11663
11664
11665
11667
11685
11686
11689
11690
11691
11692
11860
11861
11862
11863
11864
11866
11867
11868
11869
11871
11872
11874
11877
11878
11878
11878
3791
3792
3795
3796
3797
3798
3801
3802
3805
3806
3807
3808
3811
3812
3813
3814
11615
11617
11619
11620
11621
11623
11637
11639
11641
11642
11643
11645
11647
11648
11649
11651
11861
11862
11863
11864
11867
11868
11869
11871
11872
11873
11874
11875
11876
11876
11876
11876
3743
3746
3747
3748
3749
3752
3753
3754
3755
3758
3759
3784
3785
3786
3789
3790
11580
11582
11583
11596
11597
11600
11601
11602
11603
11606
11607
11608
11609
11611
11613
11614
11860
11861
11862
11863
11864
11865
11866
11867
11868
11869
11870
11873
11874
11875
11875
11875
3719
3722
3723
3724
3725
3728
3729
3730
3731
3734
3735
3736
3737
3740
3741
3742
11556
11558
11559
11560
11562
11564
11565
11566
11568
11570
11571
11572
11574
11576
11577
11578
11860
11861
11862
11863
11865
11866
11867
11868
11869
11870
11871
11872
11873
11873
11873
11873
3685
3686
3687
3688
3691
3692
3705
3706
3707
3710
3711
3712
3713
3716
3717
3718
11521
11522
11529
11530
11533
11534
11541
11542
11544
11546
11547
11548
11550
11552
11553
11554
11860
11861
11862
11863
11865
11866
11867
11868
11869
11870
11871
11871
11871
11871
11871
11871
3639
3640
3641
3644
3645
3668
3669
3670
3673
3674
3675
3676
3679
3680
3681
3682
11504
11505
11507
11509
11510
11511
11513
11515
11516
11517
11519
11805
11806
11808
11810
11812
11848
11849
11850
11853
11854
11859
11860
11861
11862
11863
11864
11865
11866
11867
11867
11867
3613
3614
3615
3618
3619
3620
3621
3624
3625
3628
3629
3632
3633
3634
3635
3638
11779
11780
11782
11784
11785
11786
11788
11790
11792
11794
11796
11798
11799
11800
11802
11804
11837
11838
11841
11842
11843
11844
11845
11847
11848
11849
11851
11853
11855
11858
11859
11859
3585
3588
3589
3592
3593
3594
3595
3598
3599
3600
3601
3604
3605
3608
3609
3612
11732
11735
11736
11738
11739
11741
11742
11744
11745
11747
11748
11751
11752
11774
11776
11778
11837
11838
11839
11841
11842
11844
11845
11847
11848
11850
11851
11854
11855
11856
11857
11858
3529
3530
3533
3534
3535
3536
3571
3572
3573
3576
3577
3578
3579
3582
3583
3584
11691
11693
11695
11696
11697
11699
11717
11719
11720
11722
11723
11725
11726
11728
11729
11731
11837
11838
11839
11842
11843
11844
11845
11846
11847
11848
11849
11850
11853
11854
11855
11856
3503
3504
3507
3508
3511
3512
3513
3514
3517
3518
3519
3520
3523
3524
3527
3528
11650
11651
11669
11671
11673
11674
11675
11677
11679
11680
11681
11683
11685
11687
11689
11690
11837
11838
11839
11840
11841
11843
11845
11846
11848
11849
11850
11851
11853
11854
11855
11855
3479
3480
3481
3482
3485
3486
3487
3488
3491
3492
3495
3496
3497
3498
3501
3502
11613
11614
11616
11617
11619
11620
11622
11623
11638
11639
11641
11642
11644
11645
11647
11648
11838
11839
11840
11841
11843
11844
11845
11846
11848
11849
11850
11851
11852
11853
11853
11853
3431
3432
3433
3436
3437
3438
3439
3442
3443
3444
3445
3448
3449
3474
3475
3476
11589
11590
11592
11594
11595
11596
11598
11600
11601
11602
11604
11606
11607
11608
11610
11611
11837
11838
11839
11840
11842
11843
11844
11845
11846
11847
11850
11851
11852
11852
11852
11852
3407
3408
3409
3412
3413
3414
3415
3418
3419
3420
3421
3424
3425
3426
3427
3430
11553
11555
11556
11558
11559
11561
11562
11564
11565
11567
11568
11570
11571
11584
11586
11588
11837
11838
11839
11840
11842
11843
11844
11845
11846
11847
11848
11849
11850
11850
11850
11850
3371
3372
3375
3376
3377
3378
3381
3382
3395
3396
3397
3400
3401
3402
3403
3406
11523
11525
11527
11528
11529
11531
11533
11534
11541
11543
11544
11546
11547
11549
11550
11552
11837
11838
11839
11840
11842
11844
11845
11846
11847
11847
11847
11847
11847
11847
11847
11847
3325
3328
3329
3330
3331
3334
3335
3358
3359
3360
3363
3364
3365
3366
3369
3370
11504
11506
11507
11509
11510
11512
11513
11515
11516
11802
11804
11805
11807
11808
11811
11812
11821
11824
11825
11826
11827
11830
11831
11836
11837
11838
11839
11840
11841
11842
11843
11843
3299
3302
3303
3304
3305
3308
3309
3310
3311
3314
3315
3318
3319
3322
3323
3324
11776
11778
11779
11781
11782
11784
11785
11787
11788
11791
11792
11795
11796
11798
11799
11801
11814
11815
11816
11818
11819
11820
11822
11824
11825
11826
11828
11830
11832
11835
11836
11836
3273
3274
3275
3278
3279
3282
3283
3284
3285
3288
3289
3290
3291
3294
3295
3298
11730
11731
11732
11755
11756
11758
11759
11761
11762
11764
11765
11767
11768
11771
11772
11775
11814
11815
11816
11818
11819
11821
11822
11824
11825
11827
11828
11830
11831
11832
11833
11834
11835
11835
11835
11835
11835
11835
11835
11835
11835
11835
11835
11835
11835
11835
11835
11835
3217
3218
3219
3220
3223
3224
3225
3226
3261
3262
3263
3266
3267
3268
3269
3272
11689
11690
11692
11693
11695
11696
11698
11699
11718
11719
11720
11722
11724
11725
11726
11728
11814
11815
11816
11817
11818
11819
11820
11821
11822
11823
11824
11825
11826
11827
11832
11833
3191
3192
3193
3194
3197
3198
3201
3202
3203
3204
3207
3208
3209
3210
3213
3214
11663
11664
11666
11667
11670
11671
11673
11674
11676
11677
11679
11680
11682
11683
11686
11687
11814
11815
11816
11817
11818
11820
11822
11823
11825
11826
11827
11828
11830
11831
11832
11832
3165
3166
3169
3170
3171
3172
3175
3176
3177
3178
3181
3182
3185
3186
3187
3188
11610
11611
11613
11615
11616
11617
11619
11621
11622
11623
11654
11655
11657
11658
11660
11661
11815
11816
11817
11818
11820
11821
11822
11825
11826
11827
11828
11829
11830
11830
11830
11830
3117
3120
3121
3122
3123
3126
3127
3128
3129
3132
3133
3134
3135
3138
3139
3164
11586
11588
11589
11591
11592
11594
11595
11597
11598
11600
11601
11603
11604
11606
11607
11609
11814
11815
11816
11817
11819
11820
11821
11822
11823
11824
11827
11828
11829
11829
11829
11829
3093
3096
3097
3098
3099
3102
3103
3104
3105
3108
3109
3110
3111
3114
3115
3116
11550
11552
11554
11555
11556
11558
11559
11573
11574
11576
11577
11579
11580
11582
11583
11585
11814
11815
11816
11817
11819
11820
11821
11822
11823
11824
11825
11826
11827
11827
11827
11827
3059
3060
3061
3062
3065
3066
3067
3068
3071
3072
3085
3086
3087
3090
3091
3092
11521
11522
11524
11525
11527
11528
11530
11531
11533
11534
11542
11543
11544
11546
11548
11549
11814
11815
11816
11817
11819
11820
11821
11822
11823
11824
11824
11824
11824
11824
11824
11824
2473
2476
2477
2478
2479
2482
2483
2484
2485
3048
3049
3050
3053
3054
3055
3056
11505
11506
11507
11509
11510
11518
11519
11703
11706
11707
11708
11709
11712
11713
11714
11715
11796
11798
11800
11801
11802
11805
11806
11807
11808
11813
11814
11815
11816
11817
11818
11819
11820
11820
11820
11820
11820
11820
11820
11820
11820
11820
11820
11820
11820
11820
11820
11820
2415
2416
2419
2420
2421
2424
2425
2426
2427
2430
2431
2432
2433
2436
2471
2472
11665
11666
11668
11669
11670
11672
11674
11675
11676
11678
11680
11681
11682
11684
11701
11702
11794
11795
11797
11798
11800
11801
11803
11805
11806
11807
11808
11809
11811
11812
11813
11813
2391
2392
2393
2396
2397
2398
2399
2402
2403
2404
2407
2408
2409
2410
2413
2414
11642
11643
11644
11646
11648
11649
11650
11652
11653
11654
11656
11658
11659
11660
11662
11664
11794
11796
11797
11798
11800
11801
11802
11803
11805
11807
11808
11809
11810
11811
11811
11811
2343
2344
2345
2348
2349
2374
2375
2376
2379
2380
2381
2382
2385
2386
2387
2390
11589
11590
11591
11593
11595
11624
11625
11626
11629
11630
11631
11632
11635
11637
11638
11640
11794
11795
11796
11797
11799
11800
11801
11802
11803
11804
11808
11809
11810
11810
11810
11810
2319
2320
2321
2324
2325
2326
2327
2330
2331
2332
2333
2336
2337
2338
2339
2342
11565
11566
11567
11569
11571
11572
11573
11575
11577
11578
11579
11581
11583
11584
11585
11587
11794
11795
11796
11797
11799
11800
11801
11802
11803
11804
11806
11807
11808
11808
11808
11808
2295
2296
2297
2300
2301
2302
2303
2306
2307
2308
2309
2312
2313
2314
2315
2318
11535
11536
11537
11540
11547
11548
11549
11551
11553
11554
11555
11557
11559
11560
11561
11563
11794
11795
11796
11797
11799
11800
11801
11802
11803
11804
11805
11806
11806
11806
11806
11806
2259
2260
2263
2264
2265
2266
2269
2270
2271
2272
2275
2276
2277
2278
2281
2282
11505
11506
11508
11510
11511
11512
11514
11516
11517
11518
11520
11522
11523
11524
11526
11528
11794
11795
11796
11797
11798
11799
11800
11801
11802
11802
11802
11802
11802
11802
11802
11802
2201
2202
2203
2206
2241
2242
2243
2246
2247
2248
2249
2252
2253
2254
2255
2258
11504
11696
11697
11698
11700
11701
11702
11704
11706
11707
11708
11710
11712
11713
11714
11716
11774
11775
11776
11778
11780
11781
11782
11785
11786
11787
11788
11789
11792
11793
11794
11798
2177
2178
2179
2180
2183
2184
2185
2186
2189
2190
2191
2194
2195
2196
2197
2200
11656
11658
11659
11661
11662
11664
11665
11667
11668
11685
11686
11688
11690
11691
11692
11694
11774
11775
11777
11778
11780
11781
11782
11783
11785
11786
11788
11789
11791
11792
11792
11792
2151
2152
2155
2156
2157
2160
2161
2162
2163
2166
2167
2168
2169
2172
2173
2174
11631
11633
11635
11637
11639
11640
11642
11643
11645
11646
11648
11649
11651
11652
11653
11655
11774
11775
11776
11777
11778
11781
11782
11783
11784
11785
11787
11788
11789
11790
11791
11791
2103
2106
2107
2108
2109
2112
2113
2114
2115
2118
2119
2144
2145
2146
2149
2150
11580
11581
11583
11596
11597
11599
11601
11602
11603
11605
11607
11624
11625
11627
11629
11630
11774
11775
11776
11777
11779
11780
11781
11782
11783
11784
11787
11788
11789
11789
11789
11789
2079
2082
2083
2084
2085
2088
2089
2090
2091
2094
2095
2096
2097
2100
2101
2102
11556
11557
11559
11560
11562
11563
11565
11566
11568
11569
11571
11572
11574
11575
11577
11578
11774
11775
11776
11777
11779
11780
11781
11782
11783
11784
11785
11786
11787
11787
11787
11787
2045
2046
2047
2048
2051
2052
2065
2066
2067
2070
2071
2072
2073
2076
2077
2078
11520
11522
11529
11530
11532
11534
11535
11536
11538
11540
11547
11548
11550
11551
11553
11554
11774
11775
11776
11777
11779
11780
11781
11782
11783
11784
11785
11785
11785
11785
11785
11785
2019
2022
2023
2024
2025
2028
2029
2030
2033
2034
2035
2036
2039
2040
2041
2042
11504
11505
11507
11508
11510
11511
11513
11514
11516
11517
11519
11710
11712
11713
11715
11716
11762
11765
11766
11767
11768
11773
11774
11775
11776
11777
11778
11779
11780
11781
11781
11781
1961
1964
1965
1966
1967
1970
1971
1972
1973
1976
2011
2012
2013
2016
2017
2018
11687
11688
11690
11691
11693
11694
11696
11697
11699
11700
11701
11703
11704
11706
11707
11709
11754
11755
11756
11757
11758
11760
11761
11763
11765
11766
11767
11769
11772
11773
11773
11773
1937
1938
1939
1942
1943
1944
1947
1948
1949
1950
1953
1954
1955
1956
1959
1960
11648
11650
11651
11652
11669
11671
11672
11674
11675
11677
11678
11680
11681
11683
11684
11685
11754
11756
11757
11758
11760
11762
11763
11765
11766
11767
11768
11769
11770
11771
11772
11772
1889
1914
1915
1916
1919
1920
1921
1922
1925
1926
1927
1930
1931
1932
1933
1936
11607
11624
11626
11627
11629
11630
11632
11633
11635
11638
11639
11640
11642
11644
11645
11646
11754
11755
11756
11757
11758
11759
11760
11761
11762
11763
11764
11768
11769
11770
11770
11770
1865
1866
1867
1870
1871
1872
1873
1876
1877
1878
1879
1882
1883
1884
1885
1888
11571
11584
11586
11587
11589
11590
11592
11593
11595
11596
11598
11599
11601
11602
11604
11605
11754
11755
11756
11757
11759
11760
11761
11762
11763
11764
11766
11767
11768
11768
11768
11768
1841
1842
1843
1846
1847
1848
1849
1852
1853
1854
1855
1858
1859
1860
1861
1864
11547
11549
11550
11551
11553
11555
11556
11557
11559
11561
11562
11563
11565
11567
11568
11569
11754
11755
11756
11757
11759
11760
11761
11762
11763
11764
11765
11766
11766
11766
11766
11766
1805
1806
1809
1810
1811
1812
1815
1816
1817
1818
1821
1822
1835
1836
1837
1840
11512
11513
11514
11516
11523
11525
11526
11528
11529
11531
11532
11534
11535
11537
11538
11540
11754
11755
11756
11757
11759
11760
11761
11762
11763
11763
11763
11763
11763
11763
11763
11763
1781
1782
1783
1786
1787
1788
1789
1792
1793
1794
1795
1798
1799
1800
1803
1804
11504
11506
11507
11508
11510
11702
11703
11704
11706
11708
11709
11710
11712
11714
11715
11716
11734
11735
11736
11738
11740
11741
11742
11745
11746
11747
11748
11753
11754
11755
11756
11757
11758
11759
11759
11759
11759
11759
11759
11759
11759
11759
11759
11759
11759
11759
11759
11759
1723
1724
1725
1726
1729
1730
1731
1734
1735
1736
1737
1740
1741
1742
1743
1746
11678
11680
11682
11683
11684
11686
11687
11688
11690
11692
11693
11694
11696
11698
11699
11700
11734
11735
11737
11738
11740
11741
11743
11745
11746
11747
11748
11749
11751
11752
11752
11752
1697
1700
1701
1702
1703
1706
1707
1708
1709
1712
1713
1714
1717
1718
1719
1720
11655
11656
11658
11660
11661
11662
11664
11666
11667
11668
11670
11671
11672
11674
11676
11677
11734
11736
11737
11738
11740
11741
11742
11743
11745
11747
11748
11749
11750
11751
11751
11751
1649
1652
1653
1654
1655
1658
1659
1684
1685
1686
1689
1690
1691
1692
1695
1696
11598
11599
11601
11603
11604
11605
11607
11625
11626
11627
11629
11631
11632
11633
11635
11654
11734
11735
11736
11737
11739
11740
11741
11742
11743
11744
11748
11749
11750
11750
11750
11750
1625
1628
1629
1630
1631
1634
1635
1636
1637
1640
1641
1642
1643
1646
1647
1648
11574
11575
11577
11579
11580
11581
11583
11585
11586
11587
11589
11591
11592
11593
11595
11597
11734
11736
11737
11739
11740
11741
11742
11743
11744
11746
11747
11748
11748
11748
11748
11748
1591
1592
1605
1606
1607
1610
1611
1612
1613
1616
1617
1618
1619
1622
1623
1624
11532
11534
11536
11537
11538
11540
11548
11549
11550
11551
11554
11555
11556
11557
11559
11573
11734
11735
11736
11737
11739
11740
11741
11742
11743
11744
11745
11746
11746
11746
11746
11746
1565
1568
1569
1570
1573
1574
1575
1576
1579
1580
1581
1582
1585
1586
1587
1588
11505
11506
11507
11508
11510
11518
11519
11520
11522
11524
11525
11526
11528
11530
11531
11710
11726
11733
11734
11735
11736
11737
11738
11739
11740
11741
11742
11742
11742
11742
11742
11742
1519
1520
1521
1522
1525
1526
1527
1528
1531
1556
1557
1558
1559
1562
1563
1564
11678
11685
11686
11687
11688
11691
11692
11693
11694
11701
11702
11703
11704
11707
11708
11709
11717
11718
11719
11720
11721
11723
11724
11725
11727
11731
11732
11733
11733
11733
11733
11733
1495
1496
1497
1498
1501
1502
1503
1504
1507
1508
1509
1510
1513
1514
1515
1516
11646
11653
11654
11655
11656
11659
11660
11661
11662
11669
11670
11671
11672
11675
11676
11677
11717
11718
11719
11720
11721
11723
11724
11725
11726
11727
11729
11730
11731
11731
11731
11731
1471
1472
1473
1476
1477
1478
1479
1480
1483
1484
1485
1486
1489
1490
1491
1492
11536
11537
11538
11540
11547
11548
11549
11550
11551
11637
11638
11639
11640
11643
11644
11645
11717
11718
11719
11720
11721
11722
11724
11725
11726
11727
11728
11729
11729
11729
11729
11729
1435
1436
1437
1440
1441
1442
1443
1444
1447
1448
1449
1450
1451
1454
1455
1470
11517
11518
11519
11520
11522
11523
11524
11525
11526
11528
11529
11530
11531
11532
11534
11535
11717
11718
11719
11720
11721
11722
11724
11725
11726
11727
11727
11727
11727
11727
11727
11727
1387
1388
1391
1392
1393
1394
1397
1398
1399
1400
1403
1428
1429
1430
1433
1434
11511
11512
11513
11514
11516
11591
11592
11594
11596
11597
11598
11600
11602
11603
11604
11606
11701
11702
11703
11705
11707
11708
11709
11710
11711
11715
11716
11718
11719
11720
11721
11722
11723
11723
11723
11723
11723
11723
11723
11723
11723
11723
11723
11723
11723
11723
11723
11723
1363
1364
1367
1368
1369
1370
1373
1374
1375
1376
1379
1380
1381
1382
1385
1386
11567
11568
11570
11572
11573
11574
11576
11578
11579
11580
11582
11584
11585
11586
11588
11590
11701
11702
11703
11704
11705
11707
11709
11710
11711
11713
11714
11715
11715
11715
11715
11715
1327
1330
1343
1344
1345
1346
1349
1350
1351
1352
1355
1356
1357
1358
1361
1362
11531
11533
11541
11542
11543
11544
11553
11554
11555
11556
11558
11560
11561
11562
11564
11566
11701
11702
11703
11704
11705
11707
11708
11709
11710
11711
11712
11713
11713
11713
11713
11713
1303
1306
1307
1308
1309
1312
1313
1314
1315
1318
1319
1320
1321
1324
1325
1326
11507
11509
11511
11512
11513
11515
11517
11518
11519
11521
11523
11524
11525
11527
11529
11530
11701
11702
11703
11704
11705
11706
11707
11708
11709
11710
11710
11710
11710
11710
11710
11710
1001
1002
1003
1006
1007
1032
1033
1034
1037
1038
1039
1040
1043
1300
1301
1302
11504
11505
11506
11588
11590
11591
11593
11594
11624
11625
11626
11628
11630
11631
11632
11634
11685
11686
11687
11689
11691
11692
11693
11694
11695
11699
11700
11701
11702
11703
11706
11706
977
978
979
982
983
984
985
988
989
990
991
994
995
996
997
1000
11564
11566
11567
11569
11570
11572
11573
11575
11576
11578
11579
11581
11582
11584
11585
11587
11685
11686
11687
11688
11689
11691
11692
11693
11694
11695
11697
11698
11699
11699
11699
11699
953
954
955
958
959
960
961
964
965
966
967
970
971
972
973
976
11535
11536
11537
11539
11541
11542
11543
11545
11553
11554
11555
11557
11558
11560
11561
11563
11685
11686
11687
11688
11689
11691
11692
11693
11694
11695
11696
11697
11697
11697
11697
11697
917
918
921
922
923
924
927
928
929
930
933
934
935
936
939
940
11505
11506
11508
11509
11511
11512
11514
11515
11517
11518
11520
11521
11523
11524
11526
11527
11685
11686
11687
11688
11689
11690
11691
11692
11693
11693
11693
11693
11693
11693
11693
11693
869
872
873
874
875
878
879
904
905
906
909
910
911
912
915
916
11504
11597
11599
11600
11602
11603
11605
11606
11624
11625
11627
11628
11630
11631
11633
11634
11669
11670
11671
11672
11673
11675
11676
11677
11678
11679
11683
11684
11685
11690
11690
11690
845
848
849
850
851
854
855
856
857
860
861
862
863
866
867
868
11562
11563
11564
11566
11568
11569
11570
11572
11574
11575
11576
11578
11580
11581
11582
11596
11669
11671
11672
11673
11675
11676
11677
11678
11679
11681
11682
11683
11683
11683
11683
11683
811
812
825
826
827
830
831
832
833
836
837
838
839
842
843
844
11532
11533
11535
11536
11538
11539
11541
11542
11544
11545
11553
11554
11556
11557
11558
11560
11669
11670
11671
11672
11673
11675
11676
11677
11678
11679
11680
11681
11681
11681
11681
11681
787
788
789
790
793
794
795
796
799
800
801
802
805
806
807
808
11504
11505
11507
11508
11509
11511
11513
11514
11515
11517
11519
11520
11521
11529
11530
11634
11663
11668
11669
11670
11671
11672
11673
11674
11675
11676
11677
11677
11677
11677
11677
11677
739
740
741
744
745
746
747
750
751
776
777
778
781
782
783
784
11594
11596
11598
11599
11600
11602
11604
11605
11606
11624
11626
11627
11628
11630
11632
11633
11653
11654
11655
11656
11657
11659
11660
11661
11662
11663
11666
11667
11668
11668
11668
11668
715
716
717
720
721
722
723
726
727
728
729
732
733
734
735
738
11558
11561
11562
11563
11564
11567
11568
11569
11570
11584
11586
11587
11588
11590
11592
11593
11653
11654
11655
11656
11657
11659
11660
11661
11662
11663
11664
11665
11666
11666
11666
11666
679
680
683
684
697
698
699
702
703
704
705
708
709
710
711
714
11529
11531
11532
11533
11535
11537
11538
11539
11541
11543
11544
11545
11553
11555
11556
11557
11653
11654
11655
11656
11657
11659
11660
11661
11662
11663
11664
11664
11664
11664
11664
11664
655
656
659
660
661
662
665
666
667
668
671
672
673
674
677
678
11504
11506
11507
11508
11509
11512
11513
11514
11515
11523
11525
11526
11527
11632
11633
11634
11644
11645
11647
11652
11653
11654
11655
11656
11657
11658
11659
11660
11660
11660
11660
11660
607
610
611
612
613
616
617
618
619
622
623
648
649
650
653
654
11592
11593
11594
11597
11598
11599
11600
11603
11604
11605
11606
11625
11626
11627
11628
11631
11637
11638
11639
11640
11641
11643
11644
11645
11646
11647
11650
11651
11652
11652
11652
11652
583
586
587
588
589
592
593
594
595
598
599
600
601
604
605
606
11556
11557
11558
11573
11574
11575
11576
11579
11580
11581
11582
11585
11586
11587
11588
11591
11637
11638
11639
11640
11641
11643
11644
11645
11646
11647
11648
11649
11650
11650
11650
11650
549
550
551
552
555
556
569
570
571
574
575
576
577
580
581
582
11526
11527
11530
11531
11532
11533
11536
11537
11538
11539
11542
11543
11544
11545
11554
11555
11637
11638
11639
11640
11641
11643
11644
11645
11646
11647
11648
11648
11648
11648
11648
11648
523
526
527
528
529
532
533
534
537
538
539
540
543
544
545
546
11505
11506
11507
11508
11509
11518
11519
11520
11521
11524
11525
11611
11614
11615
11616
11617
11627
11630
11631
11632
11633
11636
11637
11638
11639
11640
11641
11642
11643
11644
11644
11644
487
490
491
506
507
508
509
512
513
514
515
516
519
520
521
522
11531
11533
11534
11541
11542
11543
11544
11546
11547
11548
11549
11550
11552
11608
11609
11610
11624
11625
11626
11627
11628
11629
11633
11634
11635
11636
11636
11636
11636
11636
11636
11636
465
466
469
470
471
472
473
476
477
478
479
480
483
484
485
486
11512
11513
11515
11516
11517
11518
11519
11521
11522
11523
11524
11525
11527
11528
11529
11530
11624
11625
11626
11627
11628
11629
11630
11631
11632
11633
11633
11633
11633
11633
11633
11633
417
418
421
422
423
424
427
428
429
430
433
434
435
436
439
464
11511
11585
11586
11587
11590
11591
11592
11593
11596
11597
11598
11599
11602
11603
11604
11605
11608
11609
11610
11611
11612
11614
11615
11616
11617
11618
11622
11623
11625
11630
11630
11630
393
394
397
398
399
400
403
404
405
406
409
410
411
412
415
416
11561
11562
11563
11566
11567
11568
11569
11572
11573
11574
11575
11578
11579
11580
11581
11584
11608
11610
11611
11612
11614
11615
11616
11617
11618
11620
11621
11622
11622
11622
11622
11622
357
360
361
362
363
366
379
380
381
382
385
386
387
388
391
392
11525
11526
11529
11530
11531
11532
11535
11536
11537
11538
11553
11554
11555
11556
11557
11560
11608
11609
11610
11611
11612
11614
11615
11616
11617
11618
11619
11620
11620
11620
11620
11620
223
336
337
338
339
342
343
344
345
348
349
350
351
354
355
356
11504
11505
11506
11507
11508
11511
11512
11513
11514
11517
11518
11519
11520
11523
11524
11552
11600
11607
11608
11609
11610
11611
11612
11613
11614
11615
11616
11616
11616
11616
11616
11616
187
188
203
204
205
208
209
210
211
212
215
216
217
218
219
222
11527
11528
11535
11536
11537
11539
11540
11541
11542
11543
11545
11546
11547
11548
11549
11551
11596
11597
11598
11599
11600
11601
11604
11605
11606
11607
11607
11607
11607
11607
11607
11607
163
166
167
168
169
172
173
174
175
176
179
180
181
182
183
186
11511
11512
11514
11515
11516
11517
11518
11520
11521
11522
11523
11524
11526
11550
11551
11552
11586
11587
11588
11595
11596
11597
11598
11599
11600
11601
11602
11603
11604
11604
11604
11604
127
130
131
132
147
148
149
152
153
154
155
156
159
160
161
162
11530
11532
11533
11534
11535
11536
11538
11539
11540
11541
11542
11544
11545
11546
11547
11548
11584
11585
11586
11587
11588
11589
11592
11593
11594
11595
11595
11595
11595
11595
11595
11595
105
106
107
110
111
112
113
116
117
118
119
120
123
124
125
126
11511
11513
11514
11515
11516
11517
11519
11520
11521
11522
11529
11547
11549
11550
11551
11552
11572
11573
11574
11575
11576
11583
11584
11585
11586
11587
11588
11589
11590
11591
11592
11592
69
70
71
74
75
76
91
92
93
96
97
98
99
100
103
104
11528
11529
11531
11532
11533
11534
11535
11537
11538
11539
11540
11541
11543
11544
11545
11546
11572
11573
11574
11575
11576
11577
11579
11580
11581
11582
11582
11582
11582
11582
11582
11582
47
48
49
50
51
54
55
56
57
60
61
62
63
64
67
68
11512
11513
11514
11515
11516
11523
11525
11526
11527
11545
11546
11548
11549
11550
11551
11552
11560
11561
11562
11563
11564
11565
11570
11571
11572
11573
11574
11575
11576
11577
11578
11579
11
12
13
14
15
18
19
20
35
36
37
40
41
42
43
44
11526
11527
11528
11530
11531
11532
11533
11534
11536
11537
11538
11539
11540
11542
11543
11544
11560
11561
11562
11563
11564
11565
11567
11568
11569
11570
11570
11570
11570
11570
11570
11570
0
1
4
5
6
7
8
10867
10868
10869
10870
10873
10874
10877
10878
10881
11367
11368
11369
11370
11373
11374
11377
11378
11381
11486
11488
11490
11491
11492
11495
11496
11498
11502
11503
11518
11519
11520
11521
11522
11524
11525
11560
11561
11562
11563
11564
11565
11566
11567
11567
11567
11567
11567
11567
11567
11567
11567
11567
11567
11567
11567
11567
11567
10839
10840
10841
10842
10845
10846
10847
10848
10851
10852
10855
10856
10861
10862
10863
10864
11339
11340
11341
11342
11345
11346
11347
11348
11351
11352
11355
11356
11361
11362
11363
11364
11480
11481
11482
11483
11484
11485
11487
11489
11490
11491
11493
11494
11497
11499
11502
11503
10765
10768
10769
10774
10775
10776
10777
10780
10781
10782
10783
10786
10787
10790
10791
10792
11265
11268
11269
11274
11275
11276
11277
11280
11281
11282
11283
11286
11287
11290
11291
11292
11481
11482
11484
11485
11487
11488
11490
11491
11493
11494
11495
11496
11497
11498
11499
11500
11501
11501
11501
11501
11501
11501
11501
11501
11501
11501
11501
11501
11501
11501
11501
11501
10701
10702
10703
10704
10707
10708
10709
10752
10753
10754
10755
10758
10759
10760
10761
10764
11201
11202
11203
11204
11207
11208
11209
11252
11253
11254
11255
11258
11259
11260
11261
11264
11480
11483
11484
11485
11486
11487
11488
11489
11490
11491
11492
11496
11497
11498
11499
11500
10675
10676
10679
10680
10681
10682
10685
10686
10687
10688
10691
10692
10695
10696
10697
10698
11175
11176
11179
11180
11181
11182
11185
11186
11187
11188
11191
11192
11195
11196
11197
11198
11480
11481
11482
11483
11484
11485
11486
11487
11489
11491
11492
11493
11495
11497
11498
11499
10649
10650
10653
10654
10655
10656
10659
10660
10663
10664
10665
10666
10669
10670
10671
10672
11149
11150
11153
11154
11155
11156
11159
11160
11163
11164
11165
11166
11169
11170
11171
11172
11480
11482
11483
11484
11486
11487
11488
11489
11491
11493
11495
11496
11497
11497
11497
11497
10593
10594
10595
10598
10599
10602
10603
10604
10605
10608
10609
10610
10611
10612
10647
10648
11093
11094
11095
11098
11099
11102
11103
11104
11105
11108
11109
11110
11111
11112
11147
11148
11480
11481
11482
11483
11485
11486
11487
11488
11489
11490
11491
11492
11493
11494
11495
11496
10569
10570
10571
10574
10575
10576
10577
10580
10581
10582
10583
10586
10587
10588
10589
10592
11069
11070
11071
11074
11075
11076
11077
11080
11081
11082
11083
11086
11087
11088
11089
11092
11480
11481
11482
11483
11484
11485
11486
11488
11489
11490
11492
11493
11494
11494
11494
11494
10521
10522
10525
10526
10527
10528
10531
10532
10533
10534
10535
10562
10563
10564
10565
10568
11021
11022
11025
11026
11027
11028
11031
11032
11033
11034
11035
11062
11063
11064
11065
11068
11480
11481
11482
11483
11485
11486
11487
11488
11489
11490
11491
11492
11492
11492
11492
11492
10485
10486
10501
10502
10503
10504
10507
10508
10509
10510
10513
10514
10515
10516
10519
10520
10985
10986
11001
11002
11003
11004
11007
11008
11009
11010
11013
11014
11015
11016
11019
11020
11480
11481
11482
11483
11484
11485
11486
11487
11488
11489
11489
11489
11489
11489
11489
11489
7457
7462
7463
7464
7465
7468
7469
7470
7471
7474
7475
7478
7479
10482
10483
10484
10982
10983
10984
11379
11384
11385
11386
11387
11390
11391
11392
11393
11396
11397
11400
11401
11457
11458
11459
11460
11463
11464
11465
11466
11469
11470
11473
11474
11477
11478
11479
11480
11481
11482
11484
11484
11484
11484
11484
11484
11484
11484
11484
11484
11484
11484
11484
11484
7385
7386
7389
7390
7437
7440
7441
7442
7443
7446
7447
7448
7449
7452
7453
7456
11307
11308
11311
11312
11359
11362
11363
11364
11365
11368
11369
11370
11371
11374
11375
11378
11455
11457
11459
11460
11461
11463
11465
11466
11467
11468
11469
11470
11471
11472
11473
11474
11477
11478
11478
11478
11478
11478
11478
11478
11478
11478
11478
11478
11478
11478
11478
11478
7357
7358
7359
7360
7363
7364
7367
7368
7373
7374
7375
7376
7379
7380
7381
7382
11259
11260
11261
11262
11265
11266
11269
11270
11295
11296
11297
11298
11301
11302
11303
11304
11456
11458
11459
11460
11462
11464
11465
11466
11467
11469
11471
11474
11475
11476
11477
11477
7291
7292
7293
7296
7297
7298
7299
7302
7303
7306
7307
7348
7351
7352
7353
7354
11213
11214
11215
11218
11219
11220
11221
11224
11225
11228
11229
11250
11253
11254
11255
11256
11455
11457
11458
11459
11460
11461
11462
11463
11465
11466
11468
11470
11472
11473
11475
11476
7265
7266
7267
7270
7271
7274
7275
7276
7277
7280
7281
7282
7283
7286
7287
7290
11187
11188
11189
11192
11193
11196
11197
11198
11199
11202
11203
11204
11205
11208
11209
11212
11455
11456
11457
11460
11461
11462
11463
11464
11465
11466
11467
11468
11471
11472
11473
11474
11475
11475
11475
11475
11475
11475
11475
11475
11475
11475
11475
11475
11475
11475
11475
11475
7239
7242
7243
7244
7245
7248
7249
7250
7251
7254
7255
7258
7259
7260
7261
7264
11161
11164
11165
11166
11167
11170
11171
11172
11173
11176
11177
11180
11181
11182
11183
11186
11455
11456
11457
11458
11459
11461
11462
11463
11464
11466
11467
11470
11472
11473
11473
11473
7183
7184
7187
7188
7189
7190
7193
7194
7195
7196
7199
7200
7201
7202
7205
7206
11105
11106
11109
11110
11111
11112
11115
11116
11117
11118
11121
11122
11123
11124
11127
11128
11456
11457
11458
11459
11460
11461
11462
11463
11464
11465
11466
11468
11469
11470
11471
11471
7159
7160
7161
7162
7165
7166
7167
7168
7171
7172
7173
7174
7177
7178
7181
7182
11081
11082
11083
11084
11087
11088
11089
11090
11093
11094
11095
11096
11099
11100
11103
11104
11455
11456
11457
11458
11459
11461
11462
11463
11464
11465
11466
11467
11468
11469
11470
11470
7111
7112
7113
7116
7117
7118
7119
7122
7123
7124
7125
7150
7153
7154
7155
7156
11033
11034
11035
11038
11039
11040
11041
11044
11045
11046
11047
11072
11075
11076
11077
11078
11455
11456
11457
11458
11460
11461
11462
11463
11464
11465
11466
11467
11468
11468
11468
11468
7087
7088
7089
7092
7093
7094
7095
7098
7099
7100
7101
7104
7105
7106
7107
7110
11009
11010
11011
11014
11015
11016
11017
11020
11021
11022
11023
11026
11027
11028
11029
11032
11455
11456
11457
11458
11460
11461
11462
11463
11464
11465
11466
11466
11466
11466
11466
11466
7021
7024
7025
7028
7029
7058
7061
7062
7063
7064
7067
7068
7069
7070
7083
7086
10980
10983
10984
10985
10986
10989
10990
10991
10992
11005
11008
11417
11420
11421
11424
11425
11441
11444
11445
11448
11449
11454
11455
11456
11457
11458
11459
11460
11461
11462
11462
11462
6993
6996
6997
6998
6999
7002
7003
7006
7007
7012
7013
7014
7015
7018
7019
7020
11366
11368
11369
11370
11372
11374
11376
11378
11380
11408
11409
11410
11411
11414
11415
11416
11432
11433
11434
11435
11436
11438
11439
11440
11441
11442
11445
11446
11448
11452
11453
11454
6923
6924
6925
6926
6929
6930
6931
6932
6935
6936
6939
6940
6987
6990
6991
6992
11317
11318
11319
11320
11323
11324
11325
11326
11329
11330
11333
11334
11360
11362
11363
11364
11430
11431
11432
11433
11434
11435
11437
11439
11440
11441
11443
11444
11447
11449
11452
11453
6853
6856
6857
6898
6901
6902
6903
6904
6907
6908
6909
6910
6913
6914
6917
6918
11245
11248
11249
11251
11253
11254
11255
11257
11259
11260
11261
11263
11265
11267
11269
11271
11430
11433
11434
11435
11436
11439
11440
11441
11442
11444
11445
11446
11447
11448
11449
11450
11451
11451
11451
11451
11451
11451
11451
11451
11451
11451
11451
11451
11451
11451
11451
11451
6827
6830
6831
6832
6833
6836
6837
6840
6841
6842
6843
6846
6847
6848
6849
6852
11200
11202
11203
11204
11206
11208
11209
11232
11233
11234
11235
11238
11239
11240
11241
11244
11431
11432
11434
11435
11436
11437
11438
11440
11441
11443
11446
11447
11448
11449
11450
11450
6801
6804
6805
6808
6809
6810
6811
6814
6815
6816
6817
6820
6821
6824
6825
6826
11174
11176
11178
11180
11181
11182
11184
11186
11187
11188
11190
11192
11194
11196
11197
11198
11430
11431
11432
11433
11434
11435
11436
11437
11439
11441
11442
11443
11445
11447
11448
11449
6745
6746
6749
6750
6751
6752
6755
6756
6789
6792
6793
6794
6795
6798
6799
6800
11133
11134
11137
11138
11139
11140
11143
11144
11162
11164
11165
11166
11168
11170
11171
11172
11430
11432
11433
11434
11436
11437
11438
11439
11441
11443
11445
11446
11447
11447
11447
11447
6721
6722
6723
6724
6727
6728
6731
6732
6733
6734
6737
6738
6739
6740
6743
6744
11093
11094
11095
11097
11099
11101
11103
11104
11105
11107
11109
11110
11111
11112
11131
11132
11430
11431
11432
11433
11435
11436
11437
11438
11439
11440
11441
11442
11443
11444
11445
11446
6673
6674
6675
6700
6703
6704
6705
6706
6709
6710
6711
6712
6715
6716
6717
6718
11057
11058
11059
11073
11075
11076
11077
11079
11081
11082
11083
11085
11087
11088
11089
11091
11430
11431
11432
11433
11434
11435
11436
11438
11439
11440
11442
11443
11444
11444
11444
11444
6649
6650
6651
6654
6655
6656
6657
6660
6661
6662
6663
6666
6667
6668
6669
6672
11021
11022
11024
11026
11027
11028
11030
11032
11033
11034
11035
11050
11051
11052
11053
11056
11430
11431
11432
11433
11435
11436
11437
11438
11439
11440
11441
11442
11442
11442
11442
11442
6613
6614
6617
6618
6619
6620
6633
6636
6637
6638
6639
6642
6643
6644
6645
6648
10985
10986
10995
10996
10997
10998
11006
11008
11009
11010
11012
11014
11015
11016
11018
11020
11430
11431
11432
11433
11434
11435
11436
11437
11438
11439
11439
11439
11439
11439
11439
11439
5709
5712
5713
5714
5715
5718
5719
5720
5721
5724
5725
5728
5729
6608
6611
6612
10981
10983
10984
11337
11340
11341
11342
11343
11346
11347
11348
11349
11352
11353
11356
11357
11406
11409
11410
11411
11412
11415
11416
11417
11418
11420
11422
11425
11426
11429
11430
11431
11432
11434
11434
11434
11434
11434
11434
11434
11434
11434
11434
11434
11434
11434
11434
11434
5635
5636
5639
5642
5643
5644
5645
5648
5649
5650
5651
5654
5655
5658
5659
5662
11287
11288
11291
11294
11296
11297
11298
11300
11302
11303
11304
11306
11308
11310
11312
11314
11407
11409
11410
11411
11413
11415
11416
11417
11419
11420
11421
11422
11423
11424
11425
11427
11428
11428
11428
11428
11428
11428
11428
11428
11428
11428
11428
11428
11428
11428
11428
11428
5569
5570
5571
5574
5575
5578
5579
5620
5623
5624
5625
5626
5629
5630
5631
5632
11219
11220
11221
11223
11225
11227
11229
11272
11275
11276
11277
11278
11281
11282
11283
11284
11406
11408
11410
11411
11412
11414
11416
11417
11418
11419
11421
11423
11424
11426
11427
11427
5543
5546
5547
5548
5549
5552
5553
5554
5555
5558
5559
5562
5563
5564
5565
5568
11193
11195
11197
11198
11199
11201
11203
11204
11205
11207
11209
11211
11213
11214
11215
11217
11406
11407
11408
11410
11411
11412
11413
11414
11416
11422
11423
11424
11425
11426
11426
11426
5517
5520
5521
5522
5523
5526
5527
5530
5531
5532
5533
5536
5537
5538
5539
5542
11151
11154
11155
11156
11157
11160
11177
11179
11181
11182
11183
11185
11187
11188
11189
11191
11406
11407
11409
11410
11412
11413
11414
11415
11417
11418
11419
11421
11423
11424
11424
11424
5461
5462
5465
5466
5467
5468
5471
5472
5473
5474
5477
5478
5511
5514
5515
5516
11111
11112
11114
11116
11117
11118
11120
11122
11123
11124
11126
11128
11145
11148
11149
11150
11406
11407
11408
11409
11410
11413
11414
11415
11416
11417
11419
11420
11421
11422
11423
11423
5437
5438
5439
5440
5443
5444
5445
5446
5449
5450
5453
5454
5455
5456
5459
5460
11086
11088
11089
11090
11092
11094
11095
11096
11098
11100
11102
11104
11105
11106
11108
11110
11406
11407
11408
11409
11410
11411
11412
11413
11414
11415
11417
11418
11419
11420
11421
11421
5389
5390
5391
5394
5395
5396
5397
5422
5425
5426
5427
5428
5431
5432
5433
5434
11039
11040
11041
11043
11045
11046
11047
11060
11063
11064
11065
11066
11069
11070
11071
11084
11406
11408
11409
11411
11412
11413
11414
11415
11416
11418
11419
11420
11420
11420
11420
11420
5365
5366
5367
5370
5371
5372
5373
5376
5377
5378
5379
5382
5383
5384
5385
5388
11015
11016
11017
11019
11021
11022
11023
11025
11027
11028
11029
11031
11033
11034
11035
11037
11406
11407
11408
11409
11411
11412
11413
11414
11415
11416
11417
11418
11418
11418
11418
11418
5327
5330
5333
5334
5335
5336
5339
5340
5341
5342
5355
5358
5359
5360
5361
5364
10980
10982
10984
10985
10986
10988
10990
10991
10992
10999
11002
11003
11004
11011
11013
11358
11402
11405
11406
11407
11408
11409
11410
11411
11412
11413
11414
11414
11414
11414
11414
11414
5253
5256
5257
5260
5307
5310
5311
5312
5313
5316
5317
5318
5319
5322
5323
5326
11330
11332
11334
11336
11338
11340
11341
11342
11344
11346
11347
11348
11350
11352
11354
11356
11382
11385
11386
11387
11388
11391
11392
11393
11394
11396
11398
11399
11401
11403
11404
11405
5227
5228
5229
5230
5233
5234
5237
5240
5241
5242
5243
5246
5247
5248
5249
5252
11281
11282
11283
11285
11287
11289
11291
11316
11318
11319
11320
11322
11324
11325
11326
11328
11383
11385
11386
11387
11389
11390
11391
11392
11393
11394
11395
11397
11398
11400
11403
11404
5161
5162
5163
5166
5167
5168
5169
5172
5173
5176
5177
5218
5221
5222
5223
5224
11233
11234
11235
11237
11239
11240
11241
11243
11245
11247
11249
11273
11275
11276
11277
11279
11382
11384
11386
11387
11388
11389
11390
11392
11393
11395
11397
11399
11400
11402
11403
11403
5135
5136
5137
5140
5141
5144
5145
5146
5147
5150
5151
5152
5153
5156
5157
5160
11187
11188
11190
11191
11194
11195
11197
11198
11200
11201
11203
11204
11206
11207
11209
11231
11382
11383
11384
11387
11388
11389
11390
11391
11392
11393
11394
11395
11398
11399
11400
11401
11402
11402
11402
11402
11402
11402
11402
11402
11402
11402
11402
11402
11402
11402
11402
11402
5109
5112
5113
5114
5115
5118
5119
5120
5121
5124
5125
5128
5129
5130
5131
5134
11146
11148
11149
11150
11152
11154
11155
11156
11158
11160
11178
11179
11181
11182
11184
11185
11382
11383
11384
11385
11386
11388
11389
11390
11391
11393
11394
11397
11399
11400
11400
11400
5053
5054
5057
5058
5059
5060
5063
5064
5065
5066
5069
5070
5071
5072
5075
5076
11105
11107
11108
11110
11111
11112
11130
11132
11133
11134
11136
11138
11139
11140
11142
11144
11383
11384
11385
11386
11387
11388
11389
11390
11391
11392
11393
11395
11396
11397
11398
11398
5029
5030
5031
5032
5035
5036
5037
5038
5041
5042
5043
5044
5047
5048
5051
5052
11069
11070
11071
11085
11086
11088
11089
11091
11092
11094
11095
11097
11098
11101
11102
11104
11382
11383
11384
11385
11386
11388
11389
11390
11391
11392
11393
11394
11395
11396
11397
11397
4981
4982
4983
4986
4987
4988
4989
4992
4993
4994
4995
5020
5023
5024
5025
5026
11033
11034
11035
11049
11051
11052
11053
11055
11057
11058
11059
11061
11063
11064
11065
11067
11382
11383
11384
11385
11387
11388
11389
11390
11391
11392
11393
11394
11395
11395
11395
11395
4957
4958
4959
4962
4963
4964
4965
4968
4969
4970
4971
4974
4975
4976
4977
4980
11003
11004
11012
11013
11015
11016
11018
11019
11021
11022
11024
11025
11027
11028
11030
11031
11382
11383
11384
11385
11387
11388
11389
11390
11391
11392
11393
11393
11393
11393
11393
11393
4919
4920
4921
4924
4925
4928
4931
4932
4933
4934
4937
4938
4939
4940
4953
4956
10981
10982
10984
10985
10986
10994
10996
10997
10998
11000
11002
11348
11349
11350
11353
11354
11370
11371
11372
11375
11376
11381
11382
11383
11384
11385
11386
11387
11388
11389
11389
11389
4853
4854
4857
4858
4859
4860
4863
4864
4867
4908
4909
4912
4913
4914
4915
4918
11320
11321
11322
11325
11326
11327
11328
11331
11332
11337
11338
11341
11342
11343
11344
11347
11359
11360
11363
11364
11365
11366
11367
11369
11370
11371
11373
11375
11377
11380
11381
11381
4827
4828
4831
4832
4833
4834
4837
4838
4839
4840
4843
4844
4847
4848
4851
4852
11191
11293
11294
11297
11298
11299
11300
11303
11304
11305
11306
11309
11310
11315
11316
11319
11359
11360
11361
11363
11364
11366
11367
11369
11370
11372
11373
11376
11377
11378
11379
11380
4801
4804
4805
4806
4807
4810
4811
4812
4815
4816
4817
4818
4821
4822
4823
4824
11152
11154
11156
11157
11158
11160
11177
11178
11179
11182
11183
11184
11185
11188
11189
11190
11359
11360
11361
11363
11365
11366
11367
11368
11370
11371
11372
11374
11377
11378
11378
11378
4743
4746
4747
4748
4749
4752
4753
4754
4755
4758
4759
4794
4795
4798
4799
4800
11129
11130
11132
11134
11135
11136
11138
11140
11141
11142
11144
11145
11146
11148
11150
11151
11359
11360
11361
11362
11363
11365
11367
11368
11370
11371
11373
11374
11376
11377
11377
11377
4719
4720
4721
4724
4725
4726
4729
4730
4731
4732
4735
4736
4737
4738
4741
4742
11105
11106
11107
11108
11111
11113
11114
11116
11118
11119
11120
11122
11124
11125
11126
11128
11360
11361
11362
11363
11364
11365
11366
11367
11368
11369
11370
11372
11373
11374
11375
11375
4671
4672
4675
4676
4677
4702
4703
4706
4707
4708
4709
4712
4713
4714
4715
4718
11053
11054
11055
11057
11059
11060
11061
11063
11065
11066
11067
11069
11071
11100
11101
11102
11359
11360
11361
11362
11364
11365
11366
11367
11368
11369
11372
11373
11374
11374
11374
11374
4647
4648
4651
4652
4653
4654
4657
4658
4659
4660
4663
4664
4665
4666
4669
4670
11029
11030
11031
11033
11035
11036
11037
11039
11041
11042
11043
11045
11047
11048
11049
11051
11359
11360
11361
11362
11364
11365
11366
11367
11368
11369
11370
11371
11372
11372
11372
11372
4611
4614
4615
4616
4629
4630
4633
4634
4635
4636
4639
4640
4641
4642
4645
4646
10993
10994
10996
10998
10999
11000
11002
11004
11011
11012
11013
11016
11023
11024
11025
11027
11359
11360
11361
11362
11364
11366
11367
11368
11369
11369
11369
11369
11369
11369
11369
11369
4547
4548
4549
4550
4553
4554
4557
4598
4599
4602
4603
4604
4605
4608
4609
4610
10980
10981
10982
10984
10986
10987
10988
10990
10992
11238
11240
11241
11242
11244
11246
11248
11345
11347
11348
11349
11351
11353
11355
11358
11359
11360
11361
11362
11363
11364
11365
11365
4521
4522
4523
4524
4527
4528
4529
4530
4533
4534
4537
4538
4541
4542
4543
4544
11212
11214
11215
11216
11218
11220
11221
11222
11224
11226
11228
11230
11232
11234
11235
11236
11337
11339
11341
11342
11343
11344
11345
11347
11348
11350
11351
11354
11355
11357
11358
11358
4495
4496
4497
4498
4501
4502
4505
4506
4507
4508
4511
4512
4513
4514
4517
4518
11171
11172
11173
11174
11193
11194
11196
11198
11199
11200
11202
11204
11205
11206
11208
11210
11337
11338
11339
11342
11343
11344
11345
11346
11347
11348
11349
11350
11353
11354
11355
11356
11357
11357
11357
11357
11357
11357
11357
11357
11357
11357
11357
11357
11357
11357
11357
11357
4437
4440
4441
4442
4443
4446
4447
4448
4449
4452
4485
4486
4489
4490
4491
4492
11129
11131
11133
11134
11135
11137
11139
11140
11141
11143
11161
11162
11165
11166
11167
11168
11337
11338
11339
11340
11341
11343
11344
11345
11346
11348
11349
11351
11354
11355
11355
11355
4411
4414
4415
4416
4417
4420
4421
4424
4425
4426
4427
4430
4431
4432
4433
4436
11091
11093
11095
11096
11097
11099
11113
11115
11117
11118
11119
11121
11123
11124
11125
11127
11338
11339
11340
11341
11344
11345
11346
11348
11349
11350
11351
11352
11353
11353
11353
11353
4365
4366
4367
4392
4393
4396
4397
4398
4399
4402
4403
4404
4405
4408
4409
4410
11056
11058
11059
11072
11073
11076
11077
11078
11079
11082
11083
11084
11085
11087
11089
11090
11337
11338
11339
11340
11341
11342
11343
11344
11345
11346
11347
11350
11351
11352
11352
11352
4341
4342
4343
4344
4347
4348
4349
4350
4353
4354
4355
4356
4359
4360
4361
4362
11032
11034
11035
11036
11038
11040
11041
11042
11044
11046
11047
11048
11050
11052
11053
11054
11337
11338
11339
11340
11342
11343
11344
11345
11346
11347
11348
11349
11350
11350
11350
11350
4305
4306
4319
4320
4323
4324
4325
4326
4329
4330
4331
4332
4335
4336
4337
4338
10997
10998
11005
11006
11009
11010
11017
11018
11020
11022
11023
11024
11026
11028
11029
11030
11337
11338
11339
11340
11342
11343
11344
11345
11346
11347
11348
11348
11348
11348
11348
11348
3659
3660
3663
3664
3667
4288
4289
4292
4293
4294
4295
4298
4299
4300
4301
4304
10980
10981
10983
10985
10986
10987
10989
10991
10992
10993
10995
11283
11284
11286
11288
11290
11326
11327
11329
11331
11333
11336
11337
11338
11339
11340
11341
11342
11343
11344
11344
11344
3593
3596
3597
3598
3599
3602
3603
3606
3607
3648
3651
3652
3653
3654
3657
3658
11215
11217
11218
11220
11221
11223
11224
11227
11228
11272
11274
11276
11277
11278
11280
11282
11315
11317
11319
11320
11321
11322
11323
11325
11326
11328
11329
11332
11333
11335
11336
11336
3567
3570
3571
3574
3575
3576
3577
3580
3581
3582
3583
3586
3587
3590
3591
3592
11173
11175
11193
11195
11196
11198
11199
11201
11202
11204
11205
11207
11208
11211
11212
11214
11315
11316
11317
11319
11320
11321
11322
11323
11325
11327
11328
11331
11332
11333
11334
11335
3543
3544
3545
3548
3549
3550
3551
3554
3555
3558
3559
3560
3561
3564
3565
3566
11149
11150
11151
11153
11155
11156
11157
11159
11161
11163
11165
11166
11167
11169
11171
11172
11315
11316
11318
11319
11321
11322
11323
11324
11326
11327
11329
11332
11333
11333
11333
11333
3485
3486
3489
3490
3493
3494
3495
3496
3499
3500
3501
3502
3505
3506
3539
3542
11095
11096
11098
11099
11114
11115
11117
11118
11120
11121
11123
11124
11126
11127
11145
11147
11315
11316
11317
11318
11319
11322
11323
11324
11326
11327
11328
11329
11330
11331
11332
11332
3461
3462
3465
3466
3467
3468
3471
3472
3473
3474
3477
3478
3479
3480
3483
3484
11071
11072
11074
11076
11077
11078
11080
11082
11083
11084
11086
11087
11089
11090
11092
11093
11315
11316
11317
11318
11319
11320
11321
11322
11323
11324
11325
11328
11329
11330
11330
11330
3413
3416
3417
3418
3419
3422
3423
3424
3425
3450
3453
3454
3455
3456
3459
3460
11035
11037
11038
11040
11041
11043
11044
11046
11047
11060
11062
11064
11065
11066
11068
11070
11315
11316
11317
11318
11320
11321
11322
11323
11324
11325
11326
11327
11328
11328
11328
11328
3389
3392
3393
3394
3395
3398
3399
3400
3401
3404
3405
3406
3407
3410
3411
3412
11005
11007
11009
11010
11017
11019
11020
11022
11023
11025
11026
11028
11029
11031
11032
11034
11315
11316
11317
11318
11320
11321
11322
11323
11324
11325
11326
11326
11326
11326
11326
11326
3353
3354
3357
3358
3361
3362
3363
3364
3367
3368
3369
3370
3383
3386
3387
3388
10980
10982
10983
10985
10986
10988
10989
10991
10992
10999
11001
11003
11004
11286
11289
11290
11307
11309
11311
11314
11315
11316
11317
11318
11319
11320
11321
11322
11322
11322
11322
11322
3287
3288
3289
3292
3293
3296
3297
3338
3341
3342
3343
3344
3347
3348
3349
3350
11238
11240
11241
11243
11244
11247
11248
11273
11274
11276
11277
11279
11280
11282
11283
11285
11293
11295
11297
11298
11299
11301
11303
11304
11305
11306
11307
11310
11311
11313
11314
11314
3261
3264
3265
3266
3267
3270
3271
3272
3273
3276
3277
3280
3281
3282
3283
3286
11194
11195
11196
11198
11200
11201
11202
11204
11206
11207
11208
11231
11232
11234
11235
11237
11293
11294
11295
11297
11298
11299
11300
11301
11303
11309
11310
11311
11312
11313
11313
11313
3235
3238
3239
3240
3241
3244
3245
3248
3249
3250
3251
3254
3255
3256
3257
3260
11152
11153
11155
11156
11158
11159
11162
11163
11165
11166
11168
11169
11171
11172
11174
11175
11293
11294
11296
11297
11299
11300
11301
11302
11304
11305
11306
11307
11310
11311
11311
11311
3179
3180
3183
3184
3185
3186
3189
3190
3191
3192
3195
3196
3229
3232
3233
3234
11098
11099
11130
11131
11133
11134
11136
11137
11139
11140
11142
11143
11146
11147
11149
11150
11293
11294
11295
11296
11297
11300
11301
11302
11304
11306
11307
11308
11309
11310
11310
11310
3155
3156
3157
3158
3161
3162
3163
3164
3167
3168
3169
3170
3173
3174
3175
3176
11074
11076
11077
11079
11080
11082
11083
11085
11086
11087
11089
11091
11092
11093
11095
11097
11293
11294
11295
11296
11297
11298
11299
11300
11301
11302
11303
11304
11305
11307
11308
11308
3107
3108
3109
3112
3113
3114
3115
3140
3143
3144
3145
3146
3149
3150
3151
3152
11050
11052
11053
11055
11056
11058
11059
11061
11062
11064
11065
11067
11068
11070
11071
11073
11293
11295
11296
11298
11299
11300
11301
11302
11303
11305
11306
11307
11307
11307
11307
11307
3083
3084
3085
3088
3089
3090
3091
3094
3095
3096
3097
3100
3101
3102
3103
3106
11009
11010
11018
11019
11020
11022
11024
11025
11026
11028
11030
11031
11032
11034
11035
11049
11293
11294
11295
11296
11298
11299
11300
11301
11302
11303
11304
11305
11305
11305
11305
11305
3045
3048
3051
3052
3053
3054
3057
3058
3059
3060
3073
3076
3077
3078
3079
3082
10981
10982
10983
10985
10986
10994
10995
10997
10998
11000
11001
11003
11004
11006
11007
11267
11289
11292
11293
11294
11295
11296
11297
11298
11299
11300
11301
11301
11301
11301
11301
11301
3021
3022
3023
3024
3027
3028
3029
3032
3033
3034
3035
3038
3039
3040
3041
3044
11186
11188
11189
11190
11192
11250
11251
11254
11255
11256
11257
11260
11261
11262
11263
11266
11272
11273
11276
11277
11278
11279
11280
11282
11283
11284
11285
11286
11288
11291
11292
11292
2995
2998
2999
3000
3001
3004
3005
3006
3007
3010
3011
3012
3015
3016
3017
3018
11162
11164
11166
11167
11168
11170
11172
11173
11174
11176
11177
11178
11180
11182
11183
11184
11272
11273
11274
11275
11276
11278
11279
11281
11283
11284
11285
11287
11290
11291
11291
11291
2937
2938
2941
2942
2943
2946
2947
2948
2949
2952
2953
2954
2955
2958
2959
2994
11124
11125
11127
11128
11129
11131
11132
11134
11135
11137
11138
11140
11141
11143
11144
11161
11272
11274
11275
11276
11278
11280
11281
11283
11284
11285
11286
11287
11288
11289
11290
11290
2913
2914
2915
2918
2919
2920
2921
2924
2925
2926
2929
2930
2931
2932
2935
2936
11083
11100
11101
11103
11105
11106
11107
11109
11111
11113
11115
11116
11118
11119
11121
11122
11272
11273
11274
11275
11276
11277
11278
11279
11280
11281
11282
11286
11287
11288
11288
11288
2865
2866
2869
2870
2871
2872
2875
2876
2877
2902
2903
2906
2907
2908
2909
2912
11047
11048
11050
11051
11053
11054
11056
11057
11059
11072
11073
11075
11077
11078
11079
11081
11272
11273
11274
11275
11277
11278
11279
11280
11281
11282
11284
11285
11286
11286
11286
11286
2841
2842
2845
2846
2847
2848
2851
2852
2853
2854
2857
2858
2859
2860
2863
2864
11023
11024
11026
11027
11029
11030
11032
11033
11035
11036
11038
11039
11041
11042
11044
11045
11272
11273
11274
11275
11277
11278
11279
11280
11281
11282
11283
11284
11284
11284
11284
11284
2805
2808
2809
2810
2811
2814
2815
2816
2829
2830
2833
2834
2835
2836
2839
2840
10987
10989
10990
10992
10993
10995
10996
10998
11005
11006
11008
11010
11011
11012
11014
11016
11272
11273
11274
11275
11277
11278
11279
11280
11281
11281
11281
11281
11281
11281
11281
11281
2741
2742
2743
2744
2747
2748
2749
2750
2753
2754
2757
2798
2799
2802
2803
2804
10980
10981
10983
10984
10986
11231
11234
11235
11236
11237
11240
11241
11242
11243
11246
11247
11252
11254
11255
11256
11258
11260
11261
11262
11264
11266
11268
11271
11272
11273
11274
11275
11276
11277
11277
11277
11277
11277
11277
11277
11277
11277
11277
11277
11277
11277
11277
11277
2713
2714
2717
2718
2721
2722
2723
2724
2727
2728
2729
2730
2733
2734
2737
2738
11205
11206
11207
11210
11211
11214
11215
11216
11217
11220
11221
11222
11223
11226
11227
11230
11250
11251
11252
11254
11255
11257
11258
11260
11261
11263
11264
11266
11267
11268
11269
11270
11271
11271
11271
11271
11271
11271
11271
11271
11271
11271
11271
11271
11271
11271
11271
11271
2689
2690
2691
2692
2695
2696
2697
2698
2701
2702
2705
2706
2707
2708
2711
2712
11149
11150
11151
11152
11155
11156
11157
11158
11193
11194
11195
11198
11199
11200
11201
11204
11250
11251
11252
11253
11254
11255
11256
11257
11258
11259
11260
11261
11262
11263
11268
11269
2631
2632
2633
2636
2637
2640
2641
2642
2643
2646
2647
2648
2649
2652
2685
2686
11123
11124
11125
11126
11129
11130
11133
11134
11135
11136
11139
11140
11141
11142
11145
11146
11250
11251
11252
11253
11254
11256
11258
11259
11261
11262
11263
11264
11266
11267
11268
11268
2605
2608
2609
2610
2611
2614
2615
2616
2617
2620
2621
2624
2625
2626
2627
2630
11085
11086
11089
11090
11091
11092
11095
11096
11097
11098
11113
11114
11117
11118
11119
11120
11251
11252
11253
11254
11256
11257
11258
11261
11262
11263
11264
11265
11266
11266
11266
11266
2559
2560
2561
2562
2565
2566
2567
2592
2593
2596
2597
2598
2599
2602
2603
2604
11049
11052
11053
11054
11055
11058
11059
11060
11061
11064
11065
11066
11067
11070
11071
11084
11250
11251
11252
11253
11255
11256
11257
11258
11259
11260
11263
11264
11265
11265
11265
11265
2535
2536
2537
2538
2541
2542
2543
2544
2547
2548
2549
2550
2553
2554
2555
2556
11025
11028
11029
11030
11031
11034
11035
11036
11037
11040
11041
11042
11043
11046
11047
11048
11250
11251
11252
11253
11255
11256
11257
11258
11259
11260
11261
11262
11263
11263
11263
11263
2499
2500
2501
2504
2505
2506
2519
2520
2523
2524
2525
2526
2529
2530
2531
2532
10991
10992
10993
10994
10997
10998
10999
11000
11003
11004
11017
11018
11019
11022
11023
11024
11250
11251
11252
11253
11255
11256
11257
11258
11259
11260
11260
11260
11260
11260
11260
11260
2015
2016
2017
2020
2021
2022
2023
2026
2027
2488
2489
2492
2493
2494
2495
2498
10980
10981
10982
10985
10986
10987
10988
11180
11182
11183
11185
11186
11188
11189
11191
11192
11232
11234
11236
11237
11238
11241
11242
11243
11244
11249
11250
11251
11252
11253
11254
11255
11256
11256
11256
11256
11256
11256
11256
11256
11256
11256
11256
11256
11256
11256
11256
11256
1989
1992
1993
1994
1997
1998
1999
2000
2003
2004
2005
2006
2009
2010
2011
2014
11157
11159
11160
11161
11163
11164
11166
11167
11169
11170
11172
11173
11175
11176
11177
11179
11230
11231
11233
11234
11236
11237
11239
11241
11242
11243
11244
11245
11247
11248
11249
11249
1931
1934
1935
1936
1937
1940
1941
1942
1977
1980
1981
1982
1983
1986
1987
1988
11118
11120
11121
11122
11124
11126
11127
11128
11145
11147
11148
11150
11151
11153
11154
11156
11230
11232
11233
11234
11236
11237
11238
11239
11241
11243
11244
11245
11246
11247
11247
11247
1907
1908
1911
1912
1913
1914
1917
1918
1919
1920
1923
1924
1925
1928
1929
1930
11077
11078
11080
11081
11083
11100
11102
11103
11105
11106
11108
11109
11111
11114
11115
11116
11230
11231
11232
11233
11235
11236
11237
11238
11239
11240
11244
11245
11246
11246
11246
11246
1859
1862
1863
1864
1865
1890
1893
1894
1895
1896
1899
1900
1901
1902
1905
1906
11041
11043
11044
11045
11047
11060
11062
11063
11065
11066
11068
11069
11071
11072
11074
11075
11230
11231
11232
11233
11235
11236
11237
11238
11239
11240
11242
11243
11244
11244
11244
11244
1835
1838
1839
1840
1841
1844
1845
1846
1847
1850
1851
1852
1853
1856
1857
1858
11011
11013
11014
11016
11023
11025
11026
11027
11029
11031
11032
11033
11035
11037
11038
11039
11230
11231
11232
11233
11235
11236
11237
11238
11239
11240
11241
11242
11242
11242
11242
11242
1801
1802
1803
1804
1807
1808
1809
1810
1823
1826
1827
1828
1829
1832
1833
1834
10982
10983
10984
10986
10988
10989
10990
10992
10999
11001
11002
11004
11005
11007
11008
11010
11230
11231
11232
11233
11234
11235
11236
11237
11238
11238
11238
11238
11238
11238
11238
11238
1775
1776
1779
1780
1781
1784
1785
1786
1787
1790
1791
1792
1793
1796
1797
1798
10980
11172
11174
11175
11176
11178
11179
11180
11182
11184
11185
11186
11188
11190
11191
11192
11210
11211
11212
11214
11216
11217
11218
11221
11222
11223
11224
11225
11228
11229
11230
11234
1751
1752
1753
1756
1757
1758
1759
1762
1763
1764
1767
1768
1769
1770
1773
1774
11148
11150
11152
11153
11154
11156
11158
11159
11160
11162
11163
11164
11166
11168
11169
11170
11210
11211
11213
11214
11216
11217
11218
11219
11221
11222
11224
11225
11227
11228
11228
11228
1693
1694
1695
1698
1699
1700
1701
1704
1705
1706
1707
1710
1711
1712
1747
1750
11108
11109
11111
11130
11131
11132
11134
11136
11137
11138
11140
11142
11143
11144
11146
11147
11210
11211
11212
11213
11214
11217
11218
11219
11220
11221
11223
11224
11225
11226
11227
11227
1669
1670
1671
1672
1675
1676
1677
1678
1681
1682
1683
1684
1687
1688
1689
1690
11068
11069
11071
11073
11074
11075
11077
11079
11080
11081
11083
11101
11102
11103
11105
11107
11210
11211
11212
11213
11215
11216
11217
11218
11219
11220
11223
11224
11225
11225
11225
11225
1621
1622
1623
1626
1627
1628
1629
1632
1633
1634
1635
1660
1663
1664
1665
1666
11032
11033
11035
11049
11050
11051
11053
11055
11056
11057
11059
11061
11062
11063
11065
11067
11210
11211
11212
11213
11215
11216
11217
11218
11219
11220
11221
11222
11223
11223
11223
11223
1597
1598
1599
1602
1603
1604
1605
1608
1609
1610
1611
1614
1615
1616
1617
1620
11002
11004
11006
11007
11008
11010
11012
11013
11014
11016
11024
11025
11026
11027
11030
11031
11210
11211
11212
11213
11215
11216
11217
11218
11219
11220
11221
11221
11221
11221
11221
11221
1561
1562
1563
1566
1567
1568
1571
1572
1573
1574
1577
1578
1579
1580
1593
1596
10981
10982
10983
10984
10986
10994
10995
10996
10998
11000
11001
11180
11183
11184
11185
11186
11196
11199
11200
11201
11202
11209
11210
11211
11212
11213
11214
11215
11216
11217
11217
11217
1537
1538
1539
1542
1543
1544
1545
1548
1549
1550
1551
1554
1555
1556
1557
1560
11148
11151
11152
11153
11154
11161
11162
11163
11164
11167
11168
11169
11170
11177
11178
11179
11193
11194
11195
11197
11199
11200
11201
11202
11203
11207
11208
11209
11209
11209
11209
11209
1489
1490
1493
1494
1495
1496
1499
1500
1501
1502
1505
1506
1507
1532
1533
1536
11116
11119
11120
11121
11122
11129
11130
11131
11132
11135
11136
11137
11138
11145
11146
11147
11193
11194
11195
11196
11197
11199
11200
11201
11202
11203
11205
11206
11207
11207
11207
11207
1467
1468
1469
1470
1471
1474
1475
1476
1477
1478
1481
1482
1483
1484
1487
1488
11007
11008
11010
11011
11012
11013
11014
11016
11023
11024
11025
11026
11027
11113
11114
11115
11193
11194
11195
11196
11197
11198
11202
11203
11204
11205
11205
11205
11205
11205
11205
11205
1431
1432
1433
1434
1435
1438
1439
1440
1441
1456
1457
1460
1461
1462
1463
1464
10988
10989
10990
10992
10993
10994
10995
10996
10998
10999
11000
11001
11002
11004
11005
11006
11193
11194
11195
11196
11197
11198
11199
11200
11201
11202
11202
11202
11202
11202
11202
11202
1405
1408
1409
1410
1411
1414
1415
1416
1417
1420
1421
1422
1423
1426
1427
1428
10987
11061
11062
11064
11066
11067
11068
11070
11072
11073
11074
11076
11078
11079
11080
11082
11177
11178
11179
11180
11181
11183
11184
11185
11186
11187
11191
11192
11194
11199
11199
11199
1359
1360
1361
1362
1365
1366
1367
1368
1371
1372
1373
1374
1377
1378
1379
1404
11037
11038
11040
11042
11043
11044
11046
11048
11049
11050
11052
11054
11055
11056
11058
11060
11177
11179
11180
11181
11183
11184
11185
11186
11187
11189
11190
11191
11191
11191
11191
11191
1335
1336
1337
1338
1341
1342
1343
1344
1347
1348
1349
1350
1353
1354
1355
1356
11001
11003
11005
11006
11007
11009
11017
11018
11019
11020
11029
11030
11031
11032
11034
11036
11177
11178
11179
11180
11181
11183
11184
11185
11186
11187
11188
11189
11189
11189
11189
11189
1299
1300
1301
1304
1305
1306
1307
1310
1311
1312
1313
1316
1317
1318
1331
1332
10980
10981
10982
10983
10985
10987
10988
10989
10991
10993
10994
10995
10997
10999
11000
11110
11171
11176
11177
11178
11179
11180
11181
11182
11183
11184
11185
11185
11185
11185
11185
11185
1251
1276
1277
1280
1281
1282
1283
1286
1287
1288
1289
1292
1293
1294
1295
1298
11058
11060
11061
11063
11064
11066
11067
11069
11070
11100
11101
11102
11104
11106
11107
11108
11161
11162
11163
11164
11165
11167
11168
11169
11170
11171
11174
11175
11176
11176
11176
11176
1227
1228
1231
1232
1233
1234
1237
1238
1239
1240
1243
1244
1245
1246
1249
1250
11034
11036
11037
11039
11040
11042
11043
11045
11046
11048
11049
11051
11052
11054
11055
11057
11161
11162
11163
11164
11165
11167
11168
11169
11170
11171
11172
11173
11174
11174
11174
11174
1203
1204
1207
1208
1209
1210
1213
1214
1215
1216
1219
1220
1221
1222
1225
1226
10999
11000
11002
11003
11011
11012
11013
11015
11017
11018
11019
11021
11029
11030
11031
11033
11161
11162
11163
11164
11165
11167
11168
11169
11170
11171
11172
11172
11172
11172
11172
11172
1167
1170
1171
1172
1173
1176
1177
1178
1179
1182
1183
1184
1185
1188
1189
1190
10980
10981
10982
10984
10985
10987
10988
10990
10991
10993
10994
10996
10997
11107
11109
11110
11152
11153
11155
11160
11161
11162
11163
11164
11165
11166
11167
11168
11168
11168
11168
11168
1121
1122
1123
1148
1149
1152
1153
1154
1155
1158
1159
1160
1161
1164
1165
1166
11056
11057
11058
11072
11073
11075
11076
11078
11079
11081
11082
11100
11101
11103
11104
11106
11145
11146
11147
11148
11149
11151
11152
11153
11154
11155
11158
11159
11160
11160
11160
11160
1097
1098
1099
1100
1103
1104
1105
1106
1109
1110
1111
1112
1115
1116
1117
1118
11032
11033
11034
11036
11038
11039
11040
11042
11044
11045
11046
11048
11050
11051
11052
11054
11145
11146
11147
11148
11149
11151
11152
11153
11154
11155
11156
11157
11158
11158
11158
11158
1061
1062
1075
1076
1079
1080
1081
1082
1085
1086
1087
1088
1091
1092
1093
1094
10996
10997
11005
11006
11008
11009
11011
11012
11014
11015
11017
11018
11020
11021
11029
11030
11145
11146
11147
11148
11149
11151
11152
11153
11154
11155
11156
11156
11156
11156
11156
11156
781
782
785
786
787
1044
1045
1048
1049
1050
1051
1054
1055
1056
1057
1060
10980
10981
10983
10984
10985
10987
10989
10990
10991
10993
10995
11104
11106
11108
11109
11110
11133
11135
11136
11137
11139
11144
11145
11146
11147
11148
11149
11150
11151
11152
11152
11152
757
758
761
762
763
764
767
768
769
770
773
774
775
776
779
780
11064
11066
11068
11069
11070
11072
11074
11075
11076
11078
11080
11081
11082
11100
11102
11103
11129
11130
11131
11132
11133
11135
11136
11137
11138
11139
11142
11143
11144
11144
11144
11144
709
712
713
714
715
718
719
720
721
724
725
726
727
752
755
756
11029
11031
11032
11033
11034
11037
11038
11039
11040
11043
11044
11045
11046
11060
11062
11063
11129
11130
11131
11132
11133
11135
11136
11137
11138
11139
11140
11141
11142
11142
11142
11142
685
688
689
690
691
694
695
696
697
700
701
702
703
706
707
708
10999
11001
11002
11003
11005
11007
11008
11009
11011
11013
11014
11015
11017
11019
11020
11021
11129
11130
11131
11132
11133
11136
11137
11138
11139
11139
11139
11139
11139
11139
11139
11139
651
652
653
654
657
658
659
660
663
664
665
666
669
670
671
672
10980
10982
10983
10984
10985
10988
10989
10990
10991
11102
11103
11104
11107
11108
11109
11110
11114
11115
11117
11119
11120
11121
11123
11128
11129
11130
11131
11132
11133
11134
11135
11135
627
628
629
630
633
634
635
636
639
640
641
642
645
646
647
648
11062
11063
11064
11067
11068
11069
11070
11073
11074
11075
11076
11079
11080
11081
11082
11101
11113
11114
11115
11116
11117
11119
11120
11121
11122
11123
11126
11127
11128
11128
11128
11128
579
580
581
584
585
586
587
590
591
592
593
596
597
598
599
624
11020
11021
11030
11031
11032
11033
11034
11049
11050
11051
11052
11055
11056
11057
11058
11061
11113
11114
11115
11116
11117
11119
11120
11121
11122
11123
11124
11125
11126
11126
11126
11126
543
544
557
560
561
562
563
566
567
568
569
572
573
574
575
578
10996
10997
11000
11001
11002
11003
11006
11007
11008
11009
11012
11013
11014
11015
11018
11019
11113
11114
11115
11116
11117
11119
11120
11121
11122
11123
11123
11123
11123
11123
11123
11123
519
520
521
524
525
526
527
530
531
532
535
536
537
538
541
542
10981
10982
10983
10984
10985
10994
10995
11028
11084
11085
11086
11087
11090
11091
11092
11093
11100
11101
11102
11103
11104
11106
11107
11108
11109
11111
11112
11113
11114
11115
11116
11117
11118
11119
11119
11119
11119
11119
11119
11119
11119
11119
11119
11119
11119
11119
11119
11119
497
498
499
500
503
504
505
506
507
510
511
512
513
514
517
518
11003
11004
11005
11006
11007
11009
11010
11017
11018
11019
11020
11022
11023
11024
11025
11026
11100
11101
11102
11103
11104
11105
11108
11109
11110
11111
11111
11111
11111
11111
11111
11111
459
462
463
464
467
468
469
470
471
474
475
476
477
492
493
496
10987
10988
10989
10991
10992
10993
10994
10995
10997
10998
10999
11000
11001
11079
11080
11081
11091
11092
11094
11099
11100
11101
11102
11103
11104
11105
11106
11107
11108
11108
11108
11108
413
414
415
440
441
444
445
446
447
450
451
452
453
456
457
458
11055
11056
11057
11060
11061
11062
11063
11066
11067
11068
11069
11072
11073
11074
11075
11078
11084
11085
11086
11087
11088
11090
11091
11092
11093
11094
11097
11098
11099
11099
11099
11099
389
390
391
392
395
396
397
398
401
402
403
404
407
408
409
410
11031
11032
11033
11036
11037
11038
11039
11042
11043
11044
11045
11048
11049
11050
11051
11054
11084
11085
11086
11087
11088
11090
11091
11092
11093
11094
11095
11096
11097
11097
11097
11097
353
354
367
368
371
372
373
374
377
378
379
380
383
384
385
386
10995
10996
10999
11000
11001
11002
11005
11006
11007
11008
11011
11012
11013
11014
11029
11030
11084
11085
11086
11087
11088
11090
11091
11092
11093
11094
11095
11095
11095
11095
11095
11095
329
330
333
334
335
336
337
340
341
342
343
346
347
348
349
352
10980
10981
10982
10983
10984
10987
10988
10989
10990
10993
10994
11023
11024
11025
11027
11028
11072
11073
11074
11075
11076
11083
11084
11085
11086
11087
11088
11089
11090
11091
11091
11091
293
308
309
312
313
314
315
316
319
320
321
322
323
326
327
328
10998
10999
11000
11002
11003
11004
11011
11012
11013
11015
11016
11017
11018
11019
11021
11022
11072
11073
11074
11075
11076
11077
11079
11080
11081
11082
11082
11082
11082
11082
11082
11082
271
272
273
274
277
278
279
280
283
284
285
286
287
290
291
292
10987
10988
10990
10991
10992
10993
10994
10996
10997
11021
11022
11023
11024
11026
11027
11028
11060
11061
11062
11063
11064
11065
11070
11071
11072
11073
11074
11075
11076
11077
11078
11079
235
236
237
252
253
256
257
258
259
260
263
264
265
266
267
270
10996
10997
10998
11005
11006
11008
11009
11010
11011
11012
11014
11015
11016
11017
11018
11020
11060
11061
11062
11063
11064
11065
11067
11068
11069
11070
11070
11070
11070
11070
11070
11070
101
102
103
104
105
108
109
110
111
224
227
228
229
230
231
234
10987
10989
10990
10991
10992
10993
10995
11019
11020
11021
11022
11023
11025
11026
11027
11028
11048
11049
11050
11051
11052
11053
11058
11059
11060
11061
11062
11063
11064
11065
11066
11067
77
80
81
82
83
84
87
88
89
90
91
94
95
96
97
98
10999
11001
11002
11003
11004
11005
11007
11008
11009
11010
11011
11013
11014
11015
11016
11017
11048
11049
11050
11051
11052
11053
11055
11056
11057
11058
11058
11058
11058
11058
11058
11058
41
42
45
46
47
48
49
52
53
54
55
58
59
60
61
62
10988
10989
10990
10991
10992
11016
11018
11019
11020
11021
11022
11024
11025
11026
11027
11028
11036
11037
11038
11039
11040
11041
11045
11046
11047
11049
11050
11051
11052
11053
11054
11054
5
6
21
24
25
26
27
28
31
32
33
34
35
38
39
40
10997
10998
11000
11001
11002
11003
11004
11006
11007
11008
11009
11010
11012
11013
11014
11015
11036
11037
11038
11039
11040
11041
11042
11043
11044
11045
11045
11045
11045
11045
11045
11045
2
3
4
8359
8410
8411
8412
8413
8416
8417
8418
8419
8422
8423
8426
8427
10857
10933
10934
10935
10936
10939
10940
10941
10942
10945
10946
10949
10950
10957
10958
10959
10960
10963
10964
10965
10966
10969
10970
10973
10974
10975
10978
10979
10994
10995
10996
11037
11038
11039
11042
11042
11042
11042
11042
11042
11042
11042
11042
11042
11042
11042
11042
11042
8329
8332
8333
8336
8339
8340
8341
8342
8345
8346
8347
8348
8351
8352
8355
8356
10808
10810
10812
10814
10837
10840
10841
10842
10843
10846
10847
10848
10849
10852
10853
10856
10955
10958
10959
10960
10961
10964
10965
10966
10967
10969
10971
10972
10974
10976
10977
10978
8257
8258
8259
8262
8263
8266
8267
8316
8317
8318
8319
8322
8323
8324
8325
8328
10781
10782
10783
10784
10787
10788
10791
10794
10796
10797
10798
10800
10802
10803
10804
10806
10956
10958
10959
10960
10962
10963
10964
10965
10966
10967
10968
10970
10971
10973
10976
10977
8231
8232
8233
8236
8237
8238
8239
8242
8243
8246
8247
8250
8251
8252
8253
8256
10713
10714
10715
10717
10719
10720
10721
10723
10725
10727
10729
10772
10775
10776
10777
10778
10955
10957
10959
10960
10961
10962
10963
10965
10966
10968
10970
10972
10973
10975
10976
10976
8165
8166
8169
8170
8173
8174
8175
8176
8179
8180
8181
8182
8185
8186
8187
8230
10687
10688
10689
10691
10693
10695
10697
10698
10699
10701
10703
10704
10705
10707
10709
10711
10955
10956
10957
10960
10961
10962
10963
10964
10965
10966
10967
10968
10971
10972
10973
10974
10975
10975
10975
10975
10975
10975
10975
10975
10975
10975
10975
10975
10975
10975
10975
10975
8141
8142
8143
8144
8147
8148
8149
8150
8153
8154
8157
8158
8159
8160
8163
8164
10645
10648
10649
10650
10651
10654
10655
10656
10657
10660
10677
10679
10681
10682
10683
10685
10955
10956
10957
10958
10959
10961
10962
10963
10964
10966
10967
10970
10972
10973
10973
10973
8083
8086
8087
8088
8089
8090
8125
8126
8127
8128
8131
8132
8133
8134
8137
8138
10605
10606
10608
10610
10611
10612
10614
10616
10617
10618
10620
10622
10623
10624
10626
10628
10956
10957
10958
10959
10960
10961
10962
10963
10964
10965
10966
10968
10969
10970
10971
10971
8059
8060
8061
8064
8065
8066
8067
8070
8071
8072
8073
8076
8077
8080
8081
8082
10569
10570
10571
10584
10586
10588
10589
10590
10592
10594
10595
10596
10598
10600
10602
10604
10955
10956
10957
10958
10959
10961
10962
10963
10964
10965
10966
10967
10968
10969
10970
10970
8011
8012
8013
8040
8041
8042
8043
8046
8047
8048
8049
8052
8053
8054
8055
8058
10533
10534
10535
10537
10539
10540
10541
10543
10545
10546
10547
10560
10563
10564
10565
10566
10955
10956
10957
10958
10960
10961
10962
10963
10964
10965
10966
10967
10968
10968
10968
10968
7987
7988
7991
7992
7993
7994
7997
7998
7999
8000
8003
8004
8005
8006
8009
8010
10503
10504
10511
10513
10515
10516
10517
10519
10521
10522
10523
10525
10527
10528
10529
10531
10955
10956
10957
10958
10960
10961
10962
10963
10964
10965
10966
10966
10966
10966
10966
10966
7901
7902
7905
7906
7909
7960
7961
7962
7963
7964
7979
7980
7981
7982
7985
7986
10480
10482
10484
10485
10486
10488
10490
10491
10492
10499
10502
10872
10874
10876
10878
10880
10943
10946
10947
10949
10953
10954
10955
10956
10957
10958
10959
10960
10961
10962
10962
10962
7873
7874
7875
7876
7879
7880
7883
7884
7889
7890
7891
7892
7895
7896
7897
7898
10823
10824
10825
10826
10829
10830
10833
10834
10860
10862
10863
10864
10866
10868
10869
10870
10931
10933
10935
10936
10937
10938
10939
10940
10941
10942
10944
10945
10948
10950
10953
10954
7801
7802
7803
7806
7807
7808
7809
7812
7813
7816
7817
7820
7867
7868
7869
7870
10753
10754
10755
10757
10759
10760
10761
10763
10765
10767
10769
10771
10817
10818
10819
10820
10932
10934
10935
10936
10937
10940
10941
10942
10943
10945
10947
10950
10951
10952
10953
10953
7735
7736
7737
7780
7781
7782
7783
7786
7787
7788
7789
7792
7793
7796
7797
7800
10706
10708
10709
10732
10733
10734
10735
10738
10739
10740
10741
10744
10745
10748
10749
10751
10931
10932
10933
10935
10936
10938
10939
10941
10942
10944
10946
10947
10948
10949
10950
10951
10952
10952
10952
10952
10952
10952
10952
10952
10952
10952
10952
10952
10952
10952
10952
10952
7709
7710
7713
7714
7715
7716
7719
7720
7723
7724
7725
7726
7729
7730
7731
7732
10681
10682
10684
10686
10687
10688
10690
10692
10694
10696
10697
10698
10700
10702
10703
10704
10931
10932
10933
10934
10935
10936
10937
10938
10939
10940
10941
10942
10943
10944
10949
10950
7683
7684
7687
7688
7691
7692
7693
7694
7697
7698
7699
7700
7703
7704
7707
7708
10639
10640
10643
10644
10662
10664
10665
10666
10668
10670
10671
10672
10674
10676
10678
10680
10931
10932
10933
10934
10935
10937
10939
10940
10942
10943
10944
10946
10947
10948
10949
10949
7627
7630
7631
7632
7633
7636
7637
7638
7639
7640
7675
7676
7677
7678
7681
7682
10599
10601
10603
10604
10605
10607
10609
10610
10611
10612
10631
10632
10633
10634
10637
10638
10931
10932
10933
10934
10935
10936
10937
10938
10939
10940
10941
10944
10945
10946
10947
10947
7603
7604
7605
7608
7609
7610
7611
7614
7615
7616
7617
7620
7621
7622
7623
7626
10575
10576
10577
10579
10581
10582
10583
10585
10587
10588
10589
10591
10593
10594
10595
10597
10931
10932
10933
10934
10935
10936
10937
10938
10939
10940
10941
10942
10943
10944
10945
10945
7555
7556
7559
7560
7561
7562
7563
7590
7591
7592
7593
7596
7597
7598
7599
7602
10527
10528
10530
10532
10533
10534
10535
10550
10551
10552
10553
10556
10557
10558
10559
10573
10931
10932
10933
10934
10936
10937
10938
10939
10940
10941
10942
10943
10944
10944
10944
10944
7531
7532
7535
7536
7537
7538
7541
7542
7543
7544
7547
7548
7549
7550
7553
7554
10497
10498
10506
10508
10509
10510
10512
10514
10515
10516
10518
10520
10521
10522
10524
10526
10931
10932
10933
10934
10936
10937
10938
10939
10940
10941
10941
10941
10941
10941
10941
10941
6589
6592
6593
6594
6595
6598
6599
6602
6603
7510
7511
7512
7513
7514
7529
7530
10481
10483
10484
10485
10486
10495
10496
10887
10890
10891
10892
10893
10896
10897
10900
10901
10911
10914
10915
10916
10917
10920
10921
10924
10925
10930
10931
10932
10933
10934
10935
10936
10937
10937
10937
10937
10937
10937
10937
10937
10937
10937
10937
10937
10937
10937
10937
10937
6563
6564
6565
6566
6569
6570
6571
6572
6575
6576
6579
6580
6583
6586
6587
6588
10838
10840
10841
10842
10844
10846
10847
10848
10850
10852
10854
10856
10858
10884
10885
10886
10906
10908
10909
10910
10911
10912
10915
10916
10917
10918
10920
10922
10925
10926
10929
10930
6487
6490
6491
6540
6541
6542
6543
6546
6547
6548
6549
6552
6553
6556
6557
6560
10787
10789
10791
10816
10818
10819
10820
10822
10824
10825
10826
10828
10830
10832
10834
10836
10907
10909
10910
10911
10913
10915
10916
10917
10919
10920
10921
10922
10923
10924
10925
10927
10928
10928
10928
10928
10928
10928
10928
10928
10928
10928
10928
10928
10928
10928
10928
10928
6461
6462
6463
6466
6467
6470
6471
6474
6475
6476
6477
6480
6481
6482
6483
6486
10739
10740
10741
10743
10745
10747
10749
10773
10775
10776
10777
10779
10781
10782
10783
10785
10906
10908
10910
10911
10912
10914
10916
10917
10918
10919
10921
10923
10924
10926
10927
10927
6397
6398
6399
6400
6403
6404
6405
6406
6409
6410
6411
6454
6455
6456
6457
6460
10694
10695
10697
10698
10700
10701
10703
10704
10706
10707
10709
10731
10733
10734
10735
10737
10906
10907
10908
10910
10911
10912
10913
10914
10916
10922
10923
10924
10925
10926
10926
10926
6371
6372
6373
6374
6377
6378
6381
6382
6383
6384
6387
6388
6389
6390
6393
6394
10652
10654
10655
10656
10658
10660
10678
10679
10681
10682
10684
10685
10687
10688
10690
10691
10906
10907
10909
10910
10912
10913
10914
10915
10917
10918
10919
10921
10923
10924
10924
10924
6313
6314
6349
6350
6351
6352
6355
6356
6357
6358
6361
6362
6365
6366
6367
6368
10611
10612
10630
10632
10633
10634
10636
10638
10639
10640
10642
10644
10646
10648
10649
10650
10906
10907
10908
10909
10910
10913
10914
10915
10916
10917
10919
10920
10921
10922
10923
10923
6289
6290
6291
6294
6295
6296
6297
6300
6301
6304
6305
6306
6307
6310
6311
6312
10586
10588
10589
10591
10592
10594
10595
10597
10598
10601
10602
10604
10605
10607
10608
10610
10906
10907
10908
10909
10910
10911
10912
10913
10914
10915
10917
10918
10919
10920
10921
10921
6265
6266
6267
6270
6271
6272
6273
6276
6277
6278
6279
6282
6283
6284
6285
6288
10551
10552
10553
10555
10557
10558
10559
10561
10563
10564
10565
10567
10569
10570
10571
10585
10906
10908
10909
10911
10912
10913
10914
10915
10916
10918
10919
10920
10920
10920
10920
10920
6217
6218
6221
6222
6223
6224
6227
6228
6229
6230
6233
6234
6235
6236
6237
6264
10515
10516
10518
10519
10521
10522
10524
10525
10527
10528
10530
10531
10533
10534
10535
10549
10906
10907
10908
10909
10911
10912
10913
10914
10915
10916
10917
10918
10918
10918
10918
10918
6133
6184
6185
6186
6187
6188
6203
6204
6205
6206
6209
6210
6211
6212
6215
6216
10481
10482
10484
10485
10486
10494
10496
10497
10498
10500
10502
10503
10504
10512
10513
10879
10904
10905
10906
10907
10908
10909
10910
10911
10912
10913
10914
10914
10914
10914
10914
10914
6103
6104
6107
6108
6113
6114
6115
6116
6119
6120
6121
6122
6125
6126
6129
6130
10807
10808
10811
10812
10859
10862
10863
10864
10865
10868
10869
10870
10871
10874
10875
10878
10882
10884
10886
10887
10888
10890
10892
10893
10894
10895
10896
10897
10898
10899
10900
10901
10904
10905
10905
10905
10905
10905
10905
10905
10905
10905
10905
10905
10905
10905
10905
10905
6031
6032
6033
6036
6037
6040
6041
6044
6091
6092
6093
6094
6097
6098
6099
6100
10759
10760
10761
10762
10765
10766
10769
10770
10795
10796
10797
10798
10801
10802
10803
10804
10883
10885
10886
10887
10889
10891
10892
10893
10894
10896
10898
10901
10902
10903
10904
10904
6005
6006
6007
6010
6011
6012
6013
6016
6017
6020
6021
6024
6025
6026
6027
6030
10713
10714
10715
10718
10719
10720
10721
10724
10725
10728
10729
10750
10753
10754
10755
10756
10882
10884
10885
10886
10887
10888
10889
10890
10892
10893
10895
10897
10899
10900
10902
10903
5939
5940
5943
5944
5947
5948
5949
5950
5953
5954
5955
5956
5959
5960
5961
6004
10687
10688
10689
10692
10693
10696
10697
10698
10699
10702
10703
10704
10705
10708
10709
10712
10882
10883
10884
10887
10888
10889
10890
10891
10892
10893
10894
10895
10898
10899
10900
10901
10902
10902
10902
10902
10902
10902
10902
10902
10902
10902
10902
10902
10902
10902
10902
10902
5915
5916
5917
5918
5921
5922
5923
5924
5927
5928
5931
5932
5933
5934
5937
5938
10661
10664
10665
10666
10667
10670
10671
10672
10673
10676
10677
10680
10681
10682
10683
10686
10882
10883
10884
10885
10886
10888
10889
10890
10891
10893
10894
10897
10899
10900
10900
10900
5857
5860
5861
5862
5863
5864
5899
5900
5901
5902
5905
5906
5907
5908
5911
5912
10605
10606
10609
10610
10611
10612
10615
10616
10617
10618
10621
10622
10623
10624
10627
10628
10883
10884
10885
10886
10887
10888
10889
10890
10891
10892
10893
10895
10896
10897
10898
10898
5833
5834
5835
5838
5839
5840
5841
5844
5845
5846
5847
5850
5851
5854
5855
5856
10581
10582
10583
10584
10587
10588
10589
10590
10593
10594
10595
10596
10599
10600
10603
10604
10882
10883
10884
10885
10886
10888
10889
10890
10891
10892
10893
10894
10895
10896
10897
10897
5785
5786
5787
5814
5815
5816
5817
5820
5821
5822
5823
5826
5827
5828
5829
5832
10533
10534
10535
10538
10539
10540
10541
10544
10545
10546
10547
10572
10575
10576
10577
10578
10882
10883
10884
10885
10887
10888
10889
10890
10891
10892
10893
10894
10895
10895
10895
10895
5761
5762
5765
5766
5767
5768
5771
5772
5773
5774
5777
5778
5779
5780
5783
5784
10509
10510
10511
10514
10515
10516
10517
10520
10521
10522
10523
10526
10527
10528
10529
10532
10882
10883
10884
10885
10887
10888
10889
10890
10891
10892
10893
10893
10893
10893
10893
10893
4919
4922
4923
4926
4927
5734
5735
5736
5737
5738
5753
5754
5755
5756
5759
5760
10480
10483
10484
10485
10486
10489
10490
10491
10492
10505
10508
10848
10849
10850
10853
10854
10870
10871
10872
10875
10876
10881
10882
10883
10884
10885
10886
10887
10888
10889
10889
10889
4893
4896
4897
4898
4899
4902
4903
4906
4907
4910
4911
4912
4913
4916
4917
4918
10820
10821
10822
10825
10826
10827
10828
10831
10832
10837
10838
10841
10842
10843
10844
10847
10859
10860
10863
10864
10865
10866
10867
10869
10870
10871
10873
10875
10877
10880
10881
10881
4827
4870
4871
4872
4873
4876
4877
4878
4879
4882
4883
4886
4887
4890
4891
4892
10691
10793
10794
10797
10798
10799
10800
10803
10804
10805
10806
10809
10810
10815
10816
10819
10859
10860
10861
10863
10864
10866
10867
10869
10870
10872
10873
10876
10877
10878
10879
10880
4803
4804
4805
4808
4809
4810
4813
4814
4815
4816
4819
4820
4821
4822
4825
4826
10652
10654
10656
10657
10658
10660
10677
10678
10679
10682
10683
10684
10685
10688
10689
10690
10859
10860
10861
10863
10865
10866
10867
10868
10870
10871
10872
10874
10877
10878
10878
10878
4779
4780
4781
4782
4785
4786
4787
4788
4791
4792
4793
4796
4797
4798
4799
4802
10629
10630
10632
10634
10635
10636
10638
10640
10641
10642
10644
10645
10646
10648
10650
10651
10859
10860
10861
10862
10863
10865
10867
10868
10870
10871
10873
10874
10876
10877
10877
10877
4719
4722
4723
4724
4725
4762
4763
4764
4765
4768
4769
4770
4771
4774
4775
4776
10605
10606
10607
10608
10611
10613
10614
10616
10618
10619
10620
10622
10624
10625
10626
10628
10860
10861
10862
10863
10864
10865
10866
10867
10868
10869
10870
10872
10873
10874
10875
10875
4695
4698
4699
4700
4701
4704
4705
4706
4707
4710
4711
4712
4713
4716
4717
4718
10553
10554
10555
10557
10559
10560
10561
10563
10565
10566
10567
10569
10571
10600
10601
10602
10859
10860
10861
10862
10864
10865
10866
10867
10868
10869
10872
10873
10874
10874
10874
10874
4649
4650
4651
4652
4653
4680
4681
4682
4683
4686
4687
4688
4689
4692
4693
4694
10529
10530
10531
10533
10535
10536
10537
10539
10541
10542
10543
10545
10547
10548
10549
10551
10859
10860
10861
10862
10864
10865
10866
10867
10868
10869
10870
10871
10872
10872
10872
10872
4625
4626
4627
4628
4631
4632
4633
4634
4637
4638
4639
4640
4643
4644
4645
4646
10493
10494
10496
10498
10499
10500
10502
10504
10511
10512
10513
10516
10523
10524
10525
10527
10859
10860
10861
10862
10864
10866
10867
10868
10869
10869
10869
10869
10869
10869
10869
10869
4587
4588
4589
4592
4593
4596
4597
4600
4601
4602
4603
4604
4619
4620
4621
4622
10480
10481
10482
10484
10486
10487
10488
10490
10492
10738
10740
10741
10742
10744
10746
10748
10845
10847
10848
10849
10851
10853
10855
10858
10859
10860
10861
10862
10863
10864
10865
10865
4561
4562
4563
4566
4567
4568
4569
4572
4573
4576
4577
4580
4581
4582
4583
4586
10712
10714
10715
10716
10718
10720
10721
10722
10724
10726
10728
10730
10732
10734
10735
10736
10837
10839
10841
10842
10843
10844
10845
10847
10848
10850
10851
10854
10855
10857
10858
10858
4495
4496
4499
4500
4503
4504
4505
4506
4509
4510
4511
4512
4515
4516
4517
4560
10671
10672
10673
10674
10693
10694
10696
10698
10699
10700
10702
10704
10705
10706
10708
10710
10837
10838
10839
10842
10843
10844
10845
10846
10847
10848
10849
10850
10853
10854
10855
10856
10857
10857
10857
10857
10857
10857
10857
10857
10857
10857
10857
10857
10857
10857
10857
10857
4471
4472
4473
4474
4477
4478
4479
4480
4483
4484
4487
4488
4489
4490
4493
4494
10629
10631
10633
10634
10635
10637
10639
10640
10641
10643
10661
10662
10665
10666
10667
10668
10837
10838
10839
10840
10841
10843
10844
10845
10846
10848
10849
10851
10854
10855
10855
10855
4413
4414
4415
4418
4419
4420
4455
4456
4457
4458
4461
4462
4463
4464
4467
4468
10591
10593
10595
10596
10597
10599
10613
10615
10617
10618
10619
10621
10623
10624
10625
10627
10838
10839
10840
10841
10844
10845
10846
10848
10849
10850
10851
10852
10853
10853
10853
10853
4389
4390
4391
4394
4395
4396
4397
4400
4401
4402
4403
4406
4407
4408
4409
4412
10556
10558
10559
10572
10573
10576
10577
10578
10579
10582
10583
10584
10585
10587
10589
10590
10837
10838
10839
10840
10841
10842
10843
10844
10845
10846
10847
10850
10851
10852
10852
10852
4341
4342
4343
4370
4371
4372
4373
4376
4377
4378
4379
4382
4383
4384
4385
4388
10532
10534
10535
10536
10538
10540
10541
10542
10544
10546
10547
10548
10550
10552
10553
10554
10837
10838
10839
10840
10842
10843
10844
10845
10846
10847
10848
10849
10850
10850
10850
10850
4317
4318
4321
4322
4323
4324
4327
4328
4329
4330
4333
4334
4335
4336
4339
4340
10497
10498
10505
10506
10509
10510
10517
10518
10520
10522
10523
10524
10526
10528
10529
10530
10837
10838
10839
10840
10842
10843
10844
10845
10846
10847
10848
10848
10848
10848
10848
10848
4279
4282
4283
4286
4287
4290
4291
4292
4293
4294
4309
4310
4311
4312
4315
4316
10480
10481
10483
10485
10486
10487
10489
10491
10492
10493
10495
10783
10784
10786
10788
10790
10826
10827
10829
10831
10833
10836
10837
10838
10839
10840
10841
10842
10843
10844
10844
10844
4253
4256
4257
4258
4259
4262
4263
4266
4267
4270
4271
4272
4273
4276
4277
4278
10715
10717
10718
10720
10721
10723
10724
10727
10728
10772
10774
10776
10777
10778
10780
10782
10815
10817
10819
10820
10821
10822
10823
10825
10826
10828
10829
10832
10833
10835
10836
10836
4189
4190
4193
4194
4195
4196
4199
4200
4201
4202
4205
4206
4207
4250
4251
4252
10673
10675
10693
10695
10696
10698
10699
10701
10702
10704
10705
10707
10708
10711
10712
10714
10815
10816
10817
10819
10820
10821
10822
10823
10825
10827
10828
10831
10832
10833
10834
10835
4163
4164
4167
4168
4169
4170
4173
4174
4177
4178
4179
4180
4183
4184
4185
4186
10649
10650
10651
10653
10655
10656
10657
10659
10661
10663
10665
10666
10667
10669
10671
10672
10815
10816
10818
10819
10821
10822
10823
10824
10826
10827
10829
10832
10833
10833
10833
10833
4105
4108
4109
4110
4145
4146
4147
4148
4151
4152
4153
4154
4157
4158
4161
4162
10595
10596
10598
10599
10614
10615
10617
10618
10620
10621
10623
10624
10626
10627
10645
10647
10815
10816
10817
10818
10819
10822
10823
10824
10826
10827
10828
10829
10830
10831
10832
10832
4081
4084
4085
4086
4087
4090
4091
4092
4093
4096
4097
4098
4099
4102
4103
4104
10571
10572
10574
10576
10577
10578
10580
10582
10583
10584
10586
10587
10589
10590
10592
10593
10815
10816
10817
10818
10819
10820
10821
10822
10823
10824
10825
10828
10829
10830
10830
10830
4033
4060
4061
4062
4063
4066
4067
4068
4069
4072
4073
4074
4075
4078
4079
4080
10535
10537
10538
10540
10541
10543
10544
10546
10547
10560
10562
10564
10565
10566
10568
10570
10815
10816
10817
10818
10820
10821
10822
10823
10824
10825
10826
10827
10828
10828
10828
10828
4011
4012
4013
4014
4017
4018
4019
4020
4023
4024
4025
4026
4029
4030
4031
4032
10505
10507
10509
10510
10517
10519
10520
10522
10523
10525
10526
10528
10529
10531
10532
10534
10815
10816
10817
10818
10820
10821
10822
10823
10824
10825
10826
10826
10826
10826
10826
10826
3973
3976
3977
3980
3981
3982
3983
3984
3999
4000
4001
4002
4005
4006
4007
4008
10480
10482
10483
10485
10486
10488
10489
10491
10492
10499
10501
10503
10504
10786
10789
10790
10807
10809
10811
10814
10815
10816
10817
10818
10819
10820
10821
10822
10822
10822
10822
10822
3947
3948
3949
3952
3953
3956
3957
3960
3961
3962
3963
3966
3967
3968
3969
3972
10738
10740
10741
10743
10744
10747
10748
10773
10774
10776
10777
10779
10780
10782
10783
10785
10793
10795
10797
10798
10799
10801
10803
10804
10805
10806
10807
10810
10811
10813
10814
10814
3883
3884
3885
3886
3889
3890
3891
3892
3895
3896
3897
3940
3941
3942
3943
3946
10694
10695
10696
10698
10700
10701
10702
10704
10706
10707
10708
10731
10732
10734
10735
10737
10793
10794
10795
10797
10798
10799
10800
10801
10803
10809
10810
10811
10812
10813
10813
10813
3857
3858
3859
3860
3863
3864
3867
3868
3869
3870
3873
3874
3875
3876
3879
3880
10652
10653
10655
10656
10658
10659
10662
10663
10665
10666
10668
10669
10671
10672
10674
10675
10793
10794
10796
10797
10799
10800
10801
10802
10804
10805
10806
10807
10810
10811
10811
10811
3799
3800
3835
3836
3837
3838
3841
3842
3843
3844
3847
3848
3851
3852
3853
3854
10598
10599
10630
10631
10633
10634
10636
10637
10639
10640
10642
10643
10646
10647
10649
10650
10793
10794
10795
10796
10797
10800
10801
10802
10804
10806
10807
10808
10809
10810
10810
10810
3775
3776
3777
3780
3781
3782
3783
3786
3787
3788
3789
3792
3793
3794
3795
3798
10574
10576
10577
10579
10580
10582
10583
10585
10586
10587
10589
10591
10592
10593
10595
10597
10793
10794
10795
10796
10797
10798
10799
10800
10801
10802
10803
10804
10805
10807
10808
10808
3751
3752
3753
3756
3757
3758
3759
3762
3763
3764
3765
3768
3769
3770
3771
3774
10550
10552
10553
10555
10556
10558
10559
10561
10562
10564
10565
10567
10568
10570
10571
10573
10793
10795
10796
10798
10799
10800
10801
10802
10803
10805
10806
10807
10807
10807
10807
10807
3703
3704
3707
3708
3709
3710
3713
3714
3715
3716
3719
3720
3721
3722
3723
3750
10509
10510
10518
10519
10520
10522
10524
10525
10526
10528
10530
10531
10532
10534
10535
10549
10793
10794
10795
10796
10798
10799
10800
10801
10802
10803
10804
10805
10805
10805
10805
10805
3047
3670
3671
3672
3673
3674
3689
3690
3691
3692
3695
3696
3697
3698
3701
3702
10481
10482
10483
10485
10486
10494
10495
10497
10498
10500
10501
10503
10504
10506
10507
10767
10789
10792
10793
10794
10795
10796
10797
10798
10799
10800
10801
10801
10801
10801
10801
10801
3021
3022
3025
3026
3027
3030
3031
3032
3033
3036
3037
3038
3039
3042
3043
3046
10686
10688
10689
10690
10692
10750
10751
10754
10755
10756
10757
10760
10761
10762
10763
10766
10772
10773
10776
10777
10778
10779
10780
10782
10783
10784
10785
10786
10788
10791
10792
10792
2997
2998
2999
3002
3003
3004
3005
3008
3009
3010
3013
3014
3015
3016
3019
3020
10662
10664
10666
10667
10668
10670
10672
10673
10674
10676
10677
10678
10680
10682
10683
10684
10772
10773
10774
10775
10776
10778
10779
10781
10783
10784
10785
10787
10790
10791
10791
10791
2971
2974
2975
2976
2979
2980
2981
2982
2985
2986
2987
2988
2991
2992
2993
2996
10624
10625
10627
10628
10629
10631
10632
10634
10635
10637
10638
10640
10641
10643
10644
10661
10772
10774
10775
10776
10778
10780
10781
10783
10784
10785
10786
10787
10788
10789
10790
10790
2913
2916
2917
2918
2919
2922
2923
2924
2925
2962
2963
2964
2965
2968
2969
2970
10583
10600
10601
10603
10605
10606
10607
10609
10611
10613
10615
10616
10618
10619
10621
10622
10772
10773
10774
10775
10776
10777
10778
10779
10780
10781
10782
10786
10787
10788
10788
10788
2889
2892
2893
2894
2895
2898
2899
2900
2901
2904
2905
2906
2907
2910
2911
2912
10547
10548
10550
10551
10553
10554
10556
10557
10559
10572
10573
10575
10577
10578
10579
10581
10772
10773
10774
10775
10777
10778
10779
10780
10781
10782
10784
10785
10786
10786
10786
10786
2843
2844
2845
2846
2849
2850
2851
2852
2853
2880
2881
2882
2883
2886
2887
2888
10523
10524
10526
10527
10529
10530
10532
10533
10535
10536
10538
10539
10541
10542
10544
10545
10772
10773
10774
10775
10777
10778
10779
10780
10781
10782
10783
10784
10784
10784
10784
10784
2819
2820
2821
2822
2825
2826
2827
2828
2831
2832
2833
2834
2837
2838
2839
2840
10487
10489
10490
10492
10493
10495
10496
10498
10505
10506
10508
10510
10511
10512
10514
10516
10772
10773
10774
10775
10777
10778
10779
10780
10781
10781
10781
10781
10781
10781
10781
10781
2781
2782
2783
2786
2787
2788
2789
2792
2793
2796
2797
2800
2801
2802
2803
2804
10480
10481
10483
10484
10486
10731
10734
10735
10736
10737
10740
10741
10742
10743
10746
10747
10752
10754
10755
10756
10758
10760
10761
10762
10764
10766
10768
10771
10772
10773
10774
10775
10776
10777
10777
10777
10777
10777
10777
10777
10777
10777
10777
10777
10777
10777
10777
10777
2715
2716
2717
2760
2761
2762
2763
2766
2767
2768
2769
2772
2773
2776
2777
2780
10705
10706
10707
10710
10711
10714
10715
10716
10717
10720
10721
10722
10723
10726
10727
10730
10750
10751
10752
10754
10755
10757
10758
10760
10761
10763
10764
10766
10767
10768
10769
10770
10771
10771
10771
10771
10771
10771
10771
10771
10771
10771
10771
10771
10771
10771
10771
10771
2689
2690
2693
2694
2695
2696
2699
2700
2703
2704
2705
2706
2709
2710
2711
2712
10649
10650
10651
10652
10655
10656
10657
10658
10693
10694
10695
10698
10699
10700
10701
10704
10750
10751
10752
10753
10754
10755
10756
10757
10758
10759
10760
10761
10762
10763
10768
10769
2663
2664
2667
2668
2671
2672
2673
2674
2677
2678
2679
2680
2683
2684
2687
2688
10623
10624
10625
10626
10629
10630
10633
10634
10635
10636
10639
10640
10641
10642
10645
10646
10750
10751
10752
10753
10754
10756
10758
10759
10761
10762
10763
10764
10766
10767
10768
10768
2607
2608
2609
2612
2613
2614
2615
2618
2619
2620
2655
2656
2657
2658
2661
2662
10585
10586
10589
10590
10591
10592
10595
10596
10597
10598
10613
10614
10617
10618
10619
10620
10751
10752
10753
10754
10756
10757
10758
10761
10762
10763
10764
10765
10766
10766
10766
10766
2583
2584
2585
2588
2589
2590
2591
2594
2595
2596
2597
2600
2601
2602
2603
2606
10549
10552
10553
10554
10555
10558
10559
10560
10561
10564
10565
10566
10567
10570
10571
10584
10750
10751
10752
10753
10755
10756
10757
10758
10759
10760
10763
10764
10765
10765
10765
10765
2535
2536
2539
2540
2541
2542
2543
2570
2571
2572
2573
2576
2577
2578
2579
2582
10525
10528
10529
10530
10531
10534
10535
10536
10537
10540
10541
10542
10543
10546
10547
10548
10750
10751
10752
10753
10755
10756
10757
10758
10759
10760
10761
10762
10763
10763
10763
10763
2511
2512
2515
2516
2517
2518
2521
2522
2523
2524
2527
2528
2529
2530
2533
2534
10491
10492
10493
10494
10497
10498
10499
10500
10503
10504
10517
10518
10519
10522
10523
10524
10750
10751
10752
10753
10755
10756
10757
10758
10759
10760
10760
10760
10760
10760
10760
10760
2475
2476
2479
2480
2481
2482
2485
2486
2487
2490
2491
2492
2493
2494
2509
2510
10480
10481
10482
10485
10486
10487
10488
10680
10682
10683
10685
10686
10688
10689
10691
10692
10732
10734
10736
10737
10738
10741
10742
10743
10744
10749
10750
10751
10752
10753
10754
10755
10756
10756
10756
10756
10756
10756
10756
10756
10756
10756
10756
10756
10756
10756
10756
10756
2451
2452
2453
2456
2457
2458
2459
2462
2463
2464
2465
2468
2469
2470
2473
2474
10657
10659
10660
10661
10663
10664
10666
10667
10669
10670
10672
10673
10675
10676
10677
10679
10730
10731
10733
10734
10736
10737
10739
10741
10742
10743
10744
10745
10747
10748
10749
10749
2425
2428
2429
2430
2431
2434
2435
2436
2439
2440
2441
2442
2445
2446
2447
2448
10618
10620
10621
10622
10624
10626
10627
10628
10645
10647
10648
10650
10651
10653
10654
10656
10730
10732
10733
10734
10736
10737
10738
10739
10741
10743
10744
10745
10746
10747
10747
10747
2367
2370
2371
2372
2373
2376
2377
2378
2379
2382
2383
2384
2385
2422
2423
2424
10577
10578
10580
10581
10583
10600
10602
10603
10605
10606
10608
10609
10611
10614
10615
10616
10730
10731
10732
10733
10735
10736
10737
10738
10739
10740
10744
10745
10746
10746
10746
10746
2343
2346
2347
2348
2349
2352
2353
2354
2355
2358
2359
2360
2361
2364
2365
2366
10541
10543
10544
10545
10547
10560
10562
10563
10565
10566
10568
10569
10571
10572
10574
10575
10730
10731
10732
10733
10735
10736
10737
10738
10739
10740
10742
10743
10744
10744
10744
10744
2297
2298
2299
2300
2303
2304
2305
2306
2309
2310
2311
2312
2313
2340
2341
2342
10511
10513
10514
10516
10523
10525
10526
10527
10529
10531
10532
10533
10535
10537
10538
10539
10730
10731
10732
10733
10735
10736
10737
10738
10739
10740
10741
10742
10742
10742
10742
10742
2261
2262
2263
2264
2279
2280
2281
2282
2285
2286
2287
2288
2291
2292
2293
2294
10482
10483
10484
10486
10488
10489
10490
10492
10499
10501
10502
10504
10505
10507
10508
10510
10730
10731
10732
10733
10734
10735
10736
10737
10738
10738
10738
10738
10738
10738
10738
10738
2235
2238
2239
2240
2243
2244
2245
2246
2249
2250
2251
2252
2255
2256
2257
2260
10480
10672
10674
10675
10676
10678
10679
10680
10682
10684
10685
10686
10688
10690
10691
10692
10710
10711
10712
10714
10716
10717
10718
10721
10722
10723
10724
10725
10728
10729
10730
10734
2211
2212
2215
2216
2217
2218
2221
2222
2223
2226
2227
2228
2229
2232
2233
2234
10648
10650
10652
10653
10654
10656
10658
10659
10660
10662
10663
10664
10666
10668
10669
10670
10710
10711
10713
10714
10716
10717
10718
10719
10721
10722
10724
10725
10727
10728
10728
10728
2153
2154
2155
2192
2193
2194
2195
2198
2199
2200
2201
2204
2205
2206
2209
2210
10608
10609
10611
10630
10631
10632
10634
10636
10637
10638
10640
10642
10643
10644
10646
10647
10710
10711
10712
10713
10714
10717
10718
10719
10720
10721
10723
10724
10725
10726
10727
10727
2129
2130
2131
2134
2135
2136
2137
2140
2141
2142
2143
2146
2147
2148
2149
2152
10568
10569
10571
10573
10574
10575
10577
10579
10580
10581
10583
10601
10602
10603
10605
10607
10710
10711
10712
10713
10715
10716
10717
10718
10719
10720
10723
10724
10725
10725
10725
10725
2081
2082
2083
2110
2111
2112
2113
2116
2117
2118
2119
2122
2123
2124
2125
2128
10532
10533
10535
10549
10550
10551
10553
10555
10556
10557
10559
10561
10562
10563
10565
10567
10710
10711
10712
10713
10715
10716
10717
10718
10719
10720
10721
10722
10723
10723
10723
10723
2057
2058
2061
2062
2063
2064
2067
2068
2069
2070
2073
2074
2075
2076
2079
2080
10502
10504
10506
10507
10508
10510
10512
10513
10514
10516
10524
10525
10526
10527
10530
10531
10710
10711
10712
10713
10715
10716
10717
10718
10719
10720
10721
10721
10721
10721
10721
10721
1561
1564
1565
1566
1567
2030
2031
2032
2033
2034
2049
2050
2051
2052
2055
2056
10481
10482
10483
10484
10486
10494
10495
10496
10498
10500
10501
10680
10683
10684
10685
10686
10696
10699
10700
10701
10702
10709
10710
10711
10712
10713
10714
10715
10716
10717
10717
10717
1537
1540
1541
1542
1543
1546
1547
1548
1549
1552
1553
1554
1555
1558
1559
1560
10648
10651
10652
10653
10654
10661
10662
10663
10664
10667
10668
10669
10670
10677
10678
10679
10693
10694
10695
10697
10699
10700
10701
10702
10703
10707
10708
10709
10709
10709
10709
10709
1513
1516
1517
1518
1519
1522
1523
1524
1525
1528
1529
1530
1531
1534
1535
1536
10616
10619
10620
10621
10622
10629
10630
10631
10632
10635
10636
10637
10638
10645
10646
10647
10693
10694
10695
10696
10697
10699
10700
10701
10702
10703
10705
10706
10707
10707
10707
10707
1467
1468
1469
1472
1473
1474
1475
1476
1479
1480
1481
1482
1483
1510
1511
1512
10507
10508
10510
10511
10512
10513
10514
10516
10523
10524
10525
10526
10527
10613
10614
10615
10693
10694
10695
10696
10697
10698
10702
10703
10704
10705
10705
10705
10705
10705
10705
10705
1445
1446
1447
1448
1451
1452
1453
1454
1455
1458
1459
1460
1461
1462
1465
1466
10488
10489
10490
10492
10493
10494
10495
10496
10498
10499
10500
10501
10502
10504
10505
10506
10693
10694
10695
10696
10697
10698
10699
10700
10701
10702
10702
10702
10702
10702
10702
10702
1407
1408
1409
1412
1413
1414
1415
1418
1419
1420
1421
1424
1425
1426
1427
1444
10487
10561
10562
10564
10566
10567
10568
10570
10572
10573
10574
10576
10578
10579
10580
10582
10677
10678
10679
10680
10681
10683
10684
10685
10686
10687
10691
10692
10694
10699
10699
10699
1383
1384
1385
1388
1389
1390
1391
1394
1395
1396
1397
1400
1401
1402
1403
1406
10537
10538
10540
10542
10543
10544
10546
10548
10549
10550
10552
10554
10555
10556
10558
10560
10677
10679
10680
10681
10683
10684
10685
10686
10687
10689
10690
10691
10691
10691
10691
10691
1335
1336
1339
1340
1341
1342
1345
1346
1347
1348
1351
1352
1353
1354
1355
1382
10501
10503
10505
10506
10507
10509
10517
10518
10519
10520
10529
10530
10531
10532
10534
10536
10677
10678
10679
10680
10681
10683
10684
10685
10686
10687
10688
10689
10689
10689
10689
10689
1299
1302
1303
1304
1305
1306
1321
1322
1323
1324
1327
1328
1329
1330
1333
1334
10480
10481
10482
10483
10485
10487
10488
10489
10491
10493
10494
10495
10497
10499
10500
10610
10671
10676
10677
10678
10679
10680
10681
10682
10683
10684
10685
10685
10685
10685
10685
10685
1275
1278
1279
1280
1281
1284
1285
1286
1287
1290
1291
1292
1293
1296
1297
1298
10558
10560
10561
10563
10564
10566
10567
10569
10570
10600
10601
10602
10604
10606
10607
10608
10661
10662
10663
10664
10665
10667
10668
10669
10670
10671
10674
10675
10676
10676
10676
10676
1227
1254
1255
1256
1257
1260
1261
1262
1263
1266
1267
1268
1269
1272
1273
1274
10534
10536
10537
10539
10540
10542
10543
10545
10546
10548
10549
10551
10552
10554
10555
10557
10661
10662
10663
10664
10665
10667
10668
10669
10670
10671
10672
10673
10674
10674
10674
10674
1205
1206
1207
1208
1211
1212
1213
1214
1217
1218
1219
1220
1223
1224
1225
1226
10499
10500
10502
10503
10511
10512
10513
10515
10517
10518
10519
10521
10529
10530
10531
10533
10661
10662
10663
10664
10665
10667
10668
10669
10670
10671
10672
10672
10672
10672
10672
10672
1169
1170
1171
1174
1175
1176
1177
1178
1193
1194
1195
1196
1199
1200
1201
1202
10480
10481
10482
10484
10485
10487
10488
10490
10491
10493
10494
10496
10497
10607
10609
10610
10652
10653
10655
10660
10661
10662
10663
10664
10665
10666
10667
10668
10668
10668
10668
10668
1145
1146
1147
1150
1151
1152
1153
1156
1157
1158
1159
1162
1163
1164
1165
1168
10556
10557
10558
10572
10573
10575
10576
10578
10579
10581
10582
10600
10601
10603
10604
10606
10645
10646
10647
10648
10649
10651
10652
10653
10654
10655
10658
10659
10660
10660
10660
10660
1097
1098
1099
1126
1127
1128
1129
1132
1133
1134
1135
1138
1139
1140
1141
1144
10532
10533
10534
10536
10538
10539
10540
10542
10544
10545
10546
10548
10550
10551
10552
10554
10645
10646
10647
10648
10649
10651
10652
10653
10654
10655
10656
10657
10658
10658
10658
10658
1073
1074
1077
1078
1079
1080
1083
1084
1085
1086
1089
1090
1091
1092
1095
1096
10496
10497
10505
10506
10508
10509
10511
10512
10514
10515
10517
10518
10520
10521
10529
10530
10645
10646
10647
10648
10649
10651
10652
10653
10654
10655
10656
10656
10656
10656
10656
10656
1037
1040
1041
1042
1043
1046
1047
1048
1049
1050
1065
1066
1067
1068
1071
1072
10480
10481
10483
10484
10485
10487
10489
10490
10491
10493
10495
10604
10606
10608
10609
10610
10633
10635
10636
10637
10639
10644
10645
10646
10647
10648
10649
10650
10651
10652
10652
10652
1013
1016
1017
1018
1019
1022
1023
1024
1025
1028
1029
1030
1031
1034
1035
1036
10564
10566
10568
10569
10570
10572
10574
10575
10576
10578
10580
10581
10582
10600
10602
10603
10629
10630
10631
10632
10633
10635
10636
10637
10638
10639
10642
10643
10644
10644
10644
10644
967
968
969
970
971
998
999
1000
1001
1004
1005
1006
1007
1010
1011
1012
10529
10531
10532
10533
10534
10537
10538
10539
10540
10543
10544
10545
10546
10560
10562
10563
10629
10630
10631
10632
10633
10635
10636
10637
10638
10639
10640
10641
10642
10642
10642
10642
943
944
945
946
949
950
951
952
955
956
957
958
961
962
963
964
10499
10501
10502
10503
10505
10507
10508
10509
10511
10513
10514
10515
10517
10519
10520
10521
10629
10630
10631
10632
10633
10636
10637
10638
10639
10639
10639
10639
10639
10639
10639
10639
907
908
909
912
913
914
915
918
919
920
921
922
937
938
939
940
10480
10482
10483
10484
10485
10488
10489
10490
10491
10602
10603
10604
10607
10608
10609
10610
10614
10615
10617
10619
10620
10621
10623
10628
10629
10630
10631
10632
10633
10634
10635
10635
883
884
885
888
889
890
891
894
895
896
897
900
901
902
903
906
10562
10563
10564
10567
10568
10569
10570
10573
10574
10575
10576
10579
10580
10581
10582
10601
10613
10614
10615
10616
10617
10619
10620
10621
10622
10623
10626
10627
10628
10628
10628
10628
835
836
839
840
841
842
843
870
871
872
873
876
877
878
879
882
10520
10521
10530
10531
10532
10533
10534
10549
10550
10551
10552
10555
10556
10557
10558
10561
10613
10614
10615
10616
10617
10619
10620
10621
10622
10623
10624
10625
10626
10626
10626
10626
811
812
815
816
817
818
821
822
823
824
827
828
829
830
833
834
10496
10497
10500
10501
10502
10503
10506
10507
10508
10509
10512
10513
10514
10515
10518
10519
10613
10614
10615
10616
10617
10619
10620
10621
10622
10623
10623
10623
10623
10623
10623
10623
519
522
523
524
525
528
529
530
531
790
791
792
793
794
809
810
10481
10482
10483
10484
10485
10494
10495
10528
10584
10585
10586
10587
10590
10591
10592
10593
10600
10601
10602
10603
10604
10606
10607
10608
10609
10611
10612
10613
10614
10615
10616
10617
10618
10619
10619
10619
10619
10619
10619
10619
10619
10619
10619
10619
10619
10619
10619
10619
497
498
501
502
503
504
505
508
509
510
511
512
515
516
517
518
10503
10504
10505
10506
10507
10509
10510
10517
10518
10519
10520
10522
10523
10524
10525
10526
10600
10601
10602
10603
10604
10605
10608
10609
10610
10611
10611
10611
10611
10611
10611
10611
461
462
463
480
481
482
483
484
487
488
489
490
491
494
495
496
10487
10488
10489
10491
10492
10493
10494
10495
10497
10498
10499
10500
10501
10579
10580
10581
10591
10592
10594
10599
10600
10601
10602
10603
10604
10605
10606
10607
10608
10608
10608
10608
437
438
439
442
443
444
445
448
449
450
451
454
455
456
457
460
10555
10556
10557
10560
10561
10562
10563
10566
10567
10568
10569
10572
10573
10574
10575
10578
10584
10585
10586
10587
10588
10590
10591
10592
10593
10594
10597
10598
10599
10599
10599
10599
389
390
391
418
419
420
421
424
425
426
427
430
431
432
433
436
10531
10532
10533
10536
10537
10538
10539
10542
10543
10544
10545
10548
10549
10550
10551
10554
10584
10585
10586
10587
10588
10590
10591
10592
10593
10594
10595
10596
10597
10597
10597
10597
365
366
369
370
371
372
375
376
377
378
381
382
383
384
387
388
10495
10496
10499
10500
10501
10502
10505
10506
10507
10508
10511
10512
10513
10514
10529
10530
10584
10585
10586
10587
10588
10590
10591
10592
10593
10594
10595
10595
10595
10595
10595
10595
331
332
333
334
335
338
339
340
341
342
357
358
359
360
363
364
10480
10481
10482
10483
10484
10487
10488
10489
10490
10493
10494
10523
10524
10525
10527
10528
10572
10573
10574
10575
10576
10583
10584
10585
10586
10587
10588
10589
10590
10591
10591
10591
307
310
311
312
313
314
317
318
319
320
321
324
325
326
327
328
10498
10499
10500
10502
10503
10504
10511
10512
10513
10515
10516
10517
10518
10519
10521
10522
10572
10573
10574
10575
10576
10577
10579
10580
10581
10582
10582
10582
10582
10582
10582
10582
271
272
275
276
277
278
279
296
297
298
299
300
303
304
305
306
10487
10488
10490
10491
10492
10493
10494
10496
10497
10521
10522
10523
10524
10526
10527
10528
10560
10561
10562
10563
10564
10565
10570
10571
10572
10573
10574
10575
10576
10577
10578
10579
249
250
251
254
255
256
257
258
261
262
263
264
265
268
269
270
10496
10497
10498
10505
10506
10508
10509
10510
10511
10512
10514
10515
10516
10517
10518
10520
10560
10561
10562
10563
10564
10565
10567
10568
10569
10570
10570
10570
10570
10570
10570
10570
213
214
215
216
219
220
221
222
223
240
241
242
243
244
247
248
10487
10489
10490
10491
10492
10493
10495
10519
10520
10521
10522
10523
10525
10526
10527
10528
10548
10549
10550
10551
10552
10553
10558
10559
10560
10561
10562
10563
10564
10565
10566
10567
191
192
193
194
195
198
199
200
201
202
205
206
207
208
209
212
10499
10501
10502
10503
10504
10505
10507
10508
10509
10510
10511
10513
10514
10515
10516
10517
10548
10549
10550
10551
10552
10553
10555
10556
10557
10558
10558
10558
10558
10558
10558
10558
153
156
157
158
159
160
163
164
165
166
167
184
185
186
187
188
10488
10489
10490
10491
10492
10516
10518
10519
10520
10521
10522
10524
10525
10526
10527
10528
10536
10537
10538
10539
10540
10541
10545
10546
10547
10549
10550
10551
10552
10553
10554
10554
131
132
135
136
137
138
139
142
143
144
145
146
149
150
151
152
10497
10498
10500
10501
10502
10503
10504
10506
10507
10508
10509
10510
10512
10513
10514
10515
10536
10537
10538
10539
10540
10541
10542
10543
10544
10545
10545
10545
10545
10545
10545
10545
128
129
130
9837
9838
9839
9840
9843
9844
9845
9846
9849
9850
9853
9854
9857
10337
10338
10339
10340
10343
10344
10345
10346
10349
10350
10353
10354
10357
10456
10458
10460
10461
10462
10464
10466
10467
10468
10471
10472
10474
10478
10479
10494
10495
10496
10537
10538
10539
10542
10542
10542
10542
10542
10542
10542
10542
10542
10542
10542
10542
10542
10542
10542
9763
9766
9767
9768
9815
9816
9817
9818
9821
9822
9823
9824
9827
9828
9831
9832
10263
10266
10267
10268
10315
10316
10317
10318
10321
10322
10323
10324
10327
10328
10331
10332
10457
10459
10460
10461
10463
10465
10466
10467
10469
10470
10471
10473
10474
10475
10476
10477
10478
10478
10478
10478
10478
10478
10478
10478
10478
10478
10478
10478
10478
10478
10478
10478
9735
9736
9737
9740
9741
9744
9745
9750
9751
9752
9753
9756
9757
9758
9759
9762
10235
10236
10237
10240
10241
10244
10245
10250
10251
10252
10253
10256
10257
10258
10259
10262
10457
10458
10460
10461
10463
10464
10465
10466
10467
10468
10469
10470
10472
10475
10476
10477
9671
9672
9673
9674
9677
9678
9679
9680
9683
9684
9685
9728
9729
9730
9731
9734
10171
10172
10173
10174
10177
10178
10179
10180
10183
10184
10185
10228
10229
10230
10231
10234
10456
10457
10458
10459
10460
10461
10462
10463
10464
10466
10472
10473
10474
10475
10476
10476
9645
9646
9647
9648
9651
9652
9655
9656
9657
9658
9661
9662
9663
9664
9667
9668
10145
10146
10147
10148
10151
10152
10155
10156
10157
10158
10161
10162
10163
10164
10167
10168
10456
10457
10459
10460
10462
10463
10464
10465
10467
10468
10469
10471
10473
10474
10474
10474
9587
9588
9623
9624
9625
9626
9629
9630
9631
9632
9635
9636
9639
9640
9641
9642
10087
10088
10123
10124
10125
10126
10129
10130
10131
10132
10135
10136
10139
10140
10141
10142
10456
10457
10458
10459
10460
10463
10464
10465
10466
10467
10469
10470
10471
10472
10473
10473
9563
9564
9565
9568
9569
9570
9571
9574
9575
9578
9579
9580
9581
9584
9585
9586
10063
10064
10065
10068
10069
10070
10071
10074
10075
10078
10079
10080
10081
10084
10085
10086
10456
10457
10458
10459
10460
10461
10462
10463
10464
10465
10467
10468
10469
10470
10471
10471
9539
9540
9541
9544
9545
9546
9547
9550
9551
9552
9553
9556
9557
9558
9559
9562
10039
10040
10041
10044
10045
10046
10047
10050
10051
10052
10053
10056
10057
10058
10059
10062
10456
10458
10459
10461
10462
10463
10464
10465
10466
10468
10469
10470
10470
10470
10470
10470
9491
9492
9495
9496
9497
9498
9501
9502
9503
9504
9507
9508
9509
9510
9511
9538
9991
9992
9995
9996
9997
9998
10001
10002
10003
10004
10007
10008
10009
10010
10011
10038
10456
10457
10458
10459
10461
10462
10463
10464
10465
10466
10467
10468
10468
10468
10468
10468
7929
9458
9459
9460
9461
9462
9477
9478
9479
9480
9483
9484
9485
9486
9489
9490
9958
9959
9960
9961
9962
9977
9978
9979
9980
9983
9984
9985
9986
9989
9990
10377
10450
10455
10456
10457
10458
10459
10460
10461
10462
10463
10464
10464
10464
10464
10464
10464
7899
7902
7903
7906
7907
7912
7913
7914
7915
7918
7919
7920
7921
7924
7925
7928
10347
10350
10351
10354
10355
10360
10361
10362
10363
10366
10367
10368
10369
10372
10373
10376
10433
10434
10435
10436
10439
10440
10441
10442
10443
10445
10446
10447
10449
10453
10454
10455
7829
7830
7831
7832
7835
7836
7839
7840
7887
7890
7891
7892
7893
7896
7897
7898
10277
10278
10279
10280
10283
10284
10287
10288
10335
10338
10339
10340
10341
10344
10345
10346
10431
10433
10435
10436
10437
10438
10439
10440
10441
10442
10444
10445
10448
10450
10453
10454
7801
7802
7803
7804
7807
7808
7809
7810
7813
7814
7817
7818
7823
7824
7825
7826
10229
10230
10231
10232
10235
10236
10237
10238
10241
10242
10245
10246
10271
10272
10273
10274
10432
10434
10435
10436
10437
10440
10441
10442
10443
10445
10447
10450
10451
10452
10453
10453
7733
7736
7737
7740
7741
7742
7743
7746
7747
7748
7749
7752
7753
7756
7757
7798
10181
10184
10185
10188
10189
10190
10191
10194
10195
10196
10197
10200
10201
10204
10205
10226
10431
10432
10433
10435
10436
10438
10439
10441
10442
10444
10446
10447
10448
10449
10450
10451
10452
10452
10452
10452
10452
10452
10452
10452
10452
10452
10452
10452
10452
10452
10452
10452
7709
7710
7711
7714
7715
7716
7717
7720
7721
7724
7725
7726
7727
7730
7731
7732
10157
10158
10159
10162
10163
10164
10165
10168
10169
10172
10173
10174
10175
10178
10179
10180
10431
10432
10433
10434
10435
10436
10437
10438
10439
10440
10441
10442
10443
10444
10449
10450
7651
7652
7655
7656
7689
7692
7693
7694
7695
7698
7699
7700
7701
7704
7705
7708
10099
10100
10103
10104
10137
10140
10141
10142
10143
10146
10147
10148
10149
10152
10153
10156
10431
10432
10433
10434
10435
10437
10439
10440
10442
10443
10444
10446
10447
10448
10449
10449
7627
7628
7631
7632
7633
7634
7637
7638
7639
7640
7643
7644
7645
7646
7649
7650
10075
10076
10079
10080
10081
10082
10085
10086
10087
10088
10091
10092
10093
10094
10097
10098
10431
10432
10433
10434
10435
10436
10437
10438
10439
10440
10441
10444
10445
10446
10447
10447
7603
7604
7605
7606
7609
7610
7611
7612
7615
7616
7617
7618
7621
7622
7623
7624
10051
10052
10053
10054
10057
10058
10059
10060
10063
10064
10065
10066
10069
10070
10071
10072
10431
10432
10433
10434
10435
10436
10437
10438
10439
10440
10441
10442
10443
10444
10445
10445
7555
7556
7557
7560
7561
7562
7563
7566
7567
7568
7569
7572
7573
7574
7575
7600
10003
10004
10005
10008
10009
10010
10011
10014
10015
10016
10017
10020
10021
10022
10023
10048
10431
10432
10433
10434
10436
10437
10438
10439
10440
10441
10442
10443
10444
10444
10444
10444
7519
7520
7533
7536
7537
7538
7539
7542
7543
7544
7545
7548
7549
7550
7551
7554
9967
9968
9981
9984
9985
9986
9987
9990
9991
9992
9993
9996
9997
9998
9999
10002
10431
10432
10433
10434
10436
10437
10438
10439
10440
10441
10441
10441
10441
10441
10441
10441
7039
7042
7043
7044
7045
7048
7049
7052
7053
7508
7511
7512
7513
7514
7517
7518
9956
9959
9960
9961
9962
9965
9966
10387
10390
10391
10392
10393
10396
10397
10400
10401
10411
10414
10415
10416
10417
10420
10421
10424
10425
10430
10431
10432
10433
10434
10435
10436
10437
10437
10437
10437
10437
10437
10437
10437
10437
10437
10437
10437
10437
10437
10437
10437
6988
6990
6991
6992
6994
6996
6997
6998
7000
7002
7004
7006
7008
7036
7037
7038
10336
10338
10339
10340
10342
10344
10345
10346
10348
10350
10352
10354
10356
10384
10385
10386
10406
10408
10409
10410
10411
10412
10414
10416
10417
10418
10421
10422
10424
10428
10429
10430
6913
6915
6917
6919
6945
6946
6947
6948
6951
6952
6953
6954
6957
6958
6961
6962
10241
10243
10245
10247
10293
10294
10295
10296
10299
10300
10301
10302
10305
10306
10309
10310
10407
10409
10410
10411
10413
10415
10416
10417
10419
10420
10422
10423
10425
10426
10427
10428
6867
6868
6869
6872
6873
6876
6877
6899
6901
6902
6903
6905
6907
6908
6909
6911
10215
10216
10217
10220
10221
10224
10225
10227
10229
10230
10231
10233
10235
10236
10237
10239
10406
10409
10410
10411
10412
10414
10415
10416
10417
10418
10419
10421
10423
10424
10426
10427
6822
6824
6825
6826
6828
6830
6831
6832
6834
6836
6837
6860
6861
6862
6863
6866
10170
10172
10173
10174
10176
10178
10179
10180
10182
10184
10185
10208
10209
10210
10211
10214
10406
10407
10408
10410
10411
10412
10413
10414
10416
10422
10423
10424
10425
10426
10426
10426
6796
6798
6799
6800
6802
6804
6806
6808
6809
6810
6812
6814
6815
6816
6818
6820
10144
10146
10147
10148
10150
10152
10154
10156
10157
10158
10160
10162
10163
10164
10166
10168
10406
10407
10409
10410
10412
10413
10414
10415
10417
10418
10419
10421
10423
10424
10424
10424
6739
6740
6759
6760
6761
6762
6765
6766
6767
6768
6771
6772
6790
6792
6793
6794
10087
10088
10107
10108
10109
10110
10113
10114
10115
10116
10119
10120
10138
10140
10141
10142
10406
10407
10408
10409
10410
10413
10414
10415
10416
10417
10419
10420
10421
10422
10423
10423
6715
6716
6717
6719
6721
6722
6723
6725
6727
6729
6731
6732
6733
6735
6737
6738
10063
10064
10065
10067
10069
10070
10071
10073
10075
10077
10079
10080
10081
10083
10085
10086
10406
10407
10408
10409
10410
10411
10412
10413
10414
10415
10417
10418
10419
10420
10421
10421
6679
6680
6681
6684
6685
6686
6687
6701
6703
6704
6705
6707
6709
6710
6711
6713
10027
10028
10029
10032
10033
10034
10035
10049
10051
10052
10053
10055
10057
10058
10059
10061
10406
10408
10409
10411
10412
10413
10414
10415
10416
10418
10419
10420
10420
10420
10420
10420
6643
6644
6646
6648
6649
6650
6652
6654
6655
6656
6658
6660
6661
6662
6663
6678
9991
9992
9994
9996
9997
9998
10000
10002
10003
10004
10006
10008
10009
10010
10011
10026
10406
10407
10408
10409
10411
10412
10413
10414
10415
10416
10417
10418
10418
10418
10418
10418
6581
6609
6611
6612
6613
6614
6623
6624
6625
6626
6634
6636
6637
6638
6640
6642
9957
9959
9960
9961
9962
9971
9972
9973
9974
9982
9984
9985
9986
9988
9990
10333
10402
10405
10406
10407
10408
10409
10410
10411
10412
10413
10414
10414
10414
10414
10414
10414
6507
6510
6511
6514
6561
6564
6565
6566
6567
6570
6571
6572
6573
6576
6577
6580
10284
10286
10288
10290
10313
10316
10317
10318
10319
10322
10323
10324
10325
10328
10329
10332
10382
10385
10386
10387
10388
10391
10392
10393
10394
10396
10398
10399
10401
10403
10404
10405
6481
6482
6483
6484
6487
6488
6491
6494
6495
6496
6497
6500
6501
6502
6503
6506
10257
10258
10259
10260
10263
10264
10267
10270
10272
10273
10274
10276
10278
10279
10280
10282
10383
10385
10386
10387
10389
10390
10391
10392
10393
10394
10395
10397
10398
10400
10403
10404
6415
6416
6417
6420
6421
6422
6423
6426
6427
6430
6431
6472
6475
6476
6477
6478
10189
10190
10191
10193
10195
10196
10197
10199
10201
10203
10205
10248
10251
10252
10253
10254
10382
10384
10386
10387
10388
10389
10390
10392
10393
10395
10397
10399
10400
10402
10403
10403
6389
6390
6391
6394
6395
6398
6399
6400
6401
6404
6405
6406
6407
6410
6411
6414
10163
10164
10165
10167
10169
10171
10173
10174
10175
10177
10179
10180
10181
10183
10185
10187
10382
10383
10384
10387
10388
10389
10390
10391
10392
10393
10394
10395
10398
10399
10400
10401
10402
10402
10402
10402
10402
10402
10402
10402
10402
10402
10402
10402
10402
10402
10402
10402
6363
6366
6367
6368
6369
6372
6373
6374
6375
6378
6379
6382
6383
6384
6385
6388
10121
10124
10125
10126
10127
10130
10131
10132
10133
10136
10153
10155
10157
10158
10159
10161
10382
10383
10384
10385
10386
10388
10389
10390
10391
10393
10394
10397
10399
10400
10400
10400
6307
6308
6311
6312
6313
6314
6317
6318
6319
6320
6323
6324
6325
6326
6329
6330
10081
10082
10084
10086
10087
10088
10090
10092
10093
10094
10096
10098
10099
10100
10102
10104
10383
10384
10385
10386
10387
10388
10389
10390
10391
10392
10393
10395
10396
10397
10398
10398
6283
6284
6285
6286
6289
6290
6291
6292
6295
6296
6297
6298
6301
6302
6305
6306
10045
10046
10047
10060
10062
10064
10065
10066
10068
10070
10071
10072
10074
10076
10078
10080
10382
10383
10384
10385
10386
10388
10389
10390
10391
10392
10393
10394
10395
10396
10397
10397
6235
6236
6237
6240
6241
6242
6243
6246
6247
6248
6249
6274
6277
6278
6279
6280
10009
10010
10011
10013
10015
10016
10017
10019
10021
10022
10023
10036
10039
10040
10041
10042
10382
10383
10384
10385
10387
10388
10389
10390
10391
10392
10393
10394
10395
10395
10395
10395
6211
6212
6213
6216
6217
6218
6219
6222
6223
6224
6225
6228
6229
6230
6231
6234
9979
9980
9987
9989
9991
9992
9993
9995
9997
9998
9999
10001
10003
10004
10005
10007
10382
10383
10384
10385
10387
10388
10389
10390
10391
10392
10393
10393
10393
10393
10393
10393
5320
5322
5324
5326
5328
6182
6185
6186
6187
6188
6191
6192
6193
6194
6207
6210
9956
9958
9960
9961
9962
9964
9966
9967
9968
9975
9978
10326
10328
10330
10332
10334
10370
10372
10374
10377
10378
10381
10382
10383
10384
10385
10386
10387
10388
10389
10389
10389
5270
5271
5272
5275
5276
5279
5280
5283
5308
5310
5311
5312
5314
5316
5317
5318
10300
10301
10302
10304
10306
10308
10310
10312
10314
10316
10317
10318
10320
10322
10323
10324
10358
10361
10362
10363
10364
10367
10368
10369
10371
10372
10375
10377
10379
10380
10381
10381
5221
5222
5223
5225
5227
5228
5229
5231
5233
5235
5237
5263
5264
5265
5266
5269
10251
10252
10253
10255
10257
10258
10259
10261
10263
10265
10267
10292
10294
10295
10296
10298
10359
10360
10361
10362
10363
10364
10365
10366
10368
10369
10370
10373
10374
10376
10379
10380
5154
5156
5157
5180
5181
5182
5183
5186
5187
5188
5189
5192
5193
5196
5197
5219
10182
10183
10185
10207
10209
10210
10211
10213
10215
10216
10217
10219
10221
10223
10225
10249
10358
10359
10360
10362
10363
10365
10366
10368
10369
10371
10373
10374
10375
10376
10377
10378
10379
10379
10379
10379
10379
10379
10379
10379
10379
10379
10379
10379
10379
10379
10379
10379
5129
5130
5132
5134
5135
5136
5138
5140
5142
5144
5145
5146
5148
5150
5151
5152
10157
10158
10160
10161
10163
10164
10166
10167
10170
10171
10173
10174
10176
10177
10179
10180
10358
10359
10360
10361
10362
10363
10364
10365
10366
10367
10368
10369
10370
10371
10376
10377
5087
5088
5091
5092
5110
5112
5113
5114
5116
5118
5119
5120
5122
5124
5126
5128
10115
10116
10118
10120
10122
10124
10125
10126
10128
10130
10131
10132
10134
10136
10154
10155
10358
10359
10360
10361
10362
10364
10366
10367
10369
10370
10371
10373
10374
10375
10376
10376
5047
5049
5051
5052
5053
5055
5057
5058
5059
5060
5079
5080
5081
5082
5085
5086
10074
10077
10078
10080
10081
10083
10084
10086
10087
10088
10106
10108
10109
10110
10112
10114
10358
10359
10360
10361
10362
10363
10364
10365
10366
10367
10368
10371
10372
10373
10374
10374
5023
5024
5025
5027
5029
5030
5031
5033
5035
5036
5037
5039
5041
5042
5043
5045
10039
10040
10041
10043
10045
10046
10047
10061
10062
10064
10065
10067
10068
10070
10071
10073
10358
10359
10360
10361
10362
10363
10364
10365
10366
10367
10368
10369
10370
10371
10372
10372
4975
4976
4978
4980
4981
4982
4983
4998
4999
5000
5001
5004
5005
5006
5007
5021
10003
10004
10006
10007
10009
10010
10011
10025
10027
10028
10029
10031
10033
10034
10035
10037
10358
10359
10360
10361
10363
10364
10365
10366
10367
10368
10369
10370
10371
10371
10371
10371
4945
4946
4954
4956
4957
4958
4960
4962
4963
4964
4966
4968
4969
4970
4972
4974
9973
9974
9976
9978
9979
9980
9988
9989
9991
9992
9994
9995
9997
9998
10000
10001
10358
10359
10360
10361
10363
10364
10365
10366
10367
10368
10368
10368
10368
10368
10368
10368
4913
4914
4916
4918
4919
4920
4922
4924
4926
4929
4931
4932
4933
4934
4943
4944
9957
9958
9960
9961
9962
9970
9972
10318
10319
10320
10323
10324
10325
10326
10329
10330
10340
10341
10342
10345
10346
10347
10348
10351
10352
10357
10358
10359
10360
10361
10362
10363
10364
10364
10364
10364
10364
10364
10364
10364
10364
10364
10364
10364
10364
10364
10364
10364
4847
4868
4871
4872
4873
4874
4877
4878
4879
4880
4883
4884
4887
4908
4910
4912
10286
10291
10292
10295
10296
10297
10298
10301
10302
10303
10304
10307
10308
10313
10314
10317
10335
10336
10337
10339
10340
10341
10343
10345
10346
10347
10349
10351
10353
10355
10356
10357
4821
4822
4823
4825
4827
4829
4831
4832
4833
4835
4837
4838
4839
4841
4843
4845
10161
10164
10165
10166
10167
10269
10270
10273
10274
10275
10276
10279
10280
10281
10282
10285
10336
10337
10339
10340
10342
10343
10345
10346
10347
10348
10349
10352
10354
10355
10355
10355
4796
4798
4799
4800
4802
4804
4805
4806
4808
4810
4811
4813
4815
4816
4817
4819
10122
10124
10126
10127
10128
10130
10132
10133
10134
10136
10153
10154
10155
10158
10159
10160
10335
10336
10337
10338
10339
10341
10342
10344
10346
10347
10348
10350
10353
10354
10354
10354
4737
4739
4741
4742
4760
4763
4764
4765
4766
4769
4770
4771
4772
4775
4776
4794
10100
10101
10102
10104
10105
10106
10108
10110
10111
10112
10114
10116
10117
10118
10120
10121
10335
10337
10338
10339
10341
10343
10344
10346
10347
10348
10349
10350
10351
10352
10353
10353
4713
4714
4716
4718
4719
4720
4722
4724
4725
4727
4729
4730
4731
4733
4735
4736
10047
10076
10077
10078
10081
10082
10083
10084
10087
10089
10090
10092
10094
10095
10096
10098
10335
10336
10337
10338
10339
10340
10341
10342
10343
10344
10345
10349
10350
10351
10351
10351
4665
4678
4681
4682
4683
4684
4687
4688
4689
4702
4704
4706
4707
4708
4710
4712
10023
10024
10025
10027
10029
10030
10031
10033
10035
10036
10037
10039
10041
10042
10043
10045
10335
10336
10337
10338
10340
10341
10342
10343
10344
10345
10347
10348
10349
10349
10349
10349
4641
4643
4645
4646
4647
4649
4651
4652
4653
4655
4657
4658
4659
4661
4663
4664
9999
10000
10001
10003
10005
10006
10007
10009
10011
10012
10013
10015
10017
10018
10019
10021
10335
10336
10337
10338
10340
10341
10342
10343
10344
10345
10346
10347
10347
10347
10347
10347
4606
4608
4609
4610
4617
4620
4621
4622
4629
4631
4633
4634
4635
4637
4639
4640
9963
9964
9966
9968
9969
9970
9972
9974
9975
9976
9978
9980
9987
9988
9989
9992
10335
10336
10337
10338
10340
10341
10342
10343
10344
10344
10344
10344
10344
10344
10344
10344
4561
4562
4563
4564
4567
4568
4569
4570
4573
4574
4577
4598
4600
4602
4603
4604
9956
9957
9958
9960
9962
10208
10210
10211
10212
10214
10216
10217
10218
10220
10222
10224
10315
10317
10318
10319
10321
10323
10324
10325
10327
10329
10331
10334
10335
10336
10337
10338
10339
10340
10340
10340
10340
10340
10340
10340
10340
10340
10340
10340
10340
10340
10340
10340
4513
4515
4517
4519
4521
4522
4523
4525
4527
4528
4529
4531
4533
4535
4537
4558
10181
10182
10184
10186
10188
10190
10191
10192
10194
10196
10197
10198
10200
10202
10204
10206
10313
10314
10315
10317
10318
10320
10321
10323
10324
10326
10327
10329
10330
10331
10332
10333
10334
10334
10334
10334
10334
10334
10334
10334
10334
10334
10334
10334
10334
10334
10334
10334
4489
4490
4491
4493
4495
4496
4497
4499
4501
4503
4505
4506
4507
4509
4511
4512
10141
10142
10143
10144
10147
10148
10149
10150
10169
10170
10172
10174
10175
10176
10178
10180
10313
10314
10315
10316
10317
10318
10319
10320
10321
10322
10323
10324
10325
10326
10331
10332
4431
4432
4434
4436
4453
4456
4457
4458
4459
4462
4463
4464
4465
4468
4485
4487
10099
10100
10101
10103
10105
10107
10109
10110
10111
10113
10115
10116
10117
10119
10137
10138
10313
10314
10315
10316
10317
10319
10321
10322
10324
10325
10326
10327
10329
10330
10331
10331
4406
4408
4409
4410
4412
4414
4415
4416
4418
4420
4422
4424
4425
4426
4428
4430
10061
10063
10065
10066
10067
10069
10071
10072
10073
10075
10089
10091
10093
10094
10095
10097
10314
10315
10316
10317
10319
10320
10321
10324
10325
10326
10327
10328
10329
10329
10329
10329
4371
4372
4373
4374
4377
4378
4379
4392
4394
4396
4397
4398
4400
4402
4403
4404
10026
10028
10029
10030
10032
10034
10035
10048
10049
10052
10053
10054
10055
10058
10059
10060
10313
10314
10315
10316
10318
10319
10320
10321
10322
10323
10326
10327
10328
10328
10328
10328
4335
4336
4337
4339
4341
4342
4343
4345
4347
4348
4349
4351
4353
4354
4355
4368
10002
10004
10005
10006
10008
10010
10011
10012
10014
10016
10017
10018
10020
10022
10023
10024
10313
10314
10315
10316
10318
10319
10320
10321
10322
10323
10324
10325
10326
10326
10326
10326
4299
4300
4307
4310
4311
4312
4319
4321
4323
4324
4325
4327
4329
4330
4331
4333
9967
9968
9969
9971
9973
9974
9981
9982
9985
9986
9993
9994
9996
9998
9999
10000
10313
10314
10315
10316
10318
10319
10320
10321
10322
10323
10323
10323
10323
10323
10323
10323
3963
3964
3967
3968
3969
3970
3973
3974
3977
4288
4290
4292
4293
4294
4296
4298
9956
9957
9959
9961
9962
9963
9965
10253
10254
10256
10258
10259
10260
10262
10264
10266
10296
10297
10299
10301
10302
10303
10305
10307
10309
10312
10313
10314
10315
10316
10317
10318
10319
10319
10319
10319
10319
10319
10319
10319
10319
10319
10319
10319
10319
10319
10319
10319
3897
3900
3901
3902
3903
3906
3907
3908
3909
3912
3913
3916
3917
3958
3961
3962
10184
10187
10188
10190
10191
10193
10194
10196
10197
10199
10200
10203
10204
10248
10250
10252
10291
10292
10293
10295
10296
10298
10299
10301
10302
10304
10305
10308
10309
10310
10311
10312
3871
3874
3875
3876
3877
3880
3881
3884
3885
3886
3887
3890
3891
3892
3893
3896
10143
10145
10147
10148
10149
10151
10169
10171
10172
10174
10175
10177
10178
10180
10181
10183
10291
10292
10293
10296
10297
10298
10299
10300
10301
10302
10303
10304
10307
10308
10309
10310
3815
3816
3849
3852
3853
3854
3855
3858
3859
3860
3861
3864
3865
3868
3869
3870
10102
10103
10121
10123
10125
10126
10127
10129
10131
10132
10133
10135
10137
10139
10141
10142
10291
10292
10293
10294
10295
10297
10299
10300
10302
10303
10304
10305
10307
10308
10309
10309
3789
3790
3793
3794
3795
3796
3799
3800
3803
3804
3805
3806
3809
3810
3811
3812
10065
10066
10068
10069
10071
10072
10074
10075
10090
10091
10093
10094
10096
10097
10099
10100
10292
10293
10294
10295
10297
10298
10299
10300
10302
10303
10304
10305
10306
10307
10307
10307
3765
3766
3769
3770
3771
3772
3775
3776
3777
3778
3781
3782
3783
3784
3787
3788
10041
10042
10044
10046
10047
10048
10050
10052
10053
10054
10056
10058
10059
10060
10062
10063
10291
10292
10293
10294
10296
10297
10298
10299
10300
10301
10304
10305
10306
10306
10306
10306
3717
3720
3721
3722
3723
3726
3727
3728
3729
3732
3733
3734
3735
3760
3763
3764
10005
10007
10008
10010
10011
10013
10014
10016
10017
10019
10020
10022
10023
10036
10038
10040
10291
10292
10293
10294
10296
10297
10298
10299
10300
10301
10302
10303
10304
10304
10304
10304
3693
3696
3697
3698
3699
3702
3703
3704
3705
3708
3709
3710
3711
3714
3715
3716
9975
9977
9979
9980
9981
9983
9985
9986
9993
9995
9996
9998
9999
10001
10002
10004
10291
10292
10293
10294
10296
10298
10299
10300
10301
10301
10301
10301
10301
10301
10301
10301
3347
3348
3349
3351
3353
3355
3357
3668
3671
3672
3673
3674
3677
3678
3679
3680
9956
9958
9959
9961
9962
9964
9965
9967
9968
10256
10258
10259
10261
10262
10265
10266
10277
10279
10280
10281
10283
10285
10287
10290
10291
10292
10293
10294
10295
10296
10297
10297
3301
3302
3303
3306
3307
3308
3309
3312
3313
3316
3317
3339
3341
3342
3343
3345
10208
10210
10211
10213
10214
10216
10217
10219
10220
10223
10224
10249
10250
10252
10253
10255
10269
10271
10273
10274
10275
10276
10277
10279
10280
10282
10283
10286
10287
10289
10290
10290
3255
3256
3258
3260
3262
3264
3265
3266
3268
3270
3271
3272
3274
3276
3277
3300
10147
10148
10150
10151
10170
10171
10172
10174
10176
10177
10178
10180
10182
10183
10184
10207
10269
10270
10271
10274
10275
10276
10277
10278
10279
10280
10281
10282
10285
10286
10287
10288
10289
10289
10289
10289
10289
10289
10289
10289
10289
10289
10289
10289
10289
10289
10289
10289
3230
3232
3233
3234
3236
3238
3239
3240
3242
3244
3246
3248
3249
3250
3252
3254
10122
10123
10125
10126
10128
10129
10131
10132
10134
10135
10138
10139
10141
10142
10144
10145
10269
10270
10271
10272
10273
10275
10276
10277
10278
10280
10281
10283
10286
10287
10287
10287
3173
3174
3175
3177
3179
3180
3199
3200
3201
3202
3205
3206
3207
3208
3211
3212
10068
10069
10071
10073
10074
10075
10106
10107
10109
10110
10112
10113
10115
10116
10118
10119
10270
10271
10272
10273
10276
10277
10278
10280
10281
10282
10283
10284
10285
10285
10285
10285
3149
3150
3151
3153
3155
3156
3157
3159
3161
3162
3163
3165
3167
3168
3169
3171
10044
10046
10047
10049
10050
10052
10053
10055
10056
10058
10059
10061
10062
10063
10065
10067
10269
10270
10271
10272
10273
10274
10275
10276
10277
10278
10279
10282
10283
10284
10284
10284
3101
3102
3103
3118
3119
3120
3121
3124
3125
3126
3127
3141
3143
3144
3145
3147
10008
10010
10011
10025
10026
10028
10029
10031
10032
10034
10035
10037
10038
10040
10041
10043
10269
10270
10271
10272
10274
10275
10276
10277
10278
10279
10280
10281
10282
10282
10282
10282
3077
3078
3080
3082
3083
3084
3086
3088
3089
3090
3092
3094
3095
3096
3098
3100
9979
9980
9982
9983
9985
9986
9994
9995
9996
9998
10000
10001
10002
10004
10006
10007
10269
10270
10271
10272
10274
10275
10276
10277
10278
10279
10280
10280
10280
10280
10280
10280
3039
3040
3042
3044
3046
3049
3051
3052
3053
3054
3063
3064
3065
3066
3074
3076
9957
9958
9959
9961
9962
9970
9971
9973
9974
9976
9977
10237
10238
10239
10242
10243
10259
10260
10261
10264
10265
10268
10269
10270
10271
10272
10273
10274
10275
10276
10276
10276
3015
3016
3017
3019
3021
3022
3023
3025
3027
3028
3030
3032
3033
3034
3036
3038
10156
10158
10159
10160
10162
10164
10165
10166
10168
10226
10227
10230
10231
10232
10233
10236
10248
10249
10250
10252
10253
10254
10255
10256
10258
10259
10260
10261
10262
10267
10268
10268
2972
2975
2976
2994
2996
2998
2999
3000
3002
3004
3005
3006
3008
3010
3011
3013
10117
10119
10120
10137
10138
10140
10142
10143
10144
10146
10148
10149
10150
10152
10153
10154
10248
10249
10251
10252
10254
10255
10257
10259
10260
10261
10262
10263
10265
10266
10267
10267
2931
2933
2935
2936
2937
2939
2941
2942
2960
2963
2964
2965
2966
2969
2970
2971
10094
10095
10097
10098
10100
10101
10103
10104
10105
10107
10108
10110
10111
10113
10114
10116
10248
10250
10251
10252
10254
10255
10256
10257
10259
10261
10262
10263
10264
10265
10265
10265
2907
2908
2910
2912
2913
2914
2916
2918
2919
2920
2922
2924
2925
2927
2929
2930
10053
10054
10055
10057
10059
10076
10077
10079
10081
10082
10083
10085
10087
10089
10091
10092
10248
10249
10250
10251
10253
10254
10255
10256
10257
10258
10262
10263
10264
10264
10264
10264
2859
2861
2863
2864
2865
2878
2881
2882
2883
2884
2887
2888
2889
2902
2904
2906
10017
10018
10020
10021
10023
10024
10026
10027
10029
10030
10032
10033
10035
10048
10049
10051
10248
10249
10250
10251
10253
10254
10255
10256
10257
10258
10260
10261
10262
10262
10262
10262
2835
2837
2839
2840
2841
2843
2845
2846
2847
2849
2851
2852
2853
2855
2857
2858
9987
9988
9990
9992
9999
10000
10002
10003
10005
10006
10008
10009
10011
10012
10014
10015
10248
10249
10250
10251
10253
10254
10255
10256
10257
10258
10259
10260
10260
10260
10260
10260
2800
2802
2803
2804
2806
2808
2809
2810
2817
2820
2821
2822
2829
2831
2833
2834
9957
9959
9960
9962
9963
9965
9966
9968
9969
9971
9972
9974
9981
9982
9984
9986
10248
10249
10250
10251
10252
10253
10254
10255
10256
10256
10256
10256
10256
10256
10256
10256
2733
2735
2737
2758
2761
2762
2763
2764
2767
2768
2769
2770
2773
2774
2777
2798
9956
10199
10202
10203
10206
10207
10210
10211
10212
10213
10216
10217
10218
10219
10222
10223
10226
10228
10230
10231
10232
10234
10236
10237
10238
10240
10242
10243
10244
10246
10247
10248
10252
10252
10252
10252
10252
10252
10252
10252
10252
10252
10252
10252
10252
10252
10252
10252
2707
2709
2711
2712
2713
2715
2717
2719
2721
2722
2723
2725
2727
2728
2729
2731
10175
10176
10177
10180
10181
10182
10183
10186
10187
10190
10191
10192
10193
10196
10197
10198
10227
10228
10230
10231
10232
10233
10234
10236
10237
10239
10242
10243
10244
10245
10246
10246
2665
2668
2685
2687
2689
2690
2691
2693
2695
2696
2697
2699
2701
2703
2705
2706
10117
10118
10121
10122
10125
10126
10127
10128
10131
10132
10133
10134
10169
10170
10171
10174
10226
10227
10228
10229
10230
10231
10232
10233
10235
10237
10238
10239
10240
10243
10244
10245
2625
2626
2628
2630
2631
2632
2634
2636
2653
2656
2657
2658
2659
2662
2663
2664
10093
10094
10095
10096
10099
10100
10101
10102
10105
10106
10109
10110
10111
10112
10115
10116
10226
10228
10229
10230
10232
10233
10234
10235
10237
10239
10240
10242
10243
10243
10243
10243
2600
2602
2603
2604
2606
2608
2609
2610
2612
2614
2615
2616
2618
2620
2622
2624
10043
10046
10047
10060
10061
10062
10065
10066
10067
10068
10071
10072
10073
10074
10089
10090
10226
10227
10228
10230
10232
10233
10234
10235
10236
10237
10238
10239
10240
10241
10242
10242
2553
2554
2555
2568
2571
2572
2573
2574
2577
2578
2579
2592
2594
2596
2597
2598
10019
10022
10023
10024
10025
10028
10029
10030
10031
10034
10035
10036
10037
10040
10041
10042
10226
10227
10228
10229
10231
10232
10234
10235
10236
10238
10239
10240
10240
10240
10240
10240
2529
2530
2531
2533
2535
2536
2537
2539
2541
2542
2543
2545
2547
2548
2549
2551
9995
9998
9999
10000
10001
10004
10005
10006
10007
10010
10011
10012
10013
10016
10017
10018
10226
10227
10228
10229
10231
10232
10233
10234
10235
10236
10237
10238
10238
10238
10238
10238
2493
2494
2496
2498
2499
2500
2507
2510
2511
2512
2519
2521
2523
2524
2525
2527
9961
9962
9963
9964
9967
9968
9969
9970
9973
9974
9975
9976
9979
9980
9993
9994
10226
10227
10228
10229
10230
10231
10232
10233
10234
10235
10235
10235
10235
10235
10235
10235
2239
2240
2241
2244
2245
2246
2247
2250
2251
2252
2253
2256
2257
2488
2490
2492
9956
9957
9958
10151
10152
10153
10155
10156
10158
10159
10161
10162
10164
10165
10167
10168
10206
10207
10208
10210
10212
10213
10214
10217
10218
10219
10220
10221
10224
10225
10226
10227
10228
10230
10230
10230
10230
10230
10230
10230
10230
10230
10230
10230
10230
10230
10230
10230
2213
2216
2217
2218
2219
2222
2223
2224
2227
2228
2229
2230
2233
2234
2235
2236
10127
10129
10130
10132
10133
10135
10136
10137
10139
10140
10142
10143
10145
10146
10148
10149
10206
10207
10209
10210
10212
10213
10214
10215
10217
10218
10220
10221
10223
10224
10224
10224
2155
2158
2159
2160
2161
2164
2165
2166
2167
2170
2171
2172
2207
2210
2211
2212
10087
10090
10091
10092
10094
10096
10097
10098
10100
10102
10103
10104
10121
10123
10124
10126
10206
10207
10208
10209
10210
10213
10214
10215
10216
10217
10219
10220
10221
10222
10223
10223
2131
2132
2135
2136
2137
2138
2141
2142
2143
2144
2147
2148
2149
2150
2153
2154
10047
10048
10050
10051
10053
10054
10056
10057
10059
10076
10078
10079
10081
10082
10084
10085
10206
10207
10208
10209
10211
10212
10213
10214
10215
10216
10219
10220
10221
10221
10221
10221
2083
2086
2087
2088
2089
2092
2093
2094
2095
2120
2123
2124
2125
2126
2129
2130
10011
10013
10014
10015
10017
10019
10020
10021
10023
10036
10038
10039
10041
10042
10044
10045
10206
10207
10208
10209
10211
10212
10213
10214
10215
10216
10217
10218
10219
10219
10219
10219
2059
2062
2063
2064
2065
2068
2069
2070
2071
2074
2075
2076
2077
2080
2081
2082
9981
9983
9984
9986
9987
9989
9990
9992
9999
10001
10002
10003
10005
10007
10008
10009
10206
10207
10208
10209
10211
10212
10213
10214
10215
10216
10217
10217
10217
10217
10217
10217
1794
1796
1797
2028
2031
2032
2033
2034
2037
2038
2039
2040
2053
2056
2057
2058
9956
9958
9959
9960
9962
9964
9965
9966
9968
9975
9977
9978
9980
10166
10167
10168
10198
10199
10200
10205
10206
10207
10208
10209
10210
10211
10212
10213
10213
10213
10213
10213
1769
1771
1773
1774
1775
1777
1779
1780
1782
1784
1785
1786
1788
1790
1791
1792
10142
10144
10145
10146
10148
10150
10151
10152
10154
10155
10156
10158
10160
10161
10162
10164
10186
10187
10188
10190
10192
10193
10194
10195
10197
10198
10199
10201
10204
10205
10205
10205
1728
1729
1748
1750
1751
1752
1754
1756
1757
1758
1760
1762
1763
1765
1767
1768
10119
10120
10122
10123
10124
10126
10128
10129
10130
10132
10134
10135
10136
10138
10139
10140
10186
10187
10188
10189
10190
10192
10194
10195
10197
10198
10200
10201
10202
10203
10204
10204
1687
1688
1689
1691
1693
1694
1695
1715
1716
1717
1718
1721
1722
1723
1724
1727
10078
10079
10081
10083
10084
10085
10087
10106
10107
10108
10110
10112
10113
10114
10116
10118
10187
10188
10189
10190
10191
10192
10193
10194
10195
10196
10197
10199
10201
10202
10202
10202
1663
1664
1665
1667
1669
1670
1671
1673
1675
1676
1677
1679
1681
1682
1683
1685
10038
10039
10041
10043
10044
10045
10047
10049
10050
10051
10053
10055
10056
10057
10059
10077
10186
10187
10188
10189
10191
10192
10193
10194
10195
10196
10199
10200
10201
10201
10201
10201
1615
1616
1618
1620
1621
1622
1623
1638
1639
1640
1641
1644
1645
1646
1647
1661
10002
10003
10006
10007
10008
10009
10011
10025
10026
10027
10029
10031
10032
10033
10035
10037
10186
10187
10188
10189
10191
10192
10193
10194
10195
10196
10197
10198
10199
10199
10199
10199
1585
1586
1594
1596
1597
1598
1600
1602
1603
1604
1606
1608
1609
1610
1612
1614
9972
9974
9976
9977
9978
9980
9982
9983
9984
9986
9988
9989
9990
9992
10000
10001
10186
10187
10188
10189
10191
10192
10193
10194
10195
10196
10196
10196
10196
10196
10196
10196
1555
1556
1558
1560
1561
1562
1564
1566
1567
1569
1571
1572
1573
1574
1583
1584
9957
9958
9959
9960
9962
9970
9971
10146
10153
10154
10155
10156
10159
10160
10161
10162
10169
10170
10171
10172
10175
10176
10177
10178
10179
10184
10185
10186
10187
10188
10189
10190
10191
10192
10192
10192
10192
10192
10192
10192
10192
10192
10192
10192
10192
10192
10192
10192
1519
1532
1534
1536
1537
1538
1540
1542
1543
1544
1546
1548
1549
1550
1552
1554
10114
10121
10122
10123
10124
10127
10128
10129
10130
10137
10138
10139
10140
10143
10144
10145
10169
10170
10171
10172
10173
10175
10176
10177
10178
10179
10182
10183
10184
10184
10184
10184
1483
1485
1487
1488
1489
1491
1493
1494
1495
1508
1511
1512
1513
1514
1517
1518
10003
10089
10090
10091
10092
10095
10096
10097
10098
10105
10106
10107
10108
10111
10112
10113
10169
10170
10171
10172
10173
10175
10176
10177
10178
10179
10180
10181
10182
10182
10182
10182
1461
1462
1463
1465
1467
1468
1469
1470
1472
1474
1475
1476
1477
1479
1481
1482
9978
9980
9981
9982
9983
9984
9986
9987
9988
9989
9990
9992
9999
10000
10001
10002
10169
10170
10171
10172
10173
10174
10177
10178
10179
10180
10180
10180
10180
10180
10180
10180
1424
1426
1427
1429
1431
1432
1433
1434
1442
1445
1446
1447
1448
1456
1458
1460
9963
9964
9965
9966
9968
9969
9970
9971
9972
9974
9975
9976
9977
10055
10056
10058
10160
10161
10163
10168
10169
10170
10171
10172
10173
10174
10175
10176
10177
10177
10177
10177
1389
1390
1391
1404
1406
1408
1409
1410
1412
1414
1415
1416
1418
1420
1421
1422
10031
10032
10034
10036
10037
10038
10040
10042
10043
10044
10046
10048
10049
10050
10052
10054
10153
10154
10155
10156
10157
10159
10160
10161
10162
10163
10166
10167
10168
10168
10168
10168
1353
1354
1355
1357
1359
1360
1361
1363
1365
1366
1367
1380
1383
1384
1385
1386
10007
10008
10010
10012
10013
10014
10016
10018
10019
10020
10022
10024
10025
10026
10028
10030
10153
10154
10155
10156
10157
10159
10160
10161
10162
10163
10164
10165
10166
10166
10166
10166
1323
1324
1331
1333
1335
1336
1337
1339
1341
1342
1343
1345
1347
1348
1349
1351
9971
9973
9975
9976
9977
9979
9981
9982
9983
9985
9993
9994
9995
9996
10005
10006
10153
10154
10155
10156
10157
10159
10160
10161
10162
10163
10164
10164
10164
10164
10164
10164
1293
1294
1296
1298
1299
1300
1302
1304
1305
1306
1308
1310
1311
1312
1319
1322
9956
9957
9958
9959
9961
9963
9964
9965
9967
9969
9970
10080
10082
10083
10084
10086
10141
10143
10144
10145
10147
10152
10153
10154
10155
10156
10157
10158
10159
10160
10160
10160
1257
1258
1261
1262
1263
1276
1278
1280
1281
1282
1284
1286
1287
1288
1290
1292
10028
10030
10031
10033
10034
10036
10037
10039
10040
10042
10043
10045
10046
10076
10077
10078
10137
10138
10139
10140
10141
10143
10144
10145
10146
10147
10150
10151
10152
10152
10152
10152
1221
1223
1225
1226
1227
1229
1231
1232
1233
1235
1237
1238
1239
1252
1255
1256
10005
10006
10007
10009
10010
10012
10013
10015
10016
10018
10019
10021
10022
10024
10025
10027
10137
10138
10139
10140
10141
10143
10144
10145
10146
10147
10148
10149
10150
10150
10150
10150
1191
1194
1195
1196
1203
1205
1207
1208
1209
1211
1213
1214
1215
1217
1219
1220
9969
9970
9972
9973
9975
9976
9978
9979
9987
9988
9989
9991
9993
9994
9995
9997
10137
10138
10139
10140
10141
10144
10145
10146
10147
10147
10147
10147
10147
10147
10147
10147
1162
1164
1165
1166
1168
1170
1171
1172
1174
1176
1177
1178
1180
1182
1183
1184
9956
9957
9958
9960
9961
9963
9964
9966
9967
10077
10079
10080
10082
10083
10085
10086
10122
10123
10125
10127
10128
10129
10131
10136
10137
10138
10139
10140
10141
10142
10143
10143
1127
1128
1129
1130
1133
1134
1135
1148
1150
1152
1153
1154
1156
1158
1159
1160
10026
10027
10028
10030
10032
10033
10034
10048
10049
10051
10052
10054
10055
10057
10058
10076
10121
10122
10123
10124
10125
10127
10128
10129
10130
10131
10134
10135
10136
10136
10136
10136
1091
1092
1093
1095
1097
1098
1099
1101
1103
1104
1105
1107
1109
1110
1111
1124
9996
9997
10005
10006
10008
10009
10010
10012
10014
10015
10016
10018
10020
10021
10022
10024
10121
10122
10123
10124
10125
10127
10128
10129
10130
10131
10132
10133
10134
10134
10134
10134
1055
1056
1063
1066
1067
1068
1075
1077
1079
1080
1081
1083
1085
1086
1087
1089
9966
9967
9969
9971
9972
9973
9981
9982
9984
9985
9987
9988
9990
9991
9993
9994
10121
10122
10123
10124
10125
10127
10128
10129
10130
10131
10131
10131
10131
10131
10131
10131
903
904
907
908
909
910
913
914
915
1044
1046
1048
1049
1050
1052
1054
9956
9957
9959
9960
9961
9963
9965
10058
10076
10078
10079
10080
10082
10084
10085
10086
10105
10106
10107
10109
10111
10112
10113
10115
10119
10120
10121
10122
10123
10124
10125
10126
10127
10127
10127
10127
10127
10127
10127
10127
10127
10127
10127
10127
10127
10127
10127
10127
855
880
883
884
885
886
889
890
891
892
895
896
897
898
901
902
10022
10036
10038
10039
10040
10042
10044
10045
10046
10048
10050
10051
10052
10054
10056
10057
10105
10106
10107
10108
10109
10111
10112
10113
10114
10115
10117
10118
10119
10119
10119
10119
831
834
835
836
837
840
841
842
843
846
847
848
849
852
853
854
9993
9995
9996
9997
10005
10007
10008
10009
10010
10013
10014
10015
10016
10019
10020
10021
10105
10106
10107
10108
10109
10111
10112
10113
10114
10115
10116
10117
10117
10117
10117
10117
797
798
799
800
813
816
817
818
819
822
823
824
825
828
829
830
9964
9965
9966
9967
9975
9977
9978
9979
9981
9983
9984
9985
9987
9989
9990
9991
10105
10106
10107
10108
10109
10111
10112
10113
10114
10114
10114
10114
10114
10114
10114
10114
645
646
647
649
651
652
653
655
657
658
659
788
791
792
793
794
9956
9958
9959
9960
9961
10056
10057
10058
10077
10078
10079
10080
10083
10084
10085
10086
10089
10090
10091
10093
10095
10096
10097
10098
10099
10103
10104
10105
10106
10107
10108
10109
10110
10110
10110
10110
10110
10110
10110
10110
10110
10110
10110
10110
10110
10110
10110
10110
609
610
611
625
627
628
629
631
633
634
635
637
639
640
641
643
10032
10033
10034
10037
10038
10039
10040
10043
10044
10045
10046
10049
10050
10051
10052
10055
10089
10090
10091
10092
10093
10095
10097
10098
10099
10101
10102
10103
10103
10103
10103
10103
573
574
576
578
579
580
582
584
585
586
587
602
603
604
605
608
9990
9991
9994
9995
9996
9997
10006
10007
10008
10009
10010
10025
10026
10027
10028
10031
10089
10090
10091
10092
10093
10095
10096
10097
10098
10099
10100
10101
10101
10101
10101
10101
537
538
547
548
549
550
558
560
561
562
564
566
567
568
570
572
9960
9961
9970
9971
9972
9973
9976
9977
9978
9979
9982
9983
9984
9985
9988
9989
10089
10090
10091
10092
10093
10094
10095
10096
10097
10098
10098
10098
10098
10098
10098
10098
513
515
517
518
519
520
522
524
525
526
528
530
531
533
535
536
9957
9958
9959
9999
10000
10001
10002
10004
10060
10061
10062
10063
10066
10067
10068
10069
10076
10077
10078
10079
10080
10082
10083
10084
10085
10087
10088
10089
10090
10091
10094
10094
484
492
494
496
497
498
499
501
503
504
505
506
508
510
511
512
9974
9975
9976
9977
9979
9980
9981
9982
9983
9985
9986
9993
9994
9995
9996
9998
10076
10077
10078
10079
10080
10081
10083
10084
10085
10086
10086
10086
10086
10086
10086
10086
454
456
457
458
460
462
463
465
467
468
469
470
478
481
482
483
9963
9964
9965
9967
9968
9969
9970
9971
9973
10049
10050
10051
10054
10055
10056
10057
10061
10062
10064
10066
10067
10068
10070
10075
10076
10077
10078
10079
10080
10081
10082
10083
419
420
421
422
425
426
427
440
442
444
445
446
448
450
451
452
10025
10026
10027
10030
10031
10032
10033
10036
10037
10038
10039
10042
10043
10044
10045
10048
10060
10061
10062
10063
10064
10066
10067
10068
10069
10070
10073
10074
10075
10075
10075
10075
383
384
385
387
389
390
391
393
395
396
397
399
401
402
403
416
9989
9990
10005
10006
10007
10008
10009
10012
10013
10014
10015
10018
10019
10020
10021
10024
10060
10061
10062
10063
10064
10066
10067
10068
10069
10070
10071
10072
10073
10073
10073
10073
347
348
355
358
359
360
367
369
371
372
373
375
377
378
379
381
9965
9966
9969
9970
9971
9972
9975
9976
9977
9978
9981
9982
9983
9984
9987
9988
10060
10061
10062
10063
10064
10066
10067
10068
10069
10070
10070
10070
10070
10070
10070
10070
324
326
327
328
329
331
333
334
335
336
338
340
341
342
344
346
9956
9957
9958
9959
9960
9963
9964
9994
9995
9997
9998
9999
10000
10001
10003
10004
10048
10049
10050
10051
10052
10053
10058
10059
10060
10061
10062
10063
10064
10065
10066
10066
294
297
298
299
300
308
310
312
313
314
315
317
319
320
321
322
9969
9970
9972
9973
9974
9975
9976
9978
9979
9980
9987
9988
9989
9991
9992
9993
10048
10049
10050
10051
10052
10053
10055
10056
10057
10058
10058
10058
10058
10058
10058
10058
265
266
268
270
271
272
273
275
277
278
279
281
283
284
285
286
9963
9964
9966
9967
9968
9992
9993
9994
9996
9997
9998
9999
10000
10002
10003
10004
10036
10037
10038
10039
10040
10041
10045
10046
10047
10049
10050
10051
10052
10053
10054
10054
229
230
238
241
242
243
244
252
254
256
257
258
259
261
263
264
9967
9968
9969
9971
9972
9973
9974
9981
9982
9984
9985
9986
9987
9988
9990
9991
10036
10037
10038
10039
10040
10041
10042
10043
10044
10045
10045
10045
10045
10045
10045
10045
151
152
153
154
157
158
159
160
161
164
165
166
167
225
227
228
9963
9965
9966
9990
9991
9992
9993
9995
9996
9997
9998
9999
10001
10002
10003
10004
10024
10025
10026
10027
10028
10029
10033
10034
10035
10037
10038
10039
10042
10042
10042
10042
115
116
117
118
133
136
137
138
139
140
143
144
145
146
147
150
9965
9966
9967
9968
9975
9977
9978
9979
9980
9981
9983
9984
9985
9986
9987
9989
10024
10025
10026
10027
10028
10029
10030
10031
10032
10033
10033
10033
10033
10033
10033
10033
36
38
39
40
41
43
45
46
47
48
50
52
53
54
55
114
9964
9988
9989
9990
9991
9992
9994
9995
9996
9997
9998
10000
10001
10002
10003
10004
10012
10013
10014
10015
10016
10017
10021
10022
10023
10025
10030
10030
10030
10030
10030
10030
9
10
11
12
13
22
24
25
26
27
29
31
32
33
34
8403
9926
9950
9955
9970
9971
9972
9973
9974
9976
9977
9978
9979
9980
9982
9983
9984
9985
9986
10012
10013
10014
10015
10016
10017
10018
10019
10020
10020
10020
10020
10020
10020
8350
8352
8354
8356
8358
8386
8387
8388
8389
8392
8393
8394
8395
8398
8399
8402
9825
9828
9829
9832
9833
9909
9910
9911
9912
9915
9916
9917
9918
9921
9922
9925
9933
9934
9935
9936
9939
9940
9941
9942
9943
9945
9946
9947
9949
9950
9951
9954
9955
9955
9955
9955
9955
9955
9955
9955
9955
9955
9955
9955
9955
9955
9955
9955
8300
8301
8302
8305
8306
8309
8310
8313
8338
8340
8341
8342
8344
8346
8347
8348
9778
9779
9780
9782
9784
9786
9788
9790
9813
9816
9817
9818
9819
9822
9823
9824
9931
9934
9935
9936
9937
9940
9941
9942
9944
9945
9948
9950
9952
9953
9954
9954
8251
8252
8253
8255
8257
8258
8259
8261
8263
8265
8267
8293
8294
8295
8296
8299
9751
9752
9753
9754
9757
9758
9759
9760
9763
9764
9767
9770
9772
9773
9774
9776
9932
9933
9934
9935
9936
9937
9938
9939
9941
9942
9943
9946
9947
9949
9952
9953
8184
8186
8187
8210
8211
8212
8213
8216
8217
8218
8219
8222
8223
8226
8227
8249
9681
9683
9685
9687
9689
9690
9691
9693
9695
9696
9697
9699
9701
9703
9705
9748
9931
9932
9933
9935
9936
9938
9939
9941
9942
9944
9946
9947
9948
9949
9950
9951
9952
9952
9952
9952
9952
9952
9952
9952
9952
9952
9952
9952
9952
9952
9952
9952
8159
8160
8162
8164
8165
8166
8168
8170
8172
8174
8175
8176
8178
8180
8181
8182
9657
9658
9659
9661
9663
9664
9665
9667
9669
9671
9673
9674
9675
9677
9679
9680
9931
9932
9933
9934
9935
9936
9937
9938
9939
9940
9941
9942
9943
9944
9949
9950
8117
8118
8121
8122
8140
8142
8143
8144
8146
8148
8149
8150
8152
8154
8156
8158
9599
9600
9602
9604
9621
9624
9625
9626
9627
9630
9631
9632
9633
9636
9653
9655
9931
9932
9933
9934
9935
9937
9939
9940
9942
9943
9944
9946
9947
9948
9949
9949
8077
8079
8081
8082
8083
8085
8087
8088
8089
8090
8109
8110
8111
8112
8115
8116
9574
9576
9578
9580
9581
9582
9584
9586
9587
9588
9590
9592
9593
9594
9596
9598
9931
9932
9933
9934
9935
9936
9937
9938
9939
9940
9941
9944
9945
9946
9947
9947
8053
8054
8055
8057
8059
8060
8061
8063
8065
8066
8067
8069
8071
8072
8073
8075
9539
9540
9541
9542
9545
9546
9547
9560
9562
9564
9565
9566
9568
9570
9571
9572
9931
9932
9933
9934
9935
9936
9937
9938
9939
9940
9941
9942
9943
9944
9945
9945
8005
8006
8008
8010
8011
8012
8013
8028
8029
8030
8031
8034
8035
8036
8037
8051
9503
9504
9505
9507
9509
9510
9511
9513
9515
9516
9517
9519
9521
9522
9523
9536
9931
9932
9933
9934
9936
9937
9938
9939
9940
9941
9942
9943
9944
9944
9944
9944
7975
7976
7984
7986
7987
7988
7990
7992
7993
7994
7996
7998
7999
8000
8002
8004
9467
9468
9475
9478
9479
9480
9487
9489
9491
9492
9493
9495
9497
9498
9499
9501
9931
9932
9933
9934
9936
9937
9938
9939
9940
9941
9941
9941
9941
9941
9941
9941
7445
7446
7447
7448
7451
7452
7455
7456
7459
7959
7961
7962
7963
7964
7973
7974
9456
9458
9460
9461
9462
9464
9466
9842
9844
9845
9846
9848
9850
9852
9854
9856
9913
9915
9917
9918
9919
9922
9923
9925
9929
9930
9931
9932
9933
9934
9935
9936
9937
9937
9937
9937
9937
9937
9937
9937
9937
9937
9937
9937
9937
9937
9937
9937
7417
7418
7419
7420
7423
7424
7425
7426
7429
7430
7433
7434
7439
7440
7441
7442
9793
9794
9795
9796
9799
9800
9801
9802
9805
9806
9809
9810
9836
9838
9839
9840
9907
9908
9909
9910
9911
9912
9914
9916
9917
9918
9920
9921
9924
9926
9929
9930
7343
7346
7347
7350
7351
7352
7353
7356
7357
7358
7359
7362
7363
7366
7367
7370
9721
9724
9725
9727
9729
9730
9731
9733
9735
9736
9737
9739
9741
9743
9745
9747
9907
9910
9911
9912
9913
9916
9917
9918
9919
9921
9922
9923
9924
9925
9926
9927
9928
9928
9928
9928
9928
9928
9928
9928
9928
9928
9928
9928
9928
9928
9928
9928
7279
7280
7281
7282
7285
7286
7287
7330
7331
7332
7333
7336
7337
7338
7339
7342
9676
9678
9679
9680
9682
9684
9685
9708
9709
9710
9711
9714
9715
9716
9717
9720
9908
9909
9911
9912
9913
9914
9915
9917
9918
9920
9923
9924
9925
9926
9927
9927
7253
7254
7257
7258
7259
7260
7263
7264
7265
7266
7269
7270
7273
7274
7275
7276
9650
9652
9654
9656
9657
9658
9660
9662
9663
9664
9666
9668
9670
9672
9673
9674
9907
9908
9909
9910
9911
9912
9913
9914
9916
9918
9919
9920
9922
9924
9925
9926
7227
7228
7231
7232
7233
7234
7237
7238
7241
7242
7243
7244
7247
7248
7249
7250
9609
9610
9613
9614
9615
9616
9619
9620
9638
9640
9641
9642
9644
9646
9647
9648
9907
9909
9910
9911
9913
9914
9915
9916
9918
9920
9922
9923
9924
9924
9924
9924
7171
7172
7173
7176
7177
7180
7181
7182
7183
7186
7187
7188
7189
7190
7225
7226
9569
9570
9571
9573
9575
9577
9579
9580
9581
9583
9585
9586
9587
9588
9607
9608
9907
9908
9909
9910
9912
9913
9914
9915
9916
9917
9918
9919
9920
9921
9922
9923
7147
7148
7149
7152
7153
7154
7155
7158
7159
7160
7161
7164
7165
7166
7167
7170
9533
9534
9535
9549
9551
9552
9553
9555
9557
9558
9559
9561
9563
9564
9565
9567
9907
9908
9909
9910
9911
9912
9913
9915
9916
9917
9919
9920
9921
9921
9921
9921
7099
7100
7103
7104
7105
7106
7109
7110
7111
7112
7113
7140
7141
7142
7143
7146
9497
9498
9500
9502
9503
9504
9506
9508
9509
9510
9511
9526
9527
9528
9529
9532
9907
9908
9909
9910
9912
9913
9914
9915
9916
9917
9918
9919
9919
9919
9919
9919
7063
7064
7079
7080
7081
7082
7085
7086
7087
7088
7091
7092
7093
7094
7097
7098
9461
9462
9471
9472
9473
9474
9482
9484
9485
9486
9488
9490
9491
9492
9494
9496
9907
9908
9909
9910
9911
9912
9913
9914
9915
9916
9916
9916
9916
9916
9916
9916
6132
6160
6161
6162
6163
6166
6167
6168
6169
6172
6173
6176
6177
7060
7061
7062
9457
9459
9460
9855
9860
9861
9862
9863
9866
9867
9868
9869
9872
9873
9876
9877
9884
9885
9886
9887
9890
9891
9892
9893
9896
9897
9900
9901
9904
9905
9906
9907
9908
9909
9911
9911
9911
9911
9911
9911
9911
9911
9911
9911
9911
9911
9911
9911
6081
6082
6085
6086
6112
6114
6115
6116
6118
6120
6121
6122
6124
6126
6128
6130
9783
9784
9787
9788
9835
9838
9839
9840
9841
9844
9845
9846
9847
9850
9851
9854
9882
9884
9886
9887
9888
9890
9892
9893
9894
9895
9896
9897
9898
9899
9900
9901
9904
9905
9905
9905
9905
9905
9905
9905
9905
9905
9905
9905
9905
9905
9905
9905
6031
6032
6033
6035
6037
6039
6041
6043
6069
6070
6071
6072
6075
6076
6077
6078
9735
9736
9737
9738
9741
9742
9745
9746
9771
9772
9773
9774
9777
9778
9779
9780
9883
9885
9886
9887
9889
9891
9892
9893
9894
9896
9898
9901
9902
9903
9904
9904
5985
5986
5987
5990
5991
5992
5993
5996
5997
6000
6001
6023
6025
6026
6027
6029
9689
9690
9691
9694
9695
9696
9697
9700
9701
9704
9705
9726
9729
9730
9731
9732
9882
9884
9885
9886
9887
9888
9889
9890
9892
9893
9895
9897
9899
9900
9902
9903
5939
5940
5942
5944
5946
5948
5949
5950
5952
5954
5955
5956
5958
5960
5961
5984
9663
9664
9665
9668
9669
9672
9673
9674
9675
9678
9679
9680
9681
9684
9685
9688
9882
9883
9884
9887
9888
9889
9890
9891
9892
9893
9894
9895
9898
9899
9900
9901
9902
9902
9902
9902
9902
9902
9902
9902
9902
9902
9902
9902
9902
9902
9902
9902
5914
5916
5917
5918
5920
5922
5923
5924
5926
5928
5930
5932
5933
5934
5936
5938
9637
9640
9641
9642
9643
9646
9647
9648
9649
9652
9653
9656
9657
9658
9659
9662
9882
9883
9884
9885
9886
9888
9889
9890
9891
9893
9894
9897
9899
9900
9900
9900
5857
5859
5861
5862
5863
5864
5883
5884
5885
5886
5889
5890
5891
5892
5895
5896
9581
9582
9585
9586
9587
9588
9591
9592
9593
9594
9597
9598
9599
9600
9603
9604
9883
9884
9885
9886
9887
9888
9889
9890
9891
9892
9893
9895
9896
9897
9898
9898
5833
5834
5835
5837
5839
5840
5841
5843
5845
5846
5847
5849
5851
5853
5855
5856
9557
9558
9559
9560
9563
9564
9565
9566
9569
9570
9571
9572
9575
9576
9579
9580
9882
9883
9884
9885
9886
9888
9889
9890
9891
9892
9893
9894
9895
9896
9897
9897
5785
5786
5787
5802
5803
5804
5805
5808
5809
5810
5811
5825
5827
5828
5829
5831
9509
9510
9511
9514
9515
9516
9517
9520
9521
9522
9523
9548
9551
9552
9553
9554
9882
9883
9884
9885
9887
9888
9889
9890
9891
9892
9893
9894
9895
9895
9895
9895
5761
5762
5764
5766
5767
5768
5770
5772
5773
5774
5776
5778
5779
5780
5782
5784
9485
9486
9487
9490
9491
9492
9493
9496
9497
9498
9499
9502
9503
9504
9505
9508
9882
9883
9884
9885
9887
9888
9889
9890
9891
9892
9893
9893
9893
9893
9893
9893
5723
5724
5727
5728
5731
5733
5735
5736
5737
5738
5747
5748
5749
5750
5758
5760
9456
9459
9460
9461
9462
9465
9466
9467
9468
9481
9484
9826
9828
9830
9832
9834
9870
9872
9874
9877
9878
9881
9882
9883
9884
9885
9886
9887
9888
9889
9889
9889
5695
5696
5697
5700
5701
5704
5705
5708
5711
5712
5713
5714
5717
5718
5719
5720
9800
9801
9802
9804
9806
9808
9810
9812
9814
9816
9817
9818
9820
9822
9823
9824
9858
9861
9862
9863
9864
9867
9868
9869
9871
9872
9875
9877
9879
9880
9881
9881
5623
5624
5625
5628
5629
5630
5631
5634
5635
5638
5639
5688
5689
5690
5691
5694
9751
9752
9753
9755
9757
9758
9759
9761
9763
9765
9767
9792
9794
9795
9796
9798
9859
9860
9861
9862
9863
9864
9865
9866
9868
9869
9870
9873
9874
9876
9879
9880
5557
5558
5559
5602
5603
5604
5605
5608
5609
5610
5611
5614
5615
5618
5619
5622
9682
9683
9685
9707
9709
9710
9711
9713
9715
9716
9717
9719
9721
9723
9725
9749
9858
9859
9860
9862
9863
9865
9866
9868
9869
9871
9873
9874
9875
9876
9877
9878
9879
9879
9879
9879
9879
9879
9879
9879
9879
9879
9879
9879
9879
9879
9879
9879
5531
5532
5535
5536
5537
5538
5541
5542
5545
5546
5547
5548
5551
5552
5553
5554
9657
9658
9660
9661
9663
9664
9666
9667
9670
9671
9673
9674
9676
9677
9679
9680
9858
9859
9860
9861
9862
9863
9864
9865
9866
9867
9868
9869
9870
9871
9876
9877
5505
5506
5509
5510
5513
5514
5515
5516
5519
5520
5521
5522
5525
5526
5529
5530
9615
9616
9618
9620
9622
9624
9625
9626
9628
9630
9631
9632
9634
9636
9654
9655
9858
9859
9860
9861
9862
9864
9866
9867
9869
9870
9871
9873
9874
9875
9876
9876
5449
5452
5453
5454
5455
5458
5459
5460
5461
5462
5497
5498
5499
5500
5503
5504
9574
9577
9578
9580
9581
9583
9584
9586
9587
9588
9606
9608
9609
9610
9612
9614
9858
9859
9860
9861
9862
9863
9864
9865
9866
9867
9868
9871
9872
9873
9874
9874
5425
5426
5427
5430
5431
5432
5433
5436
5437
5438
5439
5442
5443
5444
5445
5448
9539
9540
9541
9543
9545
9546
9547
9561
9562
9564
9565
9567
9568
9570
9571
9573
9858
9859
9860
9861
9862
9863
9864
9865
9866
9867
9868
9869
9870
9871
9872
9872
5377
5378
5381
5382
5383
5384
5385
5412
5413
5414
5415
5418
5419
5420
5421
5424
9503
9504
9506
9507
9509
9510
9511
9525
9527
9528
9529
9531
9533
9534
9535
9537
9858
9859
9860
9861
9863
9864
9865
9866
9867
9868
9869
9870
9871
9871
9871
9871
5353
5354
5357
5358
5359
5360
5363
5364
5365
5366
5369
5370
5371
5372
5375
5376
9473
9474
9476
9478
9479
9480
9488
9489
9491
9492
9494
9495
9497
9498
9500
9501
9858
9859
9860
9861
9863
9864
9865
9866
9867
9868
9868
9868
9868
9868
9868
9868
4913
4915
4917
4918
4919
4921
4923
4925
4927
5332
5333
5334
5335
5336
5351
5352
9457
9458
9460
9461
9462
9470
9472
9818
9819
9820
9823
9824
9825
9826
9829
9830
9840
9841
9842
9845
9846
9847
9848
9851
9852
9857
9858
9859
9860
9861
9862
9863
9864
9864
9864
9864
9864
9864
9864
9864
9864
9864
9864
9864
9864
9864
9864
9864
4867
4889
4891
4892
4893
4895
4897
4898
4899
4901
4903
4905
4907
4909
4911
4912
9786
9791
9792
9795
9796
9797
9798
9801
9802
9803
9804
9807
9808
9813
9814
9817
9835
9836
9837
9839
9840
9841
9843
9845
9846
9847
9849
9851
9853
9855
9856
9857
4821
4822
4824
4826
4827
4850
4851
4852
4853
4856
4857
4858
4859
4862
4863
4866
9661
9664
9665
9666
9667
9769
9770
9773
9774
9775
9776
9779
9780
9781
9782
9785
9836
9837
9839
9840
9842
9843
9845
9846
9847
9848
9849
9852
9854
9855
9855
9855
4797
4798
4799
4801
4803
4804
4805
4807
4809
4810
4812
4814
4815
4816
4818
4820
9622
9624
9626
9627
9628
9630
9632
9633
9634
9636
9653
9654
9655
9658
9659
9660
9835
9836
9837
9838
9839
9841
9842
9844
9846
9847
9848
9850
9853
9854
9854
9854
4754
4757
4758
4759
4778
4780
4781
4782
4784
4786
4787
4788
4790
4792
4793
4795
9600
9601
9602
9604
9605
9606
9608
9610
9611
9612
9614
9616
9617
9618
9620
9621
9835
9837
9838
9839
9841
9843
9844
9846
9847
9848
9849
9850
9851
9852
9853
9853
4713
4715
4717
4718
4719
4721
4723
4724
4725
4745
4746
4747
4748
4751
4752
4753
9547
9576
9577
9578
9581
9582
9583
9584
9587
9589
9590
9592
9594
9595
9596
9598
9835
9836
9837
9838
9839
9840
9841
9842
9843
9844
9845
9849
9850
9851
9851
9851
4677
4691
4693
4694
4695
4697
4699
4700
4701
4703
4705
4706
4707
4709
4711
4712
9523
9524
9525
9527
9529
9530
9531
9533
9535
9536
9537
9539
9541
9542
9543
9545
9835
9836
9837
9838
9840
9841
9842
9843
9844
9845
9847
9848
9849
9849
9849
9849
4642
4644
4645
4646
4648
4650
4651
4652
4653
4668
4669
4670
4671
4674
4675
4676
9499
9500
9501
9503
9505
9506
9507
9509
9511
9512
9513
9515
9517
9518
9519
9521
9835
9836
9837
9838
9840
9841
9842
9843
9844
9845
9846
9847
9847
9847
9847
9847
4613
4614
4615
4616
4624
4626
4627
4628
4630
4632
4633
4634
4636
4638
4639
4640
9463
9464
9466
9468
9469
9470
9472
9474
9475
9476
9478
9480
9487
9488
9489
9492
9835
9836
9837
9838
9840
9841
9842
9843
9844
9844
9844
9844
9844
9844
9844
9844
4581
4582
4583
4585
4587
4588
4589
4591
4593
4595
4597
4599
4601
4602
4603
4604
9456
9457
9458
9460
9462
9708
9710
9711
9712
9714
9716
9717
9718
9720
9722
9724
9815
9817
9818
9819
9821
9823
9824
9825
9827
9829
9831
9834
9835
9836
9837
9838
9839
9840
9840
9840
9840
9840
9840
9840
9840
9840
9840
9840
9840
9840
9840
9840
4514
4516
4517
4540
4541
4542
4543
4546
4547
4548
4549
4552
4553
4556
4557
4579
9681
9682
9684
9686
9688
9690
9691
9692
9694
9696
9697
9698
9700
9702
9704
9706
9813
9814
9815
9817
9818
9820
9821
9823
9824
9826
9827
9829
9830
9831
9832
9833
9834
9834
9834
9834
9834
9834
9834
9834
9834
9834
9834
9834
9834
9834
9834
9834
4489
4490
4492
4494
4495
4496
4498
4500
4502
4504
4505
4506
4508
4510
4511
4512
9641
9642
9643
9644
9647
9648
9649
9650
9669
9670
9672
9674
9675
9676
9678
9680
9813
9814
9815
9816
9817
9818
9819
9820
9821
9822
9823
9824
9825
9826
9831
9832
4447
4448
4451
4452
4470
4472
4473
4474
4476
4478
4479
4480
4482
4484
4486
4488
9599
9600
9601
9603
9605
9607
9609
9610
9611
9613
9615
9616
9617
9619
9637
9638
9813
9814
9815
9816
9817
9819
9821
9822
9824
9825
9826
9827
9829
9830
9831
9831
4407
4408
4409
4411
4413
4414
4415
4417
4419
4420
4439
4440
4441
4442
4445
4446
9561
9563
9565
9566
9567
9569
9571
9572
9573
9575
9589
9591
9593
9594
9595
9597
9814
9815
9816
9817
9819
9820
9821
9824
9825
9826
9827
9828
9829
9829
9829
9829
4383
4384
4385
4387
4389
4390
4391
4393
4395
4396
4397
4399
4401
4402
4403
4405
9526
9528
9529
9530
9532
9534
9535
9548
9549
9552
9553
9554
9555
9558
9559
9560
9813
9814
9815
9816
9818
9819
9820
9821
9822
9823
9826
9827
9828
9828
9828
9828
4335
4336
4338
4340
4341
4342
4343
4358
4359
4360
4361
4364
4365
4366
4367
4381
9502
9504
9505
9506
9508
9510
9511
9512
9514
9516
9517
9518
9520
9522
9523
9524
9813
9814
9815
9816
9818
9819
9820
9821
9822
9823
9824
9825
9826
9826
9826
9826
4305
4306
4314
4316
4317
4318
4320
4322
4323
4324
4326
4328
4329
4330
4332
4334
9467
9468
9469
9471
9473
9474
9481
9482
9485
9486
9493
9494
9496
9498
9499
9500
9813
9814
9815
9816
9818
9819
9820
9821
9822
9823
9823
9823
9823
9823
9823
9823
4273
4275
4277
4278
4279
4281
4283
4285
4287
4289
4291
4292
4293
4294
4303
4304
9456
9457
9459
9461
9462
9463
9465
9753
9754
9756
9758
9759
9760
9762
9764
9766
9796
9797
9799
9801
9802
9803
9805
9807
9809
9812
9813
9814
9815
9816
9817
9818
9819
9819
9819
9819
9819
9819
9819
9819
9819
9819
9819
9819
9819
9819
9819
9819
4207
4230
4231
4232
4233
4236
4237
4238
4239
4242
4243
4246
4247
4269
4271
4272
9684
9687
9688
9690
9691
9693
9694
9696
9697
9699
9700
9703
9704
9748
9750
9752
9791
9792
9793
9795
9796
9798
9799
9801
9802
9804
9805
9808
9809
9810
9811
9812
4182
4184
4185
4186
4188
4190
4192
4194
4195
4196
4198
4200
4201
4202
4204
4206
9643
9645
9647
9648
9649
9651
9669
9671
9672
9674
9675
9677
9678
9680
9681
9683
9791
9792
9793
9796
9797
9798
9799
9800
9801
9802
9803
9804
9807
9808
9809
9810
4141
4142
4160
4162
4163
4164
4166
4168
4169
4170
4172
4174
4176
4178
4179
4180
9602
9603
9621
9623
9625
9626
9627
9629
9631
9632
9633
9635
9637
9639
9641
9642
9791
9792
9793
9794
9795
9797
9799
9800
9802
9803
9804
9805
9807
9808
9809
9809
4099
4101
4103
4104
4105
4107
4109
4110
4129
4130
4131
4132
4135
4136
4137
4138
9565
9566
9568
9569
9571
9572
9574
9575
9590
9591
9593
9594
9596
9597
9599
9600
9792
9793
9794
9795
9797
9798
9799
9800
9802
9803
9804
9805
9806
9807
9807
9807
4075
4077
4079
4080
4081
4083
4085
4086
4087
4089
4091
4092
4093
4095
4097
4098
9541
9542
9544
9546
9547
9548
9550
9552
9553
9554
9556
9558
9559
9560
9562
9563
9791
9792
9793
9794
9796
9797
9798
9799
9800
9801
9804
9805
9806
9806
9806
9806
4028
4030
4031
4032
4033
4048
4049
4050
4051
4054
4055
4056
4057
4071
4073
4074
9505
9507
9508
9510
9511
9513
9514
9516
9517
9519
9520
9522
9523
9536
9538
9540
9791
9792
9793
9794
9796
9797
9798
9799
9800
9801
9802
9803
9804
9804
9804
9804
4004
4006
4007
4008
4010
4012
4013
4014
4016
4018
4019
4020
4022
4024
4025
4026
9475
9477
9479
9480
9481
9483
9485
9486
9493
9495
9496
9498
9499
9501
9502
9504
9791
9792
9793
9794
9796
9798
9799
9800
9801
9801
9801
9801
9801
9801
9801
9801
3657
3658
3659
3662
3663
3666
3667
3979
3981
3982
3983
3984
3993
3994
3995
3996
9456
9458
9459
9461
9462
9464
9465
9467
9468
9756
9758
9759
9761
9762
9765
9766
9777
9779
9780
9781
9783
9785
9787
9790
9791
9792
9793
9794
9795
9796
9797
9797
3631
3632
3633
3636
3637
3638
3639
3642
3643
3646
3647
3650
3651
3652
3653
3656
9708
9710
9711
9713
9714
9716
9717
9719
9720
9723
9724
9749
9750
9752
9753
9755
9769
9771
9773
9774
9775
9776
9777
9779
9780
9782
9783
9786
9787
9789
9790
9790
3565
3566
3569
3570
3573
3574
3575
3576
3579
3580
3581
3582
3585
3586
3587
3630
9647
9648
9650
9651
9670
9671
9672
9674
9676
9677
9678
9680
9682
9683
9684
9707
9769
9770
9771
9774
9775
9776
9777
9778
9779
9780
9781
9782
9785
9786
9787
9788
9789
9789
9789
9789
9789
9789
9789
9789
9789
9789
9789
9789
9789
9789
9789
9789
3541
3542
3543
3544
3547
3548
3549
3550
3553
3554
3557
3558
3559
3560
3563
3564
9622
9623
9625
9626
9628
9629
9631
9632
9634
9635
9638
9639
9641
9642
9644
9645
9769
9770
9771
9772
9773
9775
9776
9777
9778
9780
9781
9783
9786
9787
9787
9787
3483
3484
3485
3488
3489
3490
3525
3526
3527
3528
3531
3532
3533
3534
3537
3538
9568
9569
9571
9573
9574
9575
9606
9607
9609
9610
9612
9613
9615
9616
9618
9619
9770
9771
9772
9773
9776
9777
9778
9780
9781
9782
9783
9784
9785
9785
9785
9785
3459
3460
3461
3464
3465
3466
3467
3470
3471
3472
3473
3476
3477
3478
3479
3482
9544
9546
9547
9549
9550
9552
9553
9555
9556
9558
9559
9561
9562
9563
9565
9567
9769
9770
9771
9772
9773
9774
9775
9776
9777
9778
9779
9782
9783
9784
9784
9784
3411
3412
3413
3440
3441
3442
3443
3446
3447
3448
3449
3452
3453
3454
3455
3458
9508
9510
9511
9525
9526
9528
9529
9531
9532
9534
9535
9537
9538
9540
9541
9543
9769
9770
9771
9772
9774
9775
9776
9777
9778
9779
9780
9781
9782
9782
9782
9782
3387
3388
3391
3392
3393
3394
3397
3398
3399
3400
3403
3404
3405
3406
3409
3410
9479
9480
9482
9483
9485
9486
9494
9495
9496
9498
9500
9501
9502
9504
9506
9507
9769
9770
9771
9772
9774
9775
9776
9777
9778
9779
9780
9780
9780
9780
9780
9780
3039
3041
3043
3045
3047
3360
3361
3362
3363
3364
3379
3380
3381
3382
3385
3386
9457
9458
9459
9461
9462
9470
9471
9473
9474
9476
9477
9737
9738
9739
9742
9743
9759
9760
9761
9764
9765
9768
9769
9770
9771
9772
9773
9774
9775
9776
9776
9776
3015
3016
3018
3020
3021
3022
3024
3026
3027
3029
3031
3032
3033
3035
3037
3038
9656
9658
9659
9660
9662
9664
9665
9666
9668
9726
9727
9730
9731
9732
9733
9736
9748
9749
9750
9752
9753
9754
9755
9756
9758
9759
9760
9761
9762
9767
9768
9768
2990
2992
2993
2995
2997
2998
2999
3001
3003
3004
3005
3007
3009
3010
3012
3014
9617
9619
9620
9637
9638
9640
9642
9643
9644
9646
9648
9649
9650
9652
9653
9654
9748
9749
9751
9752
9754
9755
9757
9759
9760
9761
9762
9763
9765
9766
9767
9767
2948
2951
2952
2953
2954
2957
2958
2959
2978
2980
2981
2982
2984
2986
2987
2988
9594
9595
9597
9598
9600
9601
9603
9604
9605
9607
9608
9610
9611
9613
9614
9616
9748
9750
9751
9752
9754
9755
9756
9757
9759
9761
9762
9763
9764
9765
9765
9765
2907
2909
2911
2912
2913
2915
2917
2918
2919
2921
2923
2924
2925
2945
2946
2947
9553
9554
9555
9557
9559
9576
9577
9579
9581
9582
9583
9585
9587
9589
9591
9592
9748
9749
9750
9751
9753
9754
9755
9756
9757
9758
9762
9763
9764
9764
9764
9764
2871
2874
2875
2876
2877
2891
2893
2894
2895
2897
2899
2900
2901
2903
2905
2906
9517
9518
9520
9521
9523
9524
9526
9527
9529
9530
9532
9533
9535
9548
9549
9551
9748
9749
9750
9751
9753
9754
9755
9756
9757
9758
9760
9761
9762
9762
9762
9762
2836
2838
2839
2840
2842
2844
2845
2846
2848
2850
2851
2852
2853
2868
2869
2870
9487
9488
9490
9492
9499
9500
9502
9503
9505
9506
9508
9509
9511
9512
9514
9515
9748
9749
9750
9751
9753
9754
9755
9756
9757
9758
9759
9760
9760
9760
9760
9760
2801
2802
2803
2804
2813
2814
2815
2816
2824
2826
2827
2828
2830
2832
2833
2834
9457
9459
9460
9462
9463
9465
9466
9468
9469
9471
9472
9474
9481
9482
9484
9486
9748
9749
9750
9751
9752
9753
9754
9755
9756
9756
9756
9756
9756
9756
9756
9756
2753
2756
2757
2779
2781
2782
2783
2785
2787
2788
2789
2791
2793
2795
2797
2799
9456
9699
9702
9703
9706
9707
9710
9711
9712
9713
9716
9717
9718
9719
9722
9723
9726
9728
9730
9731
9732
9734
9736
9737
9738
9740
9742
9743
9744
9746
9747
9748
9752
9752
9752
9752
9752
9752
9752
9752
9752
9752
9752
9752
9752
9752
9752
9752
2708
2710
2711
2712
2714
2716
2717
2740
2741
2742
2743
2746
2747
2748
2749
2752
9675
9676
9677
9680
9681
9682
9683
9686
9687
9690
9691
9692
9693
9696
9697
9698
9727
9728
9730
9731
9732
9733
9734
9736
9737
9739
9742
9743
9744
9745
9746
9746
2682
2684
2686
2688
2689
2690
2692
2694
2695
2696
2698
2700
2702
2704
2705
2706
9617
9618
9621
9622
9625
9626
9627
9628
9631
9632
9633
9634
9669
9670
9671
9674
9726
9727
9728
9729
9730
9731
9732
9733
9735
9737
9738
9739
9740
9743
9744
9745
2641
2642
2645
2646
2647
2648
2651
2652
2670
2672
2673
2674
2676
2678
2679
2680
9593
9594
9595
9596
9599
9600
9601
9602
9605
9606
9609
9610
9611
9612
9615
9616
9726
9728
9729
9730
9732
9733
9734
9735
9737
9739
9740
9742
9743
9743
9743
9743
2601
2602
2603
2605
2607
2608
2609
2611
2613
2614
2615
2617
2619
2620
2639
2640
9543
9546
9547
9560
9561
9562
9565
9566
9567
9568
9571
9572
9573
9574
9589
9590
9726
9727
9728
9730
9732
9733
9734
9735
9736
9737
9738
9739
9740
9741
9742
9742
2565
2566
2567
2581
2583
2584
2585
2587
2589
2590
2591
2593
2595
2596
2597
2599
9519
9522
9523
9524
9525
9528
9529
9530
9531
9534
9535
9536
9537
9540
9541
9542
9726
9727
9728
9729
9731
9732
9734
9735
9736
9738
9739
9740
9740
9740
9740
9740
2529
2530
2532
2534
2535
2536
2538
2540
2541
2542
2543
2558
2559
2560
2561
2564
9495
9498
9499
9500
9501
9504
9505
9506
9507
9510
9511
9512
9513
9516
9517
9518
9726
9727
9728
9729
9731
9732
9733
9734
9735
9736
9737
9738
9738
9738
9738
9738
2493
2494
2503
2504
2505
2506
2514
2516
2517
2518
2520
2522
2523
2524
2526
2528
9461
9462
9463
9464
9467
9468
9469
9470
9473
9474
9475
9476
9479
9480
9493
9494
9726
9727
9728
9729
9730
9731
9732
9733
9734
9735
9735
9735
9735
9735
9735
9735
2469
2470
2472
2474
2475
2476
2478
2480
2481
2482
2484
2486
2487
2489
2491
2492
9456
9457
9458
9651
9652
9653
9655
9656
9658
9659
9661
9662
9664
9665
9667
9668
9706
9707
9708
9710
9712
9713
9714
9717
9718
9719
9720
9721
9724
9725
9726
9727
9728
9730
9730
9730
9730
9730
9730
9730
9730
9730
9730
9730
9730
9730
9730
9730
2444
2446
2447
2448
2450
2452
2453
2455
2457
2458
2459
2461
2463
2464
2465
2467
9627
9629
9630
9632
9633
9635
9636
9637
9639
9640
9642
9643
9645
9646
9648
9649
9706
9707
9709
9710
9712
9713
9714
9715
9717
9718
9720
9721
9723
9724
9724
9724
2385
2405
2406
2407
2408
2411
2412
2413
2414
2417
2418
2419
2438
2440
2441
2442
9587
9590
9591
9592
9594
9596
9597
9598
9600
9602
9603
9604
9621
9623
9624
9626
9706
9707
9708
9709
9710
9713
9714
9715
9716
9717
9719
9720
9721
9722
9723
9723
2361
2363
2365
2366
2367
2369
2371
2372
2373
2375
2377
2378
2379
2381
2383
2384
9547
9548
9550
9551
9553
9554
9556
9557
9559
9576
9578
9579
9581
9582
9584
9585
9706
9707
9708
9709
9711
9712
9713
9714
9715
9716
9719
9720
9721
9721
9721
9721
2313
2328
2329
2330
2331
2334
2335
2336
2337
2351
2353
2354
2355
2357
2359
2360
9511
9513
9514
9515
9517
9519
9520
9521
9523
9536
9538
9539
9541
9542
9544
9545
9706
9707
9708
9709
9711
9712
9713
9714
9715
9716
9717
9718
9719
9719
9719
9719
2290
2292
2293
2294
2296
2298
2299
2300
2302
2304
2305
2306
2308
2310
2311
2312
9481
9483
9484
9486
9487
9489
9490
9492
9499
9501
9502
9503
9505
9507
9508
9509
9706
9707
9708
9709
9711
9712
9713
9714
9715
9716
9717
9717
9717
9717
9717
9717
2025
2026
2027
2259
2261
2262
2263
2264
2273
2274
2275
2276
2284
2286
2287
2288
9456
9458
9459
9460
9462
9464
9465
9466
9468
9475
9477
9478
9480
9666
9667
9668
9698
9699
9700
9705
9706
9707
9708
9709
9710
9711
9712
9713
9713
9713
9713
9713
1999
2002
2003
2004
2005
2008
2009
2010
2013
2014
2015
2016
2019
2020
2021
2022
9642
9644
9645
9646
9648
9650
9651
9652
9654
9655
9656
9658
9660
9661
9662
9664
9686
9687
9688
9690
9692
9693
9694
9695
9697
9698
9699
9701
9704
9705
9705
9705
1975
1976
1979
1980
1981
1982
1985
1986
1987
1988
1991
1992
1993
1996
1997
1998
9619
9620
9622
9623
9624
9626
9628
9629
9630
9632
9634
9635
9636
9638
9639
9640
9686
9687
9688
9689
9690
9692
9694
9695
9697
9698
9700
9701
9702
9703
9704
9704
1917
1918
1919
1922
1923
1924
1925
1962
1963
1964
1965
1968
1969
1970
1971
1974
9578
9579
9581
9583
9584
9585
9587
9606
9607
9608
9610
9612
9613
9614
9616
9618
9687
9688
9689
9690
9691
9692
9693
9694
9695
9696
9697
9699
9701
9702
9702
9702
1893
1894
1895
1898
1899
1900
1901
1904
1905
1906
1907
1910
1911
1912
1913
1916
9538
9539
9541
9543
9544
9545
9547
9549
9550
9551
9553
9555
9556
9557
9559
9577
9686
9687
9688
9689
9691
9692
9693
9694
9695
9696
9699
9700
9701
9701
9701
9701
1845
1846
1849
1850
1851
1852
1853
1880
1881
1882
1883
1886
1887
1888
1889
1892
9502
9503
9506
9507
9508
9509
9511
9525
9526
9527
9529
9531
9532
9533
9535
9537
9686
9687
9688
9689
9691
9692
9693
9694
9695
9696
9697
9698
9699
9699
9699
9699
1821
1822
1825
1826
1827
1828
1831
1832
1833
1834
1837
1838
1839
1840
1843
1844
9472
9474
9476
9477
9478
9480
9482
9483
9484
9486
9488
9489
9490
9492
9500
9501
9686
9687
9688
9689
9691
9692
9693
9694
9695
9696
9696
9696
9696
9696
9696
9696
1555
1557
1559
1560
1561
1563
1565
1566
1567
1800
1801
1802
1803
1804
1819
1820
9457
9458
9459
9460
9462
9470
9471
9646
9653
9654
9655
9656
9659
9660
9661
9662
9669
9670
9671
9672
9675
9676
9677
9678
9679
9684
9685
9686
9687
9688
9689
9690
9691
9692
9692
9692
9692
9692
9692
9692
9692
9692
9692
9692
9692
9692
9692
9692
1531
1533
1535
1536
1537
1539
1541
1542
1543
1545
1547
1548
1549
1551
1553
1554
9614
9621
9622
9623
9624
9627
9628
9629
9630
9637
9638
9639
9640
9643
9644
9645
9669
9670
9671
9672
9673
9675
9676
9677
9678
9679
9682
9683
9684
9684
9684
9684
1483
1498
1499
1500
1501
1504
1505
1506
1507
1521
1523
1524
1525
1527
1529
1530
9503
9589
9590
9591
9592
9595
9596
9597
9598
9605
9606
9607
9608
9611
9612
9613
9669
9670
9671
9672
9673
9675
9676
9677
9678
9679
9680
9681
9682
9682
9682
9682
1461
1462
1464
1466
1467
1468
1469
1471
1473
1474
1475
1476
1478
1480
1481
1482
9478
9480
9481
9482
9483
9484
9486
9487
9488
9489
9490
9492
9499
9500
9501
9502
9669
9670
9671
9672
9673
9674
9677
9678
9679
9680
9680
9680
9680
9680
9680
9680
1425
1426
1427
1437
1438
1439
1440
1441
1450
1452
1453
1454
1455
1457
1459
1460
9463
9464
9465
9466
9468
9469
9470
9471
9472
9474
9475
9476
9477
9555
9556
9558
9660
9661
9663
9668
9669
9670
9671
9672
9673
9674
9675
9676
9677
9677
9677
9677
1401
1402
1403
1405
1407
1408
1409
1411
1413
1414
1415
1417
1419
1420
1421
1423
9531
9532
9534
9536
9537
9538
9540
9542
9543
9544
9546
9548
9549
9550
9552
9554
9653
9654
9655
9656
9657
9659
9660
9661
9662
9663
9666
9667
9668
9668
9668
9668
1353
1354
1355
1370
1371
1372
1373
1376
1377
1378
1379
1393
1395
1396
1397
1399
9507
9508
9510
9512
9513
9514
9516
9518
9519
9520
9522
9524
9525
9526
9528
9530
9653
9654
9655
9656
9657
9659
9660
9661
9662
9663
9664
9665
9666
9666
9666
9666
1329
1330
1332
1334
1335
1336
1338
1340
1341
1342
1344
1346
1347
1348
1350
1352
9471
9473
9475
9476
9477
9479
9481
9482
9483
9485
9493
9494
9495
9496
9505
9506
9653
9654
9655
9656
9657
9659
9660
9661
9662
9663
9664
9664
9664
9664
9664
9664
1293
1295
1297
1298
1299
1301
1303
1304
1305
1306
1315
1316
1317
1318
1326
1328
9456
9457
9458
9459
9461
9463
9464
9465
9467
9469
9470
9580
9582
9583
9584
9586
9641
9643
9644
9645
9647
9652
9653
9654
9655
9656
9657
9658
9659
9660
9660
9660
1269
1271
1273
1274
1275
1277
1279
1280
1281
1283
1285
1286
1287
1289
1291
1292
9528
9530
9531
9533
9534
9536
9537
9539
9540
9542
9543
9545
9546
9576
9577
9578
9637
9638
9639
9640
9641
9643
9644
9645
9646
9647
9650
9651
9652
9652
9652
9652
1222
1224
1225
1226
1227
1242
1243
1244
1245
1248
1249
1250
1251
1265
1267
1268
9505
9506
9507
9509
9510
9512
9513
9515
9516
9518
9519
9521
9522
9524
9525
9527
9637
9638
9639
9640
9641
9643
9644
9645
9646
9647
9648
9649
9650
9650
9650
9650
1198
1200
1201
1202
1204
1206
1207
1208
1210
1212
1213
1214
1216
1218
1219
1220
9469
9470
9472
9473
9475
9476
9478
9479
9487
9488
9489
9491
9493
9494
9495
9497
9637
9638
9639
9640
9641
9644
9645
9646
9647
9647
9647
9647
9647
9647
9647
9647
1163
1164
1165
1167
1169
1170
1171
1173
1175
1176
1177
1178
1187
1188
1189
1190
9456
9457
9458
9460
9461
9463
9464
9466
9467
9577
9579
9580
9582
9583
9585
9586
9622
9623
9625
9627
9628
9629
9631
9636
9637
9638
9639
9640
9641
9642
9643
9643
1139
1140
1141
1143
1145
1146
1147
1149
1151
1152
1153
1155
1157
1158
1159
1161
9526
9527
9528
9530
9532
9533
9534
9548
9549
9551
9552
9554
9555
9557
9558
9576
9621
9622
9623
9624
9625
9627
9628
9629
9630
9631
9634
9635
9636
9636
9636
9636
1091
1092
1094
1096
1097
1098
1099
1114
1115
1116
1117
1120
1121
1122
1123
1137
9496
9497
9505
9506
9508
9509
9510
9512
9514
9515
9516
9518
9520
9521
9522
9524
9621
9622
9623
9624
9625
9627
9628
9629
9630
9631
9632
9633
9634
9634
9634
9634
1061
1062
1070
1072
1073
1074
1076
1078
1079
1080
1082
1084
1085
1086
1088
1090
9466
9467
9469
9471
9472
9473
9481
9482
9484
9485
9487
9488
9490
9491
9493
9494
9621
9622
9623
9624
9625
9627
9628
9629
9630
9631
9631
9631
9631
9631
9631
9631
1031
1033
1035
1036
1037
1039
1041
1042
1043
1045
1047
1048
1049
1050
1059
1060
9456
9457
9459
9460
9461
9463
9465
9558
9576
9578
9579
9580
9582
9584
9585
9586
9605
9606
9607
9609
9611
9612
9613
9615
9619
9620
9621
9622
9623
9624
9625
9626
9627
9627
9627
9627
9627
9627
9627
9627
9627
9627
9627
9627
9627
9627
9627
9627
995
1009
1011
1012
1013
1015
1017
1018
1019
1021
1023
1024
1025
1027
1029
1030
9522
9536
9538
9539
9540
9542
9544
9545
9546
9548
9550
9551
9552
9554
9556
9557
9605
9606
9607
9608
9609
9611
9612
9613
9614
9615
9617
9618
9619
9619
9619
9619
960
962
963
964
966
968
969
970
971
986
987
988
989
992
993
994
9493
9495
9496
9497
9505
9507
9508
9509
9510
9513
9514
9515
9516
9519
9520
9521
9605
9606
9607
9608
9609
9611
9612
9613
9614
9615
9616
9617
9617
9617
9617
9617
931
932
933
934
942
944
945
946
948
950
951
952
954
956
957
958
9464
9465
9466
9467
9475
9477
9478
9479
9481
9483
9484
9485
9487
9489
9490
9491
9605
9606
9607
9608
9609
9611
9612
9613
9614
9614
9614
9614
9614
9614
9614
9614
773
774
775
778
779
780
781
784
785
786
787
917
919
920
921
922
9456
9458
9459
9460
9461
9556
9557
9558
9577
9578
9579
9580
9583
9584
9585
9586
9589
9590
9591
9593
9595
9596
9597
9598
9599
9603
9604
9605
9606
9607
9608
9609
9610
9610
9610
9610
9610
9610
9610
9610
9610
9610
9610
9610
9610
9610
9610
9610
749
750
751
754
755
756
757
760
761
762
763
766
767
768
769
772
9532
9533
9534
9537
9538
9539
9540
9543
9544
9545
9546
9549
9550
9551
9552
9555
9589
9590
9591
9592
9593
9595
9597
9598
9599
9601
9602
9603
9603
9603
9603
9603
701
702
705
706
707
708
711
712
713
714
715
742
743
744
745
748
9490
9491
9494
9495
9496
9497
9506
9507
9508
9509
9510
9525
9526
9527
9528
9531
9589
9590
9591
9592
9593
9595
9596
9597
9598
9599
9600
9601
9601
9601
9601
9601
665
666
681
682
683
684
687
688
689
690
693
694
695
696
699
700
9460
9461
9470
9471
9472
9473
9476
9477
9478
9479
9482
9483
9484
9485
9488
9489
9589
9590
9591
9592
9593
9594
9595
9596
9597
9598
9598
9598
9598
9598
9598
9598
514
516
517
518
519
521
523
524
525
527
529
530
531
662
663
664
9457
9458
9459
9499
9500
9501
9502
9504
9560
9561
9562
9563
9566
9567
9568
9569
9576
9577
9578
9579
9580
9582
9583
9584
9585
9587
9588
9589
9590
9591
9594
9594
491
493
495
496
497
498
500
502
503
504
505
507
509
510
511
512
9474
9475
9476
9477
9479
9480
9481
9482
9483
9485
9486
9493
9494
9495
9496
9498
9576
9577
9578
9579
9580
9581
9583
9584
9585
9586
9586
9586
9586
9586
9586
9586
455
456
457
459
461
462
463
473
474
475
476
477
486
488
489
490
9463
9464
9465
9467
9468
9469
9470
9471
9473
9549
9550
9551
9554
9555
9556
9557
9561
9562
9564
9566
9567
9568
9570
9575
9576
9577
9578
9579
9580
9581
9582
9583
431
432
433
435
437
438
439
441
443
444
445
447
449
450
451
453
9525
9526
9527
9530
9531
9532
9533
9536
9537
9538
9539
9542
9543
9544
9545
9548
9560
9561
9562
9563
9564
9566
9567
9568
9569
9570
9573
9574
9575
9575
9575
9575
383
384
386
388
389
390
391
406
407
408
409
412
413
414
415
429
9489
9490
9505
9506
9507
9508
9509
9512
9513
9514
9515
9518
9519
9520
9521
9524
9560
9561
9562
9563
9564
9566
9567
9568
9569
9570
9571
9572
9573
9573
9573
9573
353
354
362
364
365
366
368
370
371
372
374
376
377
378
380
382
9465
9466
9469
9470
9471
9472
9475
9476
9477
9478
9481
9482
9483
9484
9487
9488
9560
9561
9562
9563
9564
9566
9567
9568
9569
9570
9570
9570
9570
9570
9570
9570
325
326
327
328
330
332
333
334
335
337
339
340
341
342
351
352
9456
9457
9458
9459
9460
9463
9464
9494
9495
9497
9498
9499
9500
9501
9503
9504
9548
9549
9550
9551
9552
9553
9558
9559
9560
9561
9562
9563
9564
9565
9566
9566
302
304
305
306
307
309
311
312
313
314
316
318
319
320
321
323
9469
9470
9472
9473
9474
9475
9476
9478
9479
9480
9487
9488
9489
9491
9492
9493
9548
9549
9550
9551
9552
9553
9555
9556
9557
9558
9558
9558
9558
9558
9558
9558
265
267
269
270
271
272
274
276
277
278
279
289
290
291
292
293
9463
9464
9466
9467
9468
9492
9493
9494
9496
9497
9498
9499
9500
9502
9503
9504
9536
9537
9538
9539
9540
9541
9545
9546
9547
9549
9550
9551
9552
9553
9554
9554
236
237
246
248
249
250
251
253
255
256
257
258
260
262
263
264
9467
9468
9469
9471
9472
9473
9474
9481
9482
9484
9485
9486
9487
9488
9490
9491
9536
9537
9538
9539
9540
9541
9542
9543
9544
9545
9545
9545
9545
9545
9545
9545
207
208
209
211
213
214
215
216
218
220
221
222
223
233
234
235
9463
9465
9466
9490
9491
9492
9493
9495
9496
9497
9498
9499
9501
9502
9503
9504
9524
9525
9526
9527
9528
9529
9533
9534
9535
9537
9538
9539
9542
9542
9542
9542
178
179
180
181
190
192
193
194
195
197
199
200
201
202
204
206
9465
9466
9467
9468
9475
9477
9478
9479
9480
9481
9483
9484
9485
9486
9487
9489
9524
9525
9526
9527
9528
9529
9530
9531
9532
9533
9533
9533
9533
9533
9533
9533
93
94
95
96
97
100
101
102
103
104
107
108
109
110
111
177
9464
9488
9489
9490
9491
9492
9494
9495
9496
9497
9498
9500
9501
9502
9503
9504
9512
9513
9514
9515
9516
9517
9521
9522
9523
9525
9530
9530
9530
9530
9530
9530
72
73
74
75
76
79
80
81
82
83
86
87
88
89
90
8833
9333
9454
9455
9470
9471
9472
9473
9474
9476
9477
9478
9479
9480
9482
9483
9484
9485
9486
9512
9513
9514
9515
9516
9517
9518
9519
9520
9520
9520
9520
9520
9520
8803
8804
8807
8808
8813
8814
8815
8816
8819
8820
8821
8822
8825
8826
8829
8830
9303
9304
9307
9308
9313
9314
9315
9316
9319
9320
9321
9322
9325
9326
9329
9330
9432
9434
9436
9437
9438
9440
9442
9443
9444
9445
9446
9447
9448
9449
9450
9451
9454
9455
9455
9455
9455
9455
9455
9455
9455
9455
9455
9455
9455
9455
9455
9455
8733
8734
8735
8738
8739
8742
8743
8744
8791
8792
8793
8794
8797
8798
8799
8800
9233
9234
9235
9238
9239
9242
9243
9244
9291
9292
9293
9294
9297
9298
9299
9300
9433
9435
9436
9437
9439
9440
9441
9442
9443
9445
9447
9449
9450
9452
9453
9454
8705
8706
8707
8710
8711
8712
8713
8716
8717
8720
8721
8726
8727
8728
8729
8732
9205
9206
9207
9210
9211
9212
9213
9216
9217
9220
9221
9226
9227
9228
9229
9232
9433
9434
9435
9436
9437
9438
9439
9441
9442
9443
9444
9446
9448
9451
9452
9453
8639
8640
8643
8644
8647
8648
8649
8650
8653
8654
8655
8656
8659
8660
8661
8704
9139
9140
9143
9144
9147
9148
9149
9150
9153
9154
9155
9156
9159
9160
9161
9204
9432
9433
9434
9437
9438
9439
9440
9441
9442
9443
9444
9445
9448
9449
9450
9451
9452
9452
9452
9452
9452
9452
9452
9452
9452
9452
9452
9452
9452
9452
9452
9452
8615
8616
8617
8618
8621
8622
8623
8624
8627
8628
8631
8632
8633
8634
8637
8638
9115
9116
9117
9118
9121
9122
9123
9124
9127
9128
9131
9132
9133
9134
9137
9138
9432
9433
9434
9435
9436
9438
9439
9440
9441
9443
9444
9447
9449
9450
9450
9450
8557
8560
8561
8562
8563
8564
8599
8600
8601
8602
8605
8606
8607
8608
8611
8612
9057
9060
9061
9062
9063
9064
9099
9100
9101
9102
9105
9106
9107
9108
9111
9112
9433
9434
9435
9436
9437
9438
9439
9440
9441
9442
9443
9445
9446
9447
9448
9448
8533
8534
8535
8538
8539
8540
8541
8544
8545
8546
8547
8550
8551
8554
8555
8556
9033
9034
9035
9038
9039
9040
9041
9044
9045
9046
9047
9050
9051
9054
9055
9056
9432
9433
9434
9435
9436
9438
9439
9440
9441
9442
9443
9444
9445
9446
9447
9447
8485
8486
8487
8514
8515
8516
8517
8520
8521
8522
8523
8526
8527
8528
8529
8532
8985
8986
8987
9014
9015
9016
9017
9020
9021
9022
9023
9026
9027
9028
9029
9032
9432
9433
9434
9435
9437
9438
9439
9440
9441
9442
9443
9444
9445
9445
9445
9445
8461
8462
8465
8466
8467
8468
8471
8472
8473
8474
8477
8478
8479
8480
8483
8484
8961
8962
8965
8966
8967
8968
8971
8972
8973
8974
8977
8978
8979
8980
8983
8984
9432
9433
9434
9435
9437
9438
9439
9440
9441
9442
9443
9443
9443
9443
9443
9443
7945
7948
7949
7952
7953
8434
8435
8436
8437
8438
8453
8454
8455
8456
8459
8460
8934
8935
8936
8937
8938
8953
8954
8955
8956
8959
8960
9345
9348
9349
9352
9353
9418
9421
9422
9425
9426
9431
9432
9433
9434
9435
9436
9437
9438
9439
9439
9439
7894
7896
7897
7898
7900
7902
7904
7906
7908
7936
7937
7938
7939
7942
7943
7944
9317
9320
9321
9322
9323
9326
9327
9330
9331
9336
9337
9338
9339
9342
9343
9344
9409
9410
9411
9412
9413
9415
9416
9417
9418
9419
9422
9423
9425
9429
9430
9431
7845
7846
7847
7848
7851
7852
7853
7854
7857
7858
7861
7862
7888
7890
7891
7892
9247
9248
9249
9250
9253
9254
9255
9256
9259
9260
9263
9264
9311
9314
9315
9316
9407
9408
9409
9410
9411
9412
9414
9416
9417
9418
9420
9421
9424
9426
9429
9430
7773
7776
7777
7799
7801
7802
7803
7805
7807
7808
7809
7811
7813
7815
7817
7819
9177
9180
9181
9202
9205
9206
9207
9208
9211
9212
9213
9214
9217
9218
9221
9222
9407
9410
9411
9412
9413
9416
9417
9418
9419
9421
9422
9423
9424
9425
9426
9427
9428
9428
9428
9428
9428
9428
9428
9428
9428
9428
9428
9428
9428
9428
9428
9428
7728
7730
7731
7732
7734
7736
7737
7760
7761
7762
7763
7766
7767
7768
7769
7772
9151
9154
9155
9156
9157
9160
9161
9164
9165
9166
9167
9170
9171
9172
9173
9176
9408
9409
9411
9412
9413
9414
9415
9417
9418
9420
9423
9424
9425
9426
9427
9427
7702
7704
7706
7708
7709
7710
7712
7714
7715
7716
7718
7720
7722
7724
7725
7726
9125
9128
9129
9132
9133
9134
9135
9138
9139
9140
9141
9144
9145
9148
9149
9150
9407
9408
9409
9410
9411
9412
9413
9414
9416
9418
9419
9420
9422
9424
9425
9426
7661
7662
7665
7666
7667
7668
7671
7672
7690
7692
7693
7694
7696
7698
7699
7700
9069
9070
9073
9074
9075
9076
9079
9080
9113
9116
9117
9118
9119
9122
9123
9124
9407
9409
9410
9411
9413
9414
9415
9416
9418
9420
9422
9423
9424
9424
9424
9424
7621
7622
7623
7625
7627
7629
7631
7632
7633
7635
7637
7638
7639
7640
7659
7660
9045
9046
9047
9048
9051
9052
9055
9056
9057
9058
9061
9062
9063
9064
9067
9068
9407
9408
9409
9410
9412
9413
9414
9415
9416
9417
9418
9419
9420
9421
9422
9423
7585
7586
7587
7601
7603
7604
7605
7607
7609
7610
7611
7613
7615
7616
7617
7619
8997
8998
8999
9024
9027
9028
9029
9030
9033
9034
9035
9036
9039
9040
9041
9042
9407
9408
9409
9410
9411
9412
9413
9415
9416
9417
9419
9420
9421
9421
9421
9421
7549
7550
7552
7554
7555
7556
7558
7560
7561
7562
7563
7578
7579
7580
7581
7584
8973
8974
8975
8978
8979
8980
8981
8984
8985
8986
8987
8990
8991
8992
8993
8996
9407
9408
9409
9410
9412
9413
9414
9415
9416
9417
9418
9419
9419
9419
9419
9419
7513
7514
7523
7524
7525
7526
7534
7536
7537
7538
7540
7542
7543
7544
7546
7548
8937
8938
8941
8942
8943
8944
8957
8960
8961
8962
8963
8966
8967
8968
8969
8972
9407
9408
9409
9410
9411
9412
9413
9414
9415
9416
9416
9416
9416
9416
9416
9416
7458
7486
7487
7488
7489
7492
7493
7494
7495
7498
7499
7502
7503
7509
7511
7512
8932
8935
8936
9332
9360
9361
9362
9363
9366
9367
9368
9369
9372
9373
9376
9377
9384
9385
9386
9387
9390
9391
9392
9393
9396
9397
9400
9401
9404
9405
9406
9407
9408
9409
9411
9411
9411
9411
9411
9411
9411
9411
9411
9411
9411
9411
9411
9411
7407
7408
7411
7412
7438
7440
7441
7442
7444
7446
7447
7448
7450
7452
7454
7456
9281
9282
9285
9286
9312
9314
9315
9316
9318
9320
9321
9322
9324
9326
9328
9330
9382
9384
9386
9387
9388
9390
9392
9393
9394
9395
9396
9397
9398
9399
9400
9401
9404
9405
9405
9405
9405
9405
9405
9405
9405
9405
9405
9405
9405
9405
9405
9405
7357
7358
7359
7361
7363
7365
7367
7369
7395
7396
7397
7398
7401
7402
7403
7404
9211
9212
9213
9215
9217
9219
9221
9223
9269
9270
9271
9272
9275
9276
9277
9278
9383
9385
9386
9387
9389
9391
9392
9393
9394
9396
9398
9401
9402
9403
9404
9404
7311
7312
7313
7316
7317
7318
7319
7322
7323
7326
7327
7349
7351
7352
7353
7355
9185
9186
9187
9190
9191
9192
9193
9196
9197
9200
9201
9203
9205
9206
9207
9209
9382
9384
9385
9386
9387
9388
9389
9390
9392
9393
9395
9397
9399
9400
9402
9403
7265
7266
7268
7270
7272
7274
7275
7276
7278
7280
7281
7282
7284
7286
7287
7310
9139
9140
9142
9144
9146
9148
9149
9150
9152
9154
9155
9156
9158
9160
9161
9184
9382
9383
9384
9387
9388
9389
9390
9391
9392
9393
9394
9395
9398
9399
9400
9401
9402
9402
9402
9402
9402
9402
9402
9402
9402
9402
9402
9402
9402
9402
9402
9402
7240
7242
7243
7244
7246
7248
7249
7250
7252
7254
7256
7258
7259
7260
7262
7264
9114
9116
9117
9118
9120
9122
9123
9124
9126
9128
9130
9132
9133
9134
9136
9138
9382
9383
9384
9385
9386
9388
9389
9390
9391
9393
9394
9397
9399
9400
9400
9400
7183
7185
7187
7188
7189
7190
7209
7210
7211
7212
7215
7216
7217
7218
7221
7222
9057
9059
9061
9062
9063
9064
9083
9084
9085
9086
9089
9090
9091
9092
9095
9096
9383
9384
9385
9386
9387
9388
9389
9390
9391
9392
9393
9395
9396
9397
9398
9398
7159
7160
7161
7163
7165
7166
7167
7169
7171
7172
7173
7175
7177
7179
7181
7182
9033
9034
9035
9037
9039
9040
9041
9043
9045
9046
9047
9049
9051
9053
9055
9056
9382
9383
9384
9385
9386
9388
9389
9390
9391
9392
9393
9394
9395
9396
9397
9397
7111
7112
7113
7128
7129
7130
7131
7134
7135
7136
7137
7151
7153
7154
7155
7157
8985
8986
8987
9002
9003
9004
9005
9008
9009
9010
9011
9025
9027
9028
9029
9031
9382
9383
9384
9385
9387
9388
9389
9390
9391
9392
9393
9394
9395
9395
9395
9395
7087
7088
7090
7092
7093
7094
7096
7098
7099
7100
7102
7104
7105
7106
7108
7110
8961
8962
8964
8966
8967
8968
8970
8972
8973
8974
8976
8978
8979
8980
8982
8984
9382
9383
9384
9385
9387
9388
9389
9390
9391
9392
9393
9393
9393
9393
9393
9393
6574
6576
6578
6580
6582
7059
7061
7062
7063
7064
7073
7074
7075
7076
7084
7086
8933
8935
8936
8937
8938
8947
8948
8949
8950
8958
8960
9301
9304
9305
9308
9309
9370
9372
9374
9377
9378
9381
9382
9383
9384
9385
9386
9387
9388
9389
9389
9389
6524
6525
6526
6529
6530
6533
6534
6537
6562
6564
6565
6566
6568
6570
6571
6572
9254
9255
9256
9258
9260
9262
9264
9266
9289
9292
9293
9294
9295
9298
9299
9300
9358
9361
9362
9363
9364
9367
9368
9369
9371
9372
9375
9377
9379
9380
9381
9381
6475
6476
6477
6479
6481
6482
6483
6485
6487
6489
6491
6517
6518
6519
6520
6523
9227
9228
9229
9230
9233
9234
9235
9236
9239
9240
9243
9246
9248
9249
9250
9252
9359
9360
9361
9362
9363
9364
9365
9366
9368
9369
9370
9373
9374
9376
9379
9380
6408
6410
6411
6434
6435
6436
6437
6440
6441
6442
6443
6446
6447
6450
6451
6473
9157
9159
9161
9163
9165
9166
9167
9169
9171
9172
9173
9175
9177
9179
9181
9224
9358
9359
9360
9362
9363
9365
9366
9368
9369
9371
9373
9374
9375
9376
9377
9378
9379
9379
9379
9379
9379
9379
9379
9379
9379
9379
9379
9379
9379
9379
9379
9379
6383
6384
6386
6388
6389
6390
6392
6394
6396
6398
6399
6400
6402
6404
6405
6406
9133
9134
9135
9137
9139
9140
9141
9143
9145
9147
9149
9150
9151
9153
9155
9156
9358
9359
9360
9361
9362
9363
9364
9365
9366
9367
9368
9369
9370
9371
9376
9377
6341
6342
6345
6346
6364
6366
6367
6368
6370
6372
6373
6374
6376
6378
6380
6382
9075
9076
9078
9080
9097
9100
9101
9102
9103
9106
9107
9108
9109
9112
9129
9131
9358
9359
9360
9361
9362
9364
9366
9367
9369
9370
9371
9373
9374
9375
9376
9376
6301
6303
6305
6306
6307
6309
6311
6312
6313
6314
6333
6334
6335
6336
6339
6340
9050
9052
9054
9056
9057
9058
9060
9062
9063
9064
9066
9068
9069
9070
9072
9074
9358
9359
9360
9361
9362
9363
9364
9365
9366
9367
9368
9371
9372
9373
9374
9374
6277
6278
6279
6281
6283
6284
6285
6287
6289
6290
6291
6293
6295
6296
6297
6299
9015
9016
9017
9018
9021
9022
9023
9036
9038
9040
9041
9042
9044
9046
9047
9048
9358
9359
9360
9361
9362
9363
9364
9365
9366
9367
9368
9369
9370
9371
9372
9372
6229
6230
6232
6234
6235
6236
6237
6252
6253
6254
6255
6258
6259
6260
6261
6275
8979
8980
8981
8983
8985
8986
8987
8989
8991
8992
8993
8995
8997
8998
8999
9012
9358
9359
9360
9361
9363
9364
9365
9366
9367
9368
9369
9370
9371
9371
9371
9371
6199
6200
6208
6210
6211
6212
6214
6216
6217
6218
6220
6222
6223
6224
6226
6228
8943
8944
8951
8954
8955
8956
8963
8965
8967
8968
8969
8971
8973
8974
8975
8977
9358
9359
9360
9361
9363
9364
9365
9366
9367
9368
9368
9368
9368
9368
9368
9368
5716
5718
5719
5720
5722
5724
5726
5728
5730
6183
6185
6186
6187
6188
6197
6198
8932
8934
8936
8937
8938
8940
8942
9296
9298
9299
9300
9302
9304
9306
9308
9310
9340
9343
9344
9345
9346
9348
9350
9353
9354
9357
9358
9359
9360
9361
9362
9363
9364
9364
9364
9364
9364
9364
9364
9364
9364
9364
9364
9364
9364
9364
9364
9364
5666
5667
5668
5671
5672
5673
5674
5677
5678
5681
5682
5685
5710
5712
5713
5714
9270
9271
9272
9274
9276
9277
9278
9280
9282
9284
9286
9288
9290
9292
9293
9294
9334
9337
9338
9339
9341
9343
9344
9345
9347
9348
9351
9353
9355
9356
9357
9357
5595
5598
5599
5621
5623
5624
5625
5627
5629
5630
5631
5633
5635
5637
5639
5665
9197
9199
9201
9225
9227
9228
9229
9231
9233
9234
9235
9237
9239
9241
9243
9268
9334
9335
9336
9338
9339
9340
9342
9344
9345
9346
9349
9350
9351
9352
9354
9355
9356
9356
9356
9356
9356
9356
9356
9356
9356
9356
9356
9356
9356
9356
9356
9356
5550
5552
5553
5554
5556
5558
5559
5582
5583
5584
5585
5588
5589
5590
5591
5594
9152
9153
9155
9156
9158
9159
9161
9183
9185
9186
9187
9189
9191
9192
9193
9195
9335
9336
9338
9339
9340
9341
9342
9344
9345
9347
9350
9351
9352
9353
9354
9354
5524
5526
5528
5530
5531
5532
5534
5536
5537
5538
5540
5542
5544
5546
5547
5548
9110
9112
9130
9131
9133
9134
9136
9137
9139
9140
9142
9143
9146
9147
9149
9150
9334
9335
9336
9337
9338
9339
9340
9341
9343
9345
9346
9347
9349
9351
9352
9353
5483
5484
5487
5488
5489
5490
5493
5494
5512
5514
5515
5516
5518
5520
5521
5522
9085
9086
9088
9090
9091
9092
9094
9096
9098
9100
9101
9102
9104
9106
9107
9108
9334
9336
9337
9338
9340
9341
9342
9343
9345
9347
9349
9350
9351
9351
9351
9351
5443
5444
5445
5447
5449
5451
5453
5454
5455
5457
5459
5460
5461
5462
5481
5482
9044
9046
9047
9049
9050
9053
9054
9056
9057
9059
9060
9062
9063
9064
9082
9084
9334
9335
9336
9337
9339
9340
9341
9342
9343
9344
9345
9346
9347
9348
9349
9350
5407
5408
5409
5423
5425
5426
5427
5429
5431
5432
5433
5435
5437
5438
5439
5441
9009
9010
9011
9013
9015
9016
9017
9019
9021
9022
9023
9037
9038
9040
9041
9043
9334
9335
9336
9337
9338
9339
9340
9342
9343
9344
9346
9347
9348
9348
9348
9348
5371
5372
5374
5376
5377
5378
5380
5382
5383
5384
5385
5400
5401
5402
5403
5406
8973
8974
8976
8977
8979
8980
8982
8983
8985
8986
8987
9001
9003
9004
9005
9007
9334
9335
9336
9337
9339
9340
9341
9342
9343
9344
9345
9346
9346
9346
9346
9346
5335
5336
5345
5346
5347
5348
5356
5358
5359
5360
5362
5364
5365
5366
5368
5370
8937
8938
8946
8948
8949
8950
8952
8954
8955
8956
8964
8965
8967
8968
8970
8971
9334
9335
9336
9337
9338
9339
9340
9341
9342
9343
9343
9343
9343
9343
9343
9343
4887
4909
4910
4912
4913
4915
4916
4918
4919
4921
4922
4925
4926
5331
5333
5334
8933
8934
8936
9284
9289
9290
9293
9294
9295
9296
9299
9300
9301
9302
9305
9306
9311
9312
9315
9316
9317
9318
9321
9322
9323
9324
9327
9328
9329
9332
9333
9334
9335
9336
9338
9338
9338
9338
9338
9338
9338
9338
9338
9338
9338
9338
9338
9338
4859
4861
4863
4865
4867
4869
4871
4872
4873
4875
4877
4878
4879
4881
4883
4885
9256
9257
9258
9261
9262
9267
9268
9271
9272
9273
9274
9277
9278
9279
9280
9283
9311
9313
9315
9316
9317
9319
9321
9322
9323
9324
9325
9327
9328
9329
9331
9332
4815
4816
4818
4819
4821
4822
4824
4825
4827
4849
4851
4852
4853
4855
4857
4858
9131
9134
9135
9136
9137
9140
9141
9142
9143
9245
9246
9249
9250
9251
9252
9255
9312
9313
9315
9316
9317
9318
9319
9321
9322
9323
9324
9325
9330
9331
9331
9331
4773
4775
4776
4795
4796
4798
4799
4801
4802
4804
4805
4807
4808
4810
4812
4813
9093
9094
9096
9097
9098
9100
9102
9103
9104
9106
9108
9109
9110
9112
9129
9130
9311
9312
9314
9315
9317
9318
9320
9322
9323
9324
9325
9326
9328
9329
9330
9330
4748
4750
4752
4753
4754
4756
4758
4759
4761
4763
4764
4765
4767
4769
4770
4771
9070
9071
9072
9074
9076
9077
9078
9080
9081
9082
9084
9086
9087
9088
9090
9092
9311
9313
9314
9315
9317
9318
9319
9320
9322
9324
9325
9326
9327
9328
9328
9328
4707
4709
4710
4712
4713
4715
4716
4718
4719
4721
4722
4724
4725
4744
4746
4747
9017
9018
9019
9021
9023
9052
9053
9054
9057
9058
9059
9060
9063
9065
9066
9068
9311
9312
9313
9314
9316
9317
9318
9319
9320
9321
9325
9326
9327
9327
9327
9327
4671
4673
4675
4676
4677
4679
4681
4682
4683
4685
4687
4688
4689
4703
4704
4706
8993
8994
8995
8997
8999
9000
9001
9003
9005
9006
9007
9009
9011
9012
9013
9015
9311
9312
9313
9314
9316
9317
9318
9319
9320
9321
9323
9324
9325
9325
9325
9325
4636
4637
4639
4640
4642
4643
4645
4646
4648
4649
4651
4652
4653
4667
4669
4670
8963
8964
8965
8968
8975
8976
8977
8979
8981
8982
8983
8985
8987
8988
8989
8991
9311
9312
9313
9314
9316
9317
9318
9319
9320
9321
9322
9323
9323
9323
9323
9323
4600
4602
4603
4604
4612
4614
4615
4616
4618
4620
4621
4622
4630
4631
4633
4634
8933
8934
8936
8938
8939
8940
8942
8944
8945
8946
8948
8950
8951
8952
8954
8956
9311
9312
9313
9314
9315
9316
9317
9318
9319
9319
9319
9319
9319
9319
9319
9319
4553
4555
4557
4559
4561
4562
4563
4565
4567
4568
4569
4571
4573
4575
4577
4599
8932
9176
9178
9180
9182
9184
9186
9187
9188
9190
9192
9193
9194
9196
9198
9200
9289
9291
9293
9294
9295
9297
9299
9300
9301
9303
9305
9306
9307
9309
9310
9311
9315
9315
9315
9315
9315
9315
9315
9315
9315
9315
9315
9315
9315
9315
9315
9315
4508
4509
4511
4512
4514
4515
4517
4539
4541
4542
4543
4545
4547
4548
4549
4551
9151
9152
9154
9156
9157
9158
9160
9162
9164
9166
9167
9168
9170
9172
9173
9174
9290
9291
9293
9294
9295
9296
9297
9299
9300
9302
9305
9306
9307
9308
9309
9309
4466
4468
4486
4487
4489
4490
4492
4493
4495
4496
4498
4499
4502
4503
4505
4506
9093
9095
9113
9114
9117
9118
9119
9120
9123
9124
9125
9126
9145
9146
9148
9150
9289
9290
9291
9292
9293
9294
9295
9296
9298
9300
9301
9302
9303
9306
9307
9308
4441
4442
4444
4446
4447
4448
4450
4452
4454
4456
4457
4458
4460
4462
4463
4464
9069
9070
9071
9073
9075
9076
9077
9079
9081
9083
9085
9086
9087
9089
9091
9092
9289
9291
9292
9293
9295
9296
9297
9298
9300
9302
9303
9305
9306
9306
9306
9306
4400
4402
4403
4405
4406
4408
4409
4411
4412
4414
4415
4417
4418
4420
4438
4440
9031
9034
9035
9036
9037
9039
9041
9042
9043
9045
9047
9048
9049
9051
9065
9067
9289
9290
9291
9293
9295
9296
9297
9298
9299
9300
9301
9302
9303
9304
9305
9305
4365
4366
4367
4369
4371
4372
4373
4375
4377
4378
4379
4393
4394
4396
4397
4399
8996
8998
8999
9000
9002
9004
9005
9006
9008
9010
9011
9024
9025
9028
9029
9030
9289
9290
9291
9292
9294
9295
9297
9298
9299
9301
9302
9303
9303
9303
9303
9303
4329
4330
4332
4333
4335
4336
4338
4339
4341
4342
4343
4357
4359
4360
4361
4363
8972
8974
8975
8976
8978
8980
8981
8982
8984
8986
8987
8988
8990
8992
8993
8994
9289
9290
9291
9292
9294
9295
9296
9297
9298
9299
9300
9301
9301
9301
9301
9301
4293
4294
4302
4304
4305
4306
4308
4310
4311
4312
4320
4321
4323
4324
4326
4327
8937
8938
8939
8941
8943
8944
8945
8947
8949
8950
8957
8958
8961
8962
8969
8970
9289
9290
9291
9292
9293
9294
9295
9296
9297
9298
9298
9298
9298
9298
9298
9298
3937
3959
3961
3962
3963
3965
3967
3968
3969
3971
3973
3975
3977
4289
4290
4292
8932
8933
8935
9180
9224
9226
9228
9229
9230
9232
9234
9235
9236
9238
9240
9242
9267
9269
9271
9272
9273
9275
9277
9278
9279
9281
9283
9285
9287
9288
9289
9290
9291
9293
9293
9293
9293
9293
9293
9293
9293
9293
9293
9293
9293
9293
9293
9293
3891
3892
3894
3896
3897
3920
3921
3922
3923
3926
3927
3928
3929
3932
3933
3936
9154
9156
9157
9159
9160
9163
9164
9166
9167
9169
9170
9172
9173
9175
9176
9179
9268
9269
9271
9272
9274
9275
9277
9278
9280
9281
9283
9284
9285
9286
9287
9287
3866
3868
3869
3870
3872
3874
3875
3876
3878
3880
3882
3884
3885
3886
3888
3890
9113
9115
9117
9118
9119
9121
9123
9124
9125
9127
9145
9147
9148
9150
9151
9153
9267
9268
9269
9270
9271
9272
9273
9274
9276
9278
9279
9280
9285
9286
9286
9286
3825
3826
3827
3828
3831
3832
3850
3852
3853
3854
3856
3858
3859
3860
3862
3864
9072
9073
9075
9076
9078
9079
9097
9099
9101
9102
9103
9105
9107
9108
9109
9111
9267
9269
9270
9271
9273
9274
9275
9276
9278
9279
9280
9281
9283
9284
9284
9284
3783
3785
3787
3788
3789
3791
3793
3794
3795
3797
3799
3800
3819
3820
3821
3822
9035
9036
9038
9039
9041
9042
9044
9045
9047
9048
9050
9051
9066
9067
9069
9070
9267
9268
9269
9270
9271
9273
9274
9275
9277
9278
9279
9280
9281
9282
9283
9283
3747
3761
3763
3764
3765
3767
3769
3770
3771
3773
3775
3776
3777
3779
3781
3782
8999
9012
9014
9016
9017
9018
9020
9022
9023
9024
9026
9028
9029
9030
9032
9034
9267
9268
9269
9270
9272
9273
9274
9275
9276
9277
9279
9280
9281
9281
9281
9281
3712
3714
3715
3716
3718
3720
3721
3722
3723
3738
3739
3740
3741
3744
3745
3746
8975
8977
8978
8980
8981
8983
8984
8986
8987
8989
8990
8992
8993
8995
8996
8998
9267
9268
9269
9270
9272
9273
9274
9275
9276
9277
9278
9279
9279
9279
9279
9279
3683
3684
3685
3686
3694
3696
3697
3698
3700
3702
3703
3704
3706
3708
3709
3710
8940
8941
8943
8944
8951
8953
8955
8956
8957
8959
8961
8962
8969
8971
8972
8974
9267
9268
9269
9270
9272
9273
9274
9275
9276
9276
9276
9276
9276
9276
9276
9276
3651
3652
3653
3655
3657
3658
3659
3661
3663
3665
3667
3669
3671
3672
3673
3674
8932
8934
8935
8937
8938
9226
9228
9229
9231
9232
9234
9235
9237
9238
9241
9242
9247
9249
9250
9251
9253
9255
9256
9257
9259
9261
9263
9266
9267
9268
9269
9270
9271
9272
9272
9272
9272
9272
9272
9272
9272
9272
9272
9272
9272
9272
9272
9272
3584
3586
3587
3610
3611
3612
3613
3616
3617
3618
3619
3622
3623
3626
3627
3649
9158
9159
9160
9183
9184
9186
9187
9189
9190
9192
9193
9195
9196
9199
9200
9225
9245
9246
9247
9249
9250
9252
9253
9255
9256
9258
9259
9261
9262
9263
9264
9265
9266
9266
9266
9266
9266
9266
9266
9266
9266
9266
9266
9266
9266
9266
9266
9266
3559
3560
3562
3564
3565
3566
3568
3570
3572
3574
3575
3576
3578
3580
3581
3582
9117
9118
9120
9121
9123
9124
9126
9127
9146
9147
9148
9150
9152
9153
9154
9156
9245
9246
9247
9248
9249
9250
9251
9252
9253
9254
9255
9256
9257
9258
9263
9264
3517
3518
3521
3522
3540
3542
3543
3544
3546
3548
3549
3550
3552
3554
3556
3558
9091
9092
9094
9095
9098
9099
9101
9102
9104
9105
9107
9108
9110
9111
9114
9115
9245
9246
9247
9248
9249
9251
9253
9254
9256
9257
9258
9259
9261
9262
9263
9263
3477
3478
3479
3481
3483
3484
3485
3487
3489
3490
3509
3510
3511
3512
3515
3516
9038
9039
9041
9043
9044
9045
9047
9049
9050
9051
9082
9083
9085
9086
9088
9089
9246
9247
9248
9249
9251
9252
9253
9256
9257
9258
9259
9260
9261
9261
9261
9261
3453
3454
3455
3457
3459
3460
3461
3463
3465
3466
3467
3469
3471
3472
3473
3475
9014
9016
9017
9019
9020
9022
9023
9025
9026
9028
9029
9031
9032
9034
9035
9037
9245
9246
9247
9248
9250
9251
9252
9253
9254
9255
9258
9259
9260
9260
9260
9260
3405
3406
3408
3410
3411
3412
3413
3428
3429
3430
3431
3434
3435
3436
3437
3451
8978
8980
8982
8983
8984
8986
8987
9001
9002
9004
9005
9007
9008
9010
9011
9013
9245
9246
9247
9248
9250
9251
9252
9253
9254
9255
9256
9257
9258
9258
9258
9258
3375
3376
3384
3386
3387
3388
3390
3392
3393
3394
3396
3398
3399
3400
3402
3404
8949
8950
8952
8953
8955
8956
8958
8959
8961
8962
8970
8971
8972
8974
8976
8977
9245
9246
9247
9248
9250
9251
9252
9253
9254
9255
9255
9255
9255
9255
9255
9255
3033
3035
3036
3038
3039
3041
3042
3045
3046
3359
3361
3362
3363
3364
3373
3374
8933
8934
8935
8937
8938
8946
8947
9207
9208
9209
9212
9213
9214
9215
9218
9219
9229
9230
9231
9234
9235
9236
9237
9240
9241
9244
9245
9246
9247
9248
9249
9250
9251
9251
9251
9251
9251
9251
9251
9251
9251
9251
9251
9251
9251
9251
9251
9251
3008
3010
3012
3013
3015
3016
3018
3019
3021
3022
3024
3025
3027
3029
3030
3032
9126
9128
9129
9130
9132
9134
9135
9136
9138
9140
9141
9142
9144
9202
9203
9206
9224
9225
9226
9228
9230
9231
9232
9235
9236
9237
9238
9239
9242
9243
9244
9244
2967
2969
2970
2971
2973
2975
2976
2995
2996
2998
2999
3001
3002
3004
3005
3007
9087
9089
9090
9092
9093
9095
9096
9113
9114
9116
9118
9119
9120
9122
9124
9125
9224
9225
9227
9228
9230
9231
9232
9233
9235
9236
9238
9239
9241
9242
9242
9242
2925
2944
2946
2947
2948
2950
2952
2953
2954
2956
2958
2959
2961
2963
2964
2965
9063
9065
9067
9068
9070
9071
9073
9074
9076
9077
9079
9080
9081
9083
9084
9086
9224
9225
9226
9227
9228
9231
9232
9233
9234
9235
9237
9238
9239
9240
9241
9241
2889
2903
2904
2906
2907
2909
2910
2912
2913
2915
2916
2918
2919
2921
2922
2924
9011
9024
9025
9027
9029
9030
9031
9033
9035
9052
9053
9055
9057
9058
9059
9061
9224
9225
9226
9227
9229
9230
9231
9232
9233
9234
9237
9238
9239
9239
9239
9239
2853
2867
2869
2870
2871
2873
2875
2876
2877
2879
2881
2882
2883
2885
2887
2888
8987
8988
8990
8991
8993
8994
8996
8997
8999
9000
9002
9003
9005
9006
9008
9009
9224
9225
9226
9227
9229
9230
9231
9232
9233
9234
9235
9236
9237
9237
9237
9237
2830
2831
2833
2834
2836
2837
2839
2840
2842
2843
2845
2846
2848
2849
2851
2852
8957
8958
8960
8962
8963
8964
8966
8968
8975
8976
8978
8979
8981
8982
8984
8985
9224
9225
9226
9227
9229
9230
9231
9232
9233
9234
9235
9235
9235
9235
9235
9235
2773
2775
2777
2799
2800
2802
2803
2804
2812
2814
2815
2816
2818
2820
2821
2822
8932
8933
8935
8936
8938
8939
8941
8942
8944
8945
8947
8948
8950
9195
9198
9199
9216
9218
9220
9223
9224
9225
9226
9227
9228
9229
9230
9231
9231
9231
9231
9231
2747
2748
2749
2751
2753
2755
2757
2759
2761
2762
2763
2765
2767
2768
2769
2771
9169
9172
9173
9174
9175
9178
9179
9182
9183
9186
9187
9188
9189
9192
9193
9194
9202
9204
9206
9207
9208
9210
9212
9213
9214
9215
9216
9219
9220
9222
9223
9223
2702
2703
2705
2706
2708
2709
2711
2712
2714
2715
2717
2739
2741
2742
2743
2745
9145
9146
9147
9150
9151
9152
9153
9156
9157
9158
9159
9162
9163
9166
9167
9168
9202
9203
9204
9206
9207
9208
9209
9210
9212
9218
9219
9220
9221
9222
9222
9222
2660
2662
2663
2664
2666
2668
2686
2687
2689
2690
2692
2693
2695
2696
2698
2699
9087
9088
9091
9092
9093
9094
9097
9098
9101
9102
9103
9104
9107
9108
9109
9110
9202
9203
9205
9206
9208
9209
9210
9211
9213
9214
9215
9216
9219
9220
9220
9220
2618
2620
2638
2640
2641
2642
2644
2646
2647
2648
2650
2652
2654
2656
2657
2658
9049
9050
9065
9066
9069
9070
9071
9072
9075
9076
9077
9078
9081
9082
9085
9086
9202
9203
9204
9205
9206
9209
9210
9211
9213
9215
9216
9217
9218
9219
9219
9219
2594
2596
2597
2599
2600
2602
2603
2605
2606
2608
2609
2611
2612
2614
2615
2617
9013
9016
9017
9018
9019
9022
9023
9036
9037
9038
9041
9042
9043
9044
9047
9048
9202
9203
9204
9205
9206
9207
9208
9209
9210
9211
9212
9213
9214
9216
9217
9217
2559
2560
2561
2563
2565
2566
2567
2569
2571
2572
2573
2575
2577
2578
2579
2593
8989
8992
8993
8994
8995
8998
8999
9000
9001
9004
9005
9006
9007
9010
9011
9012
9202
9204
9205
9207
9208
9209
9210
9211
9212
9214
9215
9216
9216
9216
9216
9216
2523
2524
2526
2527
2529
2530
2532
2533
2535
2536
2538
2539
2541
2542
2543
2557
8955
8956
8969
8970
8971
8974
8975
8976
8977
8980
8981
8982
8983
8986
8987
8988
9202
9203
9204
9205
9207
9208
9209
9210
9211
9212
9213
9214
9214
9214
9214
9214
2257
2489
2490
2492
2493
2494
2502
2504
2505
2506
2508
2510
2511
2512
2520
2521
8932
8933
8934
8937
8938
8939
8940
8943
8944
8945
8946
8949
8950
8951
8952
9144
9196
9201
9202
9203
9204
9205
9206
9207
9208
9209
9210
9210
9210
9210
9210
9210
2233
2234
2235
2237
2239
2240
2242
2244
2245
2246
2248
2250
2251
2252
2254
2256
9121
9122
9124
9125
9127
9128
9129
9131
9132
9134
9135
9137
9138
9140
9141
9143
9182
9183
9184
9186
9188
9189
9190
9191
9193
9194
9195
9197
9200
9201
9201
9201
2208
2210
2211
2212
2214
2216
2217
2218
2220
2222
2223
2225
2227
2228
2229
2231
9097
9099
9100
9102
9103
9105
9106
9108
9109
9111
9112
9113
9115
9116
9118
9119
9182
9183
9184
9185
9186
9188
9190
9191
9193
9194
9196
9197
9199
9200
9200
9200
2149
2151
2153
2154
2155
2175
2176
2177
2178
2181
2182
2183
2184
2187
2188
2189
9057
9058
9060
9061
9063
9066
9067
9068
9070
9072
9073
9074
9076
9078
9079
9080
9183
9184
9185
9186
9187
9188
9189
9190
9191
9192
9193
9195
9196
9197
9198
9198
2125
2127
2129
2130
2131
2133
2135
2136
2137
2139
2141
2142
2143
2145
2147
2148
9017
9018
9020
9021
9023
9024
9026
9027
9029
9030
9032
9033
9035
9052
9054
9055
9182
9183
9184
9185
9187
9188
9189
9190
9191
9192
9195
9196
9197
9197
9197
9197
2078
2080
2081
2082
2083
2098
2099
2100
2101
2104
2105
2106
2107
2121
2123
2124
8981
8983
8984
8985
8987
8989
8990
8991
8993
8995
8996
8997
8999
9012
9014
9015
9182
9183
9184
9185
9187
9188
9189
9190
9191
9192
9193
9194
9195
9195
9195
9195
2054
2056
2057
2058
2060
2062
2063
2064
2066
2068
2069
2070
2072
2074
2075
2076
8951
8953
8954
8956
8957
8959
8960
8962
8963
8965
8966
8968
8975
8977
8978
8979
9182
9183
9184
9185
9187
9189
9190
9191
9192
9192
9192
9192
9192
9192
9192
9192
2018
2020
2021
2022
2024
2026
2027
2029
2031
2032
2033
2034
2043
2044
2045
2046
8932
8934
8935
8936
8938
8940
8941
8942
8944
9136
9137
9138
9140
9142
9143
9144
9168
9169
9170
9173
9174
9175
9176
9181
9182
9183
9184
9185
9186
9187
9188
9188
1993
1995
1997
1998
1999
2001
2003
2004
2005
2007
2009
2010
2012
2014
2015
2016
9112
9114
9115
9116
9118
9120
9121
9122
9124
9126
9127
9128
9130
9131
9132
9134
9162
9163
9164
9165
9166
9168
9169
9171
9173
9174
9175
9177
9179
9180
9181
9181
1952
1953
1954
1957
1958
1959
1978
1980
1981
1982
1984
1986
1987
1988
1990
1992
9089
9090
9092
9094
9095
9096
9098
9099
9100
9102
9104
9105
9106
9108
9110
9111
9162
9164
9165
9166
9168
9170
9171
9173
9174
9175
9176
9177
9178
9179
9179
9179
1911
1912
1913
1915
1917
1918
1919
1921
1923
1924
1925
1945
1946
1947
1948
1951
9032
9033
9035
9053
9054
9055
9057
9059
9060
9061
9063
9082
9083
9084
9086
9088
9162
9163
9164
9165
9166
9167
9168
9169
9170
9171
9172
9176
9177
9178
9178
9178
1875
1876
1877
1891
1893
1894
1895
1897
1899
1900
1901
1903
1905
1906
1907
1909
9008
9009
9011
9013
9014
9015
9017
9019
9020
9021
9023
9025
9026
9027
9029
9031
9162
9163
9164
9165
9167
9168
9170
9171
9172
9174
9175
9176
9176
9176
9176
9176
1839
1840
1842
1844
1845
1846
1848
1850
1851
1852
1853
1868
1869
1870
1871
1874
8966
8968
8976
8977
8978
8979
8982
8983
8984
8985
8987
9001
9002
9003
9005
9007
9162
9163
9164
9165
9167
9168
9169
9170
9171
9172
9173
9174
9174
9174
9174
9174
1803
1804
1813
1814
1815
1816
1824
1826
1827
1828
1830
1832
1833
1834
1836
1838
8936
8938
8946
8947
8948
8950
8952
8953
8954
8956
8958
8959
8960
8962
8964
8965
9162
9163
9164
9165
9166
9167
9168
9169
9170
9171
9171
9171
9171
9171
9171
9171
1549
1551
1552
1554
1555
1557
1558
1560
1561
1563
1564
1566
1567
1799
1801
1802
8933
8934
8935
9116
9119
9120
9121
9122
9129
9130
9131
9132
9135
9136
9137
9138
9145
9146
9147
9148
9149
9151
9152
9153
9154
9155
9160
9161
9162
9163
9164
9166
1513
1515
1517
1518
1519
1533
1534
1536
1537
1539
1540
1542
1543
1545
1546
1548
9084
9087
9088
9089
9090
9097
9098
9099
9100
9103
9104
9105
9106
9113
9114
9115
9145
9146
9147
9148
9149
9151
9152
9153
9154
9155
9158
9159
9160
9160
9160
9160
1478
1479
1481
1482
1483
1497
1499
1500
1501
1503
1505
1506
1507
1509
1511
1512
8975
8976
8977
8978
8979
9065
9066
9067
9068
9071
9072
9073
9074
9081
9082
9083
9145
9146
9147
9148
9149
9152
9153
9154
9155
9156
9157
9158
9158
9158
9158
9158
1448
1457
1458
1460
1461
1462
1464
1465
1467
1468
1469
1471
1472
1474
1475
1476
8950
8951
8952
8953
8954
8956
8957
8958
8959
8960
8962
8963
8964
8965
8966
8968
9145
9146
9147
9148
9149
9150
9152
9153
9154
9155
9155
9155
9155
9155
9155
9155
1418
1420
1421
1423
1424
1426
1427
1436
1438
1439
1440
1441
1443
1445
1446
1447
8939
8940
8941
8942
8944
8945
8946
8947
8948
9025
9026
9028
9030
9031
9032
9034
9130
9131
9133
9135
9136
9137
9139
9144
9145
9146
9147
9148
9149
9150
9151
9152
1383
1384
1385
1387
1389
1390
1391
1405
1406
1408
1409
1411
1412
1414
1415
1417
9001
9002
9004
9006
9007
9008
9010
9012
9013
9014
9016
9018
9019
9020
9022
9024
9129
9130
9131
9132
9133
9135
9136
9137
9138
9139
9142
9143
9144
9144
9144
9144
1347
1348
1350
1351
1353
1354
1355
1369
1371
1372
1373
1375
1377
1378
1379
1381
8971
8972
8981
8982
8983
8984
8986
8988
8989
8990
8992
8994
8995
8996
8998
9000
9129
9130
9131
9132
9133
9135
9136
9137
9138
9139
9140
9141
9142
9142
9142
9142
1317
1318
1320
1322
1323
1324
1332
1333
1335
1336
1338
1339
1341
1342
1344
1345
8941
8943
8945
8946
8947
8949
8951
8952
8953
8955
8957
8958
8959
8961
8969
8970
9129
9130
9131
9132
9133
9135
9136
9137
9138
9139
9139
9139
9139
9139
9139
9139
1287
1289
1290
1292
1293
1295
1296
1298
1299
1301
1302
1304
1305
1306
1314
1316
8932
8933
8934
8935
8937
8939
8940
9022
9052
9053
9054
9056
9058
9059
9060
9062
9113
9114
9115
9117
9119
9120
9121
9123
9127
9128
9129
9130
9131
9132
9133
9134
9135
9135
9135
9135
9135
9135
9135
9135
9135
9135
9135
9135
9135
9135
9135
9135
1251
1253
1255
1256
1257
1259
1261
1262
1263
1277
1278
1280
1281
1283
1284
1286
8998
9000
9001
9003
9004
9006
9007
9009
9010
9012
9013
9015
9016
9018
9019
9021
9113
9114
9115
9116
9117
9119
9120
9121
9122
9123
9125
9126
9127
9127
9127
9127
1216
1217
1219
1220
1222
1223
1225
1226
1227
1241
1243
1244
1245
1247
1249
1250
8969
8970
8971
8973
8981
8982
8983
8985
8986
8988
8989
8991
8992
8994
8995
8997
9113
9114
9115
9116
9117
9119
9120
9121
9122
9123
9124
9125
9125
9125
9125
9125
1186
1188
1189
1190
1192
1194
1195
1196
1204
1205
1207
1208
1210
1211
1213
1214
8939
8940
8942
8943
8945
8946
8948
8949
8951
8952
8954
8955
8963
8964
8965
8967
9113
9114
9115
9116
9117
9119
9120
9121
9122
9122
9122
9122
9122
9122
9122
9122
1156
1158
1159
1161
1162
1164
1165
1167
1168
1170
1171
1173
1174
1176
1177
1178
8932
8933
8934
8936
8937
9031
9033
9034
9052
9053
9055
9056
9058
9059
9061
9062
9097
9098
9099
9101
9103
9104
9105
9106
9107
9111
9112
9113
9114
9115
9116
9117
9118
9118
9118
9118
9118
9118
9118
9118
9118
9118
9118
9118
9118
9118
9118
9118
1121
1122
1123
1125
1127
1128
1129
1131
1133
1134
1135
1149
1150
1152
1153
1155
8996
8997
8998
9000
9002
9003
9004
9006
9008
9009
9010
9024
9025
9027
9028
9030
9097
9098
9099
9100
9101
9103
9105
9106
9107
9109
9110
9111
9111
9111
9111
9111
1085
1086
1088
1089
1091
1092
1094
1095
1097
1098
1099
1113
1115
1116
1117
1119
8966
8967
8969
8970
8972
8973
8981
8982
8984
8985
8986
8988
8990
8991
8992
8994
9097
9098
9099
9100
9101
9103
9104
9105
9106
9107
9108
9109
9109
9109
9109
9109
1049
1050
1058
1060
1061
1062
1064
1066
1067
1068
1076
1077
1079
1080
1082
1083
8936
8937
8939
8941
8942
8943
8945
8947
8948
8949
8957
8958
8960
8961
8963
8964
9097
9098
9099
9100
9101
9102
9103
9104
9105
9106
9106
9106
9106
9106
9106
9106
897
899
901
902
903
905
907
908
909
911
913
914
915
1045
1046
1048
8932
8933
8935
9028
9030
9032
9033
9034
9052
9054
9055
9056
9058
9060
9061
9062
9081
9082
9083
9085
9087
9088
9089
9090
9091
9095
9096
9097
9098
9099
9102
9102
861
864
865
866
867
881
883
884
885
887
889
890
891
893
895
896
8992
8995
8996
8997
8998
9012
9014
9015
9016
9018
9020
9021
9022
9024
9026
9027
9081
9082
9083
9084
9085
9087
9088
9089
9090
9091
9093
9094
9095
9095
9095
9095
826
828
829
830
832
834
835
836
838
840
841
842
843
858
859
860
8963
8965
8966
8967
8969
8971
8972
8973
8981
8983
8984
8985
8986
8989
8990
8991
9081
9082
9083
9084
9085
9087
9088
9089
9090
9091
9092
9093
9093
9093
9093
9093
791
792
793
794
803
804
805
806
814
816
817
818
820
822
823
824
8934
8935
8936
8937
8940
8941
8942
8943
8951
8953
8954
8955
8957
8959
8960
8961
9081
9082
9083
9084
9085
9086
9087
9088
9089
9089
9089
9089
9089
9089
9089
9089
767
768
769
771
773
774
775
777
779
780
781
783
785
786
787
789
8932
9026
9027
9028
9031
9032
9033
9034
9053
9054
9055
9056
9059
9060
9061
9062
9065
9066
9067
9068
9069
9071
9072
9073
9074
9075
9079
9080
9081
9086
9086
9086
731
732
733
736
737
738
739
753
755
756
757
759
761
762
763
765
9002
9003
9004
9007
9008
9009
9010
9013
9014
9015
9016
9019
9020
9021
9022
9025
9065
9067
9068
9069
9071
9072
9073
9074
9075
9077
9078
9079
9079
9079
9079
9079
695
696
698
700
701
702
704
706
707
708
710
712
713
714
715
730
8960
8961
8964
8965
8966
8967
8970
8971
8972
8973
8982
8983
8984
8985
8986
9001
9065
9066
9067
9068
9069
9071
9072
9073
9074
9075
9076
9077
9077
9077
9077
9077
531
661
663
664
665
666
675
676
677
678
686
688
689
690
692
694
8933
8934
8935
8936
8937
8946
8947
8948
8949
8952
8953
8954
8955
8958
8959
9045
9061
9064
9065
9066
9067
9068
9069
9070
9071
9072
9073
9073
9073
9073
9073
9073
508
510
511
512
514
515
517
518
519
521
522
524
525
527
528
530
8970
8971
8972
8974
8975
8976
8977
8978
8980
9036
9037
9038
9039
9042
9043
9044
9052
9053
9054
9055
9056
9057
9058
9059
9060
9062
9063
9064
9064
9064
9064
9064
479
481
482
483
484
493
494
496
497
498
500
501
503
504
505
507
8945
8946
8947
8949
8950
8951
8952
8953
8955
8956
8957
8958
8959
8961
8962
8969
9052
9053
9054
9055
9056
9057
9059
9060
9061
9062
9062
9062
9062
9062
9062
9062
448
450
451
453
454
456
457
459
460
462
463
472
474
475
476
477
8939
8940
8941
8943
8944
9019
9020
9021
9024
9025
9026
9027
9030
9031
9032
9033
9036
9037
9038
9040
9042
9043
9044
9045
9046
9050
9051
9053
9054
9055
9056
9057
9058
9058
9058
9058
9058
9058
9058
9058
9058
9058
9058
9058
9058
9058
9058
9058
413
414
415
417
419
420
421
423
425
426
427
441
442
444
445
447
8995
8996
8997
9000
9001
9002
9003
9006
9007
9008
9009
9012
9013
9014
9015
9018
9036
9037
9038
9039
9040
9042
9044
9045
9046
9048
9049
9050
9050
9050
9050
9050
377
378
380
381
383
384
386
387
389
390
391
405
407
408
409
411
8959
8960
8963
8964
8965
8966
8981
8982
8983
8984
8985
8988
8989
8990
8991
8994
9036
9037
9038
9039
9040
9042
9043
9044
9045
9046
9047
9048
9048
9048
9048
9048
341
342
350
352
353
354
356
358
359
360
368
369
371
372
374
375
8935
8936
8939
8940
8941
8942
8945
8946
8947
8948
8951
8952
8953
8954
8957
8958
9036
9037
9038
9039
9040
9041
9042
9043
9044
9045
9045
9045
9045
9045
9045
9045
319
320
321
323
324
326
327
328
330
331
333
334
335
337
338
340
8932
8933
8934
8965
8967
8968
8969
8970
8971
8973
8974
8975
8976
8977
8979
8980
9024
9025
9026
9027
9028
9029
9033
9034
9035
9036
9037
9038
9041
9041
9041
9041
290
291
292
293
295
297
298
299
300
309
310
312
313
314
316
317
8940
8942
8943
8944
8945
8946
8948
8949
8950
8951
8952
8954
8955
8956
8963
8964
9024
9025
9026
9027
9028
9029
9030
9031
9032
9033
9033
9033
9033
9033
9033
9033
260
261
263
264
265
267
268
270
271
272
274
275
277
278
279
288
8939
8963
8964
8966
8967
8968
8969
8970
8972
8973
8974
8975
8976
8978
8979
8980
9012
9013
9014
9015
9016
9017
9021
9022
9023
9025
9030
9030
9030
9030
9030
9030
167
232
234
235
236
237
239
241
242
243
244
253
254
256
257
258
8939
8941
8942
8943
8944
8945
8947
8948
8949
8950
8957
8958
8960
8961
8962
8980
9004
9011
9012
9013
9014
9015
9016
9017
9018
9019
9020
9020
9020
9020
9020
9020
145
146
148
150
151
152
153
155
157
158
159
160
162
164
165
166
8961
8962
8963
8965
8966
8967
8968
8969
8971
8972
8973
8974
8975
8977
8978
8979
9000
9001
9002
9003
9004
9005
9008
9009
9010
9011
9011
9011
9011
9011
9011
9011
109
110
111
121
122
123
124
125
134
136
137
138
139
141
143
144
8940
8941
8942
8943
8944
8951
8953
8954
8955
8956
8957
8959
8960
8978
8979
8980
8990
8991
8992
8999
9000
9001
9002
9003
9004
9005
9006
9007
9008
9008
9008
9008
87
88
89
90
92
94
95
96
97
99
101
102
103
104
106
108
8959
8960
8961
8962
8964
8965
8966
8967
8968
8970
8971
8972
8973
8974
8976
8977
8988
8989
8990
8991
8992
8993
8996
8997
8998
8999
8999
8999
8999
8999
8999
8999
65
66
67
68
69
78
80
81
82
83
85
8371
8374
8375
8378
8379
8894
8897
8898
8901
8902
8918
8921
8922
8925
8926
8931
8946
8947
8948
8949
8950
8952
8953
8954
8955
8956
8958
8988
8989
8990
8991
8992
8993
8994
8995
8996
8996
8343
8346
8347
8348
8349
8352
8353
8356
8357
8362
8363
8364
8365
8368
8369
8370
8795
8798
8799
8800
8801
8804
8805
8808
8809
8885
8886
8887
8888
8891
8892
8893
8909
8910
8911
8912
8913
8915
8916
8917
8918
8919
8921
8923
8926
8927
8930
8931
8271
8272
8273
8276
8277
8278
8279
8282
8283
8286
8287
8290
8337
8340
8341
8342
8748
8749
8750
8752
8754
8755
8756
8758
8760
8762
8764
8766
8789
8792
8793
8794
8907
8910
8911
8912
8914
8916
8917
8918
8920
8921
8924
8926
8928
8929
8930
8930
8203
8206
8207
8248
8251
8252
8253
8254
8257
8258
8259
8260
8263
8264
8267
8270
8677
8679
8681
8724
8727
8728
8729
8730
8733
8734
8735
8736
8739
8740
8743
8746
8907
8908
8909
8911
8912
8913
8915
8917
8918
8919
8922
8923
8924
8925
8927
8928
8929
8929
8929
8929
8929
8929
8929
8929
8929
8929
8929
8929
8929
8929
8929
8929
8177
8180
8181
8182
8183
8186
8187
8190
8191
8192
8193
8196
8197
8198
8199
8202
8651
8653
8655
8656
8657
8659
8661
8663
8665
8666
8667
8669
8671
8672
8673
8675
8908
8909
8911
8912
8913
8914
8915
8917
8918
8920
8923
8924
8925
8926
8927
8927
8151
8154
8155
8158
8159
8160
8161
8164
8165
8166
8167
8170
8171
8174
8175
8176
8609
8612
8629
8631
8633
8634
8635
8637
8639
8640
8641
8643
8645
8647
8649
8650
8907
8908
8909
8910
8911
8912
8913
8914
8916
8918
8919
8920
8922
8924
8925
8926
8095
8096
8099
8100
8101
8102
8105
8106
8139
8142
8143
8144
8145
8148
8149
8150
8569
8570
8572
8574
8575
8576
8578
8580
8597
8600
8601
8602
8603
8606
8607
8608
8907
8909
8910
8911
8913
8914
8915
8916
8918
8920
8922
8923
8924
8924
8924
8924
8071
8072
8073
8074
8077
8078
8081
8082
8083
8084
8087
8088
8089
8090
8093
8094
8544
8546
8547
8548
8550
8552
8554
8556
8557
8558
8560
8562
8563
8564
8566
8568
8907
8908
8909
8910
8912
8913
8914
8915
8916
8917
8918
8919
8920
8921
8922
8923
8023
8024
8025
8050
8053
8054
8055
8056
8059
8060
8061
8062
8065
8066
8067
8068
8497
8498
8499
8512
8515
8516
8517
8518
8521
8522
8523
8536
8538
8540
8541
8542
8907
8908
8909
8910
8911
8912
8913
8915
8916
8917
8919
8920
8921
8921
8921
8921
7999
8000
8001
8004
8005
8006
8007
8010
8011
8012
8013
8016
8017
8018
8019
8022
8473
8474
8475
8477
8479
8480
8481
8483
8485
8486
8487
8489
8491
8492
8493
8495
8907
8908
8909
8910
8912
8913
8914
8915
8916
8917
8918
8919
8919
8919
8919
8919
7963
7964
7967
7968
7969
7970
7983
7986
7987
7988
7989
7992
7993
7994
7995
7998
8437
8438
8440
8442
8443
8444
8451
8454
8455
8456
8463
8465
8467
8468
8469
8471
8907
8908
8909
8910
8911
8912
8913
8914
8915
8916
8916
8916
8916
8916
8916
8916
6989
6990
6991
6992
6995
6996
6997
6998
7001
7002
7005
7006
7009
7958
7961
7962
8432
8434
8436
8812
8814
8815
8816
8818
8820
8821
8822
8824
8826
8828
8830
8832
8883
8885
8887
8888
8889
8891
8893
8894
8895
8898
8899
8901
8905
8906
8907
8908
8909
8911
8911
8911
8911
8911
8911
8911
8911
8911
8911
8911
8911
8911
8911
8911
6913
6916
6917
6920
6967
6968
6969
6970
6973
6974
6975
6976
6979
6980
6983
6984
8717
8719
8721
8723
8769
8770
8771
8772
8775
8776
8777
8778
8781
8782
8785
8786
8884
8886
8887
8888
8890
8892
8893
8894
8896
8897
8899
8900
8902
8903
8904
8905
6887
6888
6889
6892
6893
6896
6897
6900
6901
6902
6903
6906
6907
6908
6909
6912
8691
8692
8693
8696
8697
8700
8701
8703
8705
8706
8707
8709
8711
8712
8713
8715
8883
8886
8887
8888
8889
8891
8892
8893
8894
8895
8896
8898
8900
8901
8903
8904
6823
6824
6825
6826
6829
6830
6831
6832
6835
6836
6837
6880
6881
6882
6883
6886
8646
8648
8649
8650
8652
8654
8655
8656
8658
8660
8661
8684
8685
8686
8687
8690
8883
8884
8885
8887
8888
8889
8890
8891
8893
8899
8900
8901
8902
8903
8903
8903
6797
6798
6799
6800
6803
6804
6807
6808
6809
6810
6813
6814
6815
6816
6819
6820
8620
8622
8623
8624
8626
8628
8630
8632
8633
8634
8636
8638
8639
8640
8642
8644
8883
8884
8886
8887
8889
8890
8891
8892
8894
8895
8896
8898
8900
8901
8901
8901
6739
6740
6775
6776
6777
6778
6781
6782
6783
6784
6787
6788
6791
6792
6793
6794
8563
8564
8583
8584
8585
8586
8589
8590
8591
8592
8595
8596
8614
8616
8617
8618
8883
8884
8885
8886
8887
8890
8891
8892
8893
8894
8896
8897
8898
8899
8900
8900
6715
6716
6717
6720
6721
6722
6723
6726
6727
6730
6731
6732
6733
6736
6737
6738
8539
8540
8541
8543
8545
8546
8547
8549
8551
8553
8555
8556
8557
8559
8561
8562
8883
8884
8885
8886
8887
8888
8889
8890
8891
8892
8894
8895
8896
8897
8898
8898
6691
6692
6693
6696
6697
6698
6699
6702
6703
6704
6705
6708
6709
6710
6711
6714
8503
8504
8505
8508
8509
8510
8511
8525
8527
8528
8529
8531
8533
8534
8535
8537
8883
8885
8886
8888
8889
8890
8891
8892
8893
8895
8896
8897
8897
8897
8897
8897
6643
6644
6647
6648
6649
6650
6653
6654
6655
6656
6659
6660
6661
6662
6663
6690
8467
8468
8470
8472
8473
8474
8476
8478
8479
8480
8482
8484
8485
8486
8487
8502
8883
8884
8885
8886
8888
8889
8890
8891
8892
8893
8894
8895
8895
8895
8895
8895
6153
6610
6611
6612
6613
6614
6629
6630
6631
6632
6635
6636
6637
6638
6641
6642
8433
8435
8436
8437
8438
8447
8448
8449
8450
8458
8460
8461
8462
8464
8466
8853
8877
8882
8883
8884
8885
8886
8887
8888
8889
8890
8891
8891
8891
8891
8891
8891
6123
6126
6127
6130
6131
6136
6137
6138
6139
6142
6143
6144
6145
6148
6149
6152
8823
8826
8827
8830
8831
8836
8837
8838
8839
8842
8843
8844
8845
8848
8849
8852
8860
8861
8862
8863
8866
8867
8868
8869
8870
8872
8873
8874
8876
8880
8881
8882
6053
6054
6055
6056
6059
6060
6063
6064
6111
6114
6115
6116
6117
6120
6121
6122
8753
8754
8755
8756
8759
8760
8763
8764
8811
8814
8815
8816
8817
8820
8821
8822
8858
8860
8862
8863
8864
8865
8866
8867
8868
8869
8871
8872
8875
8877
8880
8881
6025
6026
6027
6028
6031
6032
6033
6034
6037
6038
6041
6042
6047
6048
6049
6050
8705
8706
8707
8708
8711
8712
8713
8714
8717
8718
8721
8722
8747
8748
8749
8750
8859
8861
8862
8863
8864
8867
8868
8869
8870
8872
8874
8877
8878
8879
8880
8880
5957
5960
5961
5964
5965
5966
5967
5970
5971
5972
5973
5976
5977
5980
5981
6022
8657
8660
8661
8664
8665
8666
8667
8670
8671
8672
8673
8676
8677
8680
8681
8702
8858
8859
8860
8862
8863
8865
8866
8868
8869
8871
8873
8874
8875
8876
8877
8878
8879
8879
8879
8879
8879
8879
8879
8879
8879
8879
8879
8879
8879
8879
8879
8879
5933
5934
5935
5938
5939
5940
5941
5944
5945
5948
5949
5950
5951
5954
5955
5956
8633
8634
8635
8638
8639
8640
8641
8644
8645
8648
8649
8650
8651
8654
8655
8656
8858
8859
8860
8861
8862
8863
8864
8865
8866
8867
8868
8869
8870
8871
8876
8877
5875
5876
5879
5880
5913
5916
5917
5918
5919
5922
5923
5924
5925
5928
5929
5932
8575
8576
8579
8580
8613
8616
8617
8618
8619
8622
8623
8624
8625
8628
8629
8632
8858
8859
8860
8861
8862
8864
8866
8867
8869
8870
8871
8873
8874
8875
8876
8876
5851
5852
5855
5856
5857
5858
5861
5862
5863
5864
5867
5868
5869
5870
5873
5874
8551
8552
8555
8556
8557
8558
8561
8562
8563
8564
8567
8568
8569
8570
8573
8574
8858
8859
8860
8861
8862
8863
8864
8865
8866
8867
8868
8871
8872
8873
8874
8874
5827
5828
5829
5830
5833
5834
5835
5836
5839
5840
5841
5842
5845
5846
5847
5848
8527
8528
8529
8530
8533
8534
8535
8536
8539
8540
8541
8542
8545
8546
8547
8548
8858
8859
8860
8861
8862
8863
8864
8865
8866
8867
8868
8869
8870
8871
8872
8872
5779
5780
5781
5784
5785
5786
5787
5790
5791
5792
5793
5796
5797
5798
5799
5824
8479
8480
8481
8484
8485
8486
8487
8490
8491
8492
8493
8496
8497
8498
8499
8524
8858
8859
8860
8861
8863
8864
8865
8866
8867
8868
8869
8870
8871
8871
8871
8871
5743
5744
5757
5760
5761
5762
5763
5766
5767
5768
5769
5772
5773
5774
5775
5778
8443
8444
8457
8460
8461
8462
8463
8466
8467
8468
8469
8472
8473
8474
8475
8478
8858
8859
8860
8861
8863
8864
8865
8866
8867
8868
8868
8868
8868
8868
8868
8868
5315
5316
5317
5318
5321
5322
5325
5326
5329
5732
5735
5736
5737
5738
5741
5742
8432
8435
8436
8437
8438
8441
8442
8796
8798
8799
8800
8802
8804
8806
8808
8810
8840
8843
8844
8845
8846
8848
8850
8853
8854
8857
8858
8859
8860
8861
8862
8863
8864
8864
8864
8864
8864
8864
8864
8864
8864
8864
8864
8864
8864
8864
8864
8864
5287
5288
5289
5292
5293
5294
5295
5298
5299
5302
5303
5306
5309
5310
5311
5312
8770
8771
8772
8774
8776
8777
8778
8780
8782
8784
8786
8788
8790
8792
8793
8794
8834
8837
8838
8839
8841
8843
8844
8845
8847
8848
8851
8853
8855
8856
8857
8857
5213
5216
5217
5220
5221
5222
5223
5226
5227
5228
5229
5232
5233
5236
5237
5286
8697
8699
8701
8725
8727
8728
8729
8731
8733
8734
8735
8737
8739
8741
8743
8768
8834
8835
8836
8838
8839
8840
8842
8844
8845
8846
8849
8850
8851
8852
8854
8855
8856
8856
8856
8856
8856
8856
8856
8856
8856
8856
8856
8856
8856
8856
8856
8856
5149
5150
5151
5152
5155
5156
5157
5200
5201
5202
5203
5206
5207
5208
5209
5212
8652
8653
8655
8656
8658
8659
8661
8683
8685
8686
8687
8689
8691
8692
8693
8695
8835
8836
8838
8839
8840
8841
8842
8844
8845
8847
8850
8851
8852
8853
8854
8854
5123
5124
5127
5128
5129
5130
5133
5134
5135
5136
5139
5140
5143
5144
5145
5146
8610
8612
8630
8631
8633
8634
8636
8637
8639
8640
8642
8643
8646
8647
8649
8650
8834
8835
8836
8837
8838
8839
8840
8841
8843
8845
8846
8847
8849
8851
8852
8853
5097
5098
5101
5102
5103
5104
5107
5108
5111
5112
5113
5114
5117
5118
5119
5120
8585
8586
8588
8590
8591
8592
8594
8596
8598
8600
8601
8602
8604
8606
8607
8608
8834
8836
8837
8838
8840
8841
8842
8843
8845
8847
8849
8850
8851
8851
8851
8851
5041
5042
5043
5046
5047
5050
5051
5052
5053
5056
5057
5058
5059
5060
5095
5096
8544
8546
8547
8549
8550
8553
8554
8556
8557
8559
8560
8562
8563
8564
8582
8584
8834
8835
8836
8837
8839
8840
8841
8842
8843
8844
8845
8846
8847
8848
8849
8850
5017
5018
5019
5022
5023
5024
5025
5028
5029
5030
5031
5034
5035
5036
5037
5040
8509
8510
8511
8513
8515
8516
8517
8519
8521
8522
8523
8537
8538
8540
8541
8543
8834
8835
8836
8837
8838
8839
8840
8842
8843
8844
8846
8847
8848
8848
8848
8848
4969
4970
4973
4974
4975
4976
4979
4980
4981
4982
4983
5010
5011
5012
5013
5016
8473
8474
8476
8477
8479
8480
8482
8483
8485
8486
8487
8501
8503
8504
8505
8507
8834
8835
8836
8837
8839
8840
8841
8842
8843
8844
8845
8846
8846
8846
8846
8846
4933
4934
4949
4950
4951
4952
4955
4956
4957
4958
4961
4962
4963
4964
4967
4968
8437
8438
8446
8448
8449
8450
8452
8454
8455
8456
8464
8465
8467
8468
8470
8471
8834
8835
8836
8837
8838
8839
8840
8841
8842
8843
8843
8843
8843
8843
8843
8843
4907
4908
4911
4912
4913
4914
4917
4918
4919
4920
4923
4924
4927
4930
4931
4932
8433
8434
8436
8784
8789
8790
8793
8794
8795
8796
8799
8800
8801
8802
8805
8806
8811
8812
8815
8816
8817
8818
8821
8822
8823
8824
8827
8828
8829
8832
8833
8834
8835
8836
8838
8838
8838
8838
8838
8838
8838
8838
8838
8838
8838
8838
8838
8838
4839
4842
4843
4846
4847
4888
4891
4892
4893
4894
4897
4898
4899
4900
4903
4904
8756
8757
8758
8761
8762
8767
8768
8771
8772
8773
8774
8777
8778
8779
8780
8783
8811
8813
8815
8816
8817
8819
8821
8822
8823
8824
8825
8827
8828
8829
8831
8832
4815
4816
4817
4820
4821
4822
4823
4826
4827
4830
4831
4832
4833
4836
4837
4838
8631
8634
8635
8636
8637
8640
8641
8642
8643
8745
8746
8749
8750
8751
8752
8755
8812
8813
8815
8816
8817
8818
8819
8821
8822
8823
8824
8825
8830
8831
8831
8831
4789
4792
4793
4794
4797
4798
4799
4800
4803
4804
4805
4806
4809
4810
4811
4814
8593
8594
8596
8597
8598
8600
8602
8603
8604
8606
8608
8609
8610
8612
8629
8630
8811
8812
8814
8815
8817
8818
8820
8822
8823
8824
8825
8826
8828
8829
8830
8830
4731
4734
4735
4736
4737
4740
4741
4742
4777
4780
4781
4782
4783
4786
4787
4788
8570
8571
8572
8574
8576
8577
8578
8580
8581
8582
8584
8586
8587
8588
8590
8592
8811
8813
8814
8815
8817
8818
8819
8820
8822
8824
8825
8826
8827
8828
8828
8828
4707
4708
4711
4712
4713
4714
4717
4718
4719
4720
4723
4724
4725
4728
4729
4730
8517
8518
8519
8521
8523
8552
8553
8554
8557
8558
8559
8560
8563
8565
8566
8568
8811
8812
8813
8814
8816
8817
8818
8819
8820
8821
8825
8826
8827
8827
8827
8827
4659
4662
4663
4664
4665
4690
4693
4694
4695
4696
4699
4700
4701
4702
4705
4706
8493
8494
8495
8497
8499
8500
8501
8503
8505
8506
8507
8509
8511
8512
8513
8515
8811
8812
8813
8814
8816
8817
8818
8819
8820
8821
8823
8824
8825
8825
8825
8825
4635
4638
4639
4640
4641
4644
4645
4646
4647
4650
4651
4652
4653
4656
4657
4658
8463
8464
8465
8468
8475
8476
8477
8479
8481
8482
8483
8485
8487
8488
8489
8491
8811
8812
8813
8814
8816
8817
8818
8819
8820
8821
8822
8823
8823
8823
8823
8823
4601
4602
4603
4604
4607
4608
4609
4610
4623
4626
4627
4628
4629
4632
4633
4634
8433
8434
8436
8438
8439
8440
8442
8444
8445
8446
8448
8450
8451
8452
8454
8456
8811
8812
8813
8814
8815
8816
8817
8818
8819
8819
8819
8819
8819
8819
8819
8819
4533
4536
4537
4578
4581
4582
4583
4584
4587
4588
4589
4590
4593
4594
4597
4598
8432
8676
8678
8680
8682
8684
8686
8687
8688
8690
8692
8693
8694
8696
8698
8700
8789
8791
8793
8794
8795
8797
8799
8800
8801
8803
8805
8806
8807
8809
8810
8811
8815
8815
8815
8815
8815
8815
8815
8815
8815
8815
8815
8815
8815
8815
8815
8815
4507
4510
4511
4512
4513
4516
4517
4520
4521
4522
4523
4526
4527
4528
4529
4532
8651
8652
8654
8656
8657
8658
8660
8662
8664
8666
8667
8668
8670
8672
8673
8674
8790
8791
8793
8794
8795
8796
8797
8799
8800
8802
8805
8806
8807
8808
8809
8809
4481
4484
4485
4488
4489
4490
4491
4494
4495
4496
4497
4500
4501
4504
4505
4506
8593
8595
8613
8614
8617
8618
8619
8620
8623
8624
8625
8626
8645
8646
8648
8650
8789
8790
8791
8792
8793
8794
8795
8796
8798
8800
8801
8802
8803
8806
8807
8808
4425
4426
4429
4430
4431
4432
4435
4436
4469
4472
4473
4474
4475
4478
4479
4480
8569
8570
8571
8573
8575
8576
8577
8579
8581
8583
8585
8586
8587
8589
8591
8592
8789
8791
8792
8793
8795
8796
8797
8798
8800
8802
8803
8805
8806
8806
8806
8806
4401
4402
4403
4404
4407
4408
4409
4410
4413
4414
4415
4416
4419
4420
4423
4424
8531
8534
8535
8536
8537
8539
8541
8542
8543
8545
8547
8548
8549
8551
8565
8567
8789
8790
8791
8793
8795
8796
8797
8798
8799
8800
8801
8802
8803
8804
8805
8805
4353
4354
4355
4380
4383
4384
4385
4386
4389
4390
4391
4392
4395
4396
4397
4398
8496
8498
8499
8500
8502
8504
8505
8506
8508
8510
8511
8524
8525
8528
8529
8530
8789
8790
8791
8792
8794
8795
8797
8798
8799
8801
8802
8803
8803
8803
8803
8803
4329
4330
4331
4334
4335
4336
4337
4340
4341
4342
4343
4346
4347
4348
4349
4352
8472
8474
8475
8476
8478
8480
8481
8482
8484
8486
8487
8488
8490
8492
8493
8494
8789
8790
8791
8792
8794
8795
8796
8797
8798
8799
8800
8801
8801
8801
8801
8801
4293
4294
4297
4298
4299
4300
4313
4316
4317
4318
4319
4322
4323
4324
4325
4328
8437
8438
8439
8441
8443
8444
8445
8447
8449
8450
8457
8458
8461
8462
8469
8470
8789
8790
8791
8792
8793
8794
8795
8796
8797
8798
8798
8798
8798
8798
8798
8798
4227
4268
4271
4272
4273
4274
4277
4278
4279
4280
4283
4284
4287
4288
4291
4292
8432
8433
8435
8680
8724
8726
8728
8729
8730
8732
8734
8735
8736
8738
8740
8742
8767
8769
8771
8772
8773
8775
8777
8778
8779
8781
8783
8785
8787
8788
8789
8790
8791
8793
8793
8793
8793
8793
8793
8793
8793
8793
8793
8793
8793
8793
8793
8793
4201
4202
4203
4206
4207
4210
4211
4212
4213
4216
4217
4218
4219
4222
4223
4226
8654
8656
8657
8659
8660
8663
8664
8666
8667
8669
8670
8672
8673
8675
8676
8679
8768
8769
8771
8772
8774
8775
8777
8778
8780
8781
8783
8784
8785
8786
8787
8787
4175
4178
4179
4180
4181
4184
4185
4186
4187
4190
4191
4194
4195
4196
4197
4200
8613
8615
8617
8618
8619
8621
8623
8624
8625
8627
8645
8647
8648
8650
8651
8653
8767
8768
8769
8770
8771
8772
8773
8774
8776
8778
8779
8780
8785
8786
8786
8786
4119
4120
4121
4122
4125
4126
4159
4162
4163
4164
4165
4168
4169
4170
4171
4174
8572
8573
8575
8576
8578
8579
8597
8599
8601
8602
8603
8605
8607
8608
8609
8611
8767
8769
8770
8771
8773
8774
8775
8776
8778
8779
8780
8781
8783
8784
8784
8784
4093
4094
4097
4098
4099
4100
4103
4104
4105
4106
4109
4110
4113
4114
4115
4116
8535
8536
8538
8539
8541
8542
8544
8545
8547
8548
8550
8551
8566
8567
8569
8570
8767
8768
8769
8770
8771
8773
8774
8775
8777
8778
8779
8780
8781
8782
8783
8783
4045
4070
4073
4074
4075
4076
4079
4080
4081
4082
4085
4086
4087
4088
4091
4092
8499
8512
8514
8516
8517
8518
8520
8522
8523
8524
8526
8528
8529
8530
8532
8534
8767
8768
8769
8770
8772
8773
8774
8775
8776
8777
8779
8780
8781
8781
8781
8781
4021
4024
4025
4026
4027
4030
4031
4032
4033
4036
4037
4038
4039
4042
4043
4044
8475
8477
8478
8480
8481
8483
8484
8486
8487
8489
8490
8492
8493
8495
8496
8498
8767
8768
8769
8770
8772
8773
8774
8775
8776
8777
8778
8779
8779
8779
8779
8779
3987
3988
3989
3990
4003
4006
4007
4008
4009
4012
4013
4014
4015
4018
4019
4020
8440
8441
8443
8444
8451
8453
8455
8456
8457
8459
8461
8462
8469
8471
8472
8474
8767
8768
8769
8770
8772
8773
8774
8775
8776
8776
8776
8776
8776
8776
8776
8776
3341
3342
3343
3346
3347
3348
3349
3352
3353
3356
3357
3978
3981
3982
3983
3984
8432
8434
8435
8437
8438
8726
8728
8729
8731
8732
8734
8735
8737
8738
8741
8742
8747
8749
8750
8751
8753
8755
8756
8757
8759
8761
8763
8766
8767
8768
8769
8770
8771
8772
8772
8772
8772
8772
8772
8772
8772
8772
8772
8772
8772
8772
8772
8772
3275
3276
3277
3320
3321
3322
3323
3326
3327
3328
3329
3332
3333
3336
3337
3340
8658
8659
8660
8683
8684
8686
8687
8689
8690
8692
8693
8695
8696
8699
8700
8725
8745
8746
8747
8749
8750
8752
8753
8755
8756
8758
8759
8761
8762
8763
8764
8765
8766
8766
8766
8766
8766
8766
8766
8766
8766
8766
8766
8766
8766
8766
8766
8766
3249
3250
3253
3254
3255
3256
3259
3260
3263
3264
3265
3266
3269
3270
3271
3272
8617
8618
8620
8621
8623
8624
8626
8627
8646
8647
8648
8650
8652
8653
8654
8656
8745
8746
8747
8748
8749
8750
8751
8752
8753
8754
8755
8756
8757
8758
8763
8764
3223
3224
3227
3228
3231
3232
3233
3234
3237
3238
3239
3240
3243
3244
3247
3248
8591
8592
8594
8595
8598
8599
8601
8602
8604
8605
8607
8608
8610
8611
8614
8615
8745
8746
8747
8748
8749
8751
8753
8754
8756
8757
8758
8759
8761
8762
8763
8763
3167
3168
3169
3172
3173
3174
3175
3178
3179
3180
3215
3216
3217
3218
3221
3222
8538
8539
8541
8543
8544
8545
8547
8549
8550
8551
8582
8583
8585
8586
8588
8589
8746
8747
8748
8749
8751
8752
8753
8756
8757
8758
8759
8760
8761
8761
8761
8761
3143
3144
3145
3148
3149
3150
3151
3154
3155
3156
3157
3160
3161
3162
3163
3166
8514
8516
8517
8519
8520
8522
8523
8525
8526
8528
8529
8531
8532
8534
8535
8537
8745
8746
8747
8748
8750
8751
8752
8753
8754
8755
8758
8759
8760
8760
8760
8760
3095
3096
3099
3100
3101
3102
3103
3130
3131
3132
3133
3136
3137
3138
3139
3142
8478
8480
8482
8483
8484
8486
8487
8501
8502
8504
8505
8507
8508
8510
8511
8513
8745
8746
8747
8748
8750
8751
8752
8753
8754
8755
8756
8757
8758
8758
8758
8758
3071
3072
3075
3076
3077
3078
3081
3082
3083
3084
3087
3088
3089
3090
3093
3094
8449
8450
8452
8453
8455
8456
8458
8459
8461
8462
8470
8471
8472
8474
8476
8477
8745
8746
8747
8748
8750
8751
8752
8753
8754
8755
8755
8755
8755
8755
8755
8755
3033
3034
3037
3038
3039
3040
3043
3044
3047
3050
3051
3052
3053
3054
3069
3070
8433
8434
8435
8437
8438
8446
8447
8707
8708
8709
8712
8713
8714
8715
8718
8719
8729
8730
8731
8734
8735
8736
8737
8740
8741
8744
8745
8746
8747
8748
8749
8750
8751
8751
8751
8751
8751
8751
8751
8751
8751
8751
8751
8751
8751
8751
8751
8751
3009
3010
3011
3014
3015
3016
3017
3020
3021
3022
3023
3026
3027
3028
3031
3032
8626
8628
8629
8630
8632
8634
8635
8636
8638
8640
8641
8642
8644
8702
8703
8706
8724
8725
8726
8728
8730
8731
8732
8735
8736
8737
8738
8739
8742
8743
8744
8744
2983
2986
2987
2988
2989
2992
2993
2994
2997
2998
2999
3000
3003
3004
3005
3006
8587
8589
8590
8592
8593
8595
8596
8613
8614
8616
8618
8619
8620
8622
8624
8625
8724
8725
8727
8728
8730
8731
8732
8733
8735
8736
8738
8739
8741
8742
8742
8742
2925
2928
2929
2930
2931
2934
2935
2936
2937
2940
2941
2942
2977
2980
2981
2982
8563
8565
8567
8568
8570
8571
8573
8574
8576
8577
8579
8580
8581
8583
8584
8586
8724
8725
8726
8727
8728
8731
8732
8733
8734
8735
8737
8738
8739
8740
8741
8741
2901
2902
2905
2906
2907
2908
2911
2912
2913
2914
2917
2918
2919
2920
2923
2924
8511
8524
8525
8527
8529
8530
8531
8533
8535
8552
8553
8555
8557
8558
8559
8561
8724
8725
8726
8727
8729
8730
8731
8732
8733
8734
8737
8738
8739
8739
8739
8739
2853
2856
2857
2858
2859
2862
2863
2864
2865
2890
2893
2894
2895
2896
2899
2900
8487
8488
8490
8491
8493
8494
8496
8497
8499
8500
8502
8503
8505
8506
8508
8509
8724
8725
8726
8727
8729
8730
8731
8732
8733
8734
8735
8736
8737
8737
8737
8737
2829
2832
2833
2834
2835
2838
2839
2840
2841
2844
2845
2846
2847
2850
2851
2852
8457
8458
8460
8462
8463
8464
8466
8468
8475
8476
8478
8479
8481
8482
8484
8485
8724
8725
8726
8727
8729
8730
8731
8732
8733
8734
8735
8735
8735
8735
8735
8735
2793
2794
2797
2798
2801
2802
2803
2804
2807
2808
2809
2810
2823
2826
2827
2828
8432
8433
8435
8436
8438
8439
8441
8442
8444
8445
8447
8448
8450
8695
8698
8699
8716
8718
8720
8723
8724
8725
8726
8727
8728
8729
8730
8731
8731
8731
8731
8731
2727
2728
2729
2732
2733
2736
2737
2778
2781
2782
2783
2784
2787
2788
2789
2790
8669
8672
8673
8674
8675
8678
8679
8682
8683
8686
8687
8688
8689
8692
8693
8694
8702
8704
8706
8707
8708
8710
8712
8713
8714
8715
8716
8719
8720
8722
8723
8723
2701
2704
2705
2706
2707
2710
2711
2712
2713
2716
2717
2720
2721
2722
2723
2726
8645
8646
8647
8650
8651
8652
8653
8656
8657
8658
8659
8662
8663
8666
8667
8668
8702
8703
8704
8706
8707
8708
8709
8710
8712
8718
8719
8720
8721
8722
8722
8722
2675
2678
2679
2680
2681
2684
2685
2688
2689
2690
2691
2694
2695
2696
2697
2700
8587
8588
8591
8592
8593
8594
8597
8598
8601
8602
8603
8604
8607
8608
8609
8610
8702
8703
8705
8706
8708
8709
8710
8711
8713
8714
8715
8716
8719
8720
8720
8720
2619
2620
2623
2624
2625
2626
2629
2630
2631
2632
2635
2636
2669
2672
2673
2674
8549
8550
8565
8566
8569
8570
8571
8572
8575
8576
8577
8578
8581
8582
8585
8586
8702
8703
8704
8705
8706
8709
8710
8711
8713
8715
8716
8717
8718
8719
8719
8719
2595
2596
2597
2598
2601
2602
2603
2604
2607
2608
2609
2610
2613
2614
2615
2616
8513
8516
8517
8518
8519
8522
8523
8536
8537
8538
8541
8542
8543
8544
8547
8548
8702
8703
8704
8705
8706
8707
8708
8709
8710
8711
8712
8713
8714
8716
8717
8717
2547
2548
2549
2552
2553
2554
2555
2580
2583
2584
2585
2586
2589
2590
2591
2592
8489
8492
8493
8494
8495
8498
8499
8500
8501
8504
8505
8506
8507
8510
8511
8512
8702
8704
8705
8707
8708
8709
8710
8711
8712
8714
8715
8716
8716
8716
8716
8716
2523
2524
2525
2528
2529
2530
2531
2534
2535
2536
2537
2540
2541
2542
2543
2546
8455
8456
8469
8470
8471
8474
8475
8476
8477
8480
8481
8482
8483
8486
8487
8488
8702
8703
8704
8705
8707
8708
8709
8710
8711
8712
8713
8714
8714
8714
8714
8714
2487
2488
2491
2492
2493
2494
2497
2498
2499
2500
2513
2516
2517
2518
2519
2522
8432
8433
8434
8437
8438
8439
8440
8443
8444
8445
8446
8449
8450
8451
8452
8644
8696
8701
8702
8703
8704
8705
8706
8707
8708
8709
8710
8710
8710
8710
8710
8710
2463
2464
2465
2466
2469
2470
2471
2474
2475
2476
2477
2480
2481
2482
2483
2486
8621
8622
8624
8625
8627
8628
8629
8631
8632
8634
8635
8637
8638
8640
8641
8643
8682
8683
8684
8686
8688
8689
8690
8691
8693
8694
8695
8697
8700
8701
8701
8701
2437
2440
2441
2442
2443
2446
2447
2448
2449
2452
2453
2454
2457
2458
2459
2460
8597
8599
8600
8602
8603
8605
8606
8608
8609
8611
8612
8613
8615
8616
8618
8619
8682
8683
8684
8685
8686
8688
8690
8691
8693
8694
8696
8697
8699
8700
8700
8700
2379
2380
2383
2384
2385
2388
2389
2390
2391
2394
2395
2396
2397
2400
2401
2402
8557
8558
8560
8561
8563
8566
8567
8568
8570
8572
8573
8574
8576
8578
8579
8580
8683
8684
8685
8686
8687
8688
8689
8690
8691
8692
8693
8695
8696
8697
8698
8698
2355
2356
2359
2360
2361
2362
2365
2366
2367
2368
2371
2372
2373
2374
2377
2378
8517
8518
8520
8521
8523
8524
8526
8527
8529
8530
8532
8533
8535
8552
8554
8555
8682
8683
8684
8685
8687
8688
8689
8690
8691
8692
8695
8696
8697
8697
8697
8697
2307
2310
2311
2312
2313
2316
2317
2318
2319
2322
2323
2324
2325
2350
2353
2354
8481
8483
8484
8485
8487
8489
8490
8491
8493
8495
8496
8497
8499
8512
8514
8515
8682
8683
8684
8685
8687
8688
8689
8690
8691
8692
8693
8694
8695
8695
8695
8695
2283
2286
2287
2288
2289
2292
2293
2294
2295
2298
2299
2300
2301
2304
2305
2306
8451
8453
8454
8456
8457
8459
8460
8462
8463
8465
8466
8468
8475
8477
8478
8479
8682
8683
8684
8685
8687
8689
8690
8691
8692
8692
8692
8692
8692
8692
8692
8692
1789
1790
1791
1792
1795
1796
1797
2258
2261
2262
2263
2264
2267
2268
2269
2270
8432
8434
8435
8436
8438
8440
8441
8442
8444
8636
8637
8638
8640
8642
8643
8644
8668
8669
8670
8673
8674
8675
8676
8681
8682
8683
8684
8685
8686
8687
8688
8688
1763
1766
1767
1768
1769
1772
1773
1774
1775
1778
1779
1780
1783
1784
1785
1786
8612
8614
8615
8616
8618
8620
8621
8622
8624
8626
8627
8628
8630
8631
8632
8634
8662
8663
8664
8665
8666
8668
8669
8671
8673
8674
8675
8677
8679
8680
8681
8681
1739
1740
1741
1744
1745
1746
1749
1750
1751
1752
1755
1756
1757
1758
1761
1762
8589
8590
8592
8594
8595
8596
8598
8599
8600
8602
8604
8605
8606
8608
8610
8611
8662
8664
8665
8666
8668
8670
8671
8673
8674
8675
8676
8677
8678
8679
8679
8679
1681
1682
1683
1686
1687
1688
1689
1692
1693
1694
1695
1732
1733
1734
1735
1738
8532
8533
8535
8553
8554
8555
8557
8559
8560
8561
8563
8582
8583
8584
8586
8588
8662
8663
8664
8665
8666
8667
8668
8669
8670
8671
8672
8676
8677
8678
8678
8678
1657
1658
1659
1662
1663
1664
1665
1668
1669
1670
1671
1674
1675
1676
1677
1680
8508
8509
8511
8513
8514
8515
8517
8519
8520
8521
8523
8525
8526
8527
8529
8531
8662
8663
8664
8665
8667
8668
8670
8671
8672
8674
8675
8676
8676
8676
8676
8676
1609
1610
1613
1614
1615
1616
1619
1620
1621
1622
1623
1650
1651
1652
1653
1656
8466
8468
8476
8477
8478
8479
8482
8483
8484
8485
8487
8501
8502
8503
8505
8507
8662
8663
8664
8665
8667
8668
8669
8670
8671
8672
8673
8674
8674
8674
8674
8674
1573
1574
1589
1590
1591
1592
1595
1596
1597
1598
1601
1602
1603
1604
1607
1608
8436
8438
8446
8447
8448
8450
8452
8453
8454
8456
8458
8459
8460
8462
8464
8465
8662
8663
8664
8665
8666
8667
8668
8669
8670
8671
8671
8671
8671
8671
8671
8671
1549
1550
1553
1554
1555
1556
1559
1560
1561
1562
1565
1566
1567
1570
1571
1572
8433
8434
8435
8616
8619
8620
8621
8622
8629
8630
8631
8632
8635
8636
8637
8638
8645
8646
8647
8648
8649
8651
8652
8653
8654
8655
8660
8661
8662
8663
8664
8666
1525
1526
1529
1530
1531
1532
1535
1536
1537
1538
1541
1542
1543
1544
1547
1548
8584
8587
8588
8589
8590
8597
8598
8599
8600
8603
8604
8605
8606
8613
8614
8615
8645
8646
8647
8648
8649
8651
8652
8653
8654
8655
8658
8659
8660
8660
8660
8660
1477
1480
1481
1482
1483
1486
1487
1488
1489
1492
1493
1494
1495
1520
1523
1524
8475
8476
8477
8478
8479
8565
8566
8567
8568
8571
8572
8573
8574
8581
8582
8583
8645
8646
8647
8648
8649
8652
8653
8654
8655
8656
8657
8658
8658
8658
8658
8658
1455
1456
1459
1460
1461
1462
1463
1466
1467
1468
1469
1470
1473
1474
1475
1476
8450
8451
8452
8453
8454
8456
8457
8458
8459
8460
8462
8463
8464
8465
8466
8468
8645
8646
8647
8648
8649
8650
8652
8653
8654
8655
8655
8655
8655
8655
8655
8655
1419
1420
1421
1422
1425
1426
1427
1430
1431
1432
1433
1434
1449
1452
1453
1454
8439
8440
8441
8442
8444
8445
8446
8447
8448
8525
8526
8528
8530
8531
8532
8534
8630
8631
8633
8635
8636
8637
8639
8644
8645
8646
8647
8648
8649
8650
8651
8652
1395
1396
1397
1398
1401
1402
1403
1404
1407
1408
1409
1410
1413
1414
1415
1416
8501
8502
8504
8506
8507
8508
8510
8512
8513
8514
8516
8518
8519
8520
8522
8524
8629
8630
8631
8632
8633
8635
8636
8637
8638
8639
8642
8643
8644
8644
8644
8644
1347
1348
1349
1352
1353
1354
1355
1358
1359
1360
1361
1364
1365
1366
1367
1392
8471
8472
8481
8482
8483
8484
8486
8488
8489
8490
8492
8494
8495
8496
8498
8500
8629
8630
8631
8632
8633
8635
8636
8637
8638
8639
8640
8641
8642
8642
8642
8642
1311
1312
1325
1328
1329
1330
1331
1334
1335
1336
1337
1340
1341
1342
1343
1346
8441
8443
8445
8446
8447
8449
8451
8452
8453
8455
8457
8458
8459
8461
8469
8470
8629
8630
8631
8632
8633
8635
8636
8637
8638
8639
8639
8639
8639
8639
8639
8639
1287
1288
1291
1292
1293
1294
1297
1298
1299
1300
1303
1304
1305
1306
1309
1310
8432
8433
8434
8435
8437
8439
8440
8522
8552
8553
8554
8556
8558
8559
8560
8562
8613
8614
8615
8617
8619
8620
8621
8623
8627
8628
8629
8630
8631
8632
8633
8634
8635
8635
8635
8635
8635
8635
8635
8635
8635
8635
8635
8635
8635
8635
8635
8635
1239
1264
1267
1268
1269
1270
1273
1274
1275
1276
1279
1280
1281
1282
1285
1286
8498
8500
8501
8503
8504
8506
8507
8509
8510
8512
8513
8515
8516
8518
8519
8521
8613
8614
8615
8616
8617
8619
8620
8621
8622
8623
8625
8626
8627
8627
8627
8627
1215
1218
1219
1220
1221
1224
1225
1226
1227
1230
1231
1232
1233
1236
1237
1238
8469
8470
8471
8473
8481
8482
8483
8485
8486
8488
8489
8491
8492
8494
8495
8497
8613
8614
8615
8616
8617
8619
8620
8621
8622
8623
8624
8625
8625
8625
8625
8625
1181
1182
1183
1184
1197
1200
1201
1202
1203
1206
1207
1208
1209
1212
1213
1214
8439
8440
8442
8443
8445
8446
8448
8449
8451
8452
8454
8455
8463
8464
8465
8467
8613
8614
8615
8616
8617
8619
8620
8621
8622
8622
8622
8622
8622
8622
8622
8622
1157
1158
1159
1160
1163
1164
1165
1166
1169
1170
1171
1172
1175
1176
1177
1178
8432
8433
8434
8436
8437
8531
8533
8534
8552
8553
8555
8556
8558
8559
8561
8562
8597
8598
8599
8601
8603
8604
8605
8606
8607
8611
8612
8613
8614
8615
8616
8617
8618
8618
8618
8618
8618
8618
8618
8618
8618
8618
8618
8618
8618
8618
8618
8618
1109
1110
1111
1136
1139
1140
1141
1142
1145
1146
1147
1148
1151
1152
1153
1154
8496
8497
8498
8500
8502
8503
8504
8506
8508
8509
8510
8524
8525
8527
8528
8530
8597
8598
8599
8600
8601
8603
8605
8606
8607
8609
8610
8611
8611
8611
8611
8611
1085
1086
1087
1090
1091
1092
1093
1096
1097
1098
1099
1102
1103
1104
1105
1108
8466
8467
8469
8470
8472
8473
8481
8482
8484
8485
8486
8488
8490
8491
8492
8494
8597
8598
8599
8600
8601
8603
8604
8605
8606
8607
8608
8609
8609
8609
8609
8609
1049
1050
1053
1054
1055
1056
1069
1072
1073
1074
1075
1078
1079
1080
1081
1084
8436
8437
8439
8441
8442
8443
8445
8447
8448
8449
8457
8458
8460
8461
8463
8464
8597
8598
8599
8600
8601
8602
8603
8604
8605
8606
8606
8606
8606
8606
8606
8606
1025
1026
1029
1030
1031
1032
1035
1036
1037
1038
1041
1042
1043
1044
1047
1048
8432
8433
8435
8528
8530
8532
8533
8534
8552
8554
8555
8556
8558
8560
8561
8562
8581
8582
8583
8585
8587
8588
8589
8590
8591
8595
8596
8597
8598
8599
8602
8602
977
980
981
982
983
1008
1011
1012
1013
1014
1017
1018
1019
1020
1023
1024
8492
8495
8496
8497
8498
8512
8514
8515
8516
8518
8520
8521
8522
8524
8526
8527
8581
8582
8583
8584
8585
8587
8588
8589
8590
8591
8593
8594
8595
8595
8595
8595
953
956
957
958
959
962
963
964
965
968
969
970
971
974
975
976
8463
8465
8466
8467
8469
8471
8472
8473
8481
8483
8484
8485
8486
8489
8490
8491
8581
8582
8583
8584
8585
8587
8588
8589
8590
8591
8592
8593
8593
8593
8593
8593
919
920
921
922
925
926
927
928
941
944
945
946
947
950
951
952
8434
8435
8436
8437
8440
8441
8442
8443
8451
8453
8454
8455
8457
8459
8460
8461
8581
8582
8583
8584
8585
8586
8587
8588
8589
8589
8589
8589
8589
8589
8589
8589
639
640
641
644
645
646
647
650
651
652
653
656
657
658
659
916
8432
8526
8527
8528
8531
8532
8533
8534
8553
8554
8555
8556
8559
8560
8561
8562
8565
8566
8567
8568
8569
8571
8572
8573
8574
8575
8579
8580
8581
8586
8586
8586
615
616
617
620
621
622
623
626
627
628
629
632
633
634
635
638
8502
8503
8504
8507
8508
8509
8510
8513
8514
8515
8516
8519
8520
8521
8522
8525
8565
8567
8568
8569
8571
8572
8573
8574
8575
8577
8578
8579
8579
8579
8579
8579
567
568
571
572
573
574
577
578
579
580
583
584
585
586
587
614
8460
8461
8464
8465
8466
8467
8470
8471
8472
8473
8482
8483
8484
8485
8486
8501
8565
8566
8567
8568
8569
8571
8572
8573
8574
8575
8576
8577
8577
8577
8577
8577
531
534
535
536
537
538
553
554
555
556
559
560
561
562
565
566
8433
8434
8435
8436
8437
8446
8447
8448
8449
8452
8453
8454
8455
8458
8459
8545
8561
8564
8565
8566
8567
8568
8569
8570
8571
8572
8573
8573
8573
8573
8573
8573
509
510
511
512
513
516
517
518
519
520
523
524
525
526
529
530
8470
8471
8472
8474
8475
8476
8477
8478
8480
8536
8537
8538
8539
8542
8543
8544
8552
8553
8554
8555
8556
8557
8558
8559
8560
8562
8563
8564
8564
8564
8564
8564
485
488
489
490
491
492
495
496
497
498
499
502
503
504
505
506
8445
8446
8447
8449
8450
8451
8452
8453
8455
8456
8457
8458
8459
8461
8462
8469
8552
8553
8554
8555
8556
8557
8559
8560
8561
8562
8562
8562
8562
8562
8562
8562
449
450
451
452
455
456
457
458
461
462
463
466
467
468
469
470
8439
8440
8441
8443
8444
8519
8520
8521
8524
8525
8526
8527
8530
8531
8532
8533
8536
8537
8538
8540
8542
8543
8544
8545
8546
8550
8551
8553
8554
8555
8556
8557
8558
8558
8558
8558
8558
8558
8558
8558
8558
8558
8558
8558
8558
8558
8558
8558
401
402
403
428
431
432
433
434
437
438
439
440
443
444
445
446
8495
8496
8497
8500
8501
8502
8503
8506
8507
8508
8509
8512
8513
8514
8515
8518
8536
8537
8538
8539
8540
8542
8544
8545
8546
8548
8549
8550
8550
8550
8550
8550
377
378
379
382
383
384
385
388
389
390
391
394
395
396
397
400
8459
8460
8463
8464
8465
8466
8481
8482
8483
8484
8485
8488
8489
8490
8491
8494
8536
8537
8538
8539
8540
8542
8543
8544
8545
8546
8547
8548
8548
8548
8548
8548
341
342
345
346
347
348
361
364
365
366
367
370
371
372
373
376
8435
8436
8439
8440
8441
8442
8445
8446
8447
8448
8451
8452
8453
8454
8457
8458
8536
8537
8538
8539
8540
8541
8542
8543
8544
8545
8545
8545
8545
8545
8545
8545
319
320
321
322
325
326
327
328
329
332
333
334
335
336
339
340
8432
8433
8434
8465
8467
8468
8469
8470
8471
8473
8474
8475
8476
8477
8479
8480
8524
8525
8526
8527
8528
8529
8533
8534
8535
8536
8537
8538
8541
8541
8541
8541
283
284
285
286
301
304
305
306
307
308
311
312
313
314
315
318
8440
8442
8443
8444
8445
8446
8448
8449
8450
8451
8452
8454
8455
8456
8463
8464
8524
8525
8526
8527
8528
8529
8530
8531
8532
8533
8533
8533
8533
8533
8533
8533
259
262
263
264
265
266
269
270
271
272
273
276
277
278
279
282
8439
8463
8464
8466
8467
8468
8469
8470
8472
8473
8474
8475
8476
8478
8479
8480
8512
8513
8514
8515
8516
8517
8521
8522
8523
8525
8530
8530
8530
8530
8530
8530
223
226
227
228
229
230
245
248
249
250
251
252
255
256
257
258
8439
8441
8442
8443
8444
8445
8447
8448
8449
8450
8457
8458
8460
8461
8462
8480
8504
8511
8512
8513
8514
8515
8516
8517
8518
8519
8520
8520
8520
8520
8520
8520
201
202
203
206
207
208
209
210
213
214
215
216
217
220
221
222
8461
8462
8463
8465
8466
8467
8468
8469
8471
8472
8473
8474
8475
8477
8478
8479
8500
8501
8502
8503
8504
8505
8508
8509
8510
8511
8511
8511
8511
8511
8511
8511
53
54
55
170
171
172
173
174
189
192
193
194
195
196
199
200
8440
8441
8442
8443
8444
8451
8453
8454
8455
8456
8457
8459
8460
8478
8479
8480
8490
8491
8492
8499
8500
8501
8502
8503
8504
8505
8506
8507
8508
8508
8508
8508
31
32
33
34
37
38
39
40
41
44
45
46
47
48
51
52
8459
8460
8461
8462
8464
8465
8466
8467
8468
8470
8471
8472
8473
8474
8476
8477
8488
8489
8490
8491
8492
8493
8496
8497
8498
8499
8499
8499
8499
8499
8499
8499
16
17
18
19
20
23
24
25
26
27
30
7855
7858
7859
7862
7863
8303
8306
8307
8310
8311
8420
8422
8424
8427
8428
8431
8446
8447
8448
8449
8450
8452
8453
8454
8455
8456
8458
8488
8489
8490
8491
8492
8493
8494
8495
8496
8496
7830
7831
7832
7833
7836
7837
7840
7841
7843
7846
7847
7848
7849
7852
7853
7854
8277
8278
8279
8280
8283
8284
8287
8288
8291
8294
8295
8296
8297
8300
8301
8302
8408
8411
8412
8413
8414
8417
8418
8419
8421
8422
8425
8427
8429
8430
8431
8431
7761
7762
7763
7764
7767
7768
7769
7770
7773
7774
7777
7821
7824
7825
7826
7827
8211
8212
8213
8214
8217
8218
8219
8220
8223
8224
8227
8268
8271
8272
8273
8274
8409
8410
8411
8412
8413
8414
8415
8416
8418
8419
8420
8423
8424
8426
8429
8430
7733
7734
7737
7738
7741
7742
7743
7744
7747
7748
7749
7750
7753
7754
7757
7758
8183
8184
8187
8188
8191
8192
8193
8194
8197
8198
8199
8200
8203
8204
8207
8208
8408
8409
8410
8412
8413
8415
8416
8418
8419
8421
8423
8424
8425
8426
8427
8428
8429
8429
8429
8429
8429
8429
8429
8429
8429
8429
8429
8429
8429
8429
8429
8429
7709
7710
7711
7712
7715
7716
7717
7718
7721
7722
7725
7726
7727
7728
7731
7732
8159
8160
8161
8162
8165
8166
8167
8168
8171
8172
8175
8176
8177
8178
8181
8182
8408
8409
8410
8411
8412
8413
8414
8415
8416
8417
8418
8419
8420
8421
8426
8427
7651
7652
7653
7656
7657
7660
7661
7662
7663
7666
7667
7668
7669
7672
7705
7706
8101
8102
8103
8106
8107
8110
8111
8112
8113
8116
8117
8118
8119
8122
8155
8156
8408
8409
8410
8411
8412
8414
8416
8417
8419
8420
8421
8423
8424
8425
8426
8426
7625
7628
7629
7632
7633
7634
7635
7638
7639
7640
7641
7644
7645
7646
7647
7650
8075
8078
8079
8082
8083
8084
8085
8088
8089
8090
8091
8094
8095
8096
8097
8100
8408
8409
8410
8411
8412
8413
8414
8415
8416
8417
8418
8421
8422
8423
8424
8424
7579
7580
7581
7582
7585
7586
7587
7612
7613
7616
7617
7618
7619
7622
7623
7624
8029
8030
8031
8032
8035
8036
8037
8062
8063
8066
8067
8068
8069
8072
8073
8074
8408
8409
8410
8411
8412
8413
8414
8415
8416
8417
8418
8419
8420
8421
8422
8422
7555
7556
7557
7558
7561
7562
7563
7564
7567
7568
7569
7570
7573
7574
7575
7576
8005
8006
8007
8008
8011
8012
8013
8014
8017
8018
8019
8020
8023
8024
8025
8026
8408
8409
8410
8411
8413
8414
8415
8416
8417
8418
8419
8420
8421
8421
8421
8421
7519
7520
7521
7524
7525
7526
7539
7540
7543
7544
7545
7546
7549
7550
7551
7552
7969
7970
7971
7974
7975
7976
7989
7990
7993
7994
7995
7996
7999
8000
8001
8002
8408
8409
8410
8411
8413
8414
8415
8416
8417
8418
8418
8418
8418
8418
8418
8418
7399
7402
7403
7404
7405
7408
7409
7412
7413
7508
7509
7512
7513
7514
7515
7518
7958
7959
7962
7963
7964
7965
7968
8320
8323
8324
8325
8326
8329
8330
8333
8334
8390
8393
8394
8395
8396
8398
8400
8403
8404
8407
8408
8409
8410
8411
8412
8413
8414
8414
8414
8414
8414
8414
8414
8414
8414
8414
8414
8414
8414
8414
8414
8414
7374
7375
7376
7377
7380
7381
7382
7383
7386
7387
7390
7391
7393
7396
7397
7398
8271
8272
8273
8275
8277
8278
8279
8281
8283
8285
8287
8289
8314
8317
8318
8319
8384
8387
8388
8389
8391
8393
8394
8395
8397
8398
8401
8403
8405
8406
8407
8407
7303
7304
7307
7308
7311
7312
7313
7314
7317
7318
7319
7320
7323
7324
7327
7371
8203
8205
8207
8228
8231
8232
8233
8234
8237
8238
8239
8240
8243
8244
8247
8269
8384
8385
8386
8388
8389
8390
8392
8394
8395
8396
8399
8400
8401
8402
8404
8405
8406
8406
8406
8406
8406
8406
8406
8406
8406
8406
8406
8406
8406
8406
8406
8406
7277
7278
7281
7282
7283
7284
7287
7288
7291
7292
7293
7294
7297
7298
7299
7300
8177
8179
8181
8182
8183
8185
8187
8189
8191
8192
8193
8195
8197
8198
8199
8201
8385
8386
8388
8389
8390
8391
8392
8394
8395
8397
8400
8401
8402
8403
8404
8404
7219
7222
7255
7256
7259
7260
7261
7262
7265
7266
7267
7268
7271
7272
7275
7276
8135
8138
8155
8157
8159
8160
8161
8163
8165
8166
8167
8169
8171
8173
8175
8176
8384
8385
8386
8387
8388
8389
8390
8391
8393
8395
8396
8397
8399
8401
8402
8403
7195
7196
7197
7200
7201
7202
7203
7206
7207
7210
7211
7212
7213
7216
7217
7218
8095
8096
8098
8100
8101
8102
8104
8106
8123
8126
8127
8128
8129
8132
8133
8134
8384
8386
8387
8388
8390
8391
8392
8393
8395
8397
8399
8400
8401
8401
8401
8401
7169
7172
7173
7174
7175
7178
7179
7182
7183
7184
7185
7188
7189
7190
7191
7194
8070
8072
8073
8074
8076
8078
8080
8082
8083
8084
8086
8088
8089
8090
8092
8094
8384
8385
8386
8387
8389
8390
8391
8392
8393
8394
8395
8396
8397
8398
8399
8400
7123
7124
7125
7126
7129
7130
7131
7132
7135
7136
7137
7162
7163
7166
7167
7168
8023
8024
8025
8038
8041
8042
8043
8044
8047
8048
8049
8062
8064
8066
8067
8068
8384
8385
8386
8387
8388
8389
8390
8392
8393
8394
8396
8397
8398
8398
8398
8398
7099
7100
7101
7102
7105
7106
7107
7108
7111
7112
7113
7114
7117
7118
7119
7120
7999
8000
8001
8003
8005
8006
8007
8009
8011
8012
8013
8015
8017
8018
8019
8021
8384
8385
8386
8387
8389
8390
8391
8392
8393
8394
8395
8396
8396
8396
8396
8396
7063
7064
7065
7068
7069
7070
7071
7074
7075
7076
7089
7090
7093
7094
7095
7096
7963
7964
7966
7968
7969
7970
7977
7980
7981
7982
7989
7991
7993
7994
7995
7997
8384
8385
8386
8387
8388
8389
8390
8391
8392
8393
8393
8393
8393
8393
8393
8393
6943
6946
6947
6948
6949
6952
6953
6954
6955
6958
6959
6962
6963
7058
7059
7062
7958
7960
7962
8315
8317
8318
8319
8321
8323
8324
8325
8327
8329
8331
8333
8335
8360
8363
8364
8365
8366
8369
8370
8371
8372
8374
8376
8379
8380
8383
8384
8385
8386
8388
8388
8388
8388
8388
8388
8388
8388
8388
8388
8388
8388
8388
8388
8388
6873
6874
6877
6921
6924
6925
6926
6927
6930
6931
6932
6933
6936
6937
6940
6941
8243
8245
8247
8292
8294
8295
8296
8298
8300
8301
8302
8304
8306
8308
8310
8312
8361
8363
8364
8365
8367
8369
8370
8371
8373
8374
8375
8376
8377
8378
8379
8381
8382
8382
8382
8382
8382
8382
8382
8382
8382
8382
8382
8382
8382
8382
8382
8382
6847
6848
6849
6850
6853
6854
6857
6858
6861
6862
6863
6864
6867
6868
6869
6870
8217
8218
8219
8221
8223
8225
8227
8229
8231
8232
8233
8235
8237
8238
8239
8241
8360
8362
8364
8365
8366
8368
8370
8371
8372
8373
8375
8377
8378
8380
8381
8381
6821
6822
6825
6826
6827
6828
6831
6832
6833
6834
6837
6838
6841
6842
6843
6844
8172
8173
8175
8176
8178
8179
8181
8182
8184
8185
8187
8209
8211
8212
8213
8215
8360
8361
8362
8364
8365
8366
8367
8368
8370
8376
8377
8378
8379
8380
8380
8380
6763
6766
6767
6768
6769
6772
6805
6806
6809
6810
6811
6812
6815
6816
6817
6818
8130
8132
8133
8134
8136
8138
8156
8157
8159
8160
8162
8163
8165
8166
8168
8169
8360
8361
8363
8364
8366
8367
8368
8369
8371
8372
8373
8375
8377
8378
8378
8378
6739
6740
6741
6744
6745
6746
6747
6750
6751
6752
6753
6756
6757
6760
6761
6762
8089
8090
8108
8110
8111
8112
8114
8116
8117
8118
8120
8122
8124
8126
8127
8128
8360
8361
8362
8363
8364
8367
8368
8369
8370
8371
8373
8374
8375
8376
8377
8377
6713
6716
6717
6718
6719
6722
6723
6724
6725
6728
6729
6732
6733
6734
6735
6738
8064
8066
8067
8069
8070
8072
8073
8075
8076
8079
8080
8082
8083
8085
8086
8088
8360
8361
8362
8363
8364
8365
8366
8367
8368
8369
8371
8372
8373
8374
8375
8375
6667
6668
6669
6670
6673
6674
6675
6676
6679
6680
6681
6682
6685
6686
6687
6712
8029
8030
8031
8033
8035
8036
8037
8039
8041
8042
8043
8045
8047
8048
8049
8063
8360
8362
8363
8365
8366
8367
8368
8369
8370
8372
8373
8374
8374
8374
8374
8374
6643
6644
6645
6646
6649
6650
6651
6652
6655
6656
6657
6658
6661
6662
6663
6664
7993
7994
7996
7997
7999
8000
8002
8003
8005
8006
8008
8009
8011
8012
8013
8027
8360
8361
8362
8363
8365
8366
8367
8368
8369
8370
8371
8372
8372
8372
8372
8372
4575
6608
6609
6612
6613
6614
6615
6618
6619
6620
6621
6624
6625
6626
6639
6640
7959
7960
7962
7963
7964
7972
7974
7975
7976
7978
7980
7981
7982
7990
7991
8245
8354
8359
8360
8361
8362
8363
8364
8365
8366
8367
8368
8368
8368
8368
8368
8368
4549
4550
4551
4554
4555
4558
4559
4562
4563
4564
4565
4568
4569
4570
4571
4574
8219
8220
8221
8224
8225
8228
8229
8232
8233
8234
8235
8238
8239
8240
8241
8244
8337
8338
8341
8342
8343
8344
8347
8348
8349
8350
8351
8353
8355
8358
8359
8359
4523
4524
4525
4528
4529
4530
4531
4534
4535
4538
4539
4542
4543
4544
4545
4548
8193
8194
8195
8198
8199
8200
8201
8204
8205
8208
8209
8212
8213
8214
8215
8218
8337
8339
8341
8342
8343
8344
8345
8347
8348
8350
8351
8354
8355
8357
8358
8358
4465
4466
4501
4502
4503
4506
4507
4508
4509
4512
4513
4514
4515
4518
4519
4522
8135
8136
8171
8172
8173
8176
8177
8178
8179
8182
8183
8184
8185
8188
8189
8192
8337
8338
8339
8341
8342
8343
8344
8345
8347
8349
8350
8353
8354
8355
8356
8357
4441
4442
4443
4444
4447
4448
4449
4450
4453
4454
4457
4458
4459
4460
4463
4464
8111
8112
8113
8114
8117
8118
8119
8120
8123
8124
8127
8128
8129
8130
8133
8134
8337
8338
8340
8341
8343
8344
8345
8346
8348
8349
8351
8354
8355
8355
8355
8355
4415
4416
4417
4418
4421
4422
4425
4426
4427
4428
4431
4432
4433
4434
4437
4438
8073
8074
8075
8076
8091
8092
8095
8096
8097
8098
8101
8102
8103
8104
8107
8108
8337
8338
8339
8340
8341
8344
8345
8346
8348
8349
8350
8351
8352
8353
8354
8354
4367
4368
4369
4372
4373
4374
4375
4378
4379
4404
4405
4406
4409
4410
4411
4412
8037
8038
8039
8042
8043
8044
8045
8048
8049
8062
8063
8064
8067
8068
8069
8070
8337
8338
8339
8340
8341
8342
8343
8344
8345
8346
8347
8350
8351
8352
8352
8352
4343
4344
4345
4348
4349
4350
4351
4354
4355
4356
4357
4360
4361
4362
4363
4366
8013
8014
8015
8018
8019
8020
8021
8024
8025
8026
8027
8030
8031
8032
8033
8036
8337
8338
8339
8340
8342
8343
8344
8345
8346
8347
8348
8349
8350
8350
8350
8350
4307
4308
4311
4312
4325
4326
4327
4330
4331
4332
4333
4336
4337
4338
4339
4342
7977
7978
7981
7982
7995
7996
7997
8000
8001
8002
8003
8006
8007
8008
8009
8012
8337
8338
8339
8340
8342
8343
8344
8345
8346
8347
8348
8348
8348
8348
8348
8348
3971
3974
3975
4288
4289
4290
4293
4294
4295
4296
4299
4300
4301
4302
4305
4306
7958
7959
7960
7963
7964
7965
7966
7969
7970
7971
7972
7975
7976
8261
8264
8265
8327
8330
8331
8336
8337
8338
8339
8340
8341
8342
8343
8344
8344
8344
8344
8344
3926
3928
3929
3930
3932
3934
3936
3958
3959
3962
3963
3964
3965
3968
3969
3970
8216
8218
8219
8220
8222
8224
8226
8248
8249
8252
8253
8254
8255
8258
8259
8260
8314
8315
8318
8319
8320
8321
8322
8324
8325
8326
8328
8330
8332
8335
8336
8336
3900
3902
3903
3904
3906
3908
3909
3910
3912
3914
3916
3918
3920
3922
3923
3924
8190
8192
8193
8194
8196
8198
8199
8200
8202
8204
8206
8208
8210
8212
8213
8214
8314
8316
8318
8319
8320
8321
8322
8324
8325
8327
8328
8331
8332
8334
8335
8335
3859
3860
3861
3862
3881
3882
3884
3886
3887
3888
3890
3892
3893
3894
3896
3898
8149
8150
8151
8152
8171
8172
8174
8176
8177
8178
8180
8182
8183
8184
8186
8188
8314
8315
8316
8319
8320
8321
8322
8323
8324
8325
8326
8327
8330
8331
8332
8333
8334
8334
8334
8334
8334
8334
8334
8334
8334
8334
8334
8334
8334
8334
8334
8334
3817
3819
3821
3822
3823
3825
3827
3828
3829
3831
3849
3850
3853
3854
3855
3856
8107
8109
8111
8112
8113
8115
8117
8118
8119
8121
8139
8140
8143
8144
8145
8146
8314
8315
8316
8317
8318
8320
8321
8322
8323
8325
8326
8328
8331
8332
8332
8332
3791
3793
3795
3796
3797
3799
3801
3803
3805
3806
3807
3809
3811
3812
3813
3815
8069
8071
8073
8074
8075
8077
8091
8093
8095
8096
8097
8099
8101
8102
8103
8105
8315
8316
8317
8318
8321
8322
8323
8325
8326
8327
8328
8329
8330
8330
8330
8330
3744
3746
3747
3760
3761
3764
3765
3766
3767
3770
3771
3784
3785
3787
3789
3790
8034
8036
8037
8050
8051
8054
8055
8056
8057
8060
8061
8062
8063
8065
8067
8068
8314
8315
8316
8317
8318
8319
8320
8321
8322
8323
8324
8327
8328
8329
8329
8329
3720
3722
3723
3724
3726
3728
3729
3730
3732
3734
3735
3736
3738
3740
3741
3742
8010
8012
8013
8014
8016
8018
8019
8020
8022
8024
8025
8026
8028
8030
8031
8032
8314
8315
8316
8317
8319
8320
8321
8322
8323
8324
8325
8326
8327
8327
8327
8327
3685
3686
3693
3694
3697
3698
3705
3706
3708
3710
3711
3712
3714
3716
3717
3718
7975
7976
7983
7984
7987
7988
7995
7996
7998
8000
8001
8002
8004
8006
8007
8008
8314
8315
8316
8317
8319
8320
8321
8322
8323
8324
8325
8325
8325
8325
8325
8325
3659
3660
3661
3664
3665
3668
3669
3671
3673
3674
3675
3677
3679
3680
3681
3683
7958
7959
7961
7963
7964
7965
7967
7969
7970
7971
7973
8259
8260
8262
8264
8266
8302
8303
8304
8307
8308
8313
8314
8315
8316
8317
8318
8319
8320
8321
8321
8321
3613
3614
3616
3618
3619
3620
3622
3624
3626
3648
3649
3652
3653
3654
3655
3658
8233
8234
8236
8238
8239
8240
8242
8244
8246
8248
8250
8252
8253
8254
8256
8258
8291
8292
8295
8296
8297
8298
8299
8301
8302
8303
8305
8307
8309
8312
8313
8313
3586
3588
3590
3592
3593
3594
3596
3598
3599
3600
3602
3604
3606
3608
3610
3612
8186
8189
8190
8192
8193
8195
8196
8198
8199
8201
8202
8205
8206
8228
8230
8232
8291
8292
8293
8295
8296
8298
8299
8301
8302
8304
8305
8308
8309
8310
8311
8312
3545
3546
3549
3550
3551
3552
3571
3572
3574
3576
3577
3578
3580
3582
3583
3584
8145
8147
8149
8150
8151
8153
8171
8173
8174
8176
8177
8179
8180
8182
8183
8185
8291
8292
8293
8296
8297
8298
8299
8300
8301
8302
8303
8304
8307
8308
8309
8310
3503
3505
3507
3509
3511
3512
3513
3515
3517
3518
3519
3521
3539
3540
3543
3544
8104
8105
8123
8125
8127
8128
8129
8131
8133
8134
8135
8137
8139
8141
8143
8144
8291
8292
8293
8294
8295
8297
8299
8300
8302
8303
8304
8305
8307
8308
8309
8309
3479
3480
3481
3483
3485
3486
3487
3489
3491
3493
3495
3496
3497
3499
3501
3502
8067
8068
8070
8071
8073
8074
8076
8077
8092
8093
8095
8096
8098
8099
8101
8102
8292
8293
8294
8295
8297
8298
8299
8300
8302
8303
8304
8305
8306
8307
8307
8307
3431
3432
3434
3436
3437
3450
3451
3454
3455
3456
3457
3460
3461
3474
3475
3477
8043
8044
8046
8048
8049
8050
8052
8054
8055
8056
8058
8060
8061
8062
8064
8065
8291
8292
8293
8294
8296
8297
8298
8299
8300
8301
8304
8305
8306
8306
8306
8306
3407
3408
3410
3412
3413
3414
3416
3418
3419
3420
3422
3424
3425
3426
3428
3430
8007
8009
8010
8012
8013
8015
8016
8018
8019
8021
8022
8024
8025
8038
8040
8042
8291
8292
8293
8294
8296
8297
8298
8299
8300
8301
8302
8303
8304
8304
8304
8304
3371
3373
3375
3376
3383
3384
3387
3388
3395
3396
3398
3400
3401
3402
3404
3406
7977
7979
7981
7982
7983
7985
7987
7988
7995
7997
7998
8000
8001
8003
8004
8006
8291
8292
8293
8294
8296
8298
8299
8300
8301
8301
8301
8301
8301
8301
8301
8301
3345
3348
3349
3350
3351
3354
3355
3358
3359
3361
3363
3364
3365
3367
3369
3370
7958
7960
7961
7963
7964
7966
7967
7969
7970
8256
8258
8259
8261
8262
8265
8266
8275
8278
8279
8280
8281
8284
8285
8290
8291
8292
8293
8294
8295
8296
8297
8297
3300
3302
3303
3304
3306
3308
3309
3310
3312
3314
3316
3338
3339
3342
3343
3344
8230
8232
8233
8235
8236
8238
8239
8241
8242
8245
8246
8249
8250
8252
8253
8255
8268
8269
8270
8272
8273
8274
8276
8278
8279
8280
8282
8284
8286
8289
8290
8290
3273
3274
3276
3278
3280
3282
3283
3284
3286
3288
3289
3290
3292
3294
3296
3298
8184
8185
8186
8209
8210
8212
8213
8215
8216
8218
8219
8221
8222
8225
8226
8229
8268
8269
8270
8272
8273
8275
8276
8278
8279
8281
8282
8284
8285
8286
8287
8288
8289
8289
8289
8289
8289
8289
8289
8289
8289
8289
8289
8289
8289
8289
8289
8289
3233
3234
3235
3236
3239
3240
3241
3242
3261
3262
3264
3266
3267
3268
3270
3272
8143
8144
8146
8147
8149
8150
8152
8153
8172
8173
8174
8176
8178
8179
8180
8182
8268
8269
8270
8271
8272
8273
8274
8275
8276
8277
8278
8279
8280
8281
8286
8287
3191
3192
3193
3195
3197
3199
3201
3202
3203
3205
3207
3208
3209
3211
3229
3230
8117
8118
8120
8121
8124
8125
8127
8128
8130
8131
8133
8134
8136
8137
8140
8141
8268
8269
8270
8271
8272
8274
8276
8277
8279
8280
8281
8282
8284
8285
8286
8286
3165
3167
3169
3170
3171
3173
3175
3176
3177
3179
3181
3183
3185
3186
3187
3189
8064
8065
8067
8069
8070
8071
8073
8075
8076
8077
8108
8109
8111
8112
8114
8115
8269
8270
8271
8272
8274
8275
8276
8279
8280
8281
8282
8283
8284
8284
8284
8284
3118
3120
3121
3122
3124
3126
3127
3140
3141
3144
3145
3146
3147
3150
3151
3164
8040
8042
8043
8045
8046
8048
8049
8051
8052
8054
8055
8057
8058
8060
8061
8063
8268
8269
8270
8271
8273
8274
8275
8276
8277
8278
8281
8282
8283
8283
8283
8283
3094
3096
3097
3098
3100
3102
3103
3104
3106
3108
3109
3110
3112
3114
3115
3116
8004
8006
8008
8009
8010
8012
8013
8027
8028
8030
8031
8033
8034
8036
8037
8039
8268
8269
8270
8271
8273
8274
8275
8276
8277
8278
8279
8280
8281
8281
8281
8281
3059
3060
3061
3063
3065
3066
3073
3074
3077
3078
3085
3086
3088
3090
3091
3092
7975
7976
7978
7979
7981
7982
7984
7985
7987
7988
7996
7997
7998
8000
8002
8003
8268
8269
8270
8271
8273
8274
8275
8276
8277
8278
8278
8278
8278
8278
8278
8278
3013
3016
3017
3018
3019
3022
3023
3024
3025
3048
3049
3051
3053
3054
3055
3057
7959
7960
7961
7963
7964
7972
7973
8157
8160
8161
8162
8163
8166
8167
8168
8169
8250
8252
8254
8255
8256
8259
8260
8261
8262
8267
8268
8269
8270
8271
8272
8273
8274
8274
8274
8274
8274
8274
8274
8274
8274
8274
8274
8274
8274
8274
8274
8274
2955
2956
2959
2960
2961
2964
2965
2966
2967
2970
2971
2972
2973
2976
3011
3012
8119
8120
8122
8123
8124
8126
8128
8129
8130
8132
8134
8135
8136
8138
8155
8156
8248
8249
8251
8252
8254
8255
8257
8259
8260
8261
8262
8263
8265
8266
8267
8267
2931
2932
2933
2936
2937
2938
2939
2942
2943
2944
2947
2948
2949
2950
2953
2954
8096
8097
8098
8100
8102
8103
8104
8106
8107
8108
8110
8112
8113
8114
8116
8118
8248
8250
8251
8252
8254
8255
8256
8257
8259
8261
8262
8263
8264
8265
8265
8265
2883
2884
2885
2888
2889
2914
2915
2916
2919
2920
2921
2922
2925
2926
2927
2930
8043
8044
8045
8047
8049
8078
8079
8080
8083
8084
8085
8086
8089
8091
8092
8094
8248
8249
8250
8251
8253
8254
8255
8256
8257
8258
8262
8263
8264
8264
8264
8264
2859
2860
2861
2864
2865
2866
2867
2870
2871
2872
2873
2876
2877
2878
2879
2882
8019
8020
8021
8023
8025
8026
8027
8029
8031
8032
8033
8035
8037
8038
8039
8041
8248
8249
8250
8251
8253
8254
8255
8256
8257
8258
8260
8261
8262
8262
8262
8262
2835
2836
2837
2840
2841
2842
2843
2846
2847
2848
2849
2852
2853
2854
2855
2858
7989
7990
7991
7994
8001
8002
8003
8005
8007
8008
8009
8011
8013
8014
8015
8017
8248
8249
8250
8251
8253
8254
8255
8256
8257
8258
8259
8260
8260
8260
8260
8260
2799
2800
2803
2804
2805
2806
2809
2810
2811
2812
2815
2816
2817
2818
2821
2822
7959
7960
7962
7964
7965
7966
7968
7970
7971
7972
7974
7976
7977
7978
7980
7982
8248
8249
8250
8251
8252
8253
8254
8255
8256
8256
8256
8256
8256
8256
8256
8256
2218
2219
2220
2223
2241
2242
2244
2246
2247
2248
2250
2252
2253
2254
2256
2798
7958
8150
8151
8152
8154
8155
8156
8158
8160
8161
8162
8164
8166
8167
8168
8170
8228
8229
8230
8232
8234
8235
8236
8239
8240
8241
8242
8243
8246
8247
8248
8252
2177
2178
2179
2181
2183
2184
2185
2187
2189
2207
2208
2211
2212
2213
2214
2217
8110
8112
8113
8115
8116
8118
8119
8121
8122
8139
8140
8142
8144
8145
8146
8148
8228
8229
8231
8232
8234
8235
8236
8237
8239
8240
8242
8243
8245
8246
8246
8246
2151
2153
2155
2156
2158
2160
2161
2162
2164
2166
2167
2168
2170
2172
2173
2175
8085
8087
8089
8091
8093
8094
8096
8097
8099
8100
8102
8103
8105
8106
8107
8109
8228
8229
8230
8231
8232
8235
8236
8237
8238
8239
8241
8242
8243
8244
8245
8245
2104
2106
2107
2120
2121
2124
2125
2126
2127
2130
2131
2144
2145
2147
2149
2150
8034
8035
8037
8050
8051
8053
8055
8056
8057
8059
8061
8078
8079
8081
8083
8084
8228
8229
8230
8231
8233
8234
8235
8236
8237
8238
8241
8242
8243
8243
8243
8243
2080
2082
2083
2084
2086
2088
2089
2090
2092
2094
2095
2096
2098
2100
2101
2102
8010
8011
8013
8014
8016
8017
8019
8020
8022
8023
8025
8026
8028
8029
8031
8032
8228
8229
8230
8231
8233
8234
8235
8236
8237
8238
8239
8240
8241
8241
8241
8241
2045
2046
2053
2054
2057
2058
2065
2066
2068
2070
2071
2072
2074
2076
2077
2078
7974
7976
7983
7984
7986
7988
7989
7990
7992
7994
8001
8002
8004
8005
8007
8008
8228
8229
8230
8231
8233
8234
8235
8236
8237
8238
8239
8239
8239
8239
8239
8239
2020
2022
2023
2024
2026
2028
2029
2031
2033
2034
2035
2037
2039
2040
2041
2043
7958
7959
7961
7962
7964
7965
7967
7968
7970
7971
7973
8164
8166
8167
8169
8170
8216
8219
8220
8221
8222
8227
8228
8229
8230
8231
8232
8233
8234
8235
8235
8235
1978
1981
1982
1983
1984
1987
1988
1989
1990
1993
2011
2012
2014
2016
2017
2018
8141
8142
8144
8145
8147
8148
8150
8151
8153
8154
8155
8157
8158
8160
8161
8163
8208
8209
8210
8211
8212
8214
8215
8217
8219
8220
8221
8223
8226
8227
8227
8227
1937
1938
1940
1942
1943
1945
1947
1948
1949
1951
1953
1954
1955
1957
1959
1977
8102
8104
8105
8106
8123
8125
8126
8128
8129
8131
8132
8134
8135
8137
8138
8139
8208
8210
8211
8212
8214
8216
8217
8219
8220
8221
8222
8223
8224
8225
8226
8226
1901
1914
1915
1917
1919
1920
1921
1923
1925
1926
1928
1930
1931
1932
1934
1936
8061
8078
8080
8081
8083
8084
8086
8087
8089
8092
8093
8094
8096
8098
8099
8100
8208
8209
8210
8211
8212
8213
8214
8215
8216
8217
8218
8222
8223
8224
8224
8224
1865
1866
1868
1870
1871
1872
1874
1876
1877
1890
1891
1894
1895
1896
1897
1900
8025
8038
8040
8041
8043
8044
8046
8047
8049
8050
8052
8053
8055
8056
8058
8059
8208
8209
8210
8211
8213
8214
8215
8216
8217
8218
8220
8221
8222
8222
8222
8222
1841
1842
1844
1846
1847
1848
1850
1852
1853
1854
1856
1858
1859
1860
1862
1864
8001
8003
8004
8005
8007
8009
8010
8011
8013
8015
8016
8017
8019
8021
8022
8023
8208
8209
8210
8211
8213
8214
8215
8216
8217
8218
8219
8220
8220
8220
8220
8220
1805
1807
1809
1810
1811
1813
1815
1816
1823
1824
1827
1828
1835
1836
1838
1840
7966
7967
7968
7970
7977
7979
7980
7982
7983
7985
7986
7988
7989
7991
7992
7994
8208
8209
8210
8211
8213
8214
8215
8216
8217
8217
8217
8217
8217
8217
8217
8217
1781
1782
1784
1786
1787
1788
1790
1792
1793
1794
1796
1798
1799
1801
1803
1804
7958
7960
7961
7962
7964
8156
8157
8158
8160
8162
8163
8164
8166
8168
8169
8170
8188
8189
8190
8192
8194
8195
8196
8199
8200
8201
8202
8207
8208
8209
8210
8211
8212
8213
8213
8213
8213
8213
8213
8213
8213
8213
8213
8213
8213
8213
8213
8213
1723
1724
1725
1727
1729
1747
1748
1751
1752
1753
1754
1757
1758
1759
1760
1763
8132
8134
8136
8137
8138
8140
8141
8142
8144
8146
8147
8148
8150
8152
8153
8154
8188
8189
8191
8192
8194
8195
8197
8199
8200
8201
8202
8203
8205
8206
8206
8206
1698
1700
1701
1702
1704
1706
1707
1708
1710
1712
1713
1715
1717
1718
1719
1721
8109
8110
8112
8114
8115
8116
8118
8120
8121
8122
8124
8125
8126
8128
8130
8131
8188
8190
8191
8192
8194
8195
8196
8197
8199
8201
8202
8203
8204
8205
8205
8205
1661
1664
1665
1666
1667
1670
1671
1684
1685
1687
1689
1690
1691
1693
1695
1696
8052
8053
8055
8057
8058
8059
8061
8079
8080
8081
8083
8085
8086
8087
8089
8108
8188
8189
8190
8191
8193
8194
8195
8196
8197
8198
8202
8203
8204
8204
8204
8204
1626
1628
1629
1630
1632
1634
1635
1636
1638
1640
1641
1642
1644
1646
1647
1660
8028
8029
8031
8033
8034
8035
8037
8039
8040
8041
8043
8045
8046
8047
8049
8051
8188
8190
8191
8193
8194
8195
8196
8197
8198
8200
8201
8202
8202
8202
8202
8202
1597
1598
1605
1606
1608
1610
1611
1612
1614
1616
1617
1618
1620
1622
1623
1624
7986
7988
7990
7991
7992
7994
8002
8003
8004
8005
8008
8009
8010
8011
8013
8027
8188
8189
8190
8191
8193
8194
8195
8196
8197
8198
8199
8200
8200
8200
8200
8200
1566
1568
1569
1571
1573
1574
1575
1577
1579
1580
1581
1583
1585
1586
1593
1594
7959
7960
7961
7962
7964
7972
7973
7974
7976
7978
7979
7980
7982
7984
7985
8164
8180
8187
8188
8189
8190
8191
8192
8193
8194
8195
8196
8196
8196
8196
8196
8196
1519
1532
1533
1534
1537
1538
1539
1540
1543
1556
1557
1558
1560
1562
1563
1564
8132
8139
8140
8141
8142
8145
8146
8147
8148
8155
8156
8157
8158
8161
8162
8163
8171
8172
8173
8174
8175
8177
8178
8179
8181
8185
8186
8187
8187
8187
8187
8187
1495
1496
1497
1499
1501
1502
1503
1505
1507
1508
1509
1511
1513
1514
1515
1517
8100
8107
8108
8109
8110
8113
8114
8115
8116
8123
8124
8125
8126
8129
8130
8131
8171
8172
8173
8174
8175
8177
8178
8179
8180
8181
8183
8184
8185
8185
8185
8185
1471
1472
1474
1476
1477
1478
1479
1481
1483
1484
1485
1487
1489
1490
1491
1493
7990
7991
7992
7994
8001
8002
8003
8004
8005
8091
8092
8093
8094
8097
8098
8099
8171
8172
8173
8174
8175
8176
8178
8179
8180
8181
8182
8183
8183
8183
8183
8183
1435
1436
1438
1440
1441
1442
1443
1445
1447
1448
1456
1457
1458
1461
1462
1470
7971
7972
7973
7974
7976
7977
7978
7979
7980
7982
7983
7984
7985
7986
7988
7989
8171
8172
8173
8174
8175
8176
8178
8179
8180
8181
8181
8181
8181
8181
8181
8181
1387
1389
1391
1404
1405
1406
1409
1410
1411
1412
1415
1428
1429
1431
1433
1434
7965
7966
7967
7968
7970
8045
8046
8048
8050
8051
8052
8054
8056
8057
8058
8060
8155
8156
8157
8159
8161
8162
8163
8164
8165
8169
8170
8172
8173
8174
8175
8176
8177
8177
8177
8177
8177
8177
8177
8177
8177
8177
8177
8177
8177
8177
8177
8177
1363
1365
1367
1368
1369
1371
1373
1374
1375
1377
1379
1380
1381
1383
1385
1386
8021
8022
8024
8026
8027
8028
8030
8032
8033
8034
8036
8038
8039
8040
8042
8044
8155
8156
8157
8158
8159
8161
8163
8164
8165
8167
8168
8169
8169
8169
8169
8169
1333
1336
1343
1344
1345
1347
1349
1350
1351
1353
1355
1356
1357
1359
1361
1362
7985
7987
7995
7996
7997
7998
8007
8008
8009
8010
8012
8014
8015
8016
8018
8020
8155
8156
8157
8158
8159
8161
8162
8163
8164
8165
8166
8167
8167
8167
8167
8167
1304
1306
1307
1308
1310
1312
1313
1314
1316
1318
1319
1320
1322
1324
1331
1332
7961
7963
7965
7966
7967
7969
7971
7972
7973
7975
7977
7978
7979
7981
7983
7984
8155
8156
8157
8158
8159
8160
8161
8162
8163
8164
8164
8164
8164
8164
8164
8164
1129
1130
1131
1134
1135
1160
1161
1162
1165
1166
1167
1168
1171
1300
1301
1302
7958
7959
7960
8042
8044
8045
8047
8048
8078
8079
8080
8082
8084
8085
8086
8088
8139
8140
8141
8143
8145
8146
8147
8148
8149
8153
8154
8155
8156
8157
8160
8160
1105
1106
1107
1110
1111
1112
1113
1116
1117
1118
1119
1122
1123
1124
1125
1128
8018
8020
8021
8023
8024
8026
8027
8029
8030
8032
8033
8035
8036
8038
8039
8041
8139
8140
8141
8142
8143
8145
8146
8147
8148
8149
8151
8152
8153
8153
8153
8153
1081
1082
1083
1086
1087
1088
1089
1092
1093
1094
1095
1098
1099
1100
1101
1104
7989
7990
7991
7993
7995
7996
7997
7999
8007
8008
8009
8011
8012
8014
8015
8017
8139
8140
8141
8142
8143
8145
8146
8147
8148
8149
8150
8151
8151
8151
8151
8151
1045
1046
1049
1050
1051
1052
1055
1056
1057
1058
1061
1062
1063
1064
1067
1068
7959
7960
7962
7963
7965
7966
7968
7969
7971
7972
7974
7975
7977
7978
7980
7981
8139
8140
8141
8142
8143
8144
8145
8146
8147
8147
8147
8147
8147
8147
8147
8147
881
884
885
886
887
890
891
904
905
907
909
910
911
913
915
1044
7958
8051
8053
8054
8056
8057
8059
8060
8078
8079
8081
8082
8084
8085
8087
8088
8123
8124
8125
8126
8127
8129
8130
8131
8132
8133
8137
8138
8139
8144
8144
8144
846
848
849
850
852
854
855
856
858
860
861
862
864
866
867
880
8016
8017
8018
8020
8022
8023
8024
8026
8028
8029
8030
8032
8034
8035
8036
8050
8123
8125
8126
8127
8129
8130
8131
8132
8133
8135
8136
8137
8137
8137
8137
8137
817
818
825
826
828
830
831
832
834
836
837
838
840
842
843
844
7986
7987
7989
7990
7992
7993
7995
7996
7998
7999
8007
8008
8010
8011
8012
8014
8123
8124
8125
8126
8127
8129
8130
8131
8132
8133
8134
8135
8135
8135
8135
8135
787
788
789
791
793
794
795
797
799
800
801
803
805
806
813
814
7958
7959
7961
7962
7963
7965
7967
7968
7969
7971
7973
7974
7975
7983
7984
8088
8117
8122
8123
8124
8125
8126
8127
8128
8129
8130
8131
8131
8131
8131
8131
8131
739
752
753
756
757
758
759
762
763
776
777
779
781
782
783
785
8048
8050
8052
8053
8054
8056
8058
8059
8060
8078
8080
8081
8082
8084
8086
8087
8107
8108
8109
8110
8111
8113
8114
8115
8116
8117
8120
8121
8122
8122
8122
8122
715
716
718
720
721
722
724
726
727
728
730
732
733
734
736
738
8012
8015
8016
8017
8018
8021
8022
8023
8024
8038
8040
8041
8042
8044
8046
8047
8107
8108
8109
8110
8111
8113
8114
8115
8116
8117
8118
8119
8120
8120
8120
8120
685
686
689
690
697
698
700
702
703
704
706
708
709
710
712
714
7983
7985
7986
7987
7989
7991
7992
7993
7995
7997
7998
7999
8007
8009
8010
8011
8107
8108
8109
8110
8111
8113
8114
8115
8116
8117
8118
8118
8118
8118
8118
8118
655
657
659
660
661
663
665
666
667
669
671
672
673
675
677
678
7958
7960
7961
7962
7963
7966
7967
7968
7969
7977
7979
7980
7981
8086
8087
8088
8098
8099
8101
8106
8107
8108
8109
8110
8111
8112
8113
8114
8114
8114
8114
8114
608
610
611
624
625
628
629
630
631
634
635
648
649
651
653
654
8046
8047
8048
8051
8052
8053
8054
8057
8058
8059
8060
8079
8080
8081
8082
8085
8091
8092
8093
8094
8095
8097
8098
8099
8100
8101
8104
8105
8106
8106
8106
8106
584
586
587
588
590
592
593
594
596
598
599
600
602
604
605
606
8010
8011
8012
8027
8028
8029
8030
8033
8034
8035
8036
8039
8040
8041
8042
8045
8091
8092
8093
8094
8095
8097
8098
8099
8100
8101
8102
8103
8104
8104
8104
8104
549
550
557
558
561
562
569
570
572
574
575
576
578
580
581
582
7980
7981
7984
7985
7986
7987
7990
7991
7992
7993
7996
7997
7998
7999
8008
8009
8091
8092
8093
8094
8095
8097
8098
8099
8100
8101
8102
8102
8102
8102
8102
8102
524
526
527
528
530
532
533
535
537
538
539
541
543
544
545
547
7959
7960
7961
7962
7963
7972
7973
7974
7975
7978
7979
8065
8068
8069
8070
8071
8081
8084
8085
8086
8087
8090
8091
8092
8093
8094
8095
8096
8097
8098
8098
8098
494
497
498
506
507
508
510
512
513
514
515
517
519
520
521
522
7985
7987
7988
7995
7996
7997
7998
8000
8001
8002
8003
8004
8006
8062
8063
8064
8078
8079
8080
8081
8082
8083
8087
8088
8089
8090
8090
8090
8090
8090
8090
8090
465
467
469
470
471
472
474
476
477
478
479
481
483
484
492
493
7966
7967
7969
7970
7971
7972
7973
7975
7976
7977
7978
7979
7981
7982
7983
7984
8078
8079
8080
8081
8082
8083
8084
8085
8086
8087
8087
8087
8087
8087
8087
8087
417
419
421
422
423
425
427
440
441
442
445
446
447
448
451
464
7965
8039
8040
8041
8044
8045
8046
8047
8050
8051
8052
8053
8056
8057
8058
8059
8062
8063
8064
8065
8066
8068
8069
8070
8071
8072
8076
8077
8079
8084
8084
8084
393
395
397
398
399
401
403
404
405
407
409
410
411
413
415
416
8015
8016
8017
8020
8021
8022
8023
8026
8027
8028
8029
8032
8033
8034
8035
8038
8062
8064
8065
8066
8068
8069
8070
8071
8072
8074
8075
8076
8076
8076
8076
8076
358
360
367
368
369
372
379
380
381
383
385
386
387
389
391
392
7979
7980
7983
7984
7985
7986
7989
7990
7991
7992
8007
8008
8009
8010
8011
8014
8062
8063
8064
8065
8066
8068
8069
8070
8071
8072
8073
8074
8074
8074
8074
8074
279
336
337
338
340
342
343
344
346
348
349
350
352
354
355
356
7958
7959
7960
7961
7962
7965
7966
7967
7968
7971
7972
7973
7974
7977
7978
8006
8054
8061
8062
8063
8064
8065
8066
8067
8068
8069
8070
8070
8070
8070
8070
8070
243
244
259
260
261
264
265
266
267
268
271
272
273
274
275
278
7981
7982
7989
7990
7991
7993
7994
7995
7996
7997
7999
8000
8001
8002
8003
8005
8050
8051
8052
8053
8054
8055
8058
8059
8060
8061
8061
8061
8061
8061
8061
8061
164
166
167
224
225
228
229
230
231
232
235
236
237
238
239
242
7965
7966
7968
7969
7970
7971
7972
7974
7975
7976
7977
7978
7980
8004
8005
8006
8040
8041
8042
8049
8050
8051
8052
8053
8054
8055
8056
8057
8058
8058
8058
8058
134
137
138
139
147
148
150
152
153
154
155
157
159
160
161
162
7984
7986
7987
7988
7989
7990
7992
7993
7994
7995
7996
7998
7999
8000
8001
8002
8038
8039
8040
8041
8042
8043
8046
8047
8048
8049
8049
8049
8049
8049
8049
8049
105
106
108
110
111
112
114
116
117
118
119
121
123
124
125
133
7965
7967
7968
7969
7970
7971
7973
7974
7975
7976
7983
8001
8003
8004
8005
8006
8026
8027
8028
8029
8030
8037
8038
8039
8040
8041
8042
8043
8044
8045
8046
8046
69
77
78
81
82
83
91
92
94
96
97
98
99
101
103
104
7982
7983
7985
7986
7987
7988
7989
7991
7992
7993
7994
7995
7997
7998
7999
8000
8026
8027
8028
8029
8030
8031
8033
8034
8035
8036
8036
8036
8036
8036
8036
8036
47
48
49
50
52
54
55
56
58
60
61
62
63
65
67
68
7966
7967
7968
7969
7970
7977
7979
7980
7981
7999
8000
8002
8003
8004
8005
8006
8014
8015
8016
8017
8018
8019
8024
8025
8026
8027
8028
8029
8030
8031
8032
8033
11
12
13
21
22
25
26
27
35
36
38
40
41
42
43
45
7980
7981
7982
7984
7985
7986
7987
7988
7990
7991
7992
7993
7994
7996
7997
7998
8014
8015
8016
8017
8018
8019
8021
8022
8023
8024
8024
8024
8024
8024
8024
8024
0
2
4
5
6
7
9
5692
5695
5696
5697
5698
5701
5702
5705
5706
7871
7874
7875
7876
7877
7880
7881
7884
7885
7940
7943
7944
7945
7946
7948
7950
7953
7954
7957
7972
7973
7974
7975
7976
7978
7979
8014
8015
8016
8017
8018
8019
8020
8021
8021
8021
8021
8021
8021
8021
8021
8021
8021
8021
8021
8021
8021
8021
5643
5644
5645
5647
5649
5650
5651
5653
5655
5657
5659
5661
5686
5689
5690
5691
7824
7825
7826
7828
7830
7831
7832
7834
7836
7838
7840
7842
7865
7868
7869
7870
7934
7937
7938
7939
7941
7943
7944
7945
7947
7948
7951
7953
7955
7956
7957
7957
5575
5577
5579
5600
5603
5604
5605
5606
5609
5610
5611
5612
5615
5616
5619
5641
7753
7755
7757
7778
7781
7782
7783
7784
7787
7788
7789
7790
7793
7794
7797
7822
7934
7935
7936
7938
7939
7940
7942
7944
7945
7946
7949
7950
7951
7952
7954
7955
7956
7956
7956
7956
7956
7956
7956
7956
7956
7956
7956
7956
7956
7956
7956
7956
5549
5551
5553
5554
5555
5557
5559
5561
5563
5564
5565
5567
5569
5570
5571
5573
7727
7729
7731
7732
7733
7735
7737
7739
7741
7742
7743
7745
7747
7748
7749
7751
7935
7936
7938
7939
7940
7941
7942
7944
7945
7947
7950
7951
7952
7953
7954
7954
5507
5510
5527
5529
5531
5532
5533
5535
5537
5538
5539
5541
5543
5545
5547
5548
7685
7688
7705
7707
7709
7710
7711
7713
7715
7716
7717
7719
7721
7723
7725
7726
7934
7935
7936
7937
7938
7939
7940
7941
7943
7945
7946
7947
7949
7951
7952
7953
5467
5468
5470
5472
5473
5474
5476
5478
5495
5498
5499
5500
5501
5504
5505
5506
7645
7646
7648
7650
7651
7652
7654
7656
7673
7676
7677
7678
7679
7682
7683
7684
7934
7936
7937
7938
7940
7941
7942
7943
7945
7947
7949
7950
7951
7951
7951
7951
5442
5444
5445
5446
5448
5450
5452
5454
5455
5456
5458
5460
5461
5462
5464
5466
7620
7622
7623
7624
7626
7628
7630
7632
7633
7634
7636
7638
7639
7640
7642
7644
7934
7935
7936
7937
7939
7940
7941
7942
7943
7944
7945
7946
7947
7948
7949
7950
5395
5396
5397
5410
5413
5414
5415
5416
5419
5420
5421
5434
5436
5438
5439
5440
7573
7574
7575
7588
7591
7592
7593
7594
7597
7598
7599
7612
7614
7616
7617
7618
7934
7935
7936
7937
7938
7939
7940
7942
7943
7944
7946
7947
7948
7948
7948
7948
5371
5372
5373
5375
5377
5378
5379
5381
5383
5384
5385
5387
5389
5390
5391
5393
7549
7550
7551
7553
7555
7556
7557
7559
7561
7562
7563
7565
7567
7568
7569
7571
7934
7935
7936
7937
7939
7940
7941
7942
7943
7944
7945
7946
7946
7946
7946
7946
5335
5336
5338
5340
5341
5342
5349
5352
5353
5354
5361
5363
5365
5366
5367
5369
7513
7514
7516
7518
7519
7520
7527
7530
7531
7532
7539
7541
7543
7544
7545
7547
7934
7935
7936
7937
7938
7939
7940
7941
7942
7943
7943
7943
7943
7943
7943
7943
5284
5287
5288
5289
5290
5293
5294
5295
5296
5299
5300
5303
5304
5330
5332
5334
7508
7510
7512
7866
7868
7869
7870
7872
7874
7875
7876
7878
7880
7882
7884
7886
7910
7913
7914
7915
7916
7919
7920
7921
7922
7924
7926
7929
7930
7933
7934
7935
7936
7938
7938
7938
7938
7938
7938
7938
7938
7938
7938
7938
7938
7938
7938
7938
5213
5214
5217
5239
5241
5242
5243
5245
5247
5248
5249
5251
5253
5255
5257
5259
7793
7795
7797
7844
7846
7847
7848
7850
7852
7853
7854
7856
7858
7860
7862
7864
7911
7913
7914
7915
7917
7919
7920
7921
7923
7924
7925
7926
7927
7928
7929
7931
7932
7932
7932
7932
7932
7932
7932
7932
7932
7932
7932
7932
7932
7932
7932
7932
5167
5168
5169
5171
5173
5175
5177
5198
5201
5202
5203
5204
5207
5208
5209
5210
7767
7768
7769
7771
7773
7775
7777
7779
7781
7782
7783
7785
7787
7788
7789
7791
7910
7912
7914
7915
7916
7918
7920
7921
7922
7923
7925
7927
7928
7930
7931
7931
5141
5143
5145
5146
5147
5149
5151
5152
5153
5155
5157
5159
5161
5162
5163
5165
7722
7723
7725
7726
7728
7729
7731
7732
7734
7735
7737
7759
7761
7762
7763
7765
7910
7911
7912
7914
7915
7916
7917
7918
7920
7926
7927
7928
7929
7930
7930
7930
5099
5102
5103
5104
5105
5108
5125
5127
5129
5130
5131
5133
5135
5136
5137
5139
7680
7682
7683
7684
7686
7688
7706
7707
7709
7710
7712
7713
7715
7716
7718
7719
7910
7911
7913
7914
7916
7917
7918
7919
7921
7922
7923
7925
7927
7928
7928
7928
5059
5060
5062
5064
5065
5066
5068
5070
5071
5072
5074
5076
5093
5096
5097
5098
7639
7640
7658
7660
7661
7662
7664
7666
7667
7668
7670
7672
7674
7676
7677
7678
7910
7911
7912
7913
7914
7917
7918
7919
7920
7921
7923
7924
7925
7926
7927
7927
5034
5036
5037
5038
5040
5042
5043
5044
5046
5048
5050
5052
5053
5054
5056
5058
7614
7616
7617
7619
7620
7622
7623
7625
7626
7629
7630
7632
7633
7635
7636
7638
7910
7911
7912
7913
7914
7915
7916
7917
7918
7919
7921
7922
7923
7924
7925
7925
4987
4988
4989
4991
4993
4994
4995
5008
5011
5012
5013
5014
5017
5018
5019
5032
7579
7580
7581
7583
7585
7586
7587
7589
7591
7592
7593
7595
7597
7598
7599
7613
7910
7912
7913
7915
7916
7917
7918
7919
7920
7922
7923
7924
7924
7924
7924
7924
4963
4964
4965
4967
4969
4970
4971
4973
4975
4976
4977
4979
4981
4982
4983
4985
7543
7544
7546
7547
7549
7550
7552
7553
7555
7556
7558
7559
7561
7562
7563
7577
7910
7911
7912
7913
7915
7916
7917
7918
7919
7920
7921
7922
7922
7922
7922
7922
4905
4928
4930
4932
4933
4934
4936
4938
4939
4940
4947
4950
4951
4952
4959
4961
7509
7510
7512
7513
7514
7522
7524
7525
7526
7528
7530
7531
7532
7540
7541
7882
7904
7909
7910
7911
7912
7913
7914
7915
7916
7917
7918
7918
7918
7918
7918
7918
4859
4860
4862
4864
4866
4888
4889
4892
4893
4894
4895
4898
4899
4900
4901
4904
7854
7855
7856
7859
7860
7865
7866
7869
7870
7871
7872
7875
7876
7877
7878
7881
7887
7888
7891
7892
7893
7894
7897
7898
7899
7900
7901
7903
7905
7908
7909
7909
4833
4834
4836
4838
4839
4840
4842
4844
4846
4848
4850
4852
4853
4854
4856
4858
7826
7827
7828
7831
7832
7833
7834
7837
7838
7843
7844
7847
7848
7849
7850
7853
7887
7889
7891
7892
7893
7894
7895
7897
7898
7900
7901
7904
7905
7907
7908
7908
4790
4793
4811
4812
4814
4816
4817
4818
4820
4822
4823
4824
4826
4828
4830
4832
7686
7688
7705
7706
7707
7710
7711
7712
7713
7716
7717
7718
7719
7821
7822
7825
7887
7888
7889
7891
7893
7894
7895
7898
7899
7900
7901
7902
7905
7906
7907
7907
4749
4751
4753
4754
4755
4757
4759
4777
4778
4781
4782
4783
4784
4787
4788
4789
7663
7664
7666
7668
7669
7670
7672
7673
7674
7676
7678
7679
7680
7682
7684
7685
7887
7888
7890
7891
7893
7894
7895
7896
7898
7899
7901
7902
7904
7905
7905
7905
4725
4726
4728
4730
4731
4732
4734
4736
4737
4738
4740
4742
4743
4745
4747
4748
7639
7641
7642
7644
7646
7647
7648
7650
7652
7653
7654
7656
7657
7658
7660
7662
7887
7888
7889
7890
7891
7894
7895
7896
7897
7898
7900
7901
7902
7903
7904
7904
4677
4690
4691
4694
4695
4696
4697
4700
4701
4714
4715
4717
4719
4720
4721
4723
7587
7588
7589
7591
7593
7594
7595
7597
7599
7628
7629
7630
7633
7634
7635
7636
7887
7888
7889
7890
7892
7893
7894
7895
7896
7897
7900
7901
7902
7902
7902
7902
4653
4654
4656
4658
4659
4660
4662
4664
4665
4666
4668
4670
4671
4672
4674
4676
7563
7564
7565
7567
7569
7570
7571
7573
7575
7576
7577
7579
7581
7582
7583
7585
7887
7888
7889
7890
7892
7893
7894
7895
7896
7897
7898
7899
7900
7900
7900
7900
4623
4624
4627
4628
4635
4636
4638
4640
4641
4642
4644
4646
4647
4648
4650
4652
7527
7528
7530
7532
7539
7540
7541
7544
7551
7552
7553
7555
7557
7558
7559
7561
7887
7888
7889
7890
7892
7893
7894
7895
7896
7897
7898
7898
7898
7898
7898
7898
4243
4244
4247
4598
4599
4601
4603
4604
4605
4607
4609
4610
4611
4613
4615
4616
7508
7509
7510
7512
7514
7515
7516
7518
7520
7521
7522
7524
7526
7772
7774
7776
7879
7881
7883
7886
7887
7888
7889
7890
7891
7892
7893
7894
7894
7894
7894
7894
4217
4218
4219
4220
4223
4224
4227
4228
4231
4232
4233
4234
4237
4238
4239
4240
7746
7748
7749
7750
7752
7754
7756
7758
7760
7762
7763
7764
7766
7768
7769
7770
7865
7867
7869
7870
7871
7873
7875
7876
7877
7878
7879
7882
7883
7885
7886
7886
4191
4192
4195
4196
4197
4198
4201
4202
4203
4204
4207
4208
4211
4212
4213
4214
7721
7722
7724
7726
7727
7728
7730
7732
7733
7734
7736
7738
7740
7742
7743
7744
7865
7866
7867
7869
7870
7871
7872
7873
7875
7881
7882
7883
7884
7885
7885
7885
4133
4136
4137
4138
4139
4142
4175
4176
4179
4180
4181
4182
4185
4186
4187
4188
7663
7665
7667
7668
7669
7671
7689
7690
7693
7694
7695
7696
7699
7700
7701
7702
7865
7866
7868
7869
7871
7872
7873
7874
7876
7877
7878
7879
7882
7883
7883
7883
4107
4110
4111
4114
4115
4116
4117
4120
4121
4122
4123
4126
4127
4130
4131
4132
7625
7627
7641
7643
7645
7646
7647
7649
7651
7652
7653
7655
7657
7659
7661
7662
7865
7866
7867
7868
7869
7872
7873
7874
7876
7878
7879
7880
7881
7882
7882
7882
4083
4086
4087
4088
4089
4092
4093
4094
4095
4098
4099
4100
4101
4104
4105
4106
7601
7604
7605
7606
7607
7610
7611
7612
7613
7615
7617
7618
7619
7621
7623
7624
7865
7866
7867
7868
7869
7870
7871
7872
7873
7874
7875
7876
7877
7879
7880
7880
4037
4038
4039
4040
4043
4044
4045
4046
4049
4050
4051
4052
4055
4056
4057
4082
7566
7568
7569
7570
7572
7574
7575
7576
7578
7580
7581
7582
7584
7586
7587
7600
7865
7867
7868
7870
7871
7872
7873
7874
7875
7877
7878
7879
7879
7879
7879
7879
4013
4014
4015
4016
4019
4020
4021
4022
4025
4026
4027
4028
4031
4032
4033
4034
7537
7538
7545
7546
7548
7550
7551
7552
7554
7556
7557
7558
7560
7562
7563
7564
7865
7866
7867
7868
7870
7871
7872
7873
7874
7875
7876
7877
7877
7877
7877
7877
3647
3978
3979
3982
3983
3984
3985
3988
3989
3990
3991
3994
3995
3996
4009
4010
7508
7509
7511
7513
7514
7515
7517
7519
7520
7521
7523
7525
7526
7533
7534
7796
7861
7864
7865
7866
7867
7868
7869
7870
7871
7872
7873
7873
7873
7873
7873
7873
3599
3601
3603
3605
3607
3628
3631
3632
3633
3634
3637
3638
3639
3640
3643
3644
7749
7751
7752
7755
7756
7778
7780
7782
7783
7784
7786
7788
7789
7790
7792
7794
7843
7845
7847
7848
7849
7851
7853
7854
7855
7856
7857
7859
7860
7861
7863
7864
3575
3576
3577
3579
3581
3582
3583
3585
3587
3589
3591
3592
3593
3595
3597
3598
7724
7726
7727
7729
7730
7732
7733
7735
7736
7739
7740
7742
7743
7745
7746
7748
7844
7845
7847
7848
7849
7850
7851
7853
7859
7860
7861
7862
7863
7863
7863
7863
3533
3534
3535
3538
3555
3557
3559
3560
3561
3563
3565
3566
3567
3569
3571
3573
7683
7684
7685
7687
7689
7691
7693
7694
7695
7697
7699
7700
7701
7703
7721
7723
7843
7844
7846
7847
7849
7850
7852
7854
7855
7856
7857
7860
7861
7862
7862
7862
3492
3494
3495
3496
3498
3500
3501
3502
3504
3506
3523
3526
3527
3528
3529
3532
7642
7643
7645
7646
7648
7649
7651
7652
7654
7655
7673
7675
7677
7678
7679
7681
7843
7844
7845
7846
7847
7849
7850
7851
7852
7854
7856
7857
7859
7860
7860
7860
3467
3468
3470
3472
3473
3474
3476
3478
3479
3480
3482
3484
3485
3486
3488
3490
7605
7606
7608
7610
7611
7612
7614
7615
7617
7618
7620
7621
7623
7624
7626
7627
7843
7844
7845
7847
7848
7849
7850
7851
7852
7853
7854
7855
7856
7857
7858
7858
3419
3421
3423
3424
3425
3438
3441
3442
3443
3444
3447
3448
3449
3462
3464
3466
7569
7571
7572
7574
7575
7588
7590
7592
7593
7594
7596
7598
7599
7600
7602
7604
7843
7844
7845
7846
7848
7849
7850
7851
7852
7853
7855
7856
7857
7857
7857
7857
3395
3397
3399
3400
3401
3403
3405
3406
3407
3409
3411
3412
3413
3415
3417
3418
7545
7547
7548
7550
7551
7553
7554
7556
7557
7559
7560
7562
7563
7565
7566
7568
7843
7844
7845
7846
7848
7849
7850
7851
7852
7853
7854
7855
7855
7855
7855
7855
3360
3362
3363
3364
3366
3368
3369
3370
3377
3380
3381
3382
3389
3391
3393
3394
7510
7511
7513
7514
7516
7517
7519
7520
7527
7529
7531
7532
7533
7535
7537
7538
7843
7844
7845
7846
7847
7848
7849
7850
7851
7851
7851
7851
7851
7851
7851
7851
3293
3295
3297
3318
3321
3322
3323
3324
3327
3328
3329
3330
3333
3334
3337
3358
7508
7772
7775
7776
7779
7780
7782
7783
7785
7786
7788
7789
7791
7792
7795
7796
7821
7823
7825
7826
7827
7829
7831
7832
7833
7835
7837
7838
7839
7841
7842
7843
7847
7847
7847
7847
7847
7847
7847
7847
7847
7847
7847
7847
7847
7847
7847
7847
3267
3269
3271
3272
3273
3275
3277
3279
3281
3282
3283
3285
3287
3288
3289
3291
7728
7729
7730
7732
7734
7735
7736
7759
7760
7762
7763
7765
7766
7768
7769
7771
7822
7823
7825
7826
7827
7828
7829
7831
7832
7834
7837
7838
7839
7840
7841
7841
3225
3228
3245
3247
3249
3250
3251
3253
3255
3256
3257
3259
3261
3263
3265
3266
7686
7687
7690
7691
7693
7694
7696
7697
7699
7700
7702
7703
7722
7723
7724
7726
7821
7822
7823
7824
7825
7826
7827
7828
7830
7832
7833
7834
7835
7838
7839
7840
3185
3186
3188
3190
3191
3192
3194
3196
3213
3216
3217
3218
3219
3222
3223
3224
7661
7662
7664
7665
7667
7668
7670
7671
7674
7675
7677
7678
7680
7681
7683
7684
7821
7823
7824
7825
7827
7828
7829
7830
7832
7834
7835
7837
7838
7838
7838
7838
3160
3162
3163
3164
3166
3168
3169
3170
3172
3174
3175
3176
3178
3180
3182
3184
7608
7610
7611
7613
7614
7615
7617
7619
7620
7621
7623
7625
7626
7627
7658
7659
7821
7822
7823
7825
7827
7828
7829
7830
7831
7832
7833
7834
7835
7836
7837
7837
3113
3114
3115
3128
3131
3132
3133
3134
3137
3138
3139
3152
3154
3156
3157
3158
7584
7586
7587
7589
7590
7592
7593
7595
7596
7598
7599
7601
7602
7604
7605
7607
7821
7822
7823
7824
7826
7827
7829
7830
7831
7833
7834
7835
7835
7835
7835
7835
3089
3090
3091
3093
3095
3096
3097
3099
3101
3102
3103
3105
3107
3108
3109
3111
7548
7550
7552
7553
7554
7556
7558
7559
7560
7562
7563
7577
7578
7580
7581
7583
7821
7822
7823
7824
7826
7827
7828
7829
7830
7831
7832
7833
7833
7833
7833
7833
3053
3054
3056
3058
3059
3060
3067
3070
3071
3072
3079
3081
3083
3084
3085
3087
7513
7514
7522
7523
7525
7526
7528
7529
7531
7532
7534
7535
7537
7538
7546
7547
7821
7822
7823
7824
7825
7826
7827
7828
7829
7830
7830
7830
7830
7830
7830
7830
2756
2778
2779
2782
2783
2784
2785
2788
2789
2790
2791
2794
2795
3048
3050
3052
7509
7510
7511
7775
7778
7779
7782
7783
7784
7785
7788
7789
7790
7791
7794
7795
7798
7799
7802
7803
7804
7805
7808
7809
7810
7811
7814
7815
7816
7819
7820
7821
7822
7823
7825
7825
7825
7825
7825
7825
7825
7825
7825
7825
7825
7825
7825
7825
2729
2730
2732
2734
2736
2738
2740
2742
2743
2744
2746
2748
2749
2750
2752
2754
7749
7750
7751
7754
7755
7758
7759
7762
7763
7764
7765
7768
7769
7770
7771
7774
7798
7800
7802
7803
7804
7806
7808
7809
7810
7811
7812
7814
7815
7816
7818
7819
2704
2706
2707
2708
2710
2712
2713
2714
2716
2718
2720
2722
2723
2724
2726
2728
7723
7726
7727
7728
7729
7732
7733
7734
7735
7738
7739
7742
7743
7744
7745
7748
7799
7800
7802
7803
7804
7805
7806
7808
7814
7815
7816
7817
7818
7818
7818
7818
2647
2648
2649
2651
2669
2670
2673
2674
2675
2676
2679
2680
2681
2682
2701
2702
7667
7668
7669
7670
7673
7674
7677
7678
7679
7680
7683
7684
7685
7686
7721
7722
7798
7799
7801
7802
7804
7805
7807
7809
7810
7811
7812
7815
7816
7817
7817
7817
2621
2623
2625
2626
2627
2629
2631
2632
2633
2635
2637
2639
2641
2642
2643
2645
7641
7642
7645
7646
7647
7648
7651
7652
7653
7654
7657
7658
7661
7662
7663
7664
7798
7799
7800
7801
7802
7804
7805
7806
7807
7809
7811
7812
7814
7815
7815
7815
2585
2586
2587
2590
2591
2604
2605
2607
2609
2610
2611
2613
2615
2616
2617
2619
7593
7594
7595
7598
7599
7612
7613
7614
7617
7618
7619
7620
7623
7624
7625
7626
7798
7799
7800
7802
7803
7804
7805
7806
7807
7808
7809
7810
7811
7812
7813
7813
2549
2550
2552
2554
2555
2556
2558
2560
2561
2562
2564
2566
2567
2580
2581
2584
7569
7570
7571
7574
7575
7576
7577
7580
7581
7582
7583
7586
7587
7588
7589
7592
7798
7799
7800
7801
7803
7804
7805
7806
7807
7808
7810
7811
7812
7812
7812
7812
2525
2526
2528
2530
2531
2532
2534
2536
2537
2538
2540
2542
2543
2544
2546
2548
7545
7546
7547
7550
7551
7552
7553
7556
7557
7558
7559
7562
7563
7564
7565
7568
7798
7799
7800
7801
7803
7804
7805
7806
7807
7808
7809
7810
7810
7810
7810
7810
2489
2491
2493
2494
2495
2497
2499
2500
2501
2503
2505
2506
2513
2514
2517
2518
7509
7510
7513
7514
7515
7516
7519
7520
7521
7522
7525
7526
7527
7528
7531
7532
7798
7799
7800
7801
7802
7803
7804
7805
7806
7806
7806
7806
7806
7806
7806
7806
2465
2466
2467
2470
2471
2472
2475
2476
2477
2478
2481
2482
2483
2484
2487
2488
7508
7700
7701
7702
7704
7705
7706
7708
7710
7711
7712
7714
7716
7717
7718
7720
7778
7779
7780
7782
7784
7785
7786
7789
7790
7791
7792
7793
7796
7797
7798
7802
2407
2408
2409
2412
2413
2414
2415
2418
2419
2454
2455
2458
2459
2460
2461
2464
7660
7662
7663
7665
7666
7668
7669
7671
7672
7689
7690
7692
7694
7695
7696
7698
7778
7779
7781
7782
7784
7785
7786
7787
7789
7790
7792
7793
7795
7796
7796
7796
2381
2384
2385
2386
2389
2390
2391
2392
2395
2396
2397
2398
2401
2402
2403
2406
7635
7637
7639
7641
7643
7644
7646
7647
7649
7650
7652
7653
7655
7656
7657
7659
7778
7779
7780
7781
7782
7785
7786
7787
7788
7789
7791
7792
7793
7794
7795
7795
2335
2336
2337
2362
2363
2366
2367
2368
2369
2372
2373
2374
2375
2378
2379
2380
7584
7585
7587
7600
7601
7603
7605
7606
7607
7609
7611
7628
7629
7631
7633
7634
7778
7779
7780
7781
7783
7784
7785
7786
7787
7788
7791
7792
7793
7793
7793
7793
2311
2312
2313
2314
2317
2318
2319
2320
2323
2324
2325
2326
2329
2330
2331
2332
7560
7561
7563
7564
7566
7567
7569
7570
7572
7573
7575
7576
7578
7579
7581
7582
7778
7779
7780
7781
7783
7784
7785
7786
7787
7788
7789
7790
7791
7791
7791
7791
2275
2276
2289
2290
2293
2294
2295
2296
2299
2300
2301
2302
2305
2306
2307
2308
7524
7526
7533
7534
7536
7538
7539
7540
7542
7544
7551
7552
7554
7555
7557
7558
7778
7779
7780
7781
7783
7784
7785
7786
7787
7788
7789
7789
7789
7789
7789
7789
2021
2022
2023
2025
2027
2258
2259
2262
2263
2264
2265
2268
2269
2270
2271
2274
7508
7509
7511
7512
7514
7515
7517
7518
7520
7521
7523
7714
7716
7717
7719
7720
7766
7769
7770
7771
7772
7777
7778
7779
7780
7781
7782
7783
7784
7785
7785
7785
1996
1998
1999
2000
2002
2004
2005
2006
2008
2010
2011
2013
2015
2016
2017
2019
7691
7692
7694
7695
7697
7698
7700
7701
7703
7704
7705
7707
7708
7710
7711
7713
7758
7759
7760
7761
7762
7764
7765
7767
7769
7770
7771
7773
7776
7777
7777
7777
1937
1939
1941
1942
1960
1963
1964
1965
1966
1969
1970
1971
1972
1975
1976
1994
7652
7654
7655
7656
7673
7675
7676
7678
7679
7681
7682
7684
7685
7687
7688
7689
7758
7760
7761
7762
7764
7766
7767
7769
7770
7771
7772
7773
7774
7775
7776
7776
1913
1914
1916
1918
1919
1920
1922
1924
1925
1927
1929
1930
1931
1933
1935
1936
7611
7628
7630
7631
7633
7634
7636
7637
7639
7642
7643
7644
7646
7648
7649
7650
7758
7759
7760
7761
7762
7763
7764
7765
7766
7767
7768
7772
7773
7774
7774
7774
1865
1878
1881
1882
1883
1884
1887
1888
1889
1902
1904
1906
1907
1908
1910
1912
7575
7588
7590
7591
7593
7594
7596
7597
7599
7600
7602
7603
7605
7606
7608
7609
7758
7759
7760
7761
7763
7764
7765
7766
7767
7768
7770
7771
7772
7772
7772
7772
1841
1843
1845
1846
1847
1849
1851
1852
1853
1855
1857
1858
1859
1861
1863
1864
7551
7553
7554
7555
7557
7559
7560
7561
7563
7565
7566
7567
7569
7571
7572
7573
7758
7759
7760
7761
7763
7764
7765
7766
7767
7768
7769
7770
7770
7770
7770
7770
1806
1808
1809
1810
1817
1820
1821
1822
1829
1831
1833
1834
1835
1837
1839
1840
7516
7517
7518
7520
7527
7529
7530
7532
7533
7535
7536
7538
7539
7541
7542
7544
7758
7759
7760
7761
7763
7764
7765
7766
7767
7767
7767
7767
7767
7767
7767
7767
1781
1783
1785
1786
1787
1789
1791
1792
1793
1795
1797
1798
1800
1802
1803
1804
7508
7510
7511
7512
7514
7706
7707
7708
7710
7712
7713
7714
7716
7718
7719
7720
7738
7739
7740
7742
7744
7745
7746
7749
7750
7751
7752
7757
7758
7759
7760
7761
7762
7763
7763
7763
7763
7763
7763
7763
7763
7763
7763
7763
7763
7763
7763
7763
1740
1741
1742
1745
1746
1764
1766
1768
1769
1770
1772
1774
1775
1776
1778
1780
7682
7684
7686
7687
7688
7690
7691
7692
7694
7696
7697
7698
7700
7702
7703
7704
7738
7739
7741
7742
7744
7745
7747
7749
7750
7751
7752
7753
7755
7756
7756
7756
1699
1700
1701
1703
1705
1706
1707
1709
1711
1712
1730
1733
1734
1735
1736
1739
7659
7660
7662
7664
7665
7666
7668
7670
7671
7672
7674
7675
7676
7678
7680
7681
7738
7740
7741
7742
7744
7745
7746
7747
7749
7751
7752
7753
7754
7755
7755
7755
1674
1676
1677
1678
1680
1682
1683
1684
1686
1688
1689
1690
1692
1694
1695
1697
7602
7603
7605
7607
7608
7609
7611
7629
7630
7631
7633
7635
7636
7637
7639
7658
7738
7739
7740
7741
7743
7744
7745
7746
7747
7748
7752
7753
7754
7754
7754
7754
1627
1628
1629
1631
1633
1634
1635
1648
1651
1652
1653
1654
1657
1658
1659
1672
7578
7579
7581
7583
7584
7585
7587
7589
7590
7591
7593
7595
7596
7597
7599
7601
7738
7740
7741
7743
7744
7745
7746
7747
7748
7750
7751
7752
7752
7752
7752
7752
1603
1604
1605
1607
1609
1610
1611
1613
1615
1616
1617
1619
1621
1622
1623
1625
7536
7538
7540
7541
7542
7544
7552
7553
7554
7555
7558
7559
7560
7561
7563
7577
7738
7739
7740
7741
7743
7744
7745
7746
7747
7748
7749
7750
7750
7750
7750
7750
1567
1568
1570
1572
1573
1574
1576
1578
1579
1580
1587
1590
1591
1592
1599
1601
7509
7510
7511
7512
7514
7522
7523
7524
7526
7528
7529
7530
7532
7534
7535
7714
7730
7737
7738
7739
7740
7741
7742
7743
7744
7745
7746
7746
7746
7746
7746
7746
1531
1544
1545
1547
1549
1550
1551
1553
1555
1556
1557
1559
1561
1562
1563
1565
7682
7689
7690
7691
7692
7695
7696
7697
7698
7705
7706
7707
7708
7711
7712
7713
7721
7722
7723
7724
7725
7727
7728
7729
7731
7735
7736
7737
7737
7737
7737
7737
1495
1496
1498
1500
1501
1502
1504
1506
1507
1520
1521
1524
1525
1526
1527
1530
7650
7657
7658
7659
7660
7663
7664
7665
7666
7673
7674
7675
7676
7679
7680
7681
7721
7722
7723
7724
7725
7727
7728
7729
7730
7731
7733
7734
7735
7735
7735
7735
1471
1473
1475
1476
1477
1478
1480
1482
1483
1484
1486
1488
1489
1490
1492
1494
7540
7541
7542
7544
7551
7552
7553
7554
7555
7641
7642
7643
7644
7647
7648
7649
7721
7722
7723
7724
7725
7726
7728
7729
7730
7731
7732
7733
7733
7733
7733
7733
1435
1437
1439
1440
1441
1449
1450
1453
1454
1455
1463
1464
1466
1468
1469
1470
7521
7522
7523
7524
7526
7527
7528
7529
7530
7532
7533
7534
7535
7536
7538
7539
7721
7722
7723
7724
7725
7726
7728
7729
7730
7731
7731
7731
7731
7731
7731
7731
1399
1402
1403
1416
1417
1419
1421
1422
1423
1425
1427
1428
1430
1432
1433
1434
7515
7516
7517
7518
7520
7595
7596
7598
7600
7601
7602
7604
7606
7607
7608
7610
7705
7706
7707
7709
7711
7712
7713
7714
7715
7719
7720
7722
7723
7724
7725
7726
7727
7727
7727
7727
7727
7727
7727
7727
7727
7727
7727
7727
7727
7727
7727
7727
1364
1366
1367
1368
1370
1372
1373
1374
1376
1378
1379
1392
1393
1396
1397
1398
7571
7572
7574
7576
7577
7578
7580
7582
7583
7584
7586
7588
7589
7590
7592
7594
7705
7706
7707
7708
7709
7711
7713
7714
7715
7717
7718
7719
7719
7719
7719
7719
1340
1342
1343
1344
1346
1348
1349
1350
1352
1354
1355
1356
1358
1360
1361
1362
7535
7537
7545
7546
7547
7548
7557
7558
7559
7560
7562
7564
7565
7566
7568
7570
7705
7706
7707
7708
7709
7711
7712
7713
7714
7715
7716
7717
7717
7717
7717
7717
1305
1306
1307
1309
1311
1312
1313
1315
1317
1318
1325
1326
1329
1330
1337
1338
7511
7513
7515
7516
7517
7519
7521
7522
7523
7525
7527
7528
7529
7531
7533
7534
7705
7706
7707
7708
7709
7710
7711
7712
7713
7714
7714
7714
7714
7714
7714
7714
1269
1270
1271
1274
1275
1288
1289
1291
1293
1294
1295
1297
1299
1300
1301
1303
7508
7509
7510
7592
7594
7595
7597
7598
7628
7629
7630
7632
7634
7635
7636
7638
7689
7690
7691
7693
7695
7696
7697
7698
7699
7703
7704
7705
7706
7707
7710
7710
1233
1234
1236
1238
1239
1240
1242
1244
1245
1246
1248
1250
1251
1264
1265
1268
7568
7570
7571
7573
7574
7576
7577
7579
7580
7582
7583
7585
7586
7588
7589
7591
7689
7690
7691
7692
7693
7695
7696
7697
7698
7699
7701
7702
7703
7703
7703
7703
1209
1210
1212
1214
1215
1216
1218
1220
1221
1222
1224
1226
1227
1228
1230
1232
7539
7540
7541
7543
7545
7546
7547
7549
7557
7558
7559
7561
7562
7564
7565
7567
7689
7690
7691
7692
7693
7695
7696
7697
7698
7699
7700
7701
7701
7701
7701
7701
1173
1175
1177
1178
1179
1181
1183
1184
1185
1187
1189
1190
1197
1198
1201
1202
7509
7510
7512
7513
7515
7516
7518
7519
7521
7522
7524
7525
7527
7528
7530
7531
7689
7690
7691
7692
7693
7694
7695
7696
7697
7697
7697
7697
7697
7697
7697
7697
1021
1024
1025
1026
1027
1030
1031
1032
1033
1036
1037
1038
1039
1042
1043
1172
7508
7601
7603
7604
7606
7607
7609
7610
7628
7629
7631
7632
7634
7635
7637
7638
7673
7674
7675
7676
7677
7679
7680
7681
7682
7683
7687
7688
7689
7694
7694
7694
975
976
977
978
981
982
983
984
987
988
989
990
993
994
995
1020
7566
7567
7568
7570
7572
7573
7574
7576
7578
7579
7580
7582
7584
7585
7586
7600
7673
7675
7676
7677
7679
7680
7681
7682
7683
7685
7686
7687
7687
7687
7687
7687
951
952
953
954
957
958
959
960
963
964
965
966
969
970
971
972
7536
7537
7539
7540
7542
7543
7545
7546
7548
7549
7557
7558
7560
7561
7562
7564
7673
7674
7675
7676
7677
7679
7680
7681
7682
7683
7684
7685
7685
7685
7685
7685
787
916
917
920
921
922
923
926
927
928
929
932
933
934
947
948
7508
7509
7511
7512
7513
7515
7517
7518
7519
7521
7523
7524
7525
7533
7534
7638
7667
7672
7673
7674
7675
7676
7677
7678
7679
7680
7681
7681
7681
7681
7681
7681
751
764
766
768
769
770
772
774
775
776
778
780
781
782
784
786
7598
7600
7602
7603
7604
7606
7608
7609
7610
7628
7630
7631
7632
7634
7636
7637
7657
7658
7659
7660
7661
7663
7664
7665
7666
7667
7670
7671
7672
7672
7672
7672
715
717
719
720
721
723
725
726
727
740
743
744
745
746
749
750
7562
7565
7566
7567
7568
7571
7572
7573
7574
7588
7590
7591
7592
7594
7596
7597
7657
7658
7659
7660
7661
7663
7664
7665
7666
7667
7668
7669
7670
7670
7670
7670
691
693
695
696
697
699
701
702
703
705
707
708
709
711
713
714
7533
7535
7536
7537
7539
7541
7542
7543
7545
7547
7548
7549
7557
7559
7560
7561
7657
7658
7659
7660
7661
7663
7664
7665
7666
7667
7668
7668
7668
7668
7668
7668
656
658
659
660
662
664
665
666
668
670
671
672
679
682
683
684
7508
7510
7511
7512
7513
7516
7517
7518
7519
7527
7529
7530
7531
7636
7637
7638
7648
7649
7651
7656
7657
7658
7659
7660
7661
7662
7663
7664
7664
7664
7664
7664
621
622
623
636
638
640
641
642
644
646
647
648
650
652
653
654
7596
7597
7598
7601
7602
7603
7604
7607
7608
7609
7610
7629
7630
7631
7632
7635
7641
7642
7643
7644
7645
7647
7648
7649
7650
7651
7654
7655
7656
7656
7656
7656
585
586
587
589
591
592
593
595
597
598
599
612
615
616
617
618
7560
7561
7562
7577
7578
7579
7580
7583
7584
7585
7586
7589
7590
7591
7592
7595
7641
7642
7643
7644
7645
7647
7648
7649
7650
7651
7652
7653
7654
7654
7654
7654
555
556
563
565
567
568
569
571
573
574
575
577
579
580
581
583
7530
7531
7534
7535
7536
7537
7540
7541
7542
7543
7546
7547
7548
7549
7558
7559
7641
7642
7643
7644
7645
7647
7648
7649
7650
7651
7652
7652
7652
7652
7652
7652
525
526
527
529
531
532
534
536
537
538
540
542
543
544
551
554
7509
7510
7511
7512
7513
7522
7523
7524
7525
7528
7529
7615
7618
7619
7620
7621
7631
7634
7635
7636
7637
7640
7641
7642
7643
7644
7645
7646
7647
7648
7648
7648
502
504
505
506
507
509
511
512
513
514
516
518
519
520
521
523
7535
7537
7538
7545
7546
7547
7548
7550
7551
7552
7553
7554
7556
7612
7613
7614
7628
7629
7630
7631
7632
7633
7637
7638
7639
7640
7640
7640
7640
7640
7640
7640
466
468
469
470
471
473
475
476
477
485
486
489
490
491
499
500
7516
7517
7519
7520
7521
7522
7523
7525
7526
7527
7528
7529
7531
7532
7533
7534
7628
7629
7630
7631
7632
7633
7634
7635
7636
7637
7637
7637
7637
7637
7637
7637
429
432
433
434
435
438
439
452
453
455
457
458
459
461
463
464
7515
7589
7590
7591
7594
7595
7596
7597
7600
7601
7602
7603
7606
7607
7608
7609
7612
7613
7614
7615
7616
7618
7619
7620
7621
7622
7626
7627
7629
7634
7634
7634
394
396
397
398
400
402
403
404
406
408
409
410
412
414
415
428
7565
7566
7567
7570
7571
7572
7573
7576
7577
7578
7579
7582
7583
7584
7585
7588
7612
7614
7615
7616
7618
7619
7620
7621
7622
7624
7625
7626
7626
7626
7626
7626
365
366
373
374
376
378
379
380
382
384
385
386
388
390
391
392
7529
7530
7533
7534
7535
7536
7539
7540
7541
7542
7557
7558
7559
7560
7561
7564
7612
7613
7614
7615
7616
7618
7619
7620
7621
7622
7623
7624
7624
7624
7624
7624
335
336
337
339
341
342
343
345
347
348
349
351
353
354
361
362
7508
7509
7510
7511
7512
7515
7516
7517
7518
7521
7522
7523
7524
7527
7528
7556
7604
7611
7612
7613
7614
7615
7616
7617
7618
7619
7620
7620
7620
7620
7620
7620
306
307
315
316
318
320
321
322
323
325
327
328
329
330
332
334
7531
7532
7539
7540
7541
7543
7544
7545
7546
7547
7549
7550
7551
7552
7553
7555
7600
7601
7602
7603
7604
7605
7608
7609
7610
7611
7611
7611
7611
7611
7611
7611
221
222
223
280
282
284
285
286
287
289
291
292
293
301
302
305
7515
7516
7518
7519
7520
7521
7522
7524
7525
7526
7527
7528
7530
7554
7555
7556
7590
7591
7592
7599
7600
7601
7602
7603
7604
7605
7606
7607
7608
7608
7608
7608
197
200
201
202
203
204
207
208
209
210
211
214
215
216
217
218
7534
7536
7537
7538
7539
7540
7542
7543
7544
7545
7546
7548
7549
7550
7551
7552
7588
7589
7590
7591
7592
7593
7596
7597
7598
7599
7599
7599
7599
7599
7599
7599
105
107
109
110
111
168
171
172
173
174
175
178
179
180
181
196
7515
7517
7518
7519
7520
7521
7523
7524
7525
7526
7533
7551
7553
7554
7555
7556
7576
7577
7578
7579
7580
7587
7588
7589
7590
7591
7592
7593
7594
7595
7596
7596
76
84
86
88
89
90
91
93
95
96
97
98
100
102
103
104
7532
7533
7535
7536
7537
7538
7539
7541
7542
7543
7544
7545
7547
7548
7549
7550
7576
7577
7578
7579
7580
7581
7583
7584
7585
7586
7586
7586
7586
7586
7586
7586
47
48
49
51
53
54
55
57
59
60
61
62
70
73
74
75
7516
7517
7518
7519
7520
7527
7529
7530
7531
7549
7550
7552
7553
7554
7555
7556
7564
7565
7566
7567
7568
7569
7574
7575
7576
7577
7578
7579
7580
7581
7582
7583
18
19
20
28
30
32
33
34
35
37
39
40
41
42
44
46
7530
7531
7532
7534
7535
7536
7537
7538
7540
7541
7542
7543
7544
7546
7547
7548
7564
7565
7566
7567
7568
7569
7571
7572
7573
7574
7574
7574
7574
7574
7574
7574
1
3
4
5
6
14
17
6544
6547
6548
6549
6550
6553
6554
6557
6558
7421
7424
7425
7426
7427
7430
7431
7434
7435
7490
7493
7494
7495
7496
7498
7500
7503
7504
7507
7522
7523
7524
7525
7526
7528
7529
7564
7565
7566
7567
7568
7569
7570
7571
7571
7571
7571
7571
7571
7571
7571
7571
7571
7571
7571
7571
7571
7571
6495
6496
6497
6499
6501
6502
6503
6505
6507
6509
6511
6513
6538
6541
6542
6543
7374
7375
7376
7378
7380
7381
7382
7384
7386
7388
7390
7392
7415
7418
7419
7420
7484
7487
7488
7489
7491
7493
7494
7495
7497
7498
7501
7503
7505
7506
7507
7507
6427
6429
6431
6452
6455
6456
6457
6458
6461
6462
6463
6464
6467
6468
6471
6493
7303
7305
7307
7328
7331
7332
7333
7334
7337
7338
7339
7340
7343
7344
7347
7372
7484
7485
7486
7488
7489
7490
7492
7494
7495
7496
7499
7500
7501
7502
7504
7505
7506
7506
7506
7506
7506
7506
7506
7506
7506
7506
7506
7506
7506
7506
7506
7506
6401
6403
6405
6406
6407
6409
6411
6413
6415
6416
6417
6419
6421
6422
6423
6425
7277
7279
7281
7282
7283
7285
7287
7289
7291
7292
7293
7295
7297
7298
7299
7301
7485
7486
7488
7489
7490
7491
7492
7494
7495
7497
7500
7501
7502
7503
7504
7504
6359
6362
6379
6381
6383
6384
6385
6387
6389
6390
6391
6393
6395
6397
6399
6400
7235
7238
7255
7257
7259
7260
7261
7263
7265
7266
7267
7269
7271
7273
7275
7276
7484
7485
7486
7487
7488
7489
7490
7491
7493
7495
7496
7497
7499
7501
7502
7503
6319
6320
6322
6324
6325
6326
6328
6330
6347
6350
6351
6352
6353
6356
6357
6358
7195
7196
7198
7200
7201
7202
7204
7206
7223
7226
7227
7228
7229
7232
7233
7234
7484
7486
7487
7488
7490
7491
7492
7493
7495
7497
7499
7500
7501
7501
7501
7501
6294
6296
6297
6298
6300
6302
6304
6306
6307
6308
6310
6312
6313
6314
6316
6318
7170
7172
7173
7174
7176
7178
7180
7182
7183
7184
7186
7188
7189
7190
7192
7194
7484
7485
7486
7487
7489
7490
7491
7492
7493
7494
7495
7496
7497
7498
7499
7500
6247
6248
6249
6262
6265
6266
6267
6268
6271
6272
6273
6286
6288
6290
6291
6292
7123
7124
7125
7138
7141
7142
7143
7144
7147
7148
7149
7162
7164
7166
7167
7168
7484
7485
7486
7487
7488
7489
7490
7492
7493
7494
7496
7497
7498
7498
7498
7498
6223
6224
6225
6227
6229
6230
6231
6233
6235
6236
6237
6239
6241
6242
6243
6245
7099
7100
7101
7103
7105
7106
7107
7109
7111
7112
7113
7115
7117
7118
7119
7121
7484
7485
7486
7487
7489
7490
7491
7492
7493
7494
7495
7496
7496
7496
7496
7496
6187
6188
6190
6192
6193
6194
6201
6204
6205
6206
6213
6215
6217
6218
6219
6221
7063
7064
7066
7068
7069
7070
7077
7080
7081
7082
7089
7091
7093
7094
7095
7097
7484
7485
7486
7487
7488
7489
7490
7491
7492
7493
7493
7493
7493
7493
7493
7493
5285
5287
5288
5289
5291
5293
5294
5295
5297
5299
5301
5303
5305
6182
6184
6186
7058
7060
7062
7416
7418
7419
7420
7422
7424
7425
7426
7428
7430
7432
7434
7436
7460
7463
7464
7465
7466
7469
7470
7471
7472
7474
7476
7479
7480
7483
7484
7485
7486
7488
7488
7488
7488
7488
7488
7488
7488
7488
7488
7488
7488
7488
7488
7488
5213
5215
5217
5262
5264
5265
5266
5268
5270
5271
5272
5274
5276
5278
5280
5282
7343
7345
7347
7394
7396
7397
7398
7400
7402
7403
7404
7406
7408
7410
7412
7414
7461
7463
7464
7465
7467
7469
7470
7471
7473
7474
7475
7476
7477
7478
7479
7481
7482
7482
7482
7482
7482
7482
7482
7482
7482
7482
7482
7482
7482
7482
7482
7482
5187
5188
5189
5191
5193
5195
5197
5199
5201
5202
5203
5205
5207
5208
5209
5211
7317
7318
7319
7321
7323
7325
7327
7329
7331
7332
7333
7335
7337
7338
7339
7341
7460
7462
7464
7465
7466
7468
7470
7471
7472
7473
7475
7477
7478
7480
7481
7481
5142
5143
5145
5146
5148
5149
5151
5152
5154
5155
5157
5179
5181
5182
5183
5185
7272
7273
7275
7276
7278
7279
7281
7282
7284
7285
7287
7309
7311
7312
7313
7315
7460
7461
7462
7464
7465
7466
7467
7468
7470
7476
7477
7478
7479
7480
7480
7480
5100
5102
5103
5104
5106
5108
5126
5127
5129
5130
5132
5133
5135
5136
5138
5139
7230
7232
7233
7234
7236
7238
7256
7257
7259
7260
7262
7263
7265
7266
7268
7269
7460
7461
7463
7464
7466
7467
7468
7469
7471
7472
7473
7475
7477
7478
7478
7478
5059
5060
5078
5080
5081
5082
5084
5086
5087
5088
5090
5092
5094
5096
5097
5098
7189
7190
7208
7210
7211
7212
7214
7216
7217
7218
7220
7222
7224
7226
7227
7228
7460
7461
7462
7463
7464
7467
7468
7469
7470
7471
7473
7474
7475
7476
7477
7477
5034
5036
5037
5039
5040
5042
5043
5045
5046
5049
5050
5052
5053
5055
5056
5058
7164
7166
7167
7169
7170
7172
7173
7175
7176
7179
7180
7182
7183
7185
7186
7188
7460
7461
7462
7463
7464
7465
7466
7467
7468
7469
7471
7472
7473
7474
7475
7475
4999
5000
5001
5003
5005
5006
5007
5009
5011
5012
5013
5015
5017
5018
5019
5033
7129
7130
7131
7133
7135
7136
7137
7139
7141
7142
7143
7145
7147
7148
7149
7163
7460
7462
7463
7465
7466
7467
7468
7469
7470
7472
7473
7474
7474
7474
7474
7474
4963
4964
4966
4967
4969
4970
4972
4973
4975
4976
4978
4979
4981
4982
4983
4997
7093
7094
7096
7097
7099
7100
7102
7103
7105
7106
7108
7109
7111
7112
7113
7127
7460
7461
7462
7463
7465
7466
7467
7468
7469
7470
7471
7472
7472
7472
7472
7472
4906
4929
4930
4932
4933
4934
4942
4944
4945
4946
4948
4950
4951
4952
4960
4961
7059
7060
7062
7063
7064
7072
7074
7075
7076
7078
7080
7081
7082
7090
7091
7432
7454
7459
7460
7461
7462
7463
7464
7465
7466
7467
7468
7468
7468
7468
7468
7468
4879
4880
4882
4884
4886
4888
4890
4892
4893
4894
4896
4898
4899
4900
4902
4904
7404
7405
7406
7409
7410
7415
7416
7419
7420
7421
7422
7425
7426
7427
7428
7431
7437
7438
7441
7442
7443
7444
7447
7448
7449
7450
7451
7453
7455
7458
7459
7459
4833
4835
4836
4838
4839
4841
4842
4845
4846
4868
4870
4872
4873
4874
4876
4878
7376
7377
7378
7381
7382
7383
7384
7387
7388
7393
7394
7397
7398
7399
7400
7403
7437
7439
7441
7442
7443
7444
7445
7447
7448
7450
7451
7454
7455
7457
7458
7458
4791
4793
4811
4813
4814
4816
4817
4819
4820
4822
4823
4825
4826
4829
4830
4832
7236
7238
7255
7256
7257
7260
7261
7262
7263
7266
7267
7268
7269
7371
7372
7375
7437
7438
7439
7441
7443
7444
7445
7448
7449
7450
7451
7452
7455
7456
7457
7457
4766
4768
4770
4771
4772
4774
4776
4777
4779
4781
4782
4783
4785
4787
4788
4789
7213
7214
7216
7218
7219
7220
7222
7223
7224
7226
7228
7229
7230
7232
7234
7235
7437
7438
7440
7441
7443
7444
7445
7446
7448
7449
7451
7452
7454
7455
7455
7455
4725
4727
4728
4730
4731
4733
4734
4736
4737
4739
4740
4742
4760
4762
4764
4765
7189
7191
7192
7194
7196
7197
7198
7200
7202
7203
7204
7206
7207
7208
7210
7212
7437
7438
7439
7440
7441
7444
7445
7446
7447
7448
7450
7451
7452
7453
7454
7454
4689
4690
4692
4694
4695
4696
4698
4700
4701
4714
4716
4717
4719
4720
4722
4723
7137
7138
7139
7141
7143
7144
7145
7147
7149
7178
7179
7180
7183
7184
7185
7186
7437
7438
7439
7440
7442
7443
7444
7445
7446
7447
7450
7451
7452
7452
7452
7452
4653
4655
4656
4658
4659
4661
4662
4664
4665
4678
4680
4682
4683
4684
4686
4688
7113
7114
7115
7117
7119
7120
7121
7123
7125
7126
7127
7129
7131
7132
7133
7135
7437
7438
7439
7440
7442
7443
7444
7445
7446
7447
7448
7449
7450
7450
7450
7450
4623
4625
4627
4628
4635
4637
4638
4640
4641
4643
4644
4646
4647
4649
4650
4652
7077
7078
7080
7082
7089
7090
7091
7094
7101
7102
7103
7105
7107
7108
7109
7111
7437
7438
7439
7440
7442
7443
7444
7445
7446
7447
7448
7448
7448
7448
7448
7448
4263
4264
4267
4598
4600
4601
4603
4604
4606
4607
4609
4610
4617
4619
4621
4622
7058
7059
7060
7062
7064
7065
7066
7068
7070
7071
7072
7074
7076
7322
7324
7326
7429
7431
7433
7436
7437
7438
7439
7440
7441
7442
7443
7444
7444
7444
7444
7444
4217
4218
4219
4221
4223
4225
4227
4248
4251
4252
4253
4254
4257
4258
4259
4260
7296
7298
7299
7300
7302
7304
7306
7308
7310
7312
7313
7314
7316
7318
7319
7320
7415
7417
7419
7420
7421
7423
7425
7426
7427
7428
7429
7432
7433
7435
7436
7436
4191
4193
4195
4196
4197
4199
4201
4202
4203
4205
4207
4209
4211
4212
4213
4215
7271
7272
7274
7276
7277
7278
7280
7282
7283
7284
7286
7288
7290
7292
7293
7294
7415
7416
7417
7419
7420
7421
7422
7423
7425
7431
7432
7433
7434
7435
7435
7435
4149
4152
4153
4154
4155
4158
4175
4177
4179
4180
4181
4183
4185
4186
4187
4189
7213
7215
7217
7218
7219
7221
7239
7240
7243
7244
7245
7246
7249
7250
7251
7252
7415
7416
7418
7419
7421
7422
7423
7424
7426
7427
7428
7429
7432
7433
7433
7433
4108
4110
4112
4114
4115
4116
4118
4120
4121
4122
4124
4126
4143
4146
4147
4148
7175
7177
7191
7193
7195
7196
7197
7199
7201
7202
7203
7205
7207
7209
7211
7212
7415
7416
7417
7418
7419
7422
7423
7424
7426
7428
7429
7430
7431
7432
7432
7432
4084
4086
4087
4088
4090
4092
4093
4094
4096
4098
4099
4100
4102
4104
4105
4106
7151
7154
7155
7156
7157
7160
7161
7162
7163
7165
7167
7168
7169
7171
7173
7174
7415
7416
7417
7418
7419
7420
7421
7422
7423
7424
7425
7426
7427
7429
7430
7430
4037
4038
4039
4041
4043
4044
4045
4058
4061
4062
4063
4064
4067
4068
4069
4082
7116
7118
7119
7120
7122
7124
7125
7126
7128
7130
7131
7132
7134
7136
7137
7150
7415
7417
7418
7420
7421
7422
7423
7424
7425
7427
7428
7429
7429
7429
7429
7429
4013
4014
4015
4017
4019
4020
4021
4023
4025
4026
4027
4029
4031
4032
4033
4035
7087
7088
7095
7096
7098
7100
7101
7102
7104
7106
7107
7108
7110
7112
7113
7114
7415
7416
7417
7418
7420
7421
7422
7423
7424
7425
7426
7427
7427
7427
7427
7427
3957
3978
3980
3982
3983
3984
3986
3988
3989
3990
3997
4000
4001
4002
4009
4011
7058
7059
7061
7063
7064
7065
7067
7069
7070
7071
7073
7075
7076
7083
7084
7346
7411
7414
7415
7416
7417
7418
7419
7420
7421
7422
7423
7423
7423
7423
7423
7423
3909
3911
3913
3915
3917
3938
3941
3942
3943
3944
3947
3948
3949
3950
3953
3954
7299
7301
7302
7305
7306
7328
7330
7332
7333
7334
7336
7338
7339
7340
7342
7344
7393
7395
7397
7398
7399
7401
7403
7404
7405
7406
7407
7409
7410
7411
7413
7414
3885
3886
3887
3889
3891
3892
3893
3895
3897
3899
3901
3902
3903
3905
3907
3908
7274
7276
7277
7279
7280
7282
7283
7285
7286
7289
7290
7292
7293
7295
7296
7298
7394
7395
7397
7398
7399
7400
7401
7403
7409
7410
7411
7412
7413
7413
7413
7413
3843
3844
3845
3848
3865
3867
3869
3870
3871
3873
3875
3876
3877
3879
3881
3883
7233
7234
7235
7237
7239
7241
7243
7244
7245
7247
7249
7250
7251
7253
7271
7273
7393
7394
7396
7397
7399
7400
7402
7404
7405
7406
7407
7410
7411
7412
7412
7412
3802
3804
3805
3806
3808
3810
3811
3812
3814
3816
3833
3836
3837
3838
3839
3842
7192
7193
7195
7196
7198
7199
7201
7202
7204
7205
7223
7225
7227
7228
7229
7231
7393
7394
7395
7396
7397
7399
7400
7401
7402
7404
7406
7407
7409
7410
7410
7410
3777
3778
3780
3782
3783
3784
3786
3788
3789
3790
3792
3794
3795
3796
3798
3800
7155
7156
7158
7160
7161
7162
7164
7165
7167
7168
7170
7171
7173
7174
7176
7177
7393
7394
7395
7397
7398
7399
7400
7401
7402
7403
7404
7405
7406
7407
7408
7408
3729
3731
3733
3734
3735
3748
3751
3752
3753
3754
3757
3758
3759
3772
3774
3776
7119
7121
7122
7124
7125
7138
7140
7142
7143
7144
7146
7148
7149
7150
7152
7154
7393
7394
7395
7396
7398
7399
7400
7401
7402
7403
7405
7406
7407
7407
7407
7407
3705
3707
3709
3710
3711
3713
3715
3716
3717
3719
3721
3722
3723
3725
3727
3728
7095
7097
7098
7100
7101
7103
7104
7106
7107
7109
7110
7112
7113
7115
7116
7118
7393
7394
7395
7396
7398
7399
7400
7401
7402
7403
7404
7405
7405
7405
7405
7405
3670
3672
3673
3674
3676
3678
3679
3680
3687
3690
3691
3692
3699
3701
3703
3704
7060
7061
7063
7064
7066
7067
7069
7070
7077
7079
7081
7082
7083
7085
7087
7088
7393
7394
7395
7396
7397
7398
7399
7400
7401
7401
7401
7401
7401
7401
7401
7401
3313
3315
3317
3319
3321
3322
3323
3325
3327
3328
3329
3331
3333
3335
3337
3668
7058
7322
7325
7326
7329
7330
7332
7333
7335
7336
7338
7339
7341
7342
7345
7346
7371
7373
7375
7376
7377
7379
7381
7382
7383
7385
7387
7388
7389
7391
7392
7393
7397
7397
7397
7397
7397
7397
7397
7397
7397
7397
7397
7397
7397
7397
7397
7397
3268
3269
3271
3272
3274
3275
3277
3299
3301
3302
3303
3305
3307
3308
3309
3311
7278
7279
7280
7282
7284
7285
7286
7309
7310
7312
7313
7315
7316
7318
7319
7321
7372
7373
7375
7376
7377
7378
7379
7381
7382
7384
7387
7388
7389
7390
7391
7391
3226
3228
3246
3247
3249
3250
3252
3253
3255
3256
3258
3259
3262
3263
3265
3266
7236
7237
7240
7241
7243
7244
7246
7247
7249
7250
7252
7253
7272
7273
7274
7276
7371
7372
7373
7374
7375
7376
7377
7378
7380
7382
7383
7384
7385
7388
7389
7390
3201
3202
3204
3206
3207
3208
3210
3212
3214
3216
3217
3218
3220
3222
3223
3224
7211
7212
7214
7215
7217
7218
7220
7221
7224
7225
7227
7228
7230
7231
7233
7234
7371
7373
7374
7375
7377
7378
7379
7380
7382
7384
7385
7387
7388
7388
7388
7388
3160
3162
3163
3165
3166
3168
3169
3171
3172
3174
3175
3177
3178
3180
3198
3200
7158
7160
7161
7163
7164
7165
7167
7169
7170
7171
7173
7175
7176
7177
7208
7209
7371
7372
7373
7375
7377
7378
7379
7380
7381
7382
7383
7384
7385
7386
7387
7387
3125
3126
3127
3129
3131
3132
3133
3135
3137
3138
3139
3153
3154
3156
3157
3159
7134
7136
7137
7139
7140
7142
7143
7145
7146
7148
7149
7151
7152
7154
7155
7157
7371
7372
7373
7374
7376
7377
7379
7380
7381
7383
7384
7385
7385
7385
7385
7385
3089
3090
3092
3093
3095
3096
3098
3099
3101
3102
3103
3117
3119
3120
3121
3123
7098
7100
7102
7103
7104
7106
7108
7109
7110
7112
7113
7127
7128
7130
7131
7133
7371
7372
7373
7374
7376
7377
7378
7379
7380
7381
7382
7383
7383
7383
7383
7383
3053
3054
3062
3064
3065
3066
3068
3070
3071
3072
3080
3081
3083
3084
3086
3087
7063
7064
7072
7073
7075
7076
7078
7079
7081
7082
7084
7085
7087
7088
7096
7097
7371
7372
7373
7374
7375
7376
7377
7378
7379
7380
7380
7380
7380
7380
7380
7380
2776
2778
2780
2782
2783
2784
2786
2788
2789
2790
2792
2794
2796
3049
3050
3052
7059
7060
7061
7325
7328
7329
7332
7333
7334
7335
7338
7339
7340
7341
7344
7345
7348
7349
7352
7353
7354
7355
7358
7359
7360
7361
7364
7365
7366
7369
7370
7371
7372
7373
7375
7375
7375
7375
7375
7375
7375
7375
7375
7375
7375
7375
7375
7375
2729
2731
2732
2735
2736
2758
2760
2762
2763
2764
2766
2768
2769
2770
2772
2774
7299
7300
7301
7304
7305
7308
7309
7312
7313
7314
7315
7318
7319
7320
7321
7324
7348
7350
7352
7353
7354
7356
7358
7359
7360
7361
7362
7364
7365
7366
7368
7369
2704
2706
2707
2709
2710
2712
2713
2715
2716
2719
2720
2722
2723
2725
2726
2728
7273
7276
7277
7278
7279
7282
7283
7284
7285
7288
7289
7292
7293
7294
7295
7298
7349
7350
7352
7353
7354
7355
7356
7358
7364
7365
7366
7367
7368
7368
7368
7368
2663
2664
2665
2667
2669
2671
2673
2674
2675
2677
2679
2680
2681
2683
2701
2703
7217
7218
7219
7220
7223
7224
7227
7228
7229
7230
7233
7234
7235
7236
7271
7272
7348
7349
7351
7352
7354
7355
7357
7359
7360
7361
7362
7365
7366
7367
7367
7367
2622
2623
2625
2626
2628
2629
2631
2632
2634
2635
2653
2655
2657
2658
2659
2661
7191
7192
7195
7196
7197
7198
7201
7202
7203
7204
7207
7208
7211
7212
7213
7214
7348
7349
7350
7351
7352
7354
7355
7356
7357
7359
7361
7362
7364
7365
7365
7365
2585
2586
2588
2590
2591
2604
2606
2607
2609
2610
2612
2613
2615
2616
2618
2619
7143
7144
7145
7148
7149
7162
7163
7164
7167
7168
7169
7170
7173
7174
7175
7176
7348
7349
7350
7352
7353
7354
7355
7356
7357
7358
7359
7360
7361
7362
7363
7363
2549
2551
2552
2554
2555
2568
2570
2572
2573
2574
2576
2578
2579
2580
2582
2584
7119
7120
7121
7124
7125
7126
7127
7130
7131
7132
7133
7136
7137
7138
7139
7142
7348
7349
7350
7351
7353
7354
7355
7356
7357
7358
7360
7361
7362
7362
7362
7362
2525
2527
2528
2530
2531
2533
2534
2536
2537
2539
2540
2542
2543
2545
2546
2548
7095
7096
7097
7100
7101
7102
7103
7106
7107
7108
7109
7112
7113
7114
7115
7118
7348
7349
7350
7351
7353
7354
7355
7356
7357
7358
7359
7360
7360
7360
7360
7360
2490
2491
2493
2494
2496
2497
2499
2500
2507
2509
2511
2512
2513
2515
2517
2518
7059
7060
7063
7064
7065
7066
7069
7070
7071
7072
7075
7076
7077
7078
7081
7082
7348
7349
7350
7351
7352
7353
7354
7355
7356
7356
7356
7356
7356
7356
7356
7356
2465
2466
2468
2470
2471
2473
2475
2476
2477
2479
2481
2482
2483
2485
2487
2488
7058
7250
7251
7252
7254
7255
7256
7258
7260
7261
7262
7264
7266
7267
7268
7270
7328
7329
7330
7332
7334
7335
7336
7339
7340
7341
7342
7343
7346
7347
7348
7352
2424
2425
2426
2429
2430
2431
2432
2435
2436
2454
2456
2458
2459
2460
2462
2464
7210
7212
7213
7215
7216
7218
7219
7221
7222
7239
7240
7242
7244
7245
7246
7248
7328
7329
7331
7332
7334
7335
7336
7337
7339
7340
7342
7343
7345
7346
7346
7346
2382
2384
2385
2387
2389
2390
2391
2393
2395
2396
2397
2399
2401
2402
2420
2423
7185
7187
7189
7191
7193
7194
7196
7197
7199
7200
7202
7203
7205
7206
7207
7209
7328
7329
7330
7331
7332
7335
7336
7337
7338
7339
7341
7342
7343
7344
7345
7345
2347
2348
2349
2362
2364
2366
2367
2368
2370
2372
2373
2374
2376
2378
2379
2380
7134
7135
7137
7150
7151
7153
7155
7156
7157
7159
7161
7178
7179
7181
7183
7184
7328
7329
7330
7331
7333
7334
7335
7336
7337
7338
7341
7342
7343
7343
7343
7343
2311
2312
2313
2315
2317
2318
2319
2321
2323
2324
2325
2338
2341
2342
2343
2344
7110
7111
7113
7114
7116
7117
7119
7120
7122
7123
7125
7126
7128
7129
7131
7132
7328
7329
7330
7331
7333
7334
7335
7336
7337
7338
7339
7340
7341
7341
7341
7341
2281
2282
2289
2291
2293
2294
2295
2297
2299
2300
2301
2303
2305
2306
2307
2309
7074
7076
7083
7084
7086
7088
7089
7090
7092
7094
7101
7102
7104
7105
7107
7108
7328
7329
7330
7331
7333
7334
7335
7336
7337
7338
7339
7339
7339
7339
7339
7339
2251
2252
2253
2255
2257
2258
2260
2262
2263
2264
2266
2268
2269
2270
2277
2280
7058
7059
7061
7062
7064
7065
7067
7068
7070
7071
7073
7264
7266
7267
7269
7270
7316
7319
7320
7321
7322
7327
7328
7329
7330
7331
7332
7333
7334
7335
7335
7335
2226
2228
2229
2230
2232
2234
2235
2236
2238
2240
2241
2243
2245
2246
2247
2249
7241
7242
7244
7245
7247
7248
7250
7251
7253
7254
7255
7257
7258
7260
7261
7263
7308
7309
7310
7311
7312
7314
7315
7317
7319
7320
7321
7323
7326
7327
7327
7327
2167
2169
2171
2172
2190
2193
2194
2195
2196
2199
2200
2201
2202
2205
2206
2224
7202
7204
7205
7206
7223
7225
7226
7228
7229
7231
7232
7234
7235
7237
7238
7239
7308
7310
7311
7312
7314
7316
7317
7319
7320
7321
7322
7323
7324
7325
7326
7326
2143
2144
2146
2148
2149
2150
2152
2154
2155
2157
2159
2160
2161
2163
2165
2166
7161
7178
7180
7181
7183
7184
7186
7187
7189
7192
7193
7194
7196
7198
7199
7200
7308
7309
7310
7311
7312
7313
7314
7315
7316
7317
7318
7322
7323
7324
7324
7324
2095
2108
2111
2112
2113
2114
2117
2118
2119
2132
2134
2136
2137
2138
2140
2142
7125
7138
7140
7141
7143
7144
7146
7147
7149
7150
7152
7153
7155
7156
7158
7159
7308
7309
7310
7311
7313
7314
7315
7316
7317
7318
7320
7321
7322
7322
7322
7322
2071
2073
2075
2076
2077
2079
2081
2082
2083
2085
2087
2088
2089
2091
2093
2094
7101
7103
7104
7105
7107
7109
7110
7111
7113
7115
7116
7117
7119
7121
7122
7123
7308
7309
7310
7311
7313
7314
7315
7316
7317
7318
7319
7320
7320
7320
7320
7320
2036
2038
2039
2040
2047
2050
2051
2052
2059
2061
2063
2064
2065
2067
2069
2070
7066
7067
7068
7070
7077
7079
7080
7082
7083
7085
7086
7088
7089
7091
7092
7094
7308
7309
7310
7311
7313
7314
7315
7316
7317
7317
7317
7317
7317
7317
7317
7317
1782
1783
1785
1786
1788
1789
1791
1792
1794
1795
1797
2028
2030
2032
2033
2034
7058
7060
7061
7062
7064
7256
7257
7258
7260
7262
7263
7264
7266
7268
7269
7270
7288
7289
7290
7292
7294
7295
7296
7299
7300
7301
7302
7307
7308
7309
7310
7311
7312
7313
7313
7313
7313
7313
7313
7313
7313
7313
7313
7313
7313
7313
7313
7313
1740
1741
1743
1745
1746
1765
1766
1768
1769
1771
1772
1774
1775
1777
1778
1780
7232
7234
7236
7237
7238
7240
7241
7242
7244
7246
7247
7248
7250
7252
7253
7254
7288
7289
7291
7292
7294
7295
7297
7299
7300
7301
7302
7303
7305
7306
7306
7306
1716
1717
1718
1720
1722
1723
1724
1726
1728
1729
1731
1733
1734
1735
1737
1739
7209
7210
7212
7214
7215
7216
7218
7220
7221
7222
7224
7225
7226
7228
7230
7231
7288
7290
7291
7292
7294
7295
7296
7297
7299
7301
7302
7303
7304
7305
7305
7305
1674
1676
1677
1679
1680
1682
1683
1685
1686
1688
1689
1691
1692
1694
1695
1714
7152
7153
7155
7157
7158
7159
7161
7179
7180
7181
7183
7185
7186
7187
7189
7208
7288
7289
7290
7291
7293
7294
7295
7296
7297
7298
7302
7303
7304
7304
7304
7304
1639
1640
1641
1643
1645
1646
1647
1649
1651
1652
1653
1655
1657
1658
1659
1673
7128
7129
7131
7133
7134
7135
7137
7139
7140
7141
7143
7145
7146
7147
7149
7151
7288
7290
7291
7293
7294
7295
7296
7297
7298
7300
7301
7302
7302
7302
7302
7302
1603
1604
1606
1607
1609
1610
1612
1613
1615
1616
1618
1619
1621
1622
1623
1637
7086
7088
7090
7091
7092
7094
7102
7103
7104
7105
7108
7109
7110
7111
7113
7127
7288
7289
7290
7291
7293
7294
7295
7296
7297
7298
7299
7300
7300
7300
7300
7300
1567
1569
1570
1572
1573
1574
1582
1584
1585
1586
1588
1590
1591
1592
1600
1601
7059
7060
7061
7062
7064
7072
7073
7074
7076
7078
7079
7080
7082
7084
7085
7264
7280
7287
7288
7289
7290
7291
7292
7293
7294
7295
7296
7296
7296
7296
7296
7296
1531
1544
1546
1547
1549
1550
1552
1553
1555
1556
1558
1559
1561
1562
1564
1565
7232
7239
7240
7241
7242
7245
7246
7247
7248
7255
7256
7257
7258
7261
7262
7263
7271
7272
7273
7274
7275
7277
7278
7279
7281
7285
7286
7287
7287
7287
7287
7287
1495
1508
1510
1512
1513
1514
1516
1518
1519
1520
1522
1524
1525
1526
1528
1530
7200
7207
7208
7209
7210
7213
7214
7215
7216
7223
7224
7225
7226
7229
7230
7231
7271
7272
7273
7274
7275
7277
7278
7279
7280
7281
7283
7284
7285
7285
7285
7285
1472
1473
1475
1476
1477
1479
1480
1482
1483
1485
1486
1488
1489
1491
1492
1494
7090
7091
7092
7094
7101
7102
7103
7104
7105
7191
7192
7193
7194
7197
7198
7199
7271
7272
7273
7274
7275
7276
7278
7279
7280
7281
7282
7283
7283
7283
7283
7283
1442
1444
1446
1447
1448
1449
1451
1453
1454
1455
1463
1465
1466
1468
1469
1470
7071
7072
7073
7074
7076
7077
7078
7079
7080
7082
7083
7084
7085
7086
7088
7089
7271
7272
7273
7274
7275
7276
7278
7279
7280
7281
7281
7281
7281
7281
7281
7281
1400
1402
1403
1416
1418
1419
1421
1422
1424
1425
1427
1429
1430
1432
1433
1434
7065
7066
7067
7068
7070
7145
7146
7148
7150
7151
7152
7154
7156
7157
7158
7160
7255
7256
7257
7259
7261
7262
7263
7264
7265
7269
7270
7272
7273
7274
7275
7276
7277
7277
7277
7277
7277
7277
7277
7277
7277
7277
7277
7277
7277
7277
7277
7277
1364
1366
1367
1380
1382
1384
1385
1386
1388
1390
1391
1392
1394
1396
1397
1398
7121
7122
7124
7126
7127
7128
7130
7132
7133
7134
7136
7138
7139
7140
7142
7144
7255
7256
7257
7258
7259
7261
7263
7264
7265
7267
7268
7269
7269
7269
7269
7269
1340
1342
1343
1345
1346
1348
1349
1351
1352
1354
1355
1357
1358
1360
1361
1363
7085
7087
7095
7096
7097
7098
7107
7108
7109
7110
7112
7114
7115
7116
7118
7120
7255
7256
7257
7258
7259
7261
7262
7263
7264
7265
7266
7267
7267
7267
7267
7267
1305
1306
1308
1309
1311
1312
1319
1321
1323
1324
1325
1327
1329
1330
1337
1339
7061
7063
7065
7066
7067
7069
7071
7072
7073
7075
7077
7078
7079
7081
7083
7084
7255
7256
7257
7258
7259
7260
7261
7262
7263
7264
7264
7264
7264
7264
7264
7264
1269
1270
1272
1274
1275
1288
1290
1291
1293
1294
1296
1297
1299
1300
1302
1303
7058
7059
7060
7142
7144
7145
7147
7148
7178
7179
7180
7182
7184
7185
7186
7188
7239
7240
7241
7243
7245
7246
7247
7248
7249
7253
7254
7255
7256
7257
7260
7260
1233
1235
1236
1238
1239
1252
1254
1256
1257
1258
1260
1262
1263
1264
1266
1268
7118
7120
7121
7123
7124
7126
7127
7129
7130
7132
7133
7135
7136
7138
7139
7141
7239
7240
7241
7242
7243
7245
7246
7247
7248
7249
7251
7252
7253
7253
7253
7253
1209
1211
1212
1214
1215
1217
1218
1220
1221
1223
1224
1226
1227
1229
1230
1232
7089
7090
7091
7093
7095
7096
7097
7099
7107
7108
7109
7111
7112
7114
7115
7117
7239
7240
7241
7242
7243
7245
7246
7247
7248
7249
7250
7251
7251
7251
7251
7251
1174
1175
1177
1178
1180
1181
1183
1184
1191
1193
1195
1196
1197
1199
1201
1202
7059
7060
7062
7063
7065
7066
7068
7069
7071
7072
7074
7075
7077
7078
7080
7081
7239
7240
7241
7242
7243
7244
7245
7246
7247
7247
7247
7247
7247
7247
7247
7247
1022
1024
1025
1026
1028
1030
1031
1032
1034
1036
1037
1038
1040
1042
1043
1172
7058
7151
7153
7154
7156
7157
7159
7160
7178
7179
7181
7182
7184
7185
7187
7188
7223
7224
7225
7226
7227
7229
7230
7231
7232
7233
7237
7238
7239
7244
7244
7244
975
976
977
979
981
982
983
996
999
1000
1001
1002
1005
1006
1007
1020
7116
7117
7118
7120
7122
7123
7124
7126
7128
7129
7130
7132
7134
7135
7136
7150
7223
7225
7226
7227
7229
7230
7231
7232
7233
7235
7236
7237
7237
7237
7237
7237
951
952
953
955
957
958
959
961
963
964
965
967
969
970
971
973
7086
7087
7089
7090
7092
7093
7095
7096
7098
7099
7107
7108
7110
7111
7112
7114
7223
7224
7225
7226
7227
7229
7230
7231
7232
7233
7234
7235
7235
7235
7235
7235
915
916
918
920
921
922
924
926
927
928
935
938
939
940
947
949
7058
7059
7061
7062
7063
7065
7067
7068
7069
7071
7073
7074
7075
7083
7084
7188
7217
7222
7223
7224
7225
7226
7227
7228
7229
7230
7231
7231
7231
7231
7231
7231
879
892
894
896
897
898
900
902
903
904
906
908
909
910
912
914
7148
7150
7152
7153
7154
7156
7158
7159
7160
7178
7180
7181
7182
7184
7186
7187
7207
7208
7209
7210
7211
7213
7214
7215
7216
7217
7220
7221
7222
7222
7222
7222
843
845
847
848
849
851
853
854
855
868
871
872
873
874
877
878
7112
7115
7116
7117
7118
7121
7122
7123
7124
7138
7140
7141
7142
7144
7146
7147
7207
7208
7209
7210
7211
7213
7214
7215
7216
7217
7218
7219
7220
7220
7220
7220
819
821
823
824
825
827
829
830
831
833
835
836
837
839
841
842
7083
7085
7086
7087
7089
7091
7092
7093
7095
7097
7098
7099
7107
7109
7110
7111
7207
7208
7209
7210
7211
7213
7214
7215
7216
7217
7218
7218
7218
7218
7218
7218
656
658
659
788
790
792
793
794
796
798
799
800
807
810
811
812
7058
7060
7061
7062
7063
7066
7067
7068
7069
7077
7079
7080
7081
7186
7187
7188
7198
7199
7201
7206
7207
7208
7209
7210
7211
7212
7213
7214
7214
7214
7214
7214
621
622
623
637
638
640
641
643
644
646
647
649
650
652
653
655
7146
7147
7148
7151
7152
7153
7154
7157
7158
7159
7160
7179
7180
7181
7182
7185
7191
7192
7193
7194
7195
7197
7198
7199
7200
7201
7204
7205
7206
7206
7206
7206
585
586
587
601
603
604
605
607
609
610
611
613
615
616
617
619
7110
7111
7112
7127
7128
7129
7130
7133
7134
7135
7136
7139
7140
7141
7142
7145
7191
7192
7193
7194
7195
7197
7198
7199
7200
7201
7202
7203
7204
7204
7204
7204
555
556
564
565
567
568
570
571
573
574
576
577
579
580
582
583
7080
7081
7084
7085
7086
7087
7090
7091
7092
7093
7096
7097
7098
7099
7108
7109
7191
7192
7193
7194
7195
7197
7198
7199
7200
7201
7202
7202
7202
7202
7202
7202
525
526
528
529
531
533
534
536
537
538
546
548
549
550
552
554
7059
7060
7061
7062
7063
7072
7073
7074
7075
7078
7079
7165
7168
7169
7170
7171
7181
7184
7185
7186
7187
7190
7191
7192
7193
7194
7195
7196
7197
7198
7198
7198
502
504
505
506
508
509
511
512
513
515
516
518
519
520
522
523
7085
7087
7088
7095
7096
7097
7098
7100
7101
7102
7103
7104
7106
7162
7163
7164
7178
7179
7180
7181
7182
7183
7187
7188
7189
7190
7190
7190
7190
7190
7190
7190
466
468
469
470
478
480
482
483
484
485
487
489
490
491
499
501
7066
7067
7069
7070
7071
7072
7073
7075
7076
7077
7078
7079
7081
7082
7083
7084
7178
7179
7180
7181
7182
7183
7184
7185
7186
7187
7187
7187
7187
7187
7187
7187
430
432
433
434
436
438
439
452
454
455
457
458
460
461
463
465
7065
7139
7140
7141
7144
7145
7146
7147
7150
7151
7152
7153
7156
7157
7158
7159
7162
7163
7164
7165
7166
7168
7169
7170
7171
7172
7176
7177
7179
7184
7184
7184
394
396
397
399
400
402
403
416
418
420
421
422
424
426
427
428
7115
7116
7117
7120
7121
7122
7123
7126
7127
7128
7129
7132
7133
7134
7135
7138
7162
7164
7165
7166
7168
7169
7170
7171
7172
7174
7175
7176
7176
7176
7176
7176
365
366
373
375
376
378
379
381
382
384
385
387
388
390
391
393
7079
7080
7083
7084
7085
7086
7089
7090
7091
7092
7107
7108
7109
7110
7111
7114
7162
7163
7164
7165
7166
7168
7169
7170
7171
7172
7173
7174
7174
7174
7174
7174
335
336
338
339
341
342
344
345
347
348
355
357
359
360
361
363
7058
7059
7060
7061
7062
7065
7066
7067
7068
7071
7072
7073
7074
7077
7078
7106
7154
7161
7162
7163
7164
7165
7166
7167
7168
7169
7170
7170
7170
7170
7170
7170
306
307
315
317
318
320
321
322
324
325
327
328
329
331
332
334
7081
7082
7089
7090
7091
7093
7094
7095
7096
7097
7099
7100
7101
7102
7103
7105
7150
7151
7152
7153
7154
7155
7158
7159
7160
7161
7161
7161
7161
7161
7161
7161
221
222
223
281
282
284
285
286
294
296
298
299
300
301
303
305
7065
7066
7068
7069
7070
7071
7072
7074
7075
7076
7077
7078
7080
7104
7105
7106
7140
7141
7142
7149
7150
7151
7152
7153
7154
7155
7156
7157
7158
7158
7158
7158
198
200
201
202
203
205
207
208
209
210
212
214
215
216
217
219
7084
7086
7087
7088
7089
7090
7092
7093
7094
7095
7096
7098
7099
7100
7101
7102
7138
7139
7140
7141
7142
7143
7146
7147
7148
7149
7149
7149
7149
7149
7149
7149
161
163
165
166
167
169
171
172
173
174
182
185
186
187
188
196
7065
7067
7068
7069
7070
7071
7073
7074
7075
7076
7083
7101
7103
7104
7105
7106
7126
7127
7128
7129
7130
7137
7138
7139
7140
7141
7142
7143
7144
7145
7146
7146
132
140
142
144
145
146
147
149
151
152
153
154
156
158
159
160
7082
7083
7085
7086
7087
7088
7089
7091
7092
7093
7094
7095
7097
7098
7099
7100
7126
7127
7128
7129
7130
7131
7133
7134
7135
7136
7136
7136
7136
7136
7136
7136
47
48
50
51
53
54
55
113
115
116
117
118
126
129
130
131
7066
7067
7068
7069
7070
7077
7079
7080
7081
7099
7100
7102
7103
7104
7105
7106
7114
7115
7116
7117
7118
7119
7124
7125
7126
7127
7128
7129
7130
7131
7132
7133
18
19
20
29
30
32
33
34
36
37
39
40
41
43
44
46
7080
7081
7082
7084
7085
7086
7087
7088
7090
7091
7092
7093
7094
7096
7097
7098
7114
7115
7116
7117
7118
7119
7121
7122
7123
7124
7124
7124
7124
7124
7124
7124
8
10
11
12
13
15
17
6545
6547
6548
6549
6551
6553
6555
6557
6559
6971
6974
6975
6976
6977
6980
6981
6984
6985
7040
7043
7044
7045
7046
7048
7050
7053
7054
7057
7072
7073
7074
7075
7076
7078
7079
7114
7115
7116
7117
7118
7119
7120
7121
7121
7121
7121
7121
7121
7121
7121
7121
7121
7121
7121
7121
7121
7121
6518
6519
6520
6522
6524
6525
6526
6528
6530
6532
6534
6536
6539
6541
6542
6543
6924
6925
6926
6928
6930
6931
6932
6934
6936
6938
6940
6942
6965
6968
6969
6970
7034
7037
7038
7039
7041
7043
7044
7045
7047
7048
7051
7053
7055
7056
7057
7057
6447
6449
6451
6453
6455
6456
6457
6459
6461
6462
6463
6465
6467
6469
6471
6516
6853
6855
6857
6878
6881
6882
6883
6884
6887
6888
6889
6890
6893
6894
6897
6922
7034
7035
7036
7038
7039
7040
7042
7044
7045
7046
7049
7050
7051
7052
7054
7055
7056
7056
7056
7056
7056
7056
7056
7056
7056
7056
7056
7056
7056
7056
7056
7056
6402
6403
6405
6406
6408
6409
6411
6433
6435
6436
6437
6439
6441
6442
6443
6445
6827
6829
6831
6832
6833
6835
6837
6839
6841
6842
6843
6845
6847
6848
6849
6851
7035
7036
7038
7039
7040
7041
7042
7044
7045
7047
7050
7051
7052
7053
7054
7054
6360
6362
6380
6381
6383
6384
6386
6387
6389
6390
6392
6393
6396
6397
6399
6400
6785
6788
6805
6807
6809
6810
6811
6813
6815
6816
6817
6819
6821
6823
6825
6826
7034
7035
7036
7037
7038
7039
7040
7041
7043
7045
7046
7047
7049
7051
7052
7053
6335
6336
6338
6340
6341
6342
6344
6346
6348
6350
6351
6352
6354
6356
6357
6358
6745
6746
6748
6750
6751
6752
6754
6756
6773
6776
6777
6778
6779
6782
6783
6784
7034
7036
7037
7038
7040
7041
7042
7043
7045
7047
7049
7050
7051
7051
7051
7051
6294
6296
6297
6299
6300
6303
6304
6306
6307
6309
6310
6312
6313
6314
6332
6334
6720
6722
6723
6724
6726
6728
6730
6732
6733
6734
6736
6738
6739
6740
6742
6744
7034
7035
7036
7037
7039
7040
7041
7042
7043
7044
7045
7046
7047
7048
7049
7050
6259
6260
6261
6263
6265
6266
6267
6269
6271
6272
6273
6287
6288
6290
6291
6293
6673
6674
6675
6688
6691
6692
6693
6694
6697
6698
6699
6712
6714
6716
6717
6718
7034
7035
7036
7037
7038
7039
7040
7042
7043
7044
7046
7047
7048
7048
7048
7048
6223
6224
6226
6227
6229
6230
6232
6233
6235
6236
6237
6251
6253
6254
6255
6257
6649
6650
6651
6653
6655
6656
6657
6659
6661
6662
6663
6665
6667
6668
6669
6671
7034
7035
7036
7037
7039
7040
7041
7042
7043
7044
7045
7046
7046
7046
7046
7046
6187
6188
6196
6198
6199
6200
6202
6204
6205
6206
6214
6215
6217
6218
6220
6221
6613
6614
6616
6618
6619
6620
6627
6630
6631
6632
6639
6641
6643
6644
6645
6647
7034
7035
7036
7037
7038
7039
7040
7041
7042
7043
7043
7043
7043
7043
7043
7043
5687
5689
5690
5691
5693
5695
5696
5697
5699
5701
5703
5705
5707
6183
6184
6186
6608
6610
6612
6966
6968
6969
6970
6972
6974
6975
6976
6978
6980
6982
6984
6986
7010
7013
7014
7015
7016
7019
7020
7021
7022
7024
7026
7029
7030
7033
7034
7035
7036
7038
7038
7038
7038
7038
7038
7038
7038
7038
7038
7038
7038
7038
7038
7038
5615
5617
5619
5664
5666
5667
5668
5670
5672
5673
5674
5676
5678
5680
5682
5684
6893
6895
6897
6944
6946
6947
6948
6950
6952
6953
6954
6956
6958
6960
6962
6964
7011
7013
7014
7015
7017
7019
7020
7021
7023
7024
7025
7026
7027
7028
7029
7031
7032
7032
7032
7032
7032
7032
7032
7032
7032
7032
7032
7032
7032
7032
7032
7032
5589
5590
5591
5593
5595
5597
5599
5601
5603
5604
5605
5607
5609
5610
5611
5613
6867
6868
6869
6871
6873
6875
6877
6879
6881
6882
6883
6885
6887
6888
6889
6891
7010
7012
7014
7015
7016
7018
7020
7021
7022
7023
7025
7027
7028
7030
7031
7031
5544
5545
5547
5548
5550
5551
5553
5554
5556
5557
5559
5581
5583
5584
5585
5587
6822
6823
6825
6826
6828
6829
6831
6832
6834
6835
6837
6859
6861
6862
6863
6865
7010
7011
7012
7014
7015
7016
7017
7018
7020
7026
7027
7028
7029
7030
7030
7030
5502
5504
5505
5506
5508
5510
5528
5529
5531
5532
5534
5535
5537
5538
5540
5541
6780
6782
6783
6784
6786
6788
6806
6807
6809
6810
6812
6813
6815
6816
6818
6819
7010
7011
7013
7014
7016
7017
7018
7019
7021
7022
7023
7025
7027
7028
7028
7028
5461
5462
5480
5482
5483
5484
5486
5488
5489
5490
5492
5494
5496
5498
5499
5500
6739
6740
6758
6760
6761
6762
6764
6766
6767
6768
6770
6772
6774
6776
6777
6778
7010
7011
7012
7013
7014
7017
7018
7019
7020
7021
7023
7024
7025
7026
7027
7027
5436
5438
5439
5441
5442
5444
5445
5447
5448
5451
5452
5454
5455
5457
5458
5460
6714
6716
6717
6719
6720
6722
6723
6725
6726
6729
6730
6732
6733
6735
6736
6738
7010
7011
7012
7013
7014
7015
7016
7017
7018
7019
7021
7022
7023
7024
7025
7025
5401
5402
5403
5405
5407
5408
5409
5411
5413
5414
5415
5417
5419
5420
5421
5435
6679
6680
6681
6683
6685
6686
6687
6689
6691
6692
6693
6695
6697
6698
6699
6713
7010
7012
7013
7015
7016
7017
7018
7019
7020
7022
7023
7024
7024
7024
7024
7024
5365
5366
5368
5369
5371
5372
5374
5375
5377
5378
5380
5381
5383
5384
5385
5399
6643
6644
6646
6647
6649
6650
6652
6653
6655
6656
6658
6659
6661
6662
6663
6677
7010
7011
7012
7013
7015
7016
7017
7018
7019
7020
7021
7022
7022
7022
7022
7022
4906
5331
5332
5334
5335
5336
5344
5346
5347
5348
5350
5352
5353
5354
5362
5363
6609
6610
6612
6613
6614
6622
6624
6625
6626
6628
6630
6631
6632
6640
6641
6982
7004
7009
7010
7011
7012
7013
7014
7015
7016
7017
7018
7018
7018
7018
7018
7018
4879
4881
4882
4885
4886
4889
4890
4892
4893
4895
4896
4898
4899
4901
4902
4905
6954
6955
6956
6959
6960
6965
6966
6969
6970
6971
6972
6975
6976
6977
6978
6981
6987
6988
6991
6992
6993
6994
6997
6998
6999
7000
7001
7003
7005
7008
7009
7009
4853
4855
4856
4858
4859
4861
4862
4865
4866
4869
4870
4872
4873
4875
4876
4878
6926
6927
6928
6931
6932
6933
6934
6937
6938
6943
6944
6947
6948
6949
6950
6953
6987
6989
6991
6992
6993
6994
6995
6997
6998
7000
7001
7004
7005
7007
7008
7008
4791
4793
4812
4813
4814
4816
4818
4819
4820
4822
4824
4825
4826
4849
4850
4852
6786
6788
6805
6806
6807
6810
6811
6812
6813
6816
6817
6818
6819
6921
6922
6925
6987
6988
6989
6991
6993
6994
6995
6998
6999
7000
7001
7002
7005
7006
7007
7007
4767
4768
4770
4771
4773
4774
4776
4778
4779
4781
4782
4784
4785
4787
4788
4790
6763
6764
6766
6768
6769
6770
6772
6773
6774
6776
6778
6779
6780
6782
6784
6785
6987
6988
6990
6991
6993
6994
6995
6996
6998
6999
7001
7002
7004
7005
7005
7005
4725
4744
4745
4747
4748
4750
4751
4753
4754
4756
4757
4759
4761
4762
4764
4765
6739
6741
6742
6744
6746
6747
6748
6750
6752
6753
6754
6756
6757
6758
6760
6762
6987
6988
6989
6990
6991
6994
6995
6996
6997
6998
7000
7001
7002
7003
7004
7004
4689
4691
4692
4694
4695
4697
4698
4700
4701
4715
4716
4717
4719
4721
4722
4723
6687
6688
6689
6691
6693
6694
6695
6697
6699
6728
6729
6730
6733
6734
6735
6736
6987
6988
6989
6990
6992
6993
6994
6995
6996
6997
7000
7001
7002
7002
7002
7002
4653
4667
4668
4670
4671
4673
4674
4676
4677
4679
4680
4682
4683
4685
4686
4688
6663
6664
6665
6667
6669
6670
6671
6673
6675
6676
6677
6679
6681
6682
6683
6685
6987
6988
6989
6990
6992
6993
6994
6995
6996
6997
6998
6999
7000
7000
7000
7000
4624
4625
4627
4628
4636
4637
4638
4640
4642
4643
4644
4646
4648
4649
4650
4652
6627
6628
6630
6632
6639
6640
6641
6644
6651
6652
6653
6655
6657
6658
6659
6661
6987
6988
6989
6990
6992
6993
6994
6995
6996
6997
6998
6998
6998
6998
6998
6998
4263
4265
4267
4599
4600
4601
4603
4604
4612
4613
4615
4616
4618
4619
4621
4622
6608
6609
6610
6612
6614
6615
6616
6618
6620
6621
6622
6624
6626
6872
6874
6876
6979
6981
6983
6986
6987
6988
6989
6990
6991
6992
6993
6994
6994
6994
6994
6994
4237
4238
4239
4241
4243
4245
4247
4249
4251
4252
4253
4255
4257
4258
4259
4261
6846
6848
6849
6850
6852
6854
6856
6858
6860
6862
6863
6864
6866
6868
6869
6870
6965
6967
6969
6970
6971
6973
6975
6976
6977
6978
6979
6982
6983
6985
6986
6986
4192
4193
4195
4196
4198
4199
4201
4202
4204
4205
4207
4229
4231
4232
4233
4235
6821
6822
6824
6826
6827
6828
6830
6832
6833
6834
6836
6838
6840
6842
6843
6844
6965
6966
6967
6969
6970
6971
6972
6973
6975
6981
6982
6983
6984
6985
6985
6985
4150
4152
4153
4154
4156
4158
4176
4177
4179
4180
4182
4183
4185
4186
4188
4189
6763
6765
6767
6768
6769
6771
6789
6790
6793
6794
6795
6796
6799
6800
6801
6802
6965
6966
6968
6969
6971
6972
6973
6974
6976
6977
6978
6979
6982
6983
6983
6983
4108
4110
4128
4130
4131
4132
4134
4136
4137
4138
4140
4142
4144
4146
4147
4148
6725
6727
6741
6743
6745
6746
6747
6749
6751
6752
6753
6755
6757
6759
6761
6762
6965
6966
6967
6968
6969
6972
6973
6974
6976
6978
6979
6980
6981
6982
6982
6982
4084
4086
4087
4089
4090
4092
4093
4095
4096
4098
4099
4101
4102
4104
4105
4107
6701
6704
6705
6706
6707
6710
6711
6712
6713
6715
6717
6718
6719
6721
6723
6724
6965
6966
6967
6968
6969
6970
6971
6972
6973
6974
6975
6976
6977
6979
6980
6980
4049
4050
4051
4053
4055
4056
4057
4059
4061
4062
4063
4065
4067
4068
4069
4083
6666
6668
6669
6670
6672
6674
6675
6676
6678
6680
6681
6682
6684
6686
6687
6700
6965
6967
6968
6970
6971
6972
6973
6974
6975
6977
6978
6979
6979
6979
6979
6979
4013
4014
4016
4017
4019
4020
4022
4023
4025
4026
4028
4029
4031
4032
4033
4047
6637
6638
6645
6646
6648
6650
6651
6652
6654
6656
6657
6658
6660
6662
6663
6664
6965
6966
6967
6968
6970
6971
6972
6973
6974
6975
6976
6977
6977
6977
6977
6977
3957
3979
3980
3982
3983
3984
3992
3994
3995
3996
3998
4000
4001
4002
4010
4011
6608
6609
6611
6613
6614
6615
6617
6619
6620
6621
6623
6625
6626
6633
6634
6896
6961
6964
6965
6966
6967
6968
6969
6970
6971
6972
6973
6973
6973
6973
6973
6973
3929
3931
3933
3935
3937
3939
3941
3942
3943
3945
3947
3948
3949
3951
3953
3955
6849
6851
6852
6855
6856
6878
6880
6882
6883
6884
6886
6888
6889
6890
6892
6894
6943
6945
6947
6948
6949
6951
6953
6954
6955
6956
6957
6959
6960
6961
6963
6964
3885
3886
3888
3889
3891
3892
3894
3895
3897
3919
3921
3922
3923
3925
3927
3928
6824
6826
6827
6829
6830
6832
6833
6835
6836
6839
6840
6842
6843
6845
6846
6848
6944
6945
6947
6948
6949
6950
6951
6953
6959
6960
6961
6962
6963
6963
6963
6963
3843
3844
3846
3848
3866
3867
3869
3870
3872
3873
3875
3876
3878
3879
3882
3883
6783
6784
6785
6787
6789
6791
6793
6794
6795
6797
6799
6800
6801
6803
6821
6823
6943
6944
6946
6947
6949
6950
6952
6954
6955
6956
6957
6960
6961
6962
6962
6962
3818
3820
3821
3822
3824
3826
3827
3828
3830
3832
3834
3836
3837
3838
3840
3842
6742
6743
6745
6746
6748
6749
6751
6752
6754
6755
6773
6775
6777
6778
6779
6781
6943
6944
6945
6946
6947
6949
6950
6951
6952
6954
6956
6957
6959
6960
6960
6960
3777
3779
3780
3782
3783
3785
3786
3788
3789
3791
3792
3794
3795
3797
3798
3800
6705
6706
6708
6710
6711
6712
6714
6715
6717
6718
6720
6721
6723
6724
6726
6727
6943
6944
6945
6947
6948
6949
6950
6951
6952
6953
6954
6955
6956
6957
6958
6958
3741
3743
3745
3746
3747
3749
3751
3752
3753
3755
3757
3758
3759
3773
3774
3776
6669
6671
6672
6674
6675
6688
6690
6692
6693
6694
6696
6698
6699
6700
6702
6704
6943
6944
6945
6946
6948
6949
6950
6951
6952
6953
6955
6956
6957
6957
6957
6957
3706
3707
3709
3710
3712
3713
3715
3716
3718
3719
3721
3722
3723
3737
3739
3740
6645
6647
6648
6650
6651
6653
6654
6656
6657
6659
6660
6662
6663
6665
6666
6668
6943
6944
6945
6946
6948
6949
6950
6951
6952
6953
6954
6955
6955
6955
6955
6955
3670
3672
3673
3674
3682
3684
3685
3686
3688
3690
3691
3692
3700
3701
3703
3704
6610
6611
6613
6614
6616
6617
6619
6620
6627
6629
6631
6632
6633
6635
6637
6638
6943
6944
6945
6946
6947
6948
6949
6950
6951
6951
6951
6951
6951
6951
6951
6951
3623
3625
3627
3629
3631
3632
3633
3635
3637
3638
3639
3641
3643
3645
3647
3669
6608
6872
6875
6876
6879
6880
6882
6883
6885
6886
6888
6889
6891
6892
6895
6896
6921
6923
6925
6926
6927
6929
6931
6932
6933
6935
6937
6938
6939
6941
6942
6943
6947
6947
6947
6947
6947
6947
6947
6947
6947
6947
6947
6947
6947
6947
6947
6947
3578
3579
3581
3582
3584
3585
3587
3609
3611
3612
3613
3615
3617
3618
3619
3621
6828
6829
6830
6832
6834
6835
6836
6859
6860
6862
6863
6865
6866
6868
6869
6871
6922
6923
6925
6926
6927
6928
6929
6931
6932
6934
6937
6938
6939
6940
6941
6941
3536
3538
3556
3557
3559
3560
3562
3563
3565
3566
3568
3569
3572
3573
3575
3576
6786
6787
6790
6791
6793
6794
6796
6797
6799
6800
6802
6803
6822
6823
6824
6826
6921
6922
6923
6924
6925
6926
6927
6928
6930
6932
6933
6934
6935
6938
6939
6940
3511
3512
3514
3516
3517
3518
3520
3522
3524
3526
3527
3528
3530
3532
3533
3534
6761
6762
6764
6765
6767
6768
6770
6771
6774
6775
6777
6778
6780
6781
6783
6784
6921
6923
6924
6925
6927
6928
6929
6930
6932
6934
6935
6937
6938
6938
6938
6938
3470
3472
3473
3475
3476
3478
3479
3481
3482
3484
3485
3487
3488
3490
3508
3510
6708
6710
6711
6713
6714
6715
6717
6719
6720
6721
6723
6725
6726
6727
6758
6759
6921
6922
6923
6925
6927
6928
6929
6930
6931
6932
6933
6934
6935
6936
6937
6937
3435
3436
3437
3439
3441
3442
3443
3445
3447
3448
3449
3463
3464
3466
3467
3469
6684
6686
6687
6689
6690
6692
6693
6695
6696
6698
6699
6701
6702
6704
6705
6707
6921
6922
6923
6924
6926
6927
6929
6930
6931
6933
6934
6935
6935
6935
6935
6935
3399
3400
3402
3403
3405
3406
3408
3409
3411
3412
3413
3427
3429
3430
3431
3433
6648
6650
6652
6653
6654
6656
6658
6659
6660
6662
6663
6677
6678
6680
6681
6683
6921
6922
6923
6924
6926
6927
6928
6929
6930
6931
6932
6933
6933
6933
6933
6933
3363
3364
3372
3374
3375
3376
3378
3380
3381
3382
3390
3391
3393
3394
3396
3397
6613
6614
6622
6623
6625
6626
6628
6629
6631
6632
6634
6635
6637
6638
6646
6647
6921
6922
6923
6924
6925
6926
6927
6928
6929
6930
6930
6930
6930
6930
6930
6930
2776
2779
2780
2782
2783
2785
2786
2788
2789
2791
2792
2795
2796
3359
3360
3362
6609
6610
6611
6875
6878
6879
6882
6883
6884
6885
6888
6889
6890
6891
6894
6895
6898
6899
6902
6903
6904
6905
6908
6909
6910
6911
6914
6915
6916
6919
6920
6921
6922
6923
6925
6925
6925
6925
6925
6925
6925
6925
6925
6925
6925
6925
6925
6925
2749
2751
2752
2755
2756
2759
2760
2762
2763
2765
2766
2768
2769
2771
2772
2775
6849
6850
6851
6854
6855
6858
6859
6862
6863
6864
6865
6868
6869
6870
6871
6874
6898
6900
6902
6903
6904
6906
6908
6909
6910
6911
6912
6914
6915
6916
6918
6919
2704
2706
2708
2709
2710
2712
2714
2715
2716
2739
2740
2742
2743
2745
2746
2748
6823
6826
6827
6828
6829
6832
6833
6834
6835
6838
6839
6842
6843
6844
6845
6848
6899
6900
6902
6903
6904
6905
6906
6908
6914
6915
6916
6917
6918
6918
6918
6918
2663
2664
2666
2667
2670
2671
2673
2674
2676
2677
2679
2680
2682
2683
2702
2703
6767
6768
6769
6770
6773
6774
6777
6778
6779
6780
6783
6784
6785
6786
6821
6822
6898
6899
6901
6902
6904
6905
6907
6909
6910
6911
6912
6915
6916
6917
6917
6917
2638
2639
2641
2642
2644
2645
2647
2648
2650
2651
2654
2655
2657
2658
2660
2661
6741
6742
6745
6746
6747
6748
6751
6752
6753
6754
6757
6758
6761
6762
6763
6764
6898
6899
6900
6901
6902
6904
6905
6906
6907
6909
6911
6912
6914
6915
6915
6915
2585
2587
2588
2590
2591
2605
2606
2607
2609
2611
2612
2613
2615
2617
2618
2619
6693
6694
6695
6698
6699
6712
6713
6714
6717
6718
6719
6720
6723
6724
6725
6726
6898
6899
6900
6902
6903
6904
6905
6906
6907
6908
6909
6910
6911
6912
6913
6913
2561
2563
2564
2566
2567
2569
2570
2572
2573
2575
2576
2578
2579
2581
2582
2584
6669
6670
6671
6674
6675
6676
6677
6680
6681
6682
6683
6686
6687
6688
6689
6692
6898
6899
6900
6901
6903
6904
6905
6906
6907
6908
6910
6911
6912
6912
6912
6912
2526
2527
2528
2530
2532
2533
2534
2536
2538
2539
2540
2542
2543
2557
2558
2560
6645
6646
6647
6650
6651
6652
6653
6656
6657
6658
6659
6662
6663
6664
6665
6668
6898
6899
6900
6901
6903
6904
6905
6906
6907
6908
6909
6910
6910
6910
6910
6910
2490
2491
2493
2494
2502
2503
2505
2506
2508
2509
2511
2512
2514
2515
2517
2518
6609
6610
6613
6614
6615
6616
6619
6620
6621
6622
6625
6626
6627
6628
6631
6632
6898
6899
6900
6901
6902
6903
6904
6905
6906
6906
6906
6906
6906
6906
6906
6906
2465
2467
2468
2470
2472
2473
2475
2476
2478
2479
2481
2482
2484
2485
2487
2489
6608
6800
6801
6802
6804
6805
6806
6808
6810
6811
6812
6814
6816
6817
6818
6820
6878
6879
6880
6882
6884
6885
6886
6889
6890
6891
6892
6893
6896
6897
6898
6902
2424
2425
2427
2429
2430
2431
2433
2435
2436
2455
2456
2458
2459
2461
2462
2464
6760
6762
6763
6765
6766
6768
6769
6771
6772
6789
6790
6792
6794
6795
6796
6798
6878
6879
6881
6882
6884
6885
6886
6887
6889
6890
6892
6893
6895
6896
6896
6896
2382
2384
2385
2404
2406
2407
2408
2410
2412
2413
2414
2416
2418
2419
2421
2423
6735
6737
6739
6741
6743
6744
6746
6747
6749
6750
6752
6753
6755
6756
6757
6759
6878
6879
6880
6881
6882
6885
6886
6887
6888
6889
6891
6892
6893
6894
6895
6895
2347
2348
2349
2363
2364
2366
2367
2369
2370
2372
2373
2375
2376
2378
2379
2381
6684
6685
6687
6700
6701
6703
6705
6706
6707
6709
6711
6728
6729
6731
6733
6734
6878
6879
6880
6881
6883
6884
6885
6886
6887
6888
6891
6892
6893
6893
6893
6893
2311
2312
2313
2327
2329
2330
2331
2333
2335
2336
2337
2339
2341
2342
2343
2345
6660
6661
6663
6664
6666
6667
6669
6670
6672
6673
6675
6676
6678
6679
6681
6682
6878
6879
6880
6881
6883
6884
6885
6886
6887
6888
6889
6890
6891
6891
6891
6891
2281
2282
2290
2291
2293
2294
2296
2297
2299
2300
2302
2303
2305
2306
2308
2309
6624
6626
6633
6634
6636
6638
6639
6640
6642
6644
6651
6652
6654
6655
6657
6658
6878
6879
6880
6881
6883
6884
6885
6886
6887
6888
6889
6889
6889
6889
6889
6889
2251
2252
2254
2255
2257
2259
2260
2262
2263
2264
2272
2274
2275
2276
2278
2280
6608
6609
6611
6612
6614
6615
6617
6618
6620
6621
6623
6814
6816
6817
6819
6820
6866
6869
6870
6871
6872
6877
6878
6879
6880
6881
6882
6883
6884
6885
6885
6885
2226
2228
2229
2231
2232
2234
2235
2237
2238
2240
2242
2243
2245
2246
2248
2249
6791
6792
6794
6795
6797
6798
6800
6801
6803
6804
6805
6807
6808
6810
6811
6813
6858
6859
6860
6861
6862
6864
6865
6867
6869
6870
6871
6873
6876
6877
6877
6877
2184
2186
2188
2189
2191
2193
2194
2195
2197
2199
2200
2201
2203
2205
2206
2225
6752
6754
6755
6756
6773
6775
6776
6778
6779
6781
6782
6784
6785
6787
6788
6789
6858
6860
6861
6862
6864
6866
6867
6869
6870
6871
6872
6873
6874
6875
6876
6876
2143
2145
2146
2148
2149
2151
2152
2154
2155
2174
2176
2177
2178
2180
2182
2183
6711
6728
6730
6731
6733
6734
6736
6737
6739
6742
6743
6744
6746
6748
6749
6750
6858
6859
6860
6861
6862
6863
6864
6865
6866
6867
6868
6872
6873
6874
6874
6874
2107
2109
2111
2112
2113
2115
2117
2118
2119
2133
2134
2136
2137
2139
2140
2142
6675
6688
6690
6691
6693
6694
6696
6697
6699
6700
6702
6703
6705
6706
6708
6709
6858
6859
6860
6861
6863
6864
6865
6866
6867
6868
6870
6871
6872
6872
6872
6872
2072
2073
2075
2076
2078
2079
2081
2082
2083
2097
2099
2100
2101
2103
2105
2106
6651
6653
6654
6655
6657
6659
6660
6661
6663
6665
6666
6667
6669
6671
6672
6673
6858
6859
6860
6861
6863
6864
6865
6866
6867
6868
6869
6870
6870
6870
6870
6870
2042
2044
2045
2046
2048
2050
2051
2052
2060
2061
2063
2064
2066
2067
2069
2070
6616
6617
6618
6620
6627
6629
6630
6632
6633
6635
6636
6638
6639
6641
6642
6644
6858
6859
6860
6861
6863
6864
6865
6866
6867
6867
6867
6867
6867
6867
6867
6867
2012
2013
2015
2016
2018
2019
2021
2022
2024
2025
2027
2029
2030
2032
2033
2034
6608
6610
6611
6612
6614
6806
6807
6808
6810
6812
6813
6814
6816
6818
6819
6820
6838
6839
6840
6842
6844
6845
6846
6849
6850
6851
6852
6857
6858
6859
6860
6861
6862
6863
6863
6863
6863
6863
6863
6863
6863
6863
6863
6863
6863
6863
6863
6863
1970
1971
1973
1975
1976
1995
1996
1998
1999
2001
2002
2004
2005
2007
2008
2010
6782
6784
6786
6787
6788
6790
6791
6792
6794
6796
6797
6798
6800
6802
6803
6804
6838
6839
6841
6842
6844
6845
6847
6849
6850
6851
6852
6853
6855
6856
6856
6856
1946
1947
1948
1950
1952
1953
1954
1956
1958
1959
1961
1963
1964
1965
1967
1969
6759
6760
6762
6764
6765
6766
6768
6770
6771
6772
6774
6775
6776
6778
6780
6781
6838
6840
6841
6842
6844
6845
6846
6847
6849
6851
6852
6853
6854
6855
6855
6855
1904
1906
1907
1909
1910
1912
1913
1915
1916
1918
1919
1921
1922
1924
1925
1944
6702
6703
6705
6707
6708
6709
6711
6729
6730
6731
6733
6735
6736
6737
6739
6758
6838
6839
6840
6841
6843
6844
6845
6846
6847
6848
6852
6853
6854
6854
6854
6854
1869
1870
1871
1873
1875
1876
1877
1879
1881
1882
1883
1885
1887
1888
1889
1903
6678
6679
6681
6683
6684
6685
6687
6689
6690
6691
6693
6695
6696
6697
6699
6701
6838
6840
6841
6843
6844
6845
6846
6847
6848
6850
6851
6852
6852
6852
6852
6852
1833
1834
1836
1837
1839
1840
1842
1843
1845
1846
1848
1849
1851
1852
1853
1867
6636
6638
6640
6641
6642
6644
6652
6653
6654
6655
6658
6659
6660
6661
6663
6677
6838
6839
6840
6841
6843
6844
6845
6846
6847
6848
6849
6850
6850
6850
6850
6850
1567
1799
1800
1802
1803
1804
1812
1814
1815
1816
1818
1820
1821
1822
1830
1831
6609
6610
6611
6612
6614
6622
6623
6624
6626
6628
6629
6630
6632
6634
6635
6814
6830
6837
6838
6839
6840
6841
6842
6843
6844
6845
6846
6846
6846
6846
6846
6846
1531
1545
1546
1547
1549
1551
1552
1553
1555
1557
1558
1559
1561
1563
1564
1565
6782
6789
6790
6791
6792
6795
6796
6797
6798
6805
6806
6807
6808
6811
6812
6813
6821
6822
6823
6824
6825
6827
6828
6829
6831
6835
6836
6837
6837
6837
6837
6837
1507
1509
1510
1512
1513
1515
1516
1518
1519
1521
1522
1524
1525
1527
1528
1530
6750
6757
6758
6759
6760
6763
6764
6765
6766
6773
6774
6775
6776
6779
6780
6781
6821
6822
6823
6824
6825
6827
6828
6829
6830
6831
6833
6834
6835
6835
6835
6835
1472
1473
1475
1476
1478
1479
1480
1482
1483
1497
1498
1500
1501
1503
1504
1506
6640
6641
6642
6644
6651
6652
6653
6654
6655
6741
6742
6743
6744
6747
6748
6749
6821
6822
6823
6824
6825
6826
6828
6829
6830
6831
6832
6833
6833
6833
6833
6833
1443
1444
1446
1447
1448
1450
1451
1453
1454
1455
1464
1465
1466
1468
1469
1471
6621
6622
6623
6624
6626
6627
6628
6629
6630
6632
6633
6634
6635
6636
6638
6639
6821
6822
6823
6824
6825
6826
6828
6829
6830
6831
6831
6831
6831
6831
6831
6831
1400
1402
1403
1417
1418
1419
1421
1423
1424
1425
1427
1436
1437
1439
1440
1441
6615
6616
6617
6618
6620
6695
6696
6698
6700
6701
6702
6704
6706
6707
6708
6710
6805
6806
6807
6809
6811
6812
6813
6814
6815
6819
6820
6822
6823
6824
6825
6826
6827
6827
6827
6827
6827
6827
6827
6827
6827
6827
6827
6827
6827
6827
6827
6827
1376
1378
1379
1381
1382
1384
1385
1387
1388
1390
1391
1393
1394
1396
1397
1399
6671
6672
6674
6676
6677
6678
6680
6682
6683
6684
6686
6688
6689
6690
6692
6694
6805
6806
6807
6808
6809
6811
6813
6814
6815
6817
6818
6819
6819
6819
6819
6819
1340
1342
1344
1345
1346
1348
1350
1351
1352
1354
1355
1369
1370
1372
1373
1375
6635
6637
6645
6646
6647
6648
6657
6658
6659
6660
6662
6664
6665
6666
6668
6670
6805
6806
6807
6808
6809
6811
6812
6813
6814
6815
6816
6817
6817
6817
6817
6817
1305
1306
1314
1315
1317
1318
1320
1321
1323
1324
1326
1327
1329
1330
1338
1339
6611
6613
6615
6616
6617
6619
6621
6622
6623
6625
6627
6628
6629
6631
6633
6634
6805
6806
6807
6808
6809
6810
6811
6812
6813
6814
6814
6814
6814
6814
6814
6814
1269
1271
1272
1274
1275
1289
1290
1291
1293
1295
1296
1297
1299
1301
1302
1303
6608
6609
6610
6692
6694
6695
6697
6698
6728
6729
6730
6732
6734
6735
6736
6738
6789
6790
6791
6793
6795
6796
6797
6798
6799
6803
6804
6805
6806
6807
6810
6810
1245
1247
1248
1250
1251
1253
1254
1256
1257
1259
1260
1262
1263
1265
1266
1268
6668
6670
6671
6673
6674
6676
6677
6679
6680
6682
6683
6685
6686
6688
6689
6691
6789
6790
6791
6792
6793
6795
6796
6797
6798
6799
6801
6802
6803
6803
6803
6803
1210
1211
1212
1214
1216
1217
1218
1220
1222
1223
1224
1226
1227
1241
1242
1244
6639
6640
6641
6643
6645
6646
6647
6649
6657
6658
6659
6661
6662
6664
6665
6667
6789
6790
6791
6792
6793
6795
6796
6797
6798
6799
6800
6801
6801
6801
6801
6801
1174
1175
1177
1178
1186
1187
1189
1190
1192
1193
1195
1196
1198
1199
1201
1202
6609
6610
6612
6613
6615
6616
6618
6619
6621
6622
6624
6625
6627
6628
6630
6631
6789
6790
6791
6792
6793
6794
6795
6796
6797
6797
6797
6797
6797
6797
6797
6797
1022
1024
1025
1027
1028
1030
1031
1033
1034
1036
1037
1039
1040
1042
1043
1173
6608
6701
6703
6704
6706
6707
6709
6710
6728
6729
6731
6732
6734
6735
6737
6738
6773
6774
6775
6776
6777
6779
6780
6781
6782
6783
6787
6788
6789
6794
6794
6794
987
988
989
991
993
994
995
997
999
1000
1001
1003
1005
1006
1007
1021
6666
6667
6668
6670
6672
6673
6674
6676
6678
6679
6680
6682
6684
6685
6686
6700
6773
6775
6776
6777
6779
6780
6781
6782
6783
6785
6786
6787
6787
6787
6787
6787
951
952
954
955
957
958
960
961
963
964
966
967
969
970
971
985
6636
6637
6639
6640
6642
6643
6645
6646
6648
6649
6657
6658
6660
6661
6662
6664
6773
6774
6775
6776
6777
6779
6780
6781
6782
6783
6784
6785
6785
6785
6785
6785
915
917
918
920
921
922
930
932
933
934
936
938
939
940
948
949
6608
6609
6611
6612
6613
6615
6617
6618
6619
6621
6623
6624
6625
6633
6634
6738
6767
6772
6773
6774
6775
6776
6777
6778
6779
6780
6781
6781
6781
6781
6781
6781
879
893
894
896
897
899
900
902
903
905
906
908
909
911
912
914
6698
6700
6702
6703
6704
6706
6708
6709
6710
6728
6730
6731
6732
6734
6736
6737
6757
6758
6759
6760
6761
6763
6764
6765
6766
6767
6770
6771
6772
6772
6772
6772
843
857
859
860
861
863
865
866
867
869
871
872
873
875
877
878
6662
6665
6666
6667
6668
6671
6672
6673
6674
6688
6690
6691
6692
6694
6696
6697
6757
6758
6759
6760
6761
6763
6764
6765
6766
6767
6768
6769
6770
6770
6770
6770
820
821
823
824
826
827
829
830
832
833
835
836
838
839
841
842
6633
6635
6636
6637
6639
6641
6642
6643
6645
6647
6648
6649
6657
6659
6660
6661
6757
6758
6759
6760
6761
6763
6764
6765
6766
6767
6768
6768
6768
6768
6768
6768
784
786
787
789
790
792
793
794
802
804
805
806
808
810
811
812
6608
6610
6611
6612
6613
6616
6617
6618
6619
6627
6629
6630
6631
6736
6737
6738
6748
6749
6751
6756
6757
6758
6759
6760
6761
6762
6763
6764
6764
6764
6764
6764
749
750
751
765
766
768
769
771
772
774
775
777
778
780
781
783
6696
6697
6698
6701
6702
6703
6704
6707
6708
6709
6710
6729
6730
6731
6732
6735
6741
6742
6743
6744
6745
6747
6748
6749
6750
6751
6754
6755
6756
6756
6756
6756
713
714
715
729
731
732
733
735
737
738
739
741
743
744
745
747
6660
6661
6662
6677
6678
6679
6680
6683
6684
6685
6686
6689
6690
6691
6692
6695
6741
6742
6743
6744
6745
6747
6748
6749
6750
6751
6752
6753
6754
6754
6754
6754
683
684
692
693
695
696
698
699
701
702
704
705
707
708
710
711
6630
6631
6634
6635
6636
6637
6640
6641
6642
6643
6646
6647
6648
6649
6658
6659
6741
6742
6743
6744
6745
6747
6748
6749
6750
6751
6752
6752
6752
6752
6752
6752
525
527
528
529
531
661
662
664
665
666
674
676
677
678
680
682
6609
6610
6611
6612
6613
6622
6623
6624
6625
6628
6629
6715
6718
6719
6720
6721
6731
6734
6735
6736
6737
6740
6741
6742
6743
6744
6745
6746
6747
6748
6748
6748
502
504
505
507
508
509
511
512
514
515
516
518
519
521
522
523
6635
6637
6638
6645
6646
6647
6648
6650
6651
6652
6653
6654
6656
6712
6713
6714
6728
6729
6730
6731
6732
6733
6737
6738
6739
6740
6740
6740
6740
6740
6740
6740
473
475
476
477
479
480
482
483
484
486
487
489
490
491
500
501
6616
6617
6619
6620
6621
6622
6623
6625
6626
6627
6628
6629
6631
6632
6633
6634
6728
6729
6730
6731
6732
6733
6734
6735
6736
6737
6737
6737
6737
6737
6737
6737
430
432
433
435
436
438
439
453
454
455
457
459
460
461
463
472
6615
6689
6690
6691
6694
6695
6696
6697
6700
6701
6702
6703
6706
6707
6708
6709
6712
6713
6714
6715
6716
6718
6719
6720
6721
6722
6726
6727
6729
6734
6734
6734
406
408
409
411
412
414
415
417
418
420
421
423
424
426
427
429
6665
6666
6667
6670
6671
6672
6673
6676
6677
6678
6679
6682
6683
6684
6685
6688
6712
6714
6715
6716
6718
6719
6720
6721
6722
6724
6725
6726
6726
6726
6726
6726
365
366
374
375
376
378
380
381
382
384
386
387
388
390
391
405
6629
6630
6633
6634
6635
6636
6639
6640
6641
6642
6657
6658
6659
6660
6661
6664
6712
6713
6714
6715
6716
6718
6719
6720
6721
6722
6723
6724
6724
6724
6724
6724
335
337
338
339
341
342
350
351
353
354
356
357
359
360
362
363
6608
6609
6610
6611
6612
6615
6616
6617
6618
6621
6622
6623
6624
6627
6628
6656
6704
6711
6712
6713
6714
6715
6716
6717
6718
6719
6720
6720
6720
6720
6720
6720
306
307
316
317
318
320
321
323
324
325
327
328
330
331
332
334
6631
6632
6639
6640
6641
6643
6644
6645
6646
6647
6649
6650
6651
6652
6653
6655
6700
6701
6702
6703
6704
6705
6708
6709
6710
6711
6711
6711
6711
6711
6711
6711
221
222
223
288
289
291
292
293
295
296
298
299
300
302
303
305
6615
6616
6618
6619
6620
6621
6622
6624
6625
6626
6627
6628
6630
6654
6655
6656
6690
6691
6692
6699
6700
6701
6702
6703
6704
6705
6706
6707
6708
6708
6708
6708
198
200
201
202
204
205
207
208
209
211
212
214
215
216
218
219
6634
6636
6637
6638
6639
6640
6642
6643
6644
6645
6646
6648
6649
6650
6651
6652
6688
6689
6690
6691
6692
6693
6696
6697
6698
6699
6699
6699
6699
6699
6699
6699
162
163
165
166
167
176
178
179
180
181
183
185
186
187
188
197
6615
6617
6618
6619
6620
6621
6623
6624
6625
6626
6633
6651
6653
6654
6655
6656
6676
6677
6678
6679
6680
6687
6688
6689
6690
6691
6692
6693
6694
6695
6696
6696
132
141
142
144
145
146
148
149
151
152
153
155
156
158
159
160
6632
6633
6635
6636
6637
6638
6639
6641
6642
6643
6644
6645
6647
6648
6649
6650
6676
6677
6678
6679
6680
6681
6683
6684
6685
6686
6686
6686
6686
6686
6686
6686
103
104
106
107
109
110
111
120
122
123
124
125
127
129
130
131
6616
6617
6618
6619
6620
6627
6629
6630
6631
6649
6650
6652
6653
6654
6655
6656
6664
6665
6666
6667
6668
6669
6674
6675
6676
6677
6678
6679
6680
6681
6682
6683
74
75
76
85
86
88
89
90
92
93
95
96
97
99
100
102
6630
6631
6632
6634
6635
6636
6637
6638
6640
6641
6642
6643
6644
6646
6647
6648
6664
6665
6666
6667
6668
6669
6671
6672
6673
6674
6674
6674
6674
6674
6674
6674
64
66
67
68
69
71
73
6073
6076
6077
6078
6079
6082
6083
6086
6087
6521
6524
6525
6526
6527
6530
6531
6534
6535
6590
6593
6594
6595
6596
6598
6600
6603
6604
6607
6622
6623
6624
6625
6626
6628
6629
6664
6665
6666
6667
6668
6669
6670
6671
6671
6671
6671
6671
6671
6671
6671
6671
6671
6671
6671
6671
6671
6671
6048
6049
6050
6051
6054
6055
6056
6057
6060
6061
6064
6065
6067
6070
6071
6072
6495
6496
6497
6498
6501
6502
6503
6504
6507
6508
6511
6512
6515
6518
6519
6520
6584
6587
6588
6589
6591
6593
6594
6595
6597
6598
6601
6603
6605
6606
6607
6607
5977
5978
5981
5982
5985
5986
5987
5988
5991
5992
5993
5994
5997
5998
6001
6045
6427
6428
6431
6432
6435
6436
6437
6438
6441
6442
6443
6444
6447
6448
6451
6492
6584
6585
6586
6588
6589
6590
6592
6594
6595
6596
6599
6600
6601
6602
6604
6605
6606
6606
6606
6606
6606
6606
6606
6606
6606
6606
6606
6606
6606
6606
6606
6606
5951
5952
5955
5956
5957
5958
5961
5962
5965
5966
5967
5968
5971
5972
5973
5974
6401
6402
6405
6406
6407
6408
6411
6412
6415
6416
6417
6418
6421
6422
6423
6424
6585
6586
6588
6589
6590
6591
6592
6594
6595
6597
6600
6601
6602
6603
6604
6604
5893
5896
5929
5930
5933
5934
5935
5936
5939
5940
5941
5942
5945
5946
5949
5950
6343
6346
6379
6380
6383
6384
6385
6386
6389
6390
6391
6392
6395
6396
6399
6400
6584
6585
6586
6587
6588
6589
6590
6591
6593
6595
6596
6597
6599
6601
6602
6603
5869
5870
5871
5874
5875
5876
5877
5880
5881
5884
5885
5886
5887
5890
5891
5892
6319
6320
6321
6324
6325
6326
6327
6330
6331
6334
6335
6336
6337
6340
6341
6342
6584
6586
6587
6588
6590
6591
6592
6593
6595
6597
6599
6600
6601
6601
6601
6601
5843
5846
5847
5848
5849
5852
5853
5856
5857
5858
5859
5862
5863
5864
5865
5868
6293
6296
6297
6298
6299
6302
6303
6306
6307
6308
6309
6312
6313
6314
6315
6318
6584
6585
6586
6587
6589
6590
6591
6592
6593
6594
6595
6596
6597
6598
6599
6600
5797
5798
5799
5800
5803
5804
5805
5806
5809
5810
5811
5836
5837
5840
5841
5842
6247
6248
6249
6250
6253
6254
6255
6256
6259
6260
6261
6286
6287
6290
6291
6292
6584
6585
6586
6587
6588
6589
6590
6592
6593
6594
6596
6597
6598
6598
6598
6598
5773
5774
5775
5776
5779
5780
5781
5782
5785
5786
5787
5788
5791
5792
5793
5794
6223
6224
6225
6226
6229
6230
6231
6232
6235
6236
6237
6238
6241
6242
6243
6244
6584
6585
6586
6587
6589
6590
6591
6592
6593
6594
6595
6596
6596
6596
6596
6596
5737
5738
5739
5742
5743
5744
5745
5748
5749
5750
5763
5764
5767
5768
5769
5770
6187
6188
6189
6192
6193
6194
6195
6198
6199
6200
6213
6214
6217
6218
6219
6220
6584
6585
6586
6587
6588
6589
6590
6591
6592
6593
6593
6593
6593
6593
6593
6593
4556
4578
4579
4582
4583
4584
4585
4588
4589
4590
4591
4594
4595
5732
5733
5736
6182
6183
6186
6449
6452
6453
6456
6457
6458
6459
6462
6463
6464
6465
6468
6469
6561
6562
6565
6566
6567
6568
6571
6572
6573
6574
6577
6578
6579
6582
6583
6584
6585
6586
6588
6588
6588
6588
6588
6588
6588
6588
6588
6588
6588
6588
6588
6588
4529
4530
4532
4534
4536
4538
4540
4542
4543
4544
4546
4548
4549
4550
4552
4554
6423
6424
6425
6428
6429
6432
6433
6436
6437
6438
6439
6442
6443
6444
6445
6448
6561
6563
6565
6566
6567
6569
6571
6572
6573
6574
6575
6577
6578
6579
6581
6582
4504
4506
4507
4508
4510
4512
4513
4514
4516
4518
4520
4522
4523
4524
4526
4528
6397
6400
6401
6402
6403
6406
6407
6408
6409
6412
6413
6416
6417
6418
6419
6422
6562
6563
6565
6566
6567
6568
6569
6571
6577
6578
6579
6580
6581
6581
6581
6581
4447
4448
4449
4451
4469
4470
4473
4474
4475
4476
4479
4480
4481
4482
4501
4502
6341
6342
6343
6344
6347
6348
6351
6352
6353
6354
6357
6358
6359
6360
6395
6396
6561
6562
6564
6565
6567
6568
6570
6572
6573
6574
6575
6578
6579
6580
6580
6580
4421
4423
4425
4426
4427
4429
4431
4432
4433
4435
4437
4439
4441
4442
4443
4445
6315
6316
6319
6320
6321
6322
6325
6326
6327
6328
6331
6332
6335
6336
6337
6338
6561
6562
6563
6564
6565
6567
6568
6569
6570
6572
6574
6575
6577
6578
6578
6578
4385
4386
4387
4390
4391
4404
4405
4407
4409
4410
4411
4413
4415
4416
4417
4419
6267
6268
6269
6272
6273
6286
6287
6288
6291
6292
6293
6294
6297
6298
6299
6300
6561
6562
6563
6565
6566
6567
6568
6569
6570
6571
6572
6573
6574
6575
6576
6576
4349
4350
4352
4354
4355
4356
4358
4360
4361
4362
4364
4366
4367
4380
4381
4384
6243
6244
6245
6248
6249
6250
6251
6254
6255
6256
6257
6260
6261
6262
6263
6266
6561
6562
6563
6564
6566
6567
6568
6569
6570
6571
6573
6574
6575
6575
6575
6575
4325
4326
4328
4330
4331
4332
4334
4336
4337
4338
4340
4342
4343
4344
4346
4348
6219
6220
6221
6224
6225
6226
6227
6230
6231
6232
6233
6236
6237
6238
6239
6242
6561
6562
6563
6564
6566
6567
6568
6569
6570
6571
6572
6573
6573
6573
6573
6573
4289
4291
4293
4294
4295
4297
4299
4300
4301
4303
4305
4306
4313
4314
4317
4318
6183
6184
6187
6188
6189
6190
6193
6194
6195
6196
6199
6200
6201
6202
6205
6206
6561
6562
6563
6564
6565
6566
6567
6568
6569
6569
6569
6569
6569
6569
6569
6569
4242
4244
4246
4268
4269
4272
4273
4274
4275
4278
4279
4280
4281
4284
4285
4288
6182
6446
6448
6450
6472
6473
6476
6477
6478
6479
6482
6483
6484
6485
6488
6489
6538
6539
6542
6543
6544
6545
6548
6549
6550
6551
6552
6554
6555
6556
6559
6560
6561
6565
6565
6565
6565
6565
6565
6565
6565
6565
6565
6565
6565
6565
6565
6565
4216
4218
4219
4220
4222
4224
4226
4228
4230
4232
4233
4234
4236
4238
4239
4240
6420
6422
6423
6424
6426
6428
6430
6432
6434
6436
6437
6438
6440
6442
6443
6444
6538
6540
6542
6543
6544
6546
6548
6549
6550
6551
6552
6555
6556
6558
6559
6559
4191
4192
4194
4196
4197
4198
4200
4202
4203
4204
4206
4208
4210
4212
4213
4214
6395
6396
6398
6400
6401
6402
6404
6406
6407
6408
6410
6412
6414
6416
6417
6418
6538
6539
6540
6542
6543
6544
6545
6546
6548
6554
6555
6556
6557
6558
6558
6558
4133
4135
4137
4138
4139
4141
4159
4160
4163
4164
4165
4166
4169
4170
4171
4172
6337
6339
6341
6342
6343
6345
6363
6364
6367
6368
6369
6370
6373
6374
6375
6376
6538
6539
6541
6542
6544
6545
6546
6547
6549
6550
6551
6552
6555
6556
6556
6556
4107
4109
4111
4113
4115
4116
4117
4119
4121
4122
4123
4125
4127
4129
4131
4132
6299
6301
6315
6317
6319
6320
6321
6323
6325
6326
6327
6329
6331
6333
6335
6336
6538
6539
6540
6541
6542
6545
6546
6547
6549
6551
6552
6553
6554
6555
6555
6555
4071
4074
4075
4076
4077
4080
4081
4094
4095
4097
4099
4100
4101
4103
4105
4106
6275
6278
6279
6280
6281
6284
6285
6286
6287
6289
6291
6292
6293
6295
6297
6298
6538
6539
6540
6541
6542
6543
6544
6545
6546
6547
6548
6549
6550
6552
6553
6553
4036
4038
4039
4040
4042
4044
4045
4046
4048
4050
4051
4052
4054
4056
4057
4070
6240
6242
6243
6244
6246
6248
6249
6250
6252
6254
6255
6256
6258
6260
6261
6274
6538
6540
6541
6543
6544
6545
6546
6547
6548
6550
6551
6552
6552
6552
6552
6552
4007
4008
4015
4016
4018
4020
4021
4022
4024
4026
4027
4028
4030
4032
4033
4034
6211
6212
6219
6220
6222
6224
6225
6226
6228
6230
6231
6232
6234
6236
6237
6238
6538
6539
6540
6541
6543
6544
6545
6546
6547
6548
6549
6550
6550
6550
6550
6550
3666
3978
3979
3981
3983
3984
3985
3987
3989
3990
3991
3993
3995
3996
4003
4004
6182
6183
6185
6187
6188
6189
6191
6193
6194
6195
6197
6199
6200
6207
6208
6490
6532
6537
6538
6539
6540
6541
6542
6543
6544
6545
6546
6546
6546
6546
6546
6546
3639
3640
3642
3644
3646
3648
3650
3652
3653
3654
3656
3658
3659
3660
3662
3664
6463
6464
6466
6468
6470
6472
6474
6476
6477
6478
6480
6482
6483
6484
6486
6488
6515
6516
6519
6520
6521
6522
6525
6526
6527
6528
6529
6531
6533
6536
6537
6537
3593
3595
3596
3598
3599
3601
3602
3605
3606
3628
3630
3632
3633
3634
3636
3638
6417
6419
6420
6422
6423
6425
6426
6429
6430
6452
6454
6456
6457
6458
6460
6462
6515
6517
6519
6520
6521
6522
6523
6525
6526
6528
6529
6532
6533
6535
6536
6536
3551
3553
3571
3573
3574
3576
3577
3579
3580
3582
3583
3585
3586
3589
3590
3592
6375
6377
6395
6397
6398
6400
6401
6403
6404
6406
6407
6409
6410
6413
6414
6416
6515
6516
6517
6519
6520
6521
6522
6523
6525
6527
6528
6531
6532
6533
6534
6535
3527
3528
3529
3531
3533
3534
3535
3537
3539
3541
3543
3544
3545
3547
3549
3550
6351
6352
6353
6355
6357
6358
6359
6361
6363
6365
6367
6368
6369
6371
6373
6374
6515
6516
6518
6519
6521
6522
6523
6524
6526
6527
6529
6532
6533
6533
6533
6533
3485
3486
3488
3489
3492
3493
3495
3496
3498
3499
3501
3502
3504
3505
3523
3525
6297
6298
6300
6301
6316
6317
6319
6320
6322
6323
6325
6326
6328
6329
6347
6349
6515
6516
6517
6518
6519
6522
6523
6524
6526
6527
6528
6529
6530
6531
6532
6532
3449
3450
3452
3454
3455
3456
3458
3460
3461
3474
3476
3477
3479
3480
3482
3483
6273
6274
6276
6278
6279
6280
6282
6284
6285
6286
6288
6289
6291
6292
6294
6295
6515
6516
6517
6518
6519
6520
6521
6522
6523
6524
6525
6528
6529
6530
6530
6530
3413
3415
3416
3418
3419
3421
3422
3424
3425
3438
3440
3442
3443
3444
3446
3448
6237
6239
6240
6242
6243
6245
6246
6248
6249
6262
6264
6266
6267
6268
6270
6272
6515
6516
6517
6518
6520
6521
6522
6523
6524
6525
6526
6527
6528
6528
6528
6528
3383
3385
3387
3388
3395
3397
3398
3400
3401
3403
3404
3406
3407
3409
3410
3412
6207
6209
6211
6212
6219
6221
6222
6224
6225
6227
6228
6230
6231
6233
6234
6236
6515
6516
6517
6518
6520
6521
6522
6523
6524
6525
6526
6526
6526
6526
6526
6526
3352
3354
3356
3358
3360
3361
3363
3364
3366
3367
3369
3370
3377
3379
3381
3382
6182
6184
6185
6187
6188
6190
6191
6193
6194
6201
6203
6205
6206
6486
6489
6490
6505
6508
6509
6514
6515
6516
6517
6518
6519
6520
6521
6522
6522
6522
6522
6522
3326
3328
3329
3330
3332
3334
3336
3338
3340
3342
3343
3344
3346
3348
3349
3350
6460
6462
6463
6465
6466
6469
6470
6473
6474
6476
6477
6479
6480
6482
6483
6485
6492
6493
6496
6497
6498
6499
6500
6502
6503
6504
6506
6508
6510
6513
6514
6514
3280
3282
3283
3285
3286
3288
3289
3291
3292
3295
3296
3318
3320
3322
3323
3324
6434
6436
6437
6439
6440
6442
6443
6445
6446
6449
6450
6453
6454
6456
6457
6459
6492
6494
6496
6497
6498
6499
6500
6502
6503
6505
6506
6509
6510
6512
6513
6513
3239
3240
3241
3243
3261
3263
3264
3266
3267
3269
3270
3272
3273
3275
3276
3279
6373
6374
6376
6377
6396
6397
6398
6400
6402
6403
6404
6406
6408
6409
6410
6433
6492
6493
6494
6497
6498
6499
6500
6501
6502
6503
6504
6505
6508
6509
6510
6511
6512
6512
6512
6512
6512
6512
6512
6512
6512
6512
6512
6512
6512
6512
6512
6512
3213
3215
3217
3218
3219
3221
3223
3224
3225
3227
3229
3231
3233
3234
3235
3237
6348
6349
6351
6352
6354
6355
6357
6358
6360
6361
6364
6365
6367
6368
6370
6371
6492
6493
6494
6495
6496
6498
6499
6500
6501
6503
6504
6506
6509
6510
6510
6510
3172
3173
3175
3176
3178
3179
3182
3183
3185
3186
3188
3189
3191
3192
3194
3195
6294
6295
6297
6299
6300
6301
6332
6333
6335
6336
6338
6339
6341
6342
6344
6345
6493
6494
6495
6496
6499
6500
6501
6503
6504
6505
6506
6507
6508
6508
6508
6508
3136
3138
3139
3140
3142
3144
3145
3146
3148
3150
3151
3164
3166
3167
3169
3170
6270
6272
6273
6275
6276
6278
6279
6281
6282
6284
6285
6287
6288
6289
6291
6293
6492
6493
6494
6495
6496
6497
6498
6499
6500
6501
6502
6505
6506
6507
6507
6507
3100
3102
3103
3105
3106
3108
3109
3111
3112
3114
3115
3128
3130
3132
3133
3134
6234
6236
6237
6251
6252
6254
6255
6257
6258
6260
6261
6263
6264
6266
6267
6269
6492
6493
6494
6495
6497
6498
6499
6500
6501
6502
6503
6504
6505
6505
6505
6505
3071
3072
3073
3075
3077
3078
3085
3087
3088
3090
3091
3093
3094
3096
3097
3099
6205
6206
6208
6209
6211
6212
6220
6221
6222
6224
6226
6227
6228
6230
6232
6233
6492
6493
6494
6495
6497
6498
6499
6500
6501
6502
6503
6503
6503
6503
6503
6503
3020
3022
3023
3024
3026
3048
3050
3051
3053
3054
3056
3057
3059
3060
3067
3069
6183
6184
6185
6187
6188
6196
6197
6199
6200
6202
6203
6387
6390
6391
6392
6393
6480
6483
6484
6485
6486
6491
6492
6493
6494
6495
6496
6497
6498
6499
6499
6499
2978
2981
2982
2983
2984
2987
2988
2989
2990
2993
3011
3012
3014
3016
3017
3018
6348
6350
6352
6353
6354
6356
6358
6359
6360
6362
6379
6380
6381
6384
6385
6386
6472
6473
6474
6475
6476
6478
6479
6481
6483
6484
6485
6487
6490
6491
6491
6491
2937
2938
2940
2942
2943
2945
2947
2948
2949
2951
2953
2954
2955
2957
2959
2977
6326
6327
6328
6330
6331
6332
6334
6336
6337
6338
6340
6342
6343
6344
6346
6347
6472
6474
6475
6476
6478
6480
6481
6483
6484
6485
6486
6487
6488
6489
6490
6490
2901
2914
2915
2917
2919
2920
2921
2923
2925
2926
2928
2930
2931
2932
2934
2936
6273
6302
6303
6304
6307
6308
6309
6310
6313
6315
6316
6318
6320
6321
6322
6324
6472
6473
6474
6475
6476
6477
6478
6479
6480
6481
6482
6486
6487
6488
6488
6488
2865
2866
2868
2870
2871
2872
2874
2876
2877
2890
2891
2894
2895
2896
2897
2900
6249
6250
6251
6253
6255
6256
6257
6259
6261
6262
6263
6265
6267
6268
6269
6271
6472
6473
6474
6475
6477
6478
6479
6480
6481
6482
6484
6485
6486
6486
6486
6486
2841
2842
2844
2846
2847
2848
2850
2852
2853
2854
2856
2858
2859
2860
2862
2864
6225
6226
6227
6229
6231
6232
6233
6235
6237
6238
6239
6241
6243
6244
6245
6247
6472
6473
6474
6475
6477
6478
6479
6480
6481
6482
6483
6484
6484
6484
6484
6484
2805
2807
2809
2810
2811
2813
2815
2816
2823
2824
2827
2828
2835
2836
2838
2840
6189
6190
6192
6194
6195
6196
6198
6200
6201
6202
6204
6206
6213
6214
6215
6218
6472
6473
6474
6475
6477
6478
6479
6480
6481
6481
6481
6481
6481
6481
6481
6481
2471
2472
2474
2476
2477
2478
2480
2482
2483
2484
2486
2798
2799
2801
2803
2804
6182
6183
6184
6186
6188
6379
6380
6382
6384
6385
6386
6388
6390
6391
6392
6394
6452
6453
6454
6456
6458
6459
6460
6463
6464
6465
6466
6471
6472
6473
6474
6475
6476
6477
6477
6477
6477
6477
6477
6477
6477
6477
6477
6477
6477
6477
6477
6477
2413
2414
2415
2417
2419
2437
2438
2441
2442
2443
2444
2447
2448
2449
2450
2453
6340
6342
6343
6345
6346
6363
6364
6366
6368
6369
6370
6372
6374
6375
6376
6378
6452
6453
6455
6456
6458
6459
6461
6463
6464
6465
6466
6467
6469
6470
6470
6470
2388
2390
2391
2392
2394
2396
2397
2398
2400
2402
2403
2405
2407
2408
2409
2411
6317
6318
6320
6321
6323
6324
6326
6327
6329
6330
6331
6333
6334
6336
6337
6339
6452
6454
6455
6456
6458
6459
6460
6461
6463
6465
6466
6467
6468
6469
6469
6469
2351
2354
2355
2356
2357
2360
2361
2374
2375
2377
2379
2380
2381
2383
2385
2386
6275
6277
6279
6280
6281
6283
6285
6302
6303
6305
6307
6308
6309
6311
6313
6315
6452
6453
6454
6455
6457
6458
6459
6460
6461
6462
6466
6467
6468
6468
6468
6468
2316
2318
2319
2320
2322
2324
2325
2326
2328
2330
2331
2332
2334
2336
2337
2350
6240
6241
6243
6244
6246
6247
6249
6250
6252
6253
6255
6256
6258
6259
6261
6274
6452
6454
6455
6457
6458
6459
6460
6461
6462
6464
6465
6466
6466
6466
6466
6466
2287
2288
2295
2296
2298
2300
2301
2302
2304
2306
2307
2308
2310
2312
2313
2314
6210
6212
6213
6214
6216
6218
6225
6226
6228
6229
6231
6232
6234
6235
6237
6238
6452
6453
6454
6455
6457
6458
6459
6460
6461
6462
6463
6464
6464
6464
6464
6464
2026
2258
2259
2261
2263
2264
2265
2267
2269
2270
2271
2273
2275
2276
2283
2284
6182
6183
6185
6186
6188
6189
6191
6192
6194
6195
6197
6198
6200
6207
6208
6394
6446
6451
6452
6453
6454
6455
6456
6457
6458
6459
6460
6460
6460
6460
6460
6460
1985
1987
1988
1989
1991
1993
2011
2013
2014
2016
2017
2019
2020
2022
2023
2025
6371
6372
6374
6375
6377
6378
6379
6381
6382
6384
6385
6387
6388
6390
6391
6393
6432
6433
6434
6436
6438
6439
6440
6441
6443
6444
6445
6447
6450
6451
6451
6451
1960
1962
1964
1965
1966
1968
1970
1971
1972
1974
1976
1977
1979
1981
1982
1983
6347
6349
6350
6352
6353
6355
6356
6358
6359
6361
6362
6363
6365
6366
6368
6369
6432
6433
6434
6435
6436
6438
6440
6441
6443
6444
6446
6447
6449
6450
6450
6450
1919
1920
1922
1923
1925
1927
1928
1930
1931
1933
1934
1936
1937
1939
1940
1942
6307
6308
6310
6311
6313
6316
6317
6318
6320
6322
6323
6324
6326
6328
6329
6330
6433
6434
6435
6436
6437
6438
6439
6440
6441
6442
6443
6445
6446
6447
6448
6448
1883
1884
1886
1888
1889
1890
1892
1894
1895
1896
1898
1900
1901
1914
1916
1917
6267
6268
6270
6271
6273
6274
6276
6277
6279
6280
6282
6283
6285
6302
6304
6305
6432
6433
6434
6435
6437
6438
6439
6440
6441
6442
6445
6446
6447
6447
6447
6447
1847
1849
1850
1852
1853
1855
1856
1858
1859
1861
1862
1864
1865
1878
1880
1882
6231
6233
6234
6235
6237
6239
6240
6241
6243
6245
6246
6247
6249
6262
6264
6265
6432
6433
6434
6435
6437
6438
6439
6440
6441
6442
6443
6444
6445
6445
6445
6445
1817
1819
1821
1822
1823
1825
1827
1828
1835
1837
1838
1840
1841
1843
1844
1846
6201
6203
6204
6206
6207
6209
6210
6212
6213
6215
6216
6218
6225
6227
6228
6229
6432
6433
6434
6435
6437
6439
6440
6441
6442
6442
6442
6442
6442
6442
6442
6442
1787
1789
1790
1792
1793
1795
1796
1798
1800
1801
1803
1804
1806
1807
1809
1810
6182
6184
6185
6186
6188
6190
6191
6192
6194
6386
6387
6388
6390
6392
6393
6394
6418
6419
6420
6423
6424
6425
6426
6431
6432
6433
6434
6435
6436
6437
6438
6438
1746
1747
1749
1751
1752
1753
1755
1757
1758
1759
1761
1763
1781
1783
1784
1786
6362
6364
6365
6366
6368
6370
6371
6372
6374
6376
6377
6378
6380
6381
6382
6384
6412
6413
6414
6415
6416
6418
6419
6421
6423
6424
6425
6427
6429
6430
6431
6431
1704
1706
1707
1709
1710
1712
1730
1732
1734
1735
1736
1738
1740
1741
1742
1744
6339
6340
6342
6344
6345
6346
6348
6349
6350
6352
6354
6355
6356
6358
6360
6361
6412
6414
6415
6416
6418
6420
6421
6423
6424
6425
6426
6427
6428
6429
6429
6429
1668
1670
1671
1684
1686
1687
1689
1690
1692
1693
1695
1697
1698
1700
1701
1703
6282
6283
6285
6303
6304
6305
6307
6309
6310
6311
6313
6332
6333
6334
6336
6338
6412
6413
6414
6415
6416
6417
6418
6419
6420
6421
6422
6426
6427
6428
6428
6428
1632
1634
1635
1648
1650
1652
1653
1654
1656
1658
1659
1660
1662
1664
1665
1666
6258
6259
6261
6263
6264
6265
6267
6269
6270
6271
6273
6275
6276
6277
6279
6281
6412
6413
6414
6415
6417
6418
6420
6421
6422
6424
6425
6426
6426
6426
6426
6426
1608
1610
1611
1613
1614
1616
1617
1619
1620
1622
1623
1625
1626
1628
1629
1631
6216
6218
6226
6227
6228
6229
6232
6233
6234
6235
6237
6251
6252
6253
6255
6257
6412
6413
6414
6415
6417
6418
6419
6420
6421
6422
6423
6424
6424
6424
6424
6424
1573
1574
1576
1577
1579
1580
1587
1589
1591
1592
1593
1595
1597
1598
1605
1607
6186
6188
6196
6197
6198
6200
6202
6203
6204
6206
6208
6209
6210
6212
6214
6215
6412
6413
6414
6415
6416
6417
6418
6419
6420
6421
6421
6421
6421
6421
6421
6421
1537
1538
1539
1541
1543
1556
1557
1559
1560
1562
1563
1565
1566
1568
1570
1571
6183
6184
6185
6366
6369
6370
6371
6372
6379
6380
6381
6382
6385
6386
6387
6388
6395
6396
6397
6398
6399
6401
6402
6403
6404
6405
6410
6411
6412
6413
6414
6416
1501
1502
1504
1505
1507
1520
1521
1523
1525
1526
1527
1529
1531
1532
1533
1535
6334
6337
6338
6339
6340
6347
6348
6349
6350
6353
6354
6355
6356
6363
6364
6365
6395
6396
6397
6398
6399
6401
6402
6403
6404
6405
6408
6409
6410
6410
6410
6410
1477
1478
1480
1481
1483
1484
1486
1487
1489
1490
1492
1493
1495
1496
1498
1499
6225
6226
6227
6228
6229
6315
6316
6317
6318
6321
6322
6323
6324
6331
6332
6333
6395
6396
6397
6398
6399
6402
6403
6404
6405
6406
6407
6408
6408
6408
6408
6408
1441
1449
1450
1452
1454
1455
1456
1457
1459
1461
1462
1470
1471
1473
1474
1476
6200
6201
6202
6203
6204
6206
6207
6208
6209
6210
6212
6213
6214
6215
6216
6218
6395
6396
6397
6398
6399
6400
6402
6403
6404
6405
6405
6405
6405
6405
6405
6405
1405
1407
1409
1410
1411
1413
1415
1428
1430
1431
1433
1434
1435
1437
1438
1440
6189
6190
6191
6192
6194
6195
6196
6197
6198
6275
6276
6278
6280
6281
6282
6284
6380
6381
6383
6385
6386
6387
6389
6394
6395
6396
6397
6398
6399
6400
6401
6402
1370
1371
1373
1374
1376
1377
1379
1392
1393
1395
1397
1398
1399
1401
1403
1404
6251
6252
6254
6256
6257
6258
6260
6262
6263
6264
6266
6268
6269
6270
6272
6274
6379
6380
6381
6382
6383
6385
6386
6387
6388
6389
6392
6393
6394
6394
6394
6394
1346
1347
1349
1350
1352
1353
1355
1356
1358
1359
1361
1362
1364
1365
1367
1368
6221
6222
6231
6232
6233
6234
6236
6238
6239
6240
6242
6244
6245
6246
6248
6250
6379
6380
6381
6382
6383
6385
6386
6387
6388
6389
6390
6391
6392
6392
6392
6392
1310
1312
1313
1315
1316
1318
1325
1326
1328
1330
1331
1332
1334
1336
1343
1344
6191
6193
6195
6196
6197
6199
6201
6202
6203
6205
6207
6208
6209
6211
6219
6220
6379
6380
6381
6382
6383
6385
6386
6387
6388
6389
6389
6389
6389
6389
6389
6389
1147
1160
1161
1163
1165
1166
1167
1169
1171
1300
1301
1303
1304
1306
1307
1309
6182
6183
6184
6185
6187
6189
6190
6272
6302
6303
6304
6306
6308
6309
6310
6312
6363
6364
6365
6367
6369
6370
6371
6373
6377
6378
6379
6380
6381
6382
6383
6384
6385
6385
6385
6385
6385
6385
6385
6385
6385
6385
6385
6385
6385
6385
6385
6385
1111
1112
1114
1116
1117
1118
1120
1122
1123
1136
1137
1140
1141
1142
1143
1146
6248
6250
6251
6253
6254
6256
6257
6259
6260
6262
6263
6265
6266
6268
6269
6271
6363
6364
6365
6366
6367
6369
6370
6371
6372
6373
6375
6376
6377
6377
6377
6377
1087
1088
1090
1092
1093
1094
1096
1098
1099
1100
1102
1104
1105
1106
1108
1110
6219
6220
6221
6223
6231
6232
6233
6235
6236
6238
6239
6241
6242
6244
6245
6247
6363
6364
6365
6366
6367
6369
6370
6371
6372
6373
6374
6375
6375
6375
6375
6375
1051
1053
1055
1056
1057
1059
1061
1062
1069
1070
1073
1074
1081
1082
1084
1086
6189
6190
6192
6193
6195
6196
6198
6199
6201
6202
6204
6205
6213
6214
6215
6217
6363
6364
6365
6366
6367
6369
6370
6371
6372
6372
6372
6372
6372
6372
6372
6372
1015
1018
1019
1032
1033
1035
1037
1038
1039
1041
1043
1044
1045
1047
1049
1050
6182
6183
6184
6186
6187
6281
6283
6284
6302
6303
6305
6306
6308
6309
6311
6312
6347
6348
6349
6351
6353
6354
6355
6356
6357
6361
6362
6363
6364
6365
6366
6367
6368
6368
6368
6368
6368
6368
6368
6368
6368
6368
6368
6368
6368
6368
6368
6368
980
982
983
984
986
988
989
990
992
994
995
1008
1009
1012
1013
1014
6246
6247
6248
6250
6252
6253
6254
6256
6258
6259
6260
6274
6275
6277
6278
6280
6347
6348
6349
6350
6351
6353
6355
6356
6357
6359
6360
6361
6361
6361
6361
6361
956
958
959
960
962
964
965
966
968
970
971
972
974
976
977
978
6216
6217
6219
6220
6222
6223
6231
6232
6234
6235
6236
6238
6240
6241
6242
6244
6347
6348
6349
6350
6351
6353
6354
6355
6356
6357
6358
6359
6359
6359
6359
6359
921
922
923
925
927
928
929
931
933
934
941
942
945
946
953
954
6186
6187
6189
6191
6192
6193
6195
6197
6198
6199
6207
6208
6210
6211
6213
6214
6347
6348
6349
6350
6351
6352
6353
6354
6355
6356
6356
6356
6356
6356
6356
6356
757
758
760
762
763
776
778
779
781
782
784
785
787
916
917
919
6182
6183
6185
6278
6280
6282
6283
6284
6302
6304
6305
6306
6308
6310
6311
6312
6331
6332
6333
6335
6337
6338
6339
6340
6341
6345
6346
6347
6348
6349
6352
6352
721
723
724
726
727
740
742
744
745
746
748
750
751
752
754
756
6242
6245
6246
6247
6248
6262
6264
6265
6266
6268
6270
6271
6272
6274
6276
6277
6331
6332
6333
6334
6335
6337
6338
6339
6340
6341
6343
6344
6345
6345
6345
6345
697
699
700
702
703
705
706
708
709
711
712
714
715
717
718
720
6213
6215
6216
6217
6219
6221
6222
6223
6231
6233
6234
6235
6236
6239
6240
6241
6331
6332
6333
6334
6335
6337
6338
6339
6340
6341
6342
6343
6343
6343
6343
6343
662
663
665
666
668
669
671
672
679
681
683
684
685
687
689
690
6184
6185
6186
6187
6190
6191
6192
6193
6201
6203
6204
6205
6207
6209
6210
6211
6331
6332
6333
6334
6335
6336
6337
6338
6339
6339
6339
6339
6339
6339
6339
6339
626
628
629
630
632
634
635
648
650
651
653
654
656
657
659
660
6182
6276
6277
6278
6281
6282
6283
6284
6303
6304
6305
6306
6309
6310
6311
6312
6315
6316
6317
6318
6319
6321
6322
6323
6324
6325
6329
6330
6331
6336
6336
6336
590
592
593
595
596
598
599
612
614
616
617
618
620
622
623
624
6252
6253
6254
6257
6258
6259
6260
6263
6264
6265
6266
6269
6270
6271
6272
6275
6315
6317
6318
6319
6321
6322
6323
6324
6325
6327
6328
6329
6329
6329
6329
6329
561
562
569
571
572
574
575
577
578
580
581
583
584
586
587
589
6210
6211
6214
6215
6216
6217
6220
6221
6222
6223
6232
6233
6234
6235
6236
6251
6315
6316
6317
6318
6319
6321
6322
6323
6324
6325
6326
6327
6327
6327
6327
6327
530
532
534
535
537
538
540
541
543
544
551
553
555
556
557
559
6183
6184
6185
6186
6187
6196
6197
6198
6199
6202
6203
6204
6205
6208
6209
6295
6311
6314
6315
6316
6317
6318
6319
6320
6321
6322
6323
6323
6323
6323
6323
6323
507
509
510
512
513
514
516
517
519
520
521
523
524
526
527
529
6220
6221
6222
6224
6225
6226
6227
6228
6230
6286
6287
6288
6289
6292
6293
6294
6302
6303
6304
6305
6306
6307
6308
6309
6310
6312
6313
6314
6314
6314
6314
6314
471
473
474
476
477
485
486
488
490
491
492
493
495
497
498
506
6195
6196
6197
6199
6200
6201
6202
6203
6205
6206
6207
6208
6209
6211
6212
6219
6302
6303
6304
6305
6306
6307
6309
6310
6311
6312
6312
6312
6312
6312
6312
6312
435
437
439
440
441
443
445
446
447
449
451
464
466
467
469
470
6189
6190
6191
6193
6194
6269
6270
6271
6274
6275
6276
6277
6280
6281
6282
6283
6286
6287
6288
6290
6292
6293
6294
6295
6296
6300
6301
6303
6304
6305
6306
6307
6308
6308
6308
6308
6308
6308
6308
6308
6308
6308
6308
6308
6308
6308
6308
6308
400
401
403
404
406
407
409
410
412
413
415
428
429
431
433
434
6245
6246
6247
6250
6251
6252
6253
6256
6257
6258
6259
6262
6263
6264
6265
6268
6286
6287
6288
6289
6290
6292
6294
6295
6296
6298
6299
6300
6300
6300
6300
6300
370
372
379
380
382
383
385
386
388
389
391
392
394
395
397
398
6209
6210
6213
6214
6215
6216
6231
6232
6233
6234
6235
6238
6239
6240
6241
6244
6286
6287
6288
6289
6290
6292
6293
6294
6295
6296
6297
6298
6298
6298
6298
6298
340
342
343
345
346
348
349
351
352
354
361
362
364
366
367
368
6185
6186
6189
6190
6191
6192
6195
6196
6197
6198
6201
6202
6203
6204
6207
6208
6286
6287
6288
6289
6290
6291
6292
6293
6294
6295
6295
6295
6295
6295
6295
6295
262
264
265
266
267
269
271
272
273
274
276
278
279
336
337
339
6182
6183
6184
6215
6217
6218
6219
6220
6221
6223
6224
6225
6226
6227
6229
6230
6274
6275
6276
6277
6278
6279
6283
6284
6285
6286
6287
6288
6291
6291
6291
6291
226
228
229
230
231
233
235
236
237
245
246
249
250
251
259
260
6190
6192
6193
6194
6195
6196
6198
6199
6200
6201
6202
6204
6205
6206
6213
6214
6274
6275
6276
6277
6278
6279
6280
6281
6282
6283
6283
6283
6283
6283
6283
6283
203
204
206
208
209
210
211
213
215
216
217
218
220
222
223
224
6189
6213
6214
6216
6217
6218
6219
6220
6222
6223
6224
6225
6226
6228
6229
6230
6262
6263
6264
6265
6266
6267
6271
6272
6273
6275
6280
6280
6280
6280
6280
6280
111
168
170
172
173
174
175
177
179
180
181
189
190
193
194
195
6189
6191
6192
6193
6194
6195
6197
6198
6199
6200
6207
6208
6210
6211
6212
6230
6254
6261
6262
6263
6264
6265
6266
6267
6268
6269
6270
6270
6270
6270
6270
6270
82
83
91
93
94
96
97
98
100
101
103
104
105
107
108
110
6211
6212
6213
6215
6216
6217
6218
6219
6221
6222
6223
6224
6225
6227
6228
6229
6250
6251
6252
6253
6254
6255
6258
6259
6260
6261
6261
6261
6261
6261
6261
6261
52
54
55
57
58
60
61
62
70
72
74
75
76
77
79
81
6190
6191
6192
6193
6194
6201
6203
6204
6205
6206
6207
6209
6210
6228
6229
6230
6240
6241
6242
6249
6250
6251
6252
6253
6254
6255
6256
6257
6258
6258
6258
6258
23
25
26
27
35
37
38
40
41
42
44
45
47
48
49
51
6209
6210
6211
6212
6214
6215
6216
6217
6218
6220
6221
6222
6223
6224
6226
6227
6238
6239
6240
6241
6242
6243
6246
6247
6248
6249
6249
6249
6249
6249
6249
6249
1
2
4
5
6
14
16
18
19
20
21
5675
5678
5679
5682
5683
6101
6104
6105
6108
6109
6170
6172
6174
6177
6178
6181
6196
6197
6198
6199
6200
6202
6203
6204
6205
6206
6208
6238
6239
6240
6241
6242
6243
6244
6245
6246
6246
5649
5650
5651
5652
5655
5656
5659
5660
5663
5666
5667
5668
5669
5672
5673
5674
6054
6055
6056
6058
6060
6062
6064
6066
6089
6092
6093
6094
6095
6098
6099
6100
6158
6161
6162
6163
6164
6167
6168
6169
6171
6172
6175
6177
6179
6180
6181
6181
5583
5584
5585
5586
5589
5590
5591
5592
5595
5596
5599
5640
5643
5644
5645
5646
6005
6006
6007
6008
6011
6012
6013
6014
6017
6018
6021
6046
6048
6049
6050
6052
6159
6160
6161
6162
6163
6164
6165
6166
6168
6169
6170
6173
6174
6176
6179
6180
5555
5556
5559
5560
5563
5564
5565
5566
5569
5570
5571
5572
5575
5576
5579
5580
5957
5959
5961
5963
5965
5966
5967
5969
5971
5972
5973
5975
5977
5979
5981
6002
6158
6159
6160
6162
6163
6165
6166
6168
6169
6171
6173
6174
6175
6176
6177
6178
6179
6179
6179
6179
6179
6179
6179
6179
6179
6179
6179
6179
6179
6179
6179
6179
5531
5532
5533
5534
5537
5538
5539
5540
5543
5544
5547
5548
5549
5550
5553
5554
5933
5934
5935
5937
5939
5940
5941
5943
5945
5947
5949
5950
5951
5953
5955
5956
6158
6159
6160
6161
6162
6163
6164
6165
6166
6167
6168
6169
6170
6171
6176
6177
5473
5474
5475
5478
5479
5482
5483
5484
5485
5488
5489
5490
5491
5494
5527
5528
5875
5876
5878
5880
5897
5900
5901
5902
5903
5906
5907
5908
5909
5912
5929
5931
6158
6159
6160
6161
6162
6164
6166
6167
6169
6170
6171
6173
6174
6175
6176
6176
5447
5450
5451
5454
5455
5456
5457
5460
5461
5462
5463
5466
5467
5468
5469
5472
5850
5852
5854
5856
5857
5858
5860
5862
5863
5864
5866
5868
5869
5870
5872
5874
6158
6159
6160
6161
6162
6163
6164
6165
6166
6167
6168
6171
6172
6173
6174
6174
5401
5402
5403
5404
5407
5408
5409
5434
5435
5438
5439
5440
5441
5444
5445
5446
5815
5816
5817
5818
5821
5822
5823
5836
5838
5840
5841
5842
5844
5846
5847
5848
6158
6159
6160
6161
6162
6163
6164
6165
6166
6167
6168
6169
6170
6171
6172
6172
5377
5378
5379
5380
5383
5384
5385
5386
5389
5390
5391
5392
5395
5396
5397
5398
5779
5780
5781
5783
5785
5786
5787
5789
5791
5792
5793
5795
5797
5798
5799
5812
6158
6159
6160
6161
6163
6164
6165
6166
6167
6168
6169
6170
6171
6171
6171
6171
5341
5342
5343
5346
5347
5348
5361
5362
5365
5366
5367
5368
5371
5372
5373
5374
5743
5744
5751
5754
5755
5756
5763
5765
5767
5768
5769
5771
5773
5774
5775
5777
6158
6159
6160
6161
6163
6164
6165
6166
6167
6168
6168
6168
6168
6168
6168
6168
5267
5270
5271
5272
5273
5276
5277
5280
5281
5330
5331
5334
5335
5336
5337
5340
5732
5734
5736
5737
5738
5740
5742
6096
6098
6099
6100
6102
6104
6106
6108
6110
6140
6143
6144
6145
6146
6148
6150
6153
6154
6157
6158
6159
6160
6161
6162
6163
6164
6164
6164
6164
6164
6164
6164
6164
6164
6164
6164
6164
6164
6164
6164
6164
5241
5242
5243
5244
5247
5248
5249
5250
5253
5254
5257
5258
5261
5264
5265
5266
6070
6071
6072
6074
6076
6077
6078
6080
6082
6084
6086
6088
6090
6092
6093
6094
6134
6137
6138
6139
6141
6143
6144
6145
6147
6148
6151
6153
6155
6156
6157
6157
5173
5174
5177
5178
5181
5182
5183
5184
5187
5188
5189
5190
5193
5194
5197
5238
5997
5999
6001
6003
6005
6006
6007
6009
6011
6012
6013
6015
6017
6019
6021
6068
6134
6135
6136
6138
6139
6140
6142
6144
6145
6146
6149
6150
6151
6152
6154
6155
6156
6156
6156
6156
6156
6156
6156
6156
6156
6156
6156
6156
6156
6156
6156
6156
5147
5148
5151
5152
5153
5154
5157
5158
5161
5162
5163
5164
5167
5168
5169
5170
5952
5953
5955
5956
5958
5959
5961
5983
5985
5986
5987
5989
5991
5992
5993
5995
6135
6136
6138
6139
6140
6141
6142
6144
6145
6147
6150
6151
6152
6153
6154
6154
5089
5092
5125
5126
5129
5130
5131
5132
5135
5136
5137
5138
5141
5142
5145
5146
5910
5912
5930
5931
5933
5934
5936
5937
5939
5940
5942
5943
5946
5947
5949
5950
6134
6135
6136
6137
6138
6139
6140
6141
6143
6145
6146
6147
6149
6151
6152
6153
5065
5066
5067
5070
5071
5072
5073
5076
5077
5080
5081
5082
5083
5086
5087
5088
5885
5886
5888
5890
5891
5892
5894
5896
5898
5900
5901
5902
5904
5906
5907
5908
6134
6136
6137
6138
6140
6141
6142
6143
6145
6147
6149
6150
6151
6151
6151
6151
5039
5042
5043
5044
5045
5048
5049
5052
5053
5054
5055
5058
5059
5060
5061
5064
5844
5846
5847
5849
5850
5853
5854
5856
5857
5859
5860
5862
5863
5864
5882
5884
6134
6135
6136
6137
6139
6140
6141
6142
6143
6144
6145
6146
6147
6148
6149
6150
4993
4994
4995
4996
4999
5000
5001
5002
5005
5006
5007
5032
5033
5036
5037
5038
5809
5810
5811
5813
5815
5816
5817
5819
5821
5822
5823
5837
5838
5840
5841
5843
6134
6135
6136
6137
6138
6139
6140
6142
6143
6144
6146
6147
6148
6148
6148
6148
4969
4970
4971
4972
4975
4976
4977
4978
4981
4982
4983
4984
4987
4988
4989
4990
5773
5774
5776
5777
5779
5780
5782
5783
5785
5786
5787
5801
5803
5804
5805
5807
6134
6135
6136
6137
6139
6140
6141
6142
6143
6144
6145
6146
6146
6146
6146
6146
4933
4934
4935
4938
4939
4940
4941
4944
4945
4946
4959
4960
4963
4964
4965
4966
5737
5738
5746
5748
5749
5750
5752
5754
5755
5756
5764
5765
5767
5768
5770
5771
6134
6135
6136
6137
6138
6139
6140
6141
6142
6143
6143
6143
6143
6143
6143
6143
4865
4868
4869
4872
4873
4874
4875
4878
4879
4880
4881
4884
4885
4928
4929
4932
5733
5734
5736
6084
6089
6090
6093
6094
6095
6096
6099
6100
6101
6102
6105
6106
6111
6112
6115
6116
6117
6118
6121
6122
6123
6124
6127
6128
6129
6132
6133
6134
6135
6136
6138
6138
6138
6138
6138
6138
6138
6138
6138
6138
6138
6138
6138
6138
4839
4840
4841
4844
4845
4848
4849
4852
4853
4854
4855
4858
4859
4860
4861
4864
6056
6057
6058
6061
6062
6067
6068
6071
6072
6073
6074
6077
6078
6079
6080
6083
6111
6113
6115
6116
6117
6119
6121
6122
6123
6124
6125
6127
6128
6129
6131
6132
4813
4816
4817
4818
4819
4822
4823
4824
4825
4828
4829
4832
4833
4834
4835
4838
5931
5934
5935
5936
5937
5940
5941
5942
5943
6045
6046
6049
6050
6051
6052
6055
6112
6113
6115
6116
6117
6118
6119
6121
6122
6123
6124
6125
6130
6131
6131
6131
4755
4756
4759
4760
4761
4764
4765
4766
4767
4770
4771
4772
4773
4776
4811
4812
5893
5894
5896
5897
5898
5900
5902
5903
5904
5906
5908
5909
5910
5912
5929
5930
6111
6112
6114
6115
6117
6118
6120
6122
6123
6124
6125
6126
6128
6129
6130
6130
4731
4732
4733
4736
4737
4738
4739
4742
4743
4744
4747
4748
4749
4750
4753
4754
5870
5871
5872
5874
5876
5877
5878
5880
5881
5882
5884
5886
5887
5888
5890
5892
6111
6113
6114
6115
6117
6118
6119
6120
6122
6124
6125
6126
6127
6128
6128
6128
4683
4684
4685
4688
4689
4714
4715
4716
4719
4720
4721
4722
4725
4726
4727
4730
5817
5818
5819
5821
5823
5852
5853
5854
5857
5858
5859
5860
5863
5865
5866
5868
6111
6112
6113
6114
6116
6117
6118
6119
6120
6121
6125
6126
6127
6127
6127
6127
4659
4660
4661
4664
4665
4666
4667
4670
4671
4672
4673
4676
4677
4678
4679
4682
5793
5794
5795
5797
5799
5800
5801
5803
5805
5806
5807
5809
5811
5812
5813
5815
6111
6112
6113
6114
6116
6117
6118
6119
6120
6121
6123
6124
6125
6125
6125
6125
4635
4636
4637
4640
4641
4642
4643
4646
4647
4648
4649
4652
4653
4654
4655
4658
5763
5764
5765
5768
5775
5776
5777
5779
5781
5782
5783
5785
5787
5788
5789
5791
6111
6112
6113
6114
6116
6117
6118
6119
6120
6121
6122
6123
6123
6123
6123
6123
4599
4600
4603
4604
4605
4606
4609
4610
4611
4612
4615
4616
4617
4618
4621
4622
5733
5734
5736
5738
5739
5740
5742
5744
5745
5746
5748
5750
5751
5752
5754
5756
6111
6112
6113
6114
6115
6116
6117
6118
6119
6119
6119
6119
6119
6119
6119
6119
3913
3914
3917
3918
3921
3922
3923
3924
3927
3928
3929
3930
3933
3934
3937
4598
5732
5976
5978
5980
5982
5984
5986
5987
5988
5990
5992
5993
5994
5996
5998
6000
6089
6091
6093
6094
6095
6097
6099
6100
6101
6103
6105
6106
6107
6109
6110
6111
6115
6115
6115
6115
6115
6115
6115
6115
6115
6115
6115
6115
6115
6115
6115
6115
3887
3888
3891
3892
3893
3894
3897
3898
3901
3902
3903
3904
3907
3908
3909
3910
5951
5952
5954
5956
5957
5958
5960
5962
5964
5966
5967
5968
5970
5972
5973
5974
6090
6091
6093
6094
6095
6096
6097
6099
6100
6102
6105
6106
6107
6108
6109
6109
3829
3832
3865
3866
3869
3870
3871
3872
3875
3876
3877
3878
3881
3882
3885
3886
5893
5895
5913
5914
5917
5918
5919
5920
5923
5924
5925
5926
5945
5946
5948
5950
6089
6090
6091
6092
6093
6094
6095
6096
6098
6100
6101
6102
6103
6106
6107
6108
3805
3806
3807
3810
3811
3812
3813
3816
3817
3820
3821
3822
3823
3826
3827
3828
5869
5870
5871
5873
5875
5876
5877
5879
5881
5883
5885
5886
5887
5889
5891
5892
6089
6091
6092
6093
6095
6096
6097
6098
6100
6102
6103
6105
6106
6106
6106
6106
3779
3782
3783
3784
3785
3788
3789
3790
3791
3794
3795
3796
3797
3800
3801
3804
5831
5834
5835
5836
5837
5839
5841
5842
5843
5845
5847
5848
5849
5851
5865
5867
6089
6090
6091
6093
6095
6096
6097
6098
6099
6100
6101
6102
6103
6104
6105
6105
3733
3734
3735
3736
3739
3740
3741
3742
3745
3746
3747
3772
3773
3776
3777
3778
5796
5798
5799
5800
5802
5804
5805
5806
5808
5810
5811
5824
5825
5828
5829
5830
6089
6090
6091
6092
6094
6095
6097
6098
6099
6101
6102
6103
6103
6103
6103
6103
3709
3710
3711
3712
3715
3716
3717
3718
3721
3722
3723
3724
3727
3728
3729
3730
5772
5774
5775
5776
5778
5780
5781
5782
5784
5786
5787
5788
5790
5792
5793
5794
6089
6090
6091
6092
6094
6095
6096
6097
6098
6099
6100
6101
6101
6101
6101
6101
3673
3674
3675
3678
3679
3680
3681
3684
3685
3686
3699
3700
3703
3704
3705
3706
5737
5738
5739
5741
5743
5744
5745
5747
5749
5750
5757
5758
5761
5762
5769
5770
6089
6090
6091
6092
6093
6094
6095
6096
6097
6098
6098
6098
6098
6098
6098
6098
3607
3608
3611
3612
3613
3614
3617
3618
3619
3620
3623
3624
3627
3668
3669
3672
5732
5733
5735
5980
6002
6004
6006
6007
6008
6010
6012
6013
6014
6016
6018
6020
6067
6069
6071
6072
6073
6075
6077
6078
6079
6081
6083
6085
6087
6088
6089
6090
6091
6093
6093
6093
6093
6093
6093
6093
6093
6093
6093
6093
6093
6093
6093
6093
3581
3582
3583
3584
3587
3588
3591
3592
3593
3594
3597
3598
3599
3600
3603
3604
5954
5956
5957
5959
5960
5963
5964
5966
5967
5969
5970
5972
5973
5975
5976
5979
6068
6069
6071
6072
6074
6075
6077
6078
6080
6081
6083
6084
6085
6086
6087
6087
3555
3556
3559
3560
3561
3562
3565
3566
3567
3568
3571
3572
3575
3576
3577
3578
5913
5915
5917
5918
5919
5921
5923
5924
5925
5927
5945
5947
5948
5950
5951
5953
6067
6068
6069
6070
6071
6072
6073
6074
6076
6078
6079
6080
6085
6086
6086
6086
3497
3500
3501
3502
3503
3506
3507
3510
3511
3512
3513
3516
3517
3518
3519
3522
5872
5873
5875
5876
5878
5879
5897
5899
5901
5902
5903
5905
5907
5908
5909
5911
6067
6069
6070
6071
6073
6074
6075
6076
6078
6079
6080
6081
6083
6084
6084
6084
3473
3474
3475
3478
3479
3480
3481
3484
3485
3486
3487
3490
3491
3494
3495
3496
5835
5836
5838
5839
5841
5842
5844
5845
5847
5848
5850
5851
5866
5867
5869
5870
6067
6068
6069
6070
6071
6073
6074
6075
6077
6078
6079
6080
6081
6082
6083
6083
3425
3426
3429
3430
3431
3432
3435
3436
3437
3462
3463
3466
3467
3468
3469
3472
5799
5812
5814
5816
5817
5818
5820
5822
5823
5824
5826
5828
5829
5830
5832
5834
6067
6068
6069
6070
6072
6073
6074
6075
6076
6077
6079
6080
6081
6081
6081
6081
3401
3402
3405
3406
3407
3408
3411
3412
3413
3414
3417
3418
3419
3420
3423
3424
5775
5777
5778
5780
5781
5783
5784
5786
5787
5789
5790
5792
5793
5795
5796
5798
6067
6068
6069
6070
6072
6073
6074
6075
6076
6077
6078
6079
6079
6079
6079
6079
3365
3368
3369
3370
3371
3374
3375
3376
3389
3390
3393
3394
3395
3396
3399
3400
5740
5741
5743
5744
5751
5753
5755
5756
5757
5759
5761
5762
5769
5771
5772
5774
6067
6068
6069
6070
6072
6073
6074
6075
6076
6076
6076
6076
6076
6076
6076
6076
3301
3302
3303
3304
3307
3308
3309
3310
3313
3314
3317
3358
3359
3362
3363
3364
5732
5734
5735
5737
5738
6004
6006
6007
6009
6010
6012
6013
6015
6016
6019
6020
6047
6049
6050
6051
6053
6055
6056
6057
6059
6061
6063
6066
6067
6068
6069
6070
6071
6072
6072
6072
6072
6072
6072
6072
6072
6072
6072
6072
6072
6072
6072
6072
3273
3274
3277
3278
3281
3282
3283
3284
3287
3288
3289
3290
3293
3294
3297
3298
5958
5959
5960
5983
5984
5986
5987
5989
5990
5992
5993
5995
5996
5999
6000
6003
6045
6046
6047
6049
6050
6052
6053
6055
6056
6058
6059
6061
6062
6063
6064
6065
6066
6066
6066
6066
6066
6066
6066
6066
6066
6066
6066
6066
6066
6066
6066
6066
3249
3250
3251
3252
3255
3256
3257
3258
3261
3262
3265
3266
3267
3268
3271
3272
5917
5918
5920
5921
5923
5924
5926
5927
5946
5947
5948
5950
5952
5953
5954
5956
6045
6046
6047
6048
6049
6050
6051
6052
6053
6054
6055
6056
6057
6058
6063
6064
3191
3192
3193
3196
3197
3200
3201
3202
3203
3206
3207
3208
3209
3212
3245
3246
5891
5892
5894
5895
5898
5899
5901
5902
5904
5905
5907
5908
5910
5911
5914
5915
6045
6046
6047
6048
6049
6051
6053
6054
6056
6057
6058
6059
6061
6062
6063
6063
3165
3168
3169
3170
3171
3174
3175
3176
3177
3180
3181
3184
3185
3186
3187
3190
5838
5839
5841
5843
5844
5845
5847
5849
5850
5851
5882
5883
5885
5886
5888
5889
6046
6047
6048
6049
6051
6052
6053
6056
6057
6058
6059
6060
6061
6061
6061
6061
3119
3120
3121
3122
3125
3126
3127
3152
3153
3156
3157
3158
3159
3162
3163
3164
5814
5816
5817
5819
5820
5822
5823
5825
5826
5828
5829
5831
5832
5834
5835
5837
6045
6046
6047
6048
6050
6051
6052
6053
6054
6055
6058
6059
6060
6060
6060
6060
3095
3096
3097
3098
3101
3102
3103
3104
3107
3108
3109
3110
3113
3114
3115
3116
5778
5780
5782
5783
5784
5786
5787
5801
5802
5804
5805
5807
5808
5810
5811
5813
6045
6046
6047
6048
6050
6051
6052
6053
6054
6055
6056
6057
6058
6058
6058
6058
3059
3060
3061
3064
3065
3066
3079
3080
3083
3084
3085
3086
3089
3090
3091
3092
5749
5750
5752
5753
5755
5756
5758
5759
5761
5762
5770
5771
5772
5774
5776
5777
6045
6046
6047
6048
6050
6051
6052
6053
6054
6055
6055
6055
6055
6055
6055
6055
2763
2764
2765
2768
2769
2770
2771
2774
2775
3048
3049
3052
3053
3054
3055
3058
5733
5734
5735
5737
5738
5746
5747
6007
6008
6009
6012
6013
6014
6015
6018
6019
6027
6028
6029
6032
6033
6034
6035
6038
6039
6044
6045
6046
6047
6048
6049
6050
6051
6051
6051
6051
6051
6051
6051
6051
6051
6051
6051
6051
6051
6051
6051
6051
2735
2738
2739
2742
2743
2744
2745
2748
2749
2750
2751
2754
2755
2758
2759
2762
5979
5982
5983
5986
5987
5988
5989
5992
5993
5994
5995
5998
5999
6002
6003
6006
6022
6023
6024
6026
6027
6028
6030
6032
6033
6034
6036
6038
6040
6042
6043
6044
2709
2712
2713
2714
2715
2718
2719
2722
2723
2724
2725
2728
2729
2730
2731
2734
5953
5956
5957
5958
5959
5962
5963
5966
5967
5968
5969
5972
5973
5974
5975
5978
6023
6024
6026
6027
6029
6030
6032
6033
6035
6036
6038
6039
6040
6041
6042
6042
2653
2654
2657
2658
2659
2660
2663
2664
2665
2666
2701
2702
2703
2706
2707
2708
5897
5898
5901
5902
5903
5904
5907
5908
5909
5910
5945
5946
5947
5950
5951
5952
6022
6023
6024
6025
6026
6027
6028
6029
6031
6033
6034
6035
6040
6041
6041
6041
2627
2628
2631
2632
2633
2634
2637
2638
2641
2642
2643
2644
2647
2648
2649
2650
5871
5872
5875
5876
5877
5878
5881
5882
5885
5886
5887
5888
5891
5892
5893
5894
6022
6024
6025
6026
6028
6029
6030
6031
6033
6034
6035
6036
6038
6039
6039
6039
2579
2604
2605
2606
2609
2610
2611
2612
2615
2616
2617
2618
2621
2622
2625
2626
5823
5836
5837
5838
5841
5842
5843
5844
5847
5848
5849
5850
5865
5866
5869
5870
6022
6023
6024
6025
6026
6028
6029
6030
6032
6033
6034
6035
6036
6037
6038
6038
2555
2556
2557
2560
2561
2562
2563
2566
2567
2568
2569
2572
2573
2574
2575
2578
5799
5800
5801
5804
5805
5806
5807
5810
5811
5812
5813
5816
5817
5818
5819
5822
6022
6023
6024
6025
6027
6028
6029
6030
6031
6032
6034
6035
6036
6036
6036
6036
2531
2532
2533
2536
2537
2538
2539
2542
2543
2544
2545
2548
2549
2550
2551
2554
5775
5776
5777
5780
5781
5782
5783
5786
5787
5788
5789
5792
5793
5794
5795
5798
6022
6023
6024
6025
6027
6028
6029
6030
6031
6032
6033
6034
6034
6034
6034
6034
2495
2496
2499
2500
2501
2502
2505
2506
2507
2508
2511
2512
2525
2526
2527
2530
5739
5740
5743
5744
5745
5746
5749
5750
5751
5752
5755
5756
5769
5770
5771
5774
6022
6023
6024
6025
6027
6028
6029
6030
6031
6031
6031
6031
6031
6031
6031
6031
2241
2242
2245
2246
2247
2248
2251
2252
2253
2254
2257
2488
2489
2490
2493
2494
5732
5733
5734
5737
5738
5929
5930
5932
5934
5935
5936
5938
5940
5941
5942
5944
6002
6003
6004
6006
6008
6009
6010
6013
6014
6015
6016
6021
6022
6023
6024
6025
6026
6027
6027
6027
6027
6027
6027
6027
6027
6027
6027
6027
6027
6027
6027
6027
2183
2184
2185
2188
2189
2224
2225
2228
2229
2230
2231
2234
2235
2236
2237
2240
5890
5892
5893
5895
5896
5913
5914
5916
5918
5919
5920
5922
5924
5925
5926
5928
6002
6003
6005
6006
6008
6009
6011
6013
6014
6015
6016
6017
6019
6020
6020
6020
2159
2160
2161
2162
2165
2166
2167
2168
2171
2172
2173
2176
2177
2178
2179
2182
5867
5868
5870
5871
5873
5874
5876
5877
5879
5880
5881
5883
5884
5886
5887
5889
6002
6004
6005
6006
6008
6009
6010
6011
6013
6015
6016
6017
6018
6019
6019
6019
2133
2136
2137
2138
2139
2142
2143
2144
2145
2148
2149
2150
2151
2154
2155
2156
5825
5827
5829
5830
5831
5833
5835
5852
5853
5855
5857
5858
5859
5861
5863
5865
6002
6003
6004
6005
6007
6008
6009
6010
6011
6012
6016
6017
6018
6018
6018
6018
2087
2088
2089
2090
2093
2094
2095
2096
2099
2100
2101
2102
2105
2106
2107
2132
5790
5791
5793
5794
5796
5797
5799
5800
5802
5803
5805
5806
5808
5809
5811
5824
6002
6004
6005
6007
6008
6009
6010
6011
6012
6014
6015
6016
6016
6016
6016
6016
2063
2064
2065
2066
2069
2070
2071
2072
2075
2076
2077
2078
2081
2082
2083
2084
5760
5762
5763
5764
5766
5768
5775
5776
5778
5779
5781
5782
5784
5785
5787
5788
6002
6003
6004
6005
6007
6008
6009
6010
6011
6012
6013
6014
6014
6014
6014
6014
2027
2028
2029
2032
2033
2034
2035
2038
2039
2040
2041
2044
2045
2046
2059
2060
5732
5733
5735
5736
5738
5739
5741
5742
5744
5745
5747
5748
5750
5757
5758
5944
5996
6001
6002
6003
6004
6005
6006
6007
6008
6009
6010
6010
6010
6010
6010
6010
2001
2004
2005
2006
2007
2010
2011
2012
2015
2016
2017
2018
2021
2022
2023
2024
5921
5922
5924
5925
5927
5928
5929
5931
5932
5934
5935
5937
5938
5940
5941
5943
5982
5983
5984
5986
5988
5989
5990
5991
5993
5994
5995
5997
6000
6001
6001
6001
1943
1946
1947
1948
1949
1952
1953
1954
1955
1958
1959
1994
1995
1998
1999
2000
5897
5899
5900
5902
5903
5905
5906
5908
5909
5911
5912
5913
5915
5916
5918
5919
5982
5983
5984
5985
5986
5988
5990
5991
5993
5994
5996
5997
5999
6000
6000
6000
1919
1920
1921
1924
1925
1926
1929
1930
1931
1932
1935
1936
1937
1938
1941
1942
5857
5858
5860
5861
5863
5866
5867
5868
5870
5872
5873
5874
5876
5878
5879
5880
5983
5984
5985
5986
5987
5988
5989
5990
5991
5992
5993
5995
5996
5997
5998
5998
1871
1872
1875
1876
1877
1902
1903
1906
1907
1908
1909
1912
1913
1914
1915
1918
5817
5818
5820
5821
5823
5824
5826
5827
5829
5830
5832
5833
5835
5852
5854
5855
5982
5983
5984
5985
5987
5988
5989
5990
5991
5992
5995
5996
5997
5997
5997
5997
1847
1848
1851
1852
1853
1854
1857
1858
1859
1860
1863
1864
1865
1866
1869
1870
5781
5783
5784
5785
5787
5789
5790
5791
5793
5795
5796
5797
5799
5812
5814
5815
5982
5983
5984
5985
5987
5988
5989
5990
5991
5992
5993
5994
5995
5995
5995
5995
1811
1814
1815
1816
1829
1830
1833
1834
1835
1836
1839
1840
1841
1842
1845
1846
5751
5753
5754
5756
5757
5759
5760
5762
5763
5765
5766
5768
5775
5777
5778
5779
5982
5983
5984
5985
5987
5989
5990
5991
5992
5992
5992
5992
5992
5992
5992
5992
1787
1788
1791
1792
1793
1794
1797
1798
1799
1802
1803
1804
1805
1808
1809
1810
5732
5734
5735
5736
5738
5740
5741
5742
5744
5936
5937
5938
5940
5942
5943
5944
5968
5969
5970
5973
5974
5975
5976
5981
5982
5983
5984
5985
5986
5987
5988
5988
1729
1764
1765
1768
1769
1770
1771
1774
1775
1776
1777
1780
1781
1782
1785
1786
5912
5914
5915
5916
5918
5920
5921
5922
5924
5926
5927
5928
5930
5931
5932
5934
5962
5963
5964
5965
5966
5968
5969
5971
5973
5974
5975
5977
5979
5980
5981
5981
1705
1706
1707
1708
1711
1712
1713
1716
1717
1718
1719
1722
1723
1724
1725
1728
5889
5890
5892
5894
5895
5896
5898
5899
5900
5902
5904
5905
5906
5908
5910
5911
5962
5964
5965
5966
5968
5970
5971
5973
5974
5975
5976
5977
5978
5979
5979
5979
1679
1682
1683
1684
1685
1688
1689
1690
1691
1694
1695
1696
1699
1700
1701
1702
5832
5833
5835
5853
5854
5855
5857
5859
5860
5861
5863
5882
5883
5884
5886
5888
5962
5963
5964
5965
5966
5967
5968
5969
5970
5971
5972
5976
5977
5978
5978
5978
1633
1634
1635
1636
1639
1640
1641
1642
1645
1646
1647
1672
1673
1676
1677
1678
5808
5809
5811
5813
5814
5815
5817
5819
5820
5821
5823
5825
5826
5827
5829
5831
5962
5963
5964
5965
5967
5968
5970
5971
5972
5974
5975
5976
5976
5976
5976
5976
1609
1610
1611
1612
1615
1616
1617
1618
1621
1622
1623
1624
1627
1628
1629
1630
5766
5768
5776
5777
5778
5779
5782
5783
5784
5785
5787
5801
5802
5803
5805
5807
5962
5963
5964
5965
5967
5968
5969
5970
5971
5972
5973
5974
5974
5974
5974
5974
1573
1574
1575
1578
1579
1580
1581
1584
1585
1586
1599
1600
1603
1604
1605
1606
5736
5738
5746
5747
5748
5750
5752
5753
5754
5756
5758
5759
5760
5762
5764
5765
5962
5963
5964
5965
5966
5967
5968
5969
5970
5971
5971
5971
5971
5971
5971
5971
1549
1550
1551
1552
1555
1556
1557
1558
1561
1562
1563
1564
1567
1568
1569
1572
5733
5734
5735
5916
5919
5920
5921
5922
5929
5930
5931
5932
5935
5936
5937
5938
5945
5946
5947
5948
5949
5951
5952
5953
5954
5955
5960
5961
5962
5963
5964
5966
1501
1502
1503
1506
1507
1508
1509
1512
1513
1514
1515
1518
1519
1544
1545
1546
5884
5887
5888
5889
5890
5897
5898
5899
5900
5903
5904
5905
5906
5913
5914
5915
5945
5946
5947
5948
5949
5951
5952
5953
5954
5955
5958
5959
5960
5960
5960
5960
1477
1478
1479
1482
1483
1484
1485
1488
1489
1490
1491
1494
1495
1496
1497
1500
5775
5776
5777
5778
5779
5865
5866
5867
5868
5871
5872
5873
5874
5881
5882
5883
5945
5946
5947
5948
5949
5952
5953
5954
5955
5956
5957
5958
5958
5958
5958
5958
1441
1442
1443
1446
1447
1448
1463
1464
1465
1468
1469
1470
1471
1472
1475
1476
5750
5751
5752
5753
5754
5756
5757
5758
5759
5760
5762
5763
5764
5765
5766
5768
5945
5946
5947
5948
5949
5950
5952
5953
5954
5955
5955
5955
5955
5955
5955
5955
1417
1418
1421
1422
1423
1424
1427
1428
1429
1432
1433
1434
1435
1436
1439
1440
5739
5740
5741
5742
5744
5745
5746
5747
5748
5825
5826
5828
5830
5831
5832
5834
5930
5931
5933
5935
5936
5937
5939
5944
5945
5946
5947
5948
5949
5950
5951
5952
1369
1372
1373
1374
1375
1378
1379
1380
1381
1384
1385
1386
1387
1390
1391
1416
5801
5802
5804
5806
5807
5808
5810
5812
5813
5814
5816
5818
5819
5820
5822
5824
5929
5930
5931
5932
5933
5935
5936
5937
5938
5939
5942
5943
5944
5944
5944
5944
1345
1348
1349
1350
1351
1354
1355
1356
1357
1360
1361
1362
1363
1366
1367
1368
5771
5772
5781
5782
5783
5784
5786
5788
5789
5790
5792
5794
5795
5796
5798
5800
5929
5930
5931
5932
5933
5935
5936
5937
5938
5939
5940
5941
5942
5942
5942
5942
1311
1312
1313
1314
1317
1318
1319
1320
1323
1324
1337
1338
1339
1342
1343
1344
5741
5743
5745
5746
5747
5749
5751
5752
5753
5755
5757
5758
5759
5761
5769
5770
5929
5930
5931
5932
5933
5935
5936
5937
5938
5939
5939
5939
5939
5939
5939
5939
1263
1288
1289
1290
1293
1294
1295
1296
1299
1300
1301
1302
1305
1306
1307
1308
5732
5733
5734
5735
5737
5739
5740
5822
5852
5853
5854
5856
5858
5859
5860
5862
5913
5914
5915
5917
5919
5920
5921
5923
5927
5928
5929
5930
5931
5932
5933
5934
5935
5935
5935
5935
5935
5935
5935
5935
5935
5935
5935
5935
5935
5935
5935
5935
1239
1240
1241
1244
1245
1246
1247
1250
1251
1252
1253
1256
1257
1258
1259
1262
5798
5800
5801
5803
5804
5806
5807
5809
5810
5812
5813
5815
5816
5818
5819
5821
5913
5914
5915
5916
5917
5919
5920
5921
5922
5923
5925
5926
5927
5927
5927
5927
1215
1216
1217
1220
1221
1222
1223
1226
1227
1228
1229
1232
1233
1234
1235
1238
5769
5770
5771
5773
5781
5782
5783
5785
5786
5788
5789
5791
5792
5794
5795
5797
5913
5914
5915
5916
5917
5919
5920
5921
5922
5923
5924
5925
5925
5925
5925
5925
1179
1180
1183
1184
1185
1186
1189
1190
1191
1192
1195
1196
1209
1210
1211
1214
5739
5740
5742
5743
5745
5746
5748
5749
5751
5752
5754
5755
5763
5764
5765
5767
5913
5914
5915
5916
5917
5919
5920
5921
5922
5922
5922
5922
5922
5922
5922
5922
899
902
903
904
905
908
909
910
911
914
915
1172
1173
1174
1177
1178
5732
5733
5734
5736
5737
5831
5833
5834
5852
5853
5855
5856
5858
5859
5861
5862
5897
5898
5899
5901
5903
5904
5905
5906
5907
5911
5912
5913
5914
5915
5916
5917
5918
5918
5918
5918
5918
5918
5918
5918
5918
5918
5918
5918
5918
5918
5918
5918
853
854
855
856
859
860
861
862
865
866
867
892
893
896
897
898
5796
5797
5798
5800
5802
5803
5804
5806
5808
5809
5810
5824
5825
5827
5828
5830
5897
5898
5899
5900
5901
5903
5905
5906
5907
5909
5910
5911
5911
5911
5911
5911
829
830
831
832
835
836
837
838
841
842
843
844
847
848
849
850
5766
5767
5769
5770
5772
5773
5781
5782
5784
5785
5786
5788
5790
5791
5792
5794
5897
5898
5899
5900
5901
5903
5904
5905
5906
5907
5908
5909
5909
5909
5909
5909
793
794
795
798
799
800
801
804
805
806
819
820
823
824
825
826
5736
5737
5739
5741
5742
5743
5745
5747
5748
5749
5757
5758
5760
5761
5763
5764
5897
5898
5899
5900
5901
5902
5903
5904
5905
5906
5906
5906
5906
5906
5906
5906
769
770
771
774
775
776
777
780
781
782
783
786
787
788
789
792
5732
5733
5735
5828
5830
5832
5833
5834
5852
5854
5855
5856
5858
5860
5861
5862
5881
5882
5883
5885
5887
5888
5889
5890
5891
5895
5896
5897
5898
5899
5902
5902
721
722
725
726
727
728
731
732
733
734
737
738
739
764
765
768
5792
5795
5796
5797
5798
5812
5814
5815
5816
5818
5820
5821
5822
5824
5826
5827
5881
5882
5883
5884
5885
5887
5888
5889
5890
5891
5893
5894
5895
5895
5895
5895
697
698
701
702
703
704
707
708
709
710
713
714
715
716
719
720
5763
5765
5766
5767
5769
5771
5772
5773
5781
5783
5784
5785
5786
5789
5790
5791
5881
5882
5883
5884
5885
5887
5888
5889
5890
5891
5892
5893
5893
5893
5893
5893
661
664
665
666
667
670
671
672
673
676
677
678
691
692
695
696
5734
5735
5736
5737
5740
5741
5742
5743
5751
5753
5754
5755
5757
5759
5760
5761
5881
5882
5883
5884
5885
5886
5887
5888
5889
5889
5889
5889
5889
5889
5889
5889
637
640
641
642
643
646
647
648
649
652
653
654
655
658
659
660
5732
5826
5827
5828
5831
5832
5833
5834
5853
5854
5855
5856
5859
5860
5861
5862
5865
5866
5867
5868
5869
5871
5872
5873
5874
5875
5879
5880
5881
5886
5886
5886
591
592
593
594
597
598
599
600
603
604
605
606
609
610
611
636
5802
5803
5804
5807
5808
5809
5810
5813
5814
5815
5816
5819
5820
5821
5822
5825
5865
5867
5868
5869
5871
5872
5873
5874
5875
5877
5878
5879
5879
5879
5879
5879
567
568
569
570
573
574
575
576
579
580
581
582
585
586
587
588
5760
5761
5764
5765
5766
5767
5770
5771
5772
5773
5782
5783
5784
5785
5786
5801
5865
5866
5867
5868
5869
5871
5872
5873
5874
5875
5876
5877
5877
5877
5877
5877
531
532
533
536
537
538
539
542
543
544
545
548
549
550
563
564
5733
5734
5735
5736
5737
5746
5747
5748
5749
5752
5753
5754
5755
5758
5759
5845
5861
5864
5865
5866
5867
5868
5869
5870
5871
5872
5873
5873
5873
5873
5873
5873
507
508
511
512
513
514
515
518
519
520
521
522
525
526
527
528
5770
5771
5772
5774
5775
5776
5777
5778
5780
5836
5837
5838
5839
5842
5843
5844
5852
5853
5854
5855
5856
5857
5858
5859
5860
5862
5863
5864
5864
5864
5864
5864
471
472
475
476
477
478
479
482
483
484
499
500
501
504
505
506
5745
5746
5747
5749
5750
5751
5752
5753
5755
5756
5757
5758
5759
5761
5762
5769
5852
5853
5854
5855
5856
5857
5859
5860
5861
5862
5862
5862
5862
5862
5862
5862
423
426
427
452
453
454
457
458
459
460
463
464
465
468
469
470
5739
5740
5741
5743
5744
5819
5820
5821
5824
5825
5826
5827
5830
5831
5832
5833
5836
5837
5838
5840
5842
5843
5844
5845
5846
5850
5851
5853
5854
5855
5856
5857
5858
5858
5858
5858
5858
5858
5858
5858
5858
5858
5858
5858
5858
5858
5858
5858
399
402
403
404
405
408
409
410
411
414
415
416
417
420
421
422
5795
5796
5797
5800
5801
5802
5803
5806
5807
5808
5809
5812
5813
5814
5815
5818
5836
5837
5838
5839
5840
5842
5844
5845
5846
5848
5849
5850
5850
5850
5850
5850
375
378
379
380
381
384
385
386
387
390
391
392
393
396
397
398
5759
5760
5763
5764
5765
5766
5781
5782
5783
5784
5785
5788
5789
5790
5791
5794
5836
5837
5838
5839
5840
5842
5843
5844
5845
5846
5847
5848
5848
5848
5848
5848
341
342
343
344
347
348
349
350
353
354
355
356
359
360
373
374
5735
5736
5739
5740
5741
5742
5745
5746
5747
5748
5751
5752
5753
5754
5757
5758
5836
5837
5838
5839
5840
5841
5842
5843
5844
5845
5845
5845
5845
5845
5845
5845
317
320
321
322
323
324
327
328
329
330
331
334
335
336
337
338
5732
5733
5734
5765
5767
5768
5769
5770
5771
5773
5774
5775
5776
5777
5779
5780
5824
5825
5826
5827
5828
5829
5833
5834
5835
5836
5837
5838
5841
5841
5841
5841
281
284
285
286
287
288
291
292
293
294
295
298
299
300
315
316
5740
5742
5743
5744
5745
5746
5748
5749
5750
5751
5752
5754
5755
5756
5763
5764
5824
5825
5826
5827
5828
5829
5830
5831
5832
5833
5833
5833
5833
5833
5833
5833
147
148
151
152
153
154
155
158
159
160
161
162
165
166
167
280
5739
5763
5764
5766
5767
5768
5769
5770
5772
5773
5774
5775
5776
5778
5779
5780
5812
5813
5814
5815
5816
5817
5821
5822
5823
5825
5830
5830
5830
5830
5830
5830
111
112
115
116
117
118
119
122
123
124
125
140
141
144
145
146
5739
5741
5742
5743
5744
5745
5747
5748
5749
5750
5757
5758
5760
5761
5762
5780
5804
5811
5812
5813
5814
5815
5816
5817
5818
5819
5820
5820
5820
5820
5820
5820
89
90
91
92
95
96
97
98
99
102
103
104
105
106
109
110
5761
5762
5763
5765
5766
5767
5768
5769
5771
5772
5773
5774
5775
5777
5778
5779
5800
5801
5802
5803
5804
5805
5808
5809
5810
5811
5811
5811
5811
5811
5811
5811
53
54
55
56
59
60
61
62
63
66
67
68
69
84
85
88
5740
5741
5742
5743
5744
5751
5753
5754
5755
5756
5757
5759
5760
5778
5779
5780
5790
5791
5792
5799
5800
5801
5802
5803
5804
5805
5806
5807
5808
5808
5808
5808
29
32
33
34
35
36
39
40
41
42
43
46
47
48
49
50
5759
5760
5761
5762
5764
5765
5766
5767
5768
5770
5771
5772
5773
5774
5776
5777
5788
5789
5790
5791
5792
5793
5796
5797
5798
5799
5799
5799
5799
5799
5799
5799
0
3
4
5
6
7
10
11
12
13
28
4589
4590
4592
4594
4596
5611
5612
5613
5616
5617
5720
5721
5722
5725
5726
5731
5746
5747
5748
5749
5750
5752
5753
5754
5755
5756
5758
5788
5789
5790
5791
5792
5793
5794
5795
5796
5796
4563
4564
4566
4568
4569
4570
4572
4574
4576
4578
4580
4582
4583
4584
4586
4588
5585
5586
5587
5590
5591
5592
5593
5596
5597
5600
5601
5604
5605
5606
5607
5610
5709
5710
5713
5714
5715
5716
5717
5719
5720
5721
5723
5725
5727
5730
5731
5731
4516
4519
4520
4522
4523
4525
4526
4528
4529
4531
4532
4535
4536
4558
4560
4562
5557
5560
5561
5564
5565
5566
5567
5570
5571
5572
5573
5576
5577
5580
5581
5584
5709
5710
5711
5713
5714
5716
5717
5719
5720
5722
5723
5726
5727
5728
5729
5730
4475
4477
4479
4480
4481
4483
4501
4503
4504
4506
4507
4509
4510
4512
4513
4515
5501
5502
5505
5506
5507
5508
5543
5544
5545
5548
5549
5550
5551
5554
5555
5556
5709
5710
5711
5714
5715
5716
5717
5718
5719
5720
5721
5722
5725
5726
5727
5728
4434
4435
4453
4455
4457
4458
4459
4461
4463
4464
4465
4467
4469
4471
4473
4474
5475
5476
5479
5480
5483
5484
5485
5486
5489
5490
5491
5492
5495
5496
5499
5500
5709
5710
5711
5712
5713
5715
5717
5718
5720
5721
5722
5723
5725
5726
5727
5727
4409
4410
4412
4413
4415
4416
4418
4419
4422
4423
4425
4426
4428
4429
4431
4432
5439
5440
5441
5442
5445
5446
5447
5448
5463
5464
5467
5468
5469
5470
5473
5474
5710
5711
5712
5713
5715
5716
5717
5718
5720
5721
5722
5723
5724
5725
5725
5725
4373
4374
4376
4378
4379
4380
4382
4384
4385
4386
4388
4390
4391
4404
4406
4407
5403
5404
5405
5408
5409
5410
5411
5414
5415
5416
5417
5420
5421
5434
5435
5436
5709
5710
5711
5712
5714
5715
5716
5717
5718
5719
5722
5723
5724
5724
5724
5724
4337
4339
4340
4342
4343
4345
4346
4348
4349
4351
4352
4354
4355
4368
4370
4372
5379
5380
5381
5384
5385
5386
5387
5390
5391
5392
5393
5396
5397
5398
5399
5402
5709
5710
5711
5712
5714
5715
5716
5717
5718
5719
5720
5721
5722
5722
5722
5722
4307
4309
4311
4312
4313
4315
4317
4318
4325
4327
4328
4330
4331
4333
4334
4336
5343
5344
5347
5348
5349
5350
5353
5354
5367
5368
5369
5372
5373
5374
5375
5378
5709
5710
5711
5712
5714
5716
5717
5718
5719
5719
5719
5719
5719
5719
5719
5719
4276
4278
4279
4280
4282
4284
4286
4288
4290
4291
4293
4294
4296
4297
4299
4300
5330
5331
5332
5335
5336
5337
5338
5341
5342
5627
5630
5631
5632
5633
5636
5637
5693
5696
5697
5698
5699
5702
5703
5708
5709
5710
5711
5712
5713
5714
5715
5715
4250
4252
4253
4254
4256
4258
4259
4260
4262
4264
4266
4268
4270
4272
4273
4274
5582
5584
5585
5586
5588
5590
5591
5592
5594
5596
5598
5620
5621
5624
5625
5626
5686
5687
5688
5690
5691
5692
5694
5696
5697
5698
5700
5702
5704
5707
5708
5708
4203
4205
4206
4209
4210
4212
4213
4215
4216
4218
4219
4221
4222
4225
4226
4248
5555
5556
5558
5560
5562
5564
5565
5566
5568
5570
5571
5572
5574
5576
5578
5580
5686
5687
5688
5690
5691
5693
5694
5696
5697
5699
5700
5702
5703
5704
5705
5706
5707
5707
5707
5707
5707
5707
5707
5707
5707
5707
5707
5707
5707
5707
5707
5707
4163
4164
4165
4167
4169
4170
4171
4173
4191
4193
4194
4196
4197
4199
4200
4202
5515
5516
5517
5518
5521
5522
5523
5524
5543
5544
5546
5548
5549
5550
5552
5554
5686
5687
5688
5689
5690
5691
5692
5693
5694
5695
5696
5697
5698
5699
5704
5705
4121
4122
4124
4125
4143
4145
4147
4148
4149
4151
4153
4154
4155
4157
4159
4161
5473
5474
5475
5477
5479
5481
5483
5484
5485
5487
5489
5490
5491
5493
5511
5512
5686
5687
5688
5689
5690
5692
5694
5695
5697
5698
5699
5700
5702
5703
5704
5704
4096
4097
4099
4100
4102
4103
4105
4106
4108
4109
4112
4113
4115
4116
4118
4119
5435
5437
5439
5440
5441
5443
5445
5446
5447
5449
5463
5465
5467
5468
5469
5471
5687
5688
5689
5690
5692
5693
5694
5697
5698
5699
5700
5701
5702
5702
5702
5702
4060
4062
4063
4064
4066
4068
4069
4070
4072
4074
4075
4076
4078
4080
4081
4094
5400
5402
5403
5404
5406
5408
5409
5422
5423
5426
5427
5428
5429
5432
5433
5434
5686
5687
5688
5689
5691
5692
5693
5694
5695
5696
5699
5700
5701
5701
5701
5701
4024
4026
4027
4029
4030
4032
4033
4035
4036
4038
4039
4041
4042
4044
4045
4058
5376
5378
5379
5380
5382
5384
5385
5386
5388
5390
5391
5392
5394
5396
5397
5398
5686
5687
5688
5689
5691
5692
5693
5694
5695
5696
5697
5698
5699
5699
5699
5699
3989
3990
3997
3999
4001
4002
4003
4005
4007
4008
4015
4017
4018
4020
4021
4023
5341
5342
5343
5345
5347
5348
5355
5356
5359
5360
5367
5368
5370
5372
5373
5374
5686
5687
5688
5689
5691
5692
5693
5694
5695
5696
5696
5696
5696
5696
5696
5696
3963
3964
3966
3968
3969
3970
3972
3974
3976
3978
3980
3981
3983
3984
3986
3987
5330
5331
5333
5335
5336
5337
5339
5625
5626
5628
5630
5631
5632
5634
5636
5638
5668
5669
5670
5673
5674
5675
5676
5679
5680
5685
5686
5687
5688
5689
5690
5691
5692
5692
5692
5692
5692
5692
5692
5692
5692
5692
5692
5692
5692
5692
5692
5692
3916
3938
3940
3942
3943
3944
3946
3948
3949
3950
3952
3954
3956
3958
3960
3962
5578
5600
5602
5604
5605
5606
5608
5610
5611
5612
5614
5616
5618
5620
5622
5624
5663
5664
5665
5667
5668
5669
5671
5673
5674
5675
5677
5679
5681
5683
5684
5685
3890
3892
3893
3895
3896
3899
3900
3902
3903
3905
3906
3908
3909
3911
3912
3915
5552
5554
5555
5557
5558
5561
5562
5564
5565
5567
5568
5570
5571
5573
5574
5577
5664
5665
5667
5668
5670
5671
5673
5674
5676
5677
5679
5680
5681
5682
5683
5683
3849
3851
3853
3854
3855
3857
3859
3860
3861
3863
3881
3883
3884
3886
3887
3889
5511
5513
5515
5516
5517
5519
5521
5522
5523
5525
5543
5545
5546
5548
5549
5551
5663
5664
5665
5666
5667
5668
5669
5670
5672
5674
5675
5676
5681
5682
5682
5682
3808
3809
3811
3812
3814
3815
3833
3835
3837
3838
3839
3841
3843
3844
3845
3847
5470
5471
5473
5474
5476
5477
5495
5497
5499
5500
5501
5503
5505
5506
5507
5509
5663
5665
5666
5667
5669
5670
5671
5672
5674
5675
5676
5677
5679
5680
5680
5680
3771
3784
3786
3787
3789
3790
3792
3793
3795
3796
3798
3799
3802
3803
3805
3806
5433
5434
5436
5437
5439
5440
5442
5443
5445
5446
5448
5449
5464
5465
5467
5468
5663
5664
5665
5666
5667
5669
5670
5671
5673
5674
5675
5676
5677
5678
5679
5679
3735
3748
3750
3752
3753
3754
3756
3758
3759
3760
3762
3764
3765
3766
3768
3770
5397
5410
5412
5414
5415
5416
5418
5420
5421
5422
5424
5426
5427
5428
5430
5432
5663
5664
5665
5666
5668
5669
5670
5671
5672
5673
5675
5676
5677
5677
5677
5677
3711
3713
3714
3716
3717
3719
3720
3722
3723
3725
3726
3728
3729
3731
3732
3734
5373
5375
5376
5378
5379
5381
5382
5384
5385
5387
5388
5390
5391
5393
5394
5396
5663
5664
5665
5666
5668
5669
5670
5671
5672
5673
5674
5675
5675
5675
5675
5675
3676
3677
3679
3680
3687
3689
3691
3692
3693
3695
3697
3698
3705
3707
3708
3710
5338
5339
5341
5342
5349
5351
5353
5354
5355
5357
5359
5360
5367
5369
5370
5372
5663
5664
5665
5666
5668
5669
5670
5671
5672
5672
5672
5672
5672
5672
5672
5672
3340
3342
3343
3345
3346
3348
3349
3351
3352
3355
3356
3668
3670
3671
3673
3674
5330
5332
5333
5335
5336
5622
5624
5625
5627
5628
5630
5631
5633
5634
5637
5638
5641
5644
5645
5646
5647
5650
5651
5652
5653
5656
5657
5662
5663
5664
5665
5666
5667
5668
5668
5668
5668
5668
5668
5668
5668
5668
5668
5668
5668
5668
5668
5668
3312
3315
3316
3319
3320
3322
3323
3325
3326
3328
3329
3331
3332
3335
3336
3339
5594
5597
5598
5601
5602
5604
5605
5607
5608
5610
5611
5613
5614
5617
5618
5621
5640
5642
5644
5645
5646
5648
5650
5651
5652
5654
5656
5657
5658
5660
5661
5662
3268
3269
3270
3272
3274
3275
3276
3299
3300
3302
3303
3305
3306
3308
3309
3311
5550
5551
5552
5554
5556
5557
5558
5581
5582
5584
5585
5587
5588
5590
5591
5593
5641
5642
5644
5645
5646
5647
5648
5650
5651
5653
5656
5657
5658
5659
5660
5660
3226
3227
3230
3231
3233
3234
3236
3237
3239
3240
3242
3243
3262
3263
3264
3266
5508
5509
5512
5513
5515
5516
5518
5519
5521
5522
5524
5525
5544
5545
5546
5548
5640
5641
5642
5643
5644
5645
5646
5647
5649
5651
5652
5653
5654
5657
5658
5659
3201
3202
3204
3205
3207
3208
3210
3211
3214
3215
3217
3218
3220
3221
3223
3224
5483
5484
5486
5487
5489
5490
5492
5493
5496
5497
5499
5500
5502
5503
5505
5506
5640
5642
5643
5644
5646
5647
5648
5649
5651
5653
5654
5656
5657
5657
5657
5657
3148
3150
3151
3165
3166
3167
3169
3171
3172
3173
3175
3177
3178
3179
3198
3199
5430
5432
5433
5435
5436
5437
5439
5441
5442
5443
5445
5447
5448
5449
5480
5481
5640
5641
5642
5644
5646
5647
5648
5649
5650
5651
5652
5653
5654
5655
5656
5656
3124
3126
3127
3129
3130
3132
3133
3135
3136
3138
3139
3141
3142
3144
3145
3147
5406
5408
5409
5411
5412
5414
5415
5417
5418
5420
5421
5423
5424
5426
5427
5429
5640
5641
5642
5643
5645
5646
5648
5649
5650
5652
5653
5654
5654
5654
5654
5654
3088
3090
3092
3093
3094
3096
3098
3099
3100
3102
3103
3117
3118
3120
3121
3123
5370
5372
5374
5375
5376
5378
5380
5381
5382
5384
5385
5399
5400
5402
5403
5405
5640
5641
5642
5643
5645
5646
5647
5648
5649
5650
5651
5652
5652
5652
5652
5652
3053
3054
3062
3063
3065
3066
3068
3069
3071
3072
3074
3075
3077
3078
3086
3087
5335
5336
5344
5345
5347
5348
5350
5351
5353
5354
5356
5357
5359
5360
5368
5369
5640
5641
5642
5643
5644
5645
5646
5647
5648
5649
5649
5649
5649
5649
5649
5649
2991
2993
3011
3013
3014
3016
3017
3019
3020
3022
3023
3025
3026
3049
3050
3051
5331
5332
5333
5508
5510
5527
5528
5529
5532
5533
5534
5535
5538
5539
5540
5541
5620
5621
5622
5624
5626
5627
5628
5631
5632
5633
5634
5635
5638
5639
5640
5641
5642
5644
5644
5644
5644
5644
5644
5644
5644
5644
5644
5644
5644
5644
5644
5644
2966
2968
2970
2971
2972
2974
2976
2977
2979
2981
2982
2983
2985
2987
2988
2989
5485
5486
5488
5490
5491
5492
5494
5495
5496
5498
5500
5501
5502
5504
5506
5507
5620
5621
5623
5624
5626
5627
5628
5629
5631
5632
5634
5635
5637
5638
5638
5638
2925
2927
2928
2930
2931
2933
2934
2936
2937
2939
2940
2942
2960
2962
2964
2965
5461
5463
5464
5466
5468
5469
5470
5472
5474
5475
5476
5478
5479
5480
5482
5484
5620
5621
5622
5623
5624
5627
5628
5629
5630
5631
5633
5634
5635
5636
5637
5637
2889
2890
2892
2894
2895
2896
2898
2900
2901
2914
2916
2917
2919
2920
2922
2923
5409
5410
5411
5413
5415
5416
5417
5419
5421
5450
5451
5452
5455
5456
5457
5458
5620
5621
5622
5623
5625
5626
5627
5628
5629
5630
5633
5634
5635
5635
5635
5635
2853
2855
2856
2858
2859
2861
2862
2864
2865
2878
2880
2882
2883
2884
2886
2888
5385
5386
5387
5389
5391
5392
5393
5395
5397
5398
5399
5401
5403
5404
5405
5407
5620
5621
5622
5623
5625
5626
5627
5628
5629
5630
5631
5632
5633
5633
5633
5633
2823
2825
2827
2828
2835
2837
2838
2840
2841
2843
2844
2846
2847
2849
2850
2852
5349
5350
5352
5354
5361
5362
5363
5366
5373
5374
5375
5377
5379
5380
5381
5383
5620
5621
5622
5623
5625
5626
5627
5628
5629
5630
5631
5631
5631
5631
5631
5631
2483
2485
2486
2798
2800
2801
2803
2804
2806
2807
2809
2810
2817
2819
2821
2822
5330
5331
5332
5334
5336
5337
5338
5340
5342
5343
5344
5346
5348
5539
5540
5542
5612
5613
5614
5619
5620
5621
5622
5623
5624
5625
5626
5627
5627
5627
5627
5627
2442
2443
2445
2447
2448
2449
2451
2453
2471
2473
2474
2476
2477
2479
2480
2482
5516
5517
5518
5520
5522
5523
5524
5526
5527
5528
5530
5532
5533
5534
5536
5538
5600
5601
5602
5604
5606
5607
5608
5609
5611
5612
5613
5615
5618
5619
5619
5619
2400
2402
2420
2422
2424
2425
2426
2428
2430
2431
2432
2434
2436
2437
2439
2441
5477
5478
5479
5481
5482
5484
5485
5487
5488
5490
5491
5493
5494
5511
5512
5514
5600
5601
5602
5603
5604
5606
5608
5609
5611
5612
5614
5615
5616
5617
5618
5618
2376
2377
2379
2380
2382
2383
2385
2387
2388
2390
2391
2393
2394
2396
2397
2399
5451
5453
5455
5456
5457
5459
5461
5463
5465
5466
5468
5469
5471
5472
5474
5475
5601
5602
5603
5604
5605
5606
5607
5608
5609
5610
5611
5613
5615
5616
5616
5616
2340
2342
2343
2344
2346
2348
2349
2350
2352
2354
2355
2356
2358
2360
2361
2374
5400
5401
5403
5404
5406
5407
5409
5422
5423
5425
5427
5428
5429
5431
5433
5450
5600
5601
5602
5603
5605
5606
5607
5608
5609
5610
5613
5614
5615
5615
5615
5615
2304
2306
2307
2309
2310
2312
2313
2315
2316
2318
2319
2321
2322
2324
2325
2338
5376
5377
5379
5380
5382
5383
5385
5386
5388
5389
5391
5392
5394
5395
5397
5398
5600
5601
5602
5603
5605
5606
5607
5608
5609
5610
5611
5612
5613
5613
5613
5613
2269
2270
2277
2279
2281
2282
2283
2285
2287
2288
2295
2297
2298
2300
2301
2303
5340
5342
5343
5345
5346
5348
5355
5356
5358
5360
5361
5362
5364
5366
5373
5374
5600
5601
5602
5603
5605
5606
5607
5608
5609
5610
5610
5610
5610
5610
5610
5610
2244
2246
2247
2249
2250
2252
2253
2255
2256
2258
2260
2261
2263
2264
2266
2267
5330
5331
5333
5334
5336
5337
5339
5530
5532
5533
5535
5536
5538
5539
5541
5542
5582
5584
5586
5587
5588
5591
5592
5593
5594
5599
5600
5601
5602
5603
5604
5605
5606
5606
5606
5606
5606
5606
5606
5606
5606
5606
5606
5606
5606
5606
5606
5606
2202
2204
2206
2207
2209
2211
2212
2213
2215
2217
2218
2219
2221
2223
2241
2243
5507
5509
5510
5511
5513
5514
5516
5517
5519
5520
5522
5523
5525
5526
5527
5529
5580
5581
5583
5584
5586
5587
5589
5591
5592
5593
5594
5595
5597
5598
5599
5599
2161
2163
2164
2166
2167
2169
2170
2172
2190
2192
2194
2195
2196
2198
2200
2201
5468
5470
5471
5472
5474
5476
5477
5478
5495
5497
5498
5500
5501
5503
5504
5506
5580
5582
5583
5584
5586
5587
5588
5589
5591
5593
5594
5595
5596
5597
5597
5597
2125
2126
2128
2130
2131
2144
2146
2147
2149
2150
2152
2153
2155
2157
2158
2160
5427
5428
5430
5431
5433
5450
5452
5453
5455
5456
5458
5459
5461
5464
5465
5466
5580
5581
5582
5583
5585
5586
5587
5588
5589
5590
5594
5595
5596
5596
5596
5596
2089
2091
2092
2094
2095
2108
2110
2112
2113
2114
2116
2118
2119
2120
2122
2124
5391
5393
5394
5395
5397
5410
5412
5413
5415
5416
5418
5419
5421
5422
5424
5425
5580
5581
5582
5583
5585
5586
5587
5588
5589
5590
5592
5593
5594
5594
5594
5594
2065
2067
2068
2070
2071
2073
2074
2076
2077
2079
2080
2082
2083
2085
2086
2088
5361
5363
5364
5366
5373
5375
5376
5377
5379
5381
5382
5383
5385
5387
5388
5389
5580
5581
5582
5583
5585
5586
5587
5588
5589
5590
5591
5592
5592
5592
5592
5592
2030
2031
2033
2034
2036
2037
2039
2040
2047
2049
2051
2052
2053
2055
2057
2058
5332
5333
5334
5336
5338
5339
5340
5342
5349
5351
5352
5354
5355
5357
5358
5360
5580
5581
5582
5583
5584
5585
5586
5587
5588
5588
5588
5588
5588
5588
5588
5588
1758
1760
1761
1763
1782
1783
1784
1786
1788
1789
1790
1792
1794
1795
1796
2028
5330
5522
5524
5525
5526
5528
5529
5530
5532
5534
5535
5536
5538
5540
5541
5542
5560
5561
5562
5564
5566
5567
5568
5571
5572
5573
5574
5575
5578
5579
5580
5584
1734
1735
1737
1738
1740
1741
1743
1744
1746
1748
1749
1751
1752
1754
1755
1757
5498
5500
5502
5503
5504
5506
5508
5509
5510
5512
5513
5514
5516
5518
5519
5520
5560
5561
5563
5564
5566
5567
5568
5569
5571
5572
5574
5575
5577
5578
5578
5578
1692
1693
1695
1714
1715
1717
1718
1720
1721
1723
1724
1726
1727
1729
1731
1732
5458
5459
5461
5480
5481
5482
5484
5486
5487
5488
5490
5492
5493
5494
5496
5497
5560
5561
5562
5563
5564
5567
5568
5569
5570
5571
5573
5574
5575
5576
5577
5577
1656
1658
1659
1661
1662
1664
1665
1667
1668
1670
1671
1685
1686
1687
1689
1691
5418
5419
5421
5423
5424
5425
5427
5429
5430
5431
5433
5451
5452
5453
5455
5457
5560
5561
5562
5563
5565
5566
5567
5568
5569
5570
5573
5574
5575
5575
5575
5575
1620
1622
1623
1637
1638
1640
1641
1643
1644
1646
1647
1649
1650
1652
1653
1655
5382
5383
5385
5399
5400
5401
5403
5405
5406
5407
5409
5411
5412
5413
5415
5417
5560
5561
5562
5563
5565
5566
5567
5568
5569
5570
5571
5572
5573
5573
5573
5573
1591
1592
1594
1595
1597
1598
1606
1607
1608
1610
1612
1613
1614
1616
1618
1619
5352
5354
5356
5357
5358
5360
5362
5363
5364
5366
5374
5375
5376
5377
5380
5381
5560
5561
5562
5563
5565
5566
5567
5568
5569
5570
5571
5571
5571
5571
5571
5571
1560
1562
1564
1565
1566
1569
1570
1571
1573
1574
1582
1583
1585
1586
1588
1589
5331
5332
5333
5334
5336
5344
5345
5346
5348
5350
5351
5530
5533
5534
5535
5536
5546
5549
5550
5551
5552
5559
5560
5561
5562
5563
5564
5565
5566
5567
5567
5567
1525
1526
1528
1529
1531
1532
1534
1535
1537
1538
1540
1541
1543
1556
1558
1559
5498
5501
5502
5503
5504
5511
5512
5513
5514
5517
5518
5519
5520
5527
5528
5529
5543
5544
5545
5547
5549
5550
5551
5552
5553
5557
5558
5559
5559
5559
5559
5559
1489
1491
1492
1493
1495
1508
1510
1511
1513
1514
1516
1517
1519
1520
1522
1523
5466
5469
5470
5471
5472
5479
5480
5481
5482
5485
5486
5487
5488
5495
5496
5497
5543
5544
5545
5546
5547
5549
5550
5551
5552
5553
5555
5556
5557
5557
5557
5557
1459
1461
1462
1470
1472
1473
1474
1476
1477
1479
1480
1481
1483
1485
1486
1487
5357
5358
5360
5361
5362
5363
5364
5366
5373
5374
5375
5376
5377
5463
5464
5465
5543
5544
5545
5546
5547
5548
5552
5553
5554
5555
5555
5555
5555
5555
5555
5555
1430
1431
1433
1434
1442
1444
1445
1447
1448
1449
1451
1452
1454
1455
1456
1458
5338
5339
5340
5342
5343
5344
5345
5346
5348
5349
5350
5351
5352
5354
5355
5356
5543
5544
5545
5546
5547
5548
5549
5550
5551
5552
5552
5552
5552
5552
5552
5552
1394
1395
1397
1398
1400
1401
1403
1404
1406
1407
1409
1410
1412
1413
1415
1429
5337
5411
5412
5414
5416
5417
5418
5420
5422
5423
5424
5426
5428
5429
5430
5432
5527
5528
5529
5530
5531
5533
5534
5535
5536
5537
5541
5542
5544
5549
5549
5549
1358
1359
1361
1363
1364
1365
1367
1380
1382
1383
1385
1386
1388
1389
1391
1392
5387
5388
5390
5392
5393
5394
5396
5398
5399
5400
5402
5404
5405
5406
5408
5410
5527
5529
5530
5531
5533
5534
5535
5536
5537
5539
5540
5541
5541
5541
5541
5541
1328
1330
1331
1333
1334
1336
1343
1345
1346
1347
1349
1351
1352
1353
1355
1357
5351
5353
5355
5356
5357
5359
5367
5368
5369
5370
5379
5380
5381
5382
5384
5386
5527
5528
5529
5530
5531
5533
5534
5535
5536
5537
5538
5539
5539
5539
5539
5539
1171
1300
1302
1303
1304
1306
1308
1309
1310
1312
1319
1321
1322
1324
1325
1327
5330
5331
5332
5333
5335
5337
5338
5339
5341
5343
5344
5345
5347
5349
5350
5460
5521
5526
5527
5528
5529
5530
5531
5532
5533
5534
5535
5535
5535
5535
5535
5535
1135
1136
1138
1140
1141
1142
1144
1146
1147
1160
1162
1163
1165
1166
1168
1169
5408
5410
5411
5413
5414
5416
5417
5419
5420
5450
5451
5452
5454
5456
5457
5458
5511
5512
5513
5514
5515
5517
5518
5519
5520
5521
5524
5525
5526
5526
5526
5526
1099
1101
1102
1104
1105
1107
1108
1110
1111
1124
1126
1128
1129
1130
1132
1134
5384
5386
5387
5389
5390
5392
5393
5395
5396
5398
5399
5401
5402
5404
5405
5407
5511
5512
5513
5514
5515
5517
5518
5519
5520
5521
5522
5523
5524
5524
5524
5524
1069
1071
1073
1074
1081
1083
1084
1086
1087
1089
1090
1092
1093
1095
1096
1098
5349
5350
5352
5353
5361
5362
5363
5365
5367
5368
5369
5371
5379
5380
5381
5383
5511
5512
5513
5514
5515
5517
5518
5519
5520
5521
5522
5522
5522
5522
5522
5522
1040
1041
1043
1044
1046
1047
1049
1050
1052
1053
1055
1056
1063
1065
1067
1068
5330
5331
5332
5334
5335
5337
5338
5340
5341
5343
5344
5346
5347
5457
5459
5460
5502
5503
5505
5510
5511
5512
5513
5514
5515
5516
5517
5518
5518
5518
5518
5518
1004
1006
1007
1008
1010
1012
1013
1014
1016
1018
1019
1032
1034
1035
1037
1038
5406
5407
5408
5422
5423
5425
5426
5428
5429
5431
5432
5450
5451
5453
5454
5456
5495
5496
5497
5498
5499
5501
5502
5503
5504
5505
5508
5509
5510
5510
5510
5510
968
970
971
973
974
976
977
979
980
982
983
996
998
1000
1001
1002
5382
5383
5384
5386
5388
5389
5390
5392
5394
5395
5396
5398
5400
5401
5402
5404
5495
5496
5497
5498
5499
5501
5502
5503
5504
5505
5506
5507
5508
5508
5508
5508
939
940
941
943
945
946
953
955
956
958
959
961
962
964
965
967
5346
5347
5355
5356
5358
5359
5361
5362
5364
5365
5367
5368
5370
5371
5379
5380
5495
5496
5497
5498
5499
5501
5502
5503
5504
5505
5506
5506
5506
5506
5506
5506
909
910
912
913
915
916
918
919
921
922
924
925
927
928
935
937
5330
5331
5333
5334
5335
5337
5339
5340
5341
5343
5345
5454
5456
5458
5459
5460
5483
5485
5486
5487
5489
5494
5495
5496
5497
5498
5499
5500
5501
5502
5502
5502
873
874
876
878
879
880
882
884
885
886
888
890
891
904
906
907
5414
5416
5418
5419
5420
5422
5424
5425
5426
5428
5430
5431
5432
5450
5452
5453
5479
5480
5481
5482
5483
5485
5486
5487
5488
5489
5492
5493
5494
5494
5494
5494
837
839
840
842
843
845
846
848
849
851
852
854
855
868
870
872
5379
5381
5382
5383
5384
5387
5388
5389
5390
5393
5394
5395
5396
5410
5412
5413
5479
5480
5481
5482
5483
5485
5486
5487
5488
5489
5490
5491
5492
5492
5492
5492
807
809
811
812
813
815
817
818
825
827
828
830
831
833
834
836
5349
5351
5352
5353
5355
5357
5358
5359
5361
5363
5364
5365
5367
5369
5370
5371
5479
5480
5481
5482
5483
5486
5487
5488
5489
5489
5489
5489
5489
5489
5489
5489
650
651
653
655
656
657
659
788
790
791
793
794
796
797
799
800
5330
5332
5333
5334
5335
5338
5339
5340
5341
5452
5453
5454
5457
5458
5459
5460
5464
5465
5467
5469
5470
5471
5473
5478
5479
5480
5481
5482
5483
5484
5485
5485
614
616
617
619
620
622
623
625
626
628
629
631
632
634
635
649
5412
5413
5414
5417
5418
5419
5420
5423
5424
5425
5426
5429
5430
5431
5432
5451
5463
5464
5465
5466
5467
5469
5470
5471
5472
5473
5476
5477
5478
5478
5478
5478
578
580
582
583
584
586
587
601
602
604
605
607
608
610
611
613
5370
5371
5380
5381
5382
5383
5384
5399
5400
5401
5402
5405
5406
5407
5408
5411
5463
5464
5465
5466
5467
5469
5470
5471
5472
5473
5474
5475
5476
5476
5476
5476
549
550
552
553
555
556
558
559
561
562
570
571
572
574
576
577
5346
5347
5350
5351
5352
5353
5356
5357
5358
5359
5362
5363
5364
5365
5368
5369
5463
5464
5465
5466
5467
5469
5470
5471
5472
5473
5473
5473
5473
5473
5473
5473
519
520
522
523
524
526
528
529
530
533
534
535
537
538
546
547
5331
5332
5333
5334
5335
5344
5345
5378
5434
5435
5436
5437
5440
5441
5442
5443
5450
5451
5452
5453
5454
5456
5457
5458
5459
5461
5462
5463
5464
5465
5466
5467
5468
5469
5469
5469
5469
5469
5469
5469
5469
5469
5469
5469
5469
5469
5469
5469
490
491
492
494
495
497
498
506
508
509
510
512
513
515
516
517
5353
5354
5355
5356
5357
5359
5360
5367
5368
5369
5370
5372
5373
5374
5375
5376
5450
5451
5452
5453
5454
5455
5458
5459
5460
5461
5461
5461
5461
5461
5461
5461
448
449
451
465
466
467
469
470
478
480
481
483
484
485
487
488
5337
5338
5339
5341
5342
5343
5344
5345
5347
5348
5349
5350
5351
5429
5430
5431
5441
5442
5444
5449
5450
5451
5452
5453
5454
5455
5456
5457
5458
5458
5458
5458
424
425
427
428
430
431
433
434
436
437
439
440
442
443
445
446
5405
5406
5407
5410
5411
5412
5413
5416
5417
5418
5419
5422
5423
5424
5425
5428
5434
5435
5436
5437
5438
5440
5441
5442
5443
5444
5447
5448
5449
5449
5449
5449
388
389
391
393
394
395
397
399
400
401
403
416
418
419
421
422
5381
5382
5383
5386
5387
5388
5389
5392
5393
5394
5395
5398
5399
5400
5401
5404
5434
5435
5436
5437
5438
5440
5441
5442
5443
5444
5445
5446
5447
5447
5447
5447
358
360
361
363
364
366
367
369
370
372
379
381
382
383
385
387
5345
5346
5349
5350
5351
5352
5355
5356
5357
5358
5361
5362
5363
5364
5379
5380
5434
5435
5436
5437
5438
5440
5441
5442
5443
5444
5445
5445
5445
5445
5445
5445
273
275
276
278
279
336
338
339
340
342
344
345
346
348
355
357
5330
5331
5332
5333
5334
5337
5338
5339
5340
5343
5344
5373
5374
5375
5377
5378
5422
5423
5424
5425
5426
5433
5434
5435
5436
5437
5438
5439
5440
5441
5441
5441
244
245
247
249
250
251
259
261
262
264
265
266
268
269
271
272
5348
5349
5350
5352
5353
5354
5361
5362
5363
5365
5366
5367
5368
5369
5371
5372
5422
5423
5424
5425
5426
5427
5429
5430
5431
5432
5432
5432
5432
5432
5432
5432
215
216
217
219
220
222
223
225
226
228
229
230
238
240
242
243
5337
5338
5340
5341
5342
5343
5344
5346
5347
5371
5372
5373
5374
5376
5377
5378
5410
5411
5412
5413
5414
5415
5420
5421
5422
5423
5424
5425
5426
5427
5428
5429
186
187
188
189
191
193
194
195
203
205
206
208
209
210
212
213
5346
5347
5348
5355
5356
5358
5359
5360
5361
5362
5364
5365
5366
5367
5368
5370
5410
5411
5412
5413
5414
5415
5417
5418
5419
5420
5420
5420
5420
5420
5420
5420
156
157
159
160
161
163
164
166
167
169
170
172
173
174
182
184
5337
5339
5340
5341
5342
5343
5345
5369
5370
5371
5372
5373
5375
5376
5377
5378
5398
5399
5400
5401
5402
5403
5408
5409
5410
5411
5412
5413
5414
5415
5416
5417
126
128
130
131
132
133
135
137
138
139
147
149
150
152
153
154
5349
5351
5352
5353
5354
5355
5357
5358
5359
5360
5361
5363
5364
5365
5366
5367
5398
5399
5400
5401
5402
5403
5405
5406
5407
5408
5408
5408
5408
5408
5408
5408
41
43
44
45
47
48
50
51
52
54
55
113
114
116
117
118
5338
5339
5340
5341
5342
5366
5368
5369
5370
5371
5372
5374
5375
5376
5377
5378
5386
5387
5388
5389
5390
5391
5395
5396
5397
5399
5400
5401
5402
5403
5404
5404
12
13
15
16
18
19
20
22
23
25
26
27
36
37
38
40
5347
5348
5350
5351
5352
5353
5354
5356
5357
5358
5359
5360
5362
5363
5364
5365
5386
5387
5388
5389
5390
5391
5392
5393
5394
5395
5395
5395
5395
5395
5395
5395
8
9
11
4576
4579
4580
4582
4583
4585
4586
4588
4589
4591
4592
4595
4596
5195
5198
5199
5202
5203
5204
5205
5208
5209
5210
5211
5214
5215
5307
5308
5311
5312
5313
5314
5317
5318
5319
5320
5323
5324
5325
5328
5329
5344
5345
5346
5387
5388
5389
5392
5392
5392
5392
5392
5392
5392
5392
5392
5392
5392
5392
5392
5392
4549
4551
4552
4555
4556
4559
4560
4562
4563
4565
4566
4568
4569
4571
4572
4575
5169
5170
5171
5174
5175
5178
5179
5182
5183
5184
5185
5188
5189
5190
5191
5194
5307
5309
5311
5312
5313
5315
5317
5318
5319
5320
5321
5323
5324
5325
5327
5328
4504
4506
4508
4509
4510
4512
4514
4515
4516
4539
4540
4542
4543
4545
4546
4548
5143
5146
5147
5148
5149
5152
5153
5154
5155
5158
5159
5162
5163
5164
5165
5168
5308
5309
5311
5312
5313
5314
5315
5317
5323
5324
5325
5326
5327
5327
5327
5327
4463
4464
4466
4467
4470
4471
4473
4474
4476
4477
4479
4480
4482
4483
4502
4503
5087
5088
5089
5090
5093
5094
5097
5098
5099
5100
5103
5104
5105
5106
5141
5142
5307
5308
5310
5311
5313
5314
5316
5318
5319
5320
5321
5324
5325
5326
5326
5326
4438
4439
4441
4442
4444
4445
4447
4448
4450
4451
4454
4455
4457
4458
4460
4461
5061
5062
5065
5066
5067
5068
5071
5072
5073
5074
5077
5078
5081
5082
5083
5084
5307
5308
5309
5310
5311
5313
5314
5315
5316
5318
5320
5321
5323
5324
5324
5324
4385
4387
4388
4390
4391
4405
4406
4407
4409
4411
4412
4413
4415
4417
4418
4419
5013
5014
5015
5018
5019
5032
5033
5034
5037
5038
5039
5040
5043
5044
5045
5046
5307
5308
5309
5311
5312
5313
5314
5315
5316
5317
5318
5319
5320
5321
5322
5322
4361
4363
4364
4366
4367
4369
4370
4372
4373
4375
4376
4378
4379
4381
4382
4384
4989
4990
4991
4994
4995
4996
4997
5000
5001
5002
5003
5006
5007
5008
5009
5012
5307
5308
5309
5310
5312
5313
5314
5315
5316
5317
5319
5320
5321
5321
5321
5321
4326
4327
4328
4330
4332
4333
4334
4336
4338
4339
4340
4342
4343
4357
4358
4360
4965
4966
4967
4970
4971
4972
4973
4976
4977
4978
4979
4982
4983
4984
4985
4988
5307
5308
5309
5310
5312
5313
5314
5315
5316
5317
5318
5319
5319
5319
5319
5319
4290
4291
4293
4294
4302
4303
4305
4306
4308
4309
4311
4312
4314
4315
4317
4318
4929
4930
4933
4934
4935
4936
4939
4940
4941
4942
4945
4946
4947
4948
4951
4952
5307
5308
5309
5310
5311
5312
5313
5314
5315
5315
5315
5315
5315
5315
5315
5315
4262
4265
4266
4269
4270
4272
4273
4275
4276
4278
4279
4281
4282
4285
4286
4289
4928
5192
5194
5196
5218
5219
5222
5223
5224
5225
5228
5229
5230
5231
5234
5235
5284
5285
5288
5289
5290
5291
5294
5295
5296
5297
5298
5300
5301
5302
5305
5306
5307
5311
5311
5311
5311
5311
5311
5311
5311
5311
5311
5311
5311
5311
5311
5311
4236
4238
4239
4241
4242
4245
4246
4249
4250
4252
4253
4255
4256
4258
4259
4261
5166
5168
5169
5170
5172
5174
5176
5178
5180
5182
5183
5184
5186
5188
5189
5190
5284
5286
5288
5289
5290
5292
5294
5295
5296
5297
5298
5301
5302
5304
5305
5305
4192
4193
4194
4196
4198
4199
4200
4202
4204
4205
4206
4229
4230
4232
4233
4235
5141
5142
5144
5146
5147
5148
5150
5152
5153
5154
5156
5158
5160
5162
5163
5164
5284
5285
5286
5288
5289
5290
5291
5292
5294
5300
5301
5302
5303
5304
5304
5304
4150
4151
4153
4154
4156
4157
4160
4161
4163
4164
4166
4167
4169
4170
4172
4173
5083
5085
5087
5088
5089
5091
5109
5110
5113
5114
5115
5116
5119
5120
5121
5122
5284
5285
5287
5288
5290
5291
5292
5293
5295
5296
5297
5298
5301
5302
5302
5302
4108
4109
4128
4129
4131
4132
4134
4135
4137
4138
4140
4141
4144
4145
4147
4148
5045
5047
5061
5063
5065
5066
5067
5069
5071
5072
5073
5075
5077
5079
5081
5082
5284
5285
5286
5287
5288
5291
5292
5293
5295
5297
5298
5299
5300
5301
5301
5301
4072
4074
4075
4077
4078
4080
4081
4095
4096
4097
4099
4101
4102
4103
4105
4107
5021
5024
5025
5026
5027
5030
5031
5032
5033
5035
5037
5038
5039
5041
5043
5044
5284
5285
5286
5287
5288
5289
5290
5291
5292
5293
5294
5295
5296
5298
5299
5299
4048
4050
4051
4053
4054
4056
4057
4059
4060
4062
4063
4065
4066
4068
4069
4071
4986
4988
4989
4990
4992
4994
4995
4996
4998
5000
5001
5002
5004
5006
5007
5020
5284
5286
5287
5289
5290
5291
5292
5293
5294
5296
5297
5298
5298
5298
5298
5298
4007
4008
4016
4017
4018
4020
4022
4023
4024
4026
4028
4029
4030
4032
4033
4047
4957
4958
4965
4966
4968
4970
4971
4972
4974
4976
4977
4978
4980
4982
4983
4984
5284
5285
5286
5287
5289
5290
5291
5292
5293
5294
5295
5296
5296
5296
5296
5296
3976
3979
3980
3981
3983
3984
3992
3993
3995
3996
3998
3999
4001
4002
4004
4005
4928
4929
4931
4933
4934
4935
4937
4939
4940
4941
4943
4945
4946
4953
4954
5236
5278
5283
5284
5285
5286
5287
5288
5289
5290
5291
5292
5292
5292
5292
5292
5292
3949
3951
3952
3955
3956
3959
3960
3962
3963
3965
3966
3968
3969
3971
3972
3975
5209
5210
5212
5214
5216
5218
5220
5222
5223
5224
5226
5228
5229
5230
5232
5234
5261
5262
5265
5266
5267
5268
5271
5272
5273
5274
5275
5277
5279
5282
5283
5283
3923
3925
3926
3928
3929
3931
3932
3935
3936
3939
3940
3942
3943
3945
3946
3948
5163
5165
5166
5168
5169
5171
5172
5175
5176
5198
5200
5202
5203
5204
5206
5208
5261
5263
5265
5266
5267
5268
5269
5271
5272
5274
5275
5278
5279
5281
5282
5282
3862
3863
3882
3883
3884
3886
3888
3889
3890
3892
3894
3895
3896
3919
3920
3922
5121
5123
5141
5143
5144
5146
5147
5149
5150
5152
5153
5155
5156
5159
5160
5162
5261
5262
5263
5265
5266
5267
5268
5269
5271
5273
5274
5277
5278
5279
5280
5281
3837
3838
3840
3841
3843
3844
3846
3847
3850
3851
3853
3854
3856
3857
3859
3860
5097
5098
5099
5101
5103
5104
5105
5107
5109
5111
5113
5114
5115
5117
5119
5120
5261
5262
5264
5265
5267
5268
5269
5270
5272
5273
5275
5278
5279
5279
5279
5279
3795
3797
3798
3799
3818
3819
3821
3822
3824
3825
3827
3828
3830
3831
3834
3835
5043
5044
5046
5047
5062
5063
5065
5066
5068
5069
5071
5072
5074
5075
5093
5095
5261
5262
5263
5264
5265
5268
5269
5270
5272
5273
5274
5275
5276
5277
5278
5278
3759
3761
3762
3764
3765
3767
3768
3770
3771
3785
3786
3787
3789
3791
3792
3793
5019
5020
5022
5024
5025
5026
5028
5030
5031
5032
5034
5035
5037
5038
5040
5041
5261
5262
5263
5264
5265
5266
5267
5268
5269
5270
5271
5274
5275
5276
5276
5276
3723
3737
3738
3740
3741
3743
3744
3746
3747
3749
3750
3752
3753
3755
3756
3758
4983
4985
4986
4988
4989
4991
4992
4994
4995
5008
5010
5012
5013
5014
5016
5018
5261
5262
5263
5264
5266
5267
5268
5269
5270
5271
5272
5273
5274
5274
5274
5274
3694
3695
3697
3698
3706
3707
3708
3710
3712
3713
3714
3716
3718
3719
3720
3722
4953
4955
4957
4958
4965
4967
4968
4970
4971
4973
4974
4976
4977
4979
4980
4982
5261
5262
5263
5264
5266
5267
5268
5269
5270
5271
5272
5272
5272
5272
5272
5272
3662
3665
3666
3669
3670
3671
3673
3674
3682
3683
3685
3686
3688
3689
3691
3692
4928
4930
4931
4933
4934
4936
4937
4939
4940
4947
4949
4951
4952
5232
5235
5236
5251
5254
5255
5260
5261
5262
5263
5264
5265
5266
5267
5268
5268
5268
5268
5268
3636
3638
3639
3641
3642
3645
3646
3649
3650
3652
3653
3655
3656
3658
3659
3661
5206
5208
5209
5211
5212
5215
5216
5219
5220
5222
5223
5225
5226
5228
5229
5231
5238
5239
5242
5243
5244
5245
5246
5248
5249
5250
5252
5254
5256
5259
5260
5260
3610
3612
3613
3615
3616
3618
3619
3621
3622
3625
3626
3629
3630
3632
3633
3635
5180
5182
5183
5185
5186
5188
5189
5191
5192
5195
5196
5199
5200
5202
5203
5205
5238
5240
5242
5243
5244
5245
5246
5248
5249
5251
5252
5255
5256
5258
5259
5259
3549
3550
3552
3553
3572
3573
3574
3576
3578
3579
3580
3582
3584
3585
3586
3609
5119
5120
5122
5123
5142
5143
5144
5146
5148
5149
5150
5152
5154
5155
5156
5179
5238
5239
5240
5243
5244
5245
5246
5247
5248
5249
5250
5251
5254
5255
5256
5257
5258
5258
5258
5258
5258
5258
5258
5258
5258
5258
5258
5258
5258
5258
5258
5258
3524
3525
3527
3528
3530
3531
3533
3534
3536
3537
3540
3541
3543
3544
3546
3547
5094
5095
5097
5098
5100
5101
5103
5104
5106
5107
5110
5111
5113
5114
5116
5117
5238
5239
5240
5241
5242
5244
5245
5246
5247
5249
5250
5252
5255
5256
5256
5256
3482
3483
3485
3487
3488
3489
3508
3509
3511
3512
3514
3515
3517
3518
3520
3521
5040
5041
5043
5045
5046
5047
5078
5079
5081
5082
5084
5085
5087
5088
5090
5091
5239
5240
5241
5242
5245
5246
5247
5249
5250
5251
5252
5253
5254
5254
5254
5254
3446
3448
3449
3451
3452
3454
3455
3457
3458
3460
3461
3475
3476
3477
3479
3481
5016
5018
5019
5021
5022
5024
5025
5027
5028
5030
5031
5033
5034
5035
5037
5039
5238
5239
5240
5241
5242
5243
5244
5245
5246
5247
5248
5251
5252
5253
5253
5253
3410
3412
3413
3427
3428
3430
3431
3433
3434
3436
3437
3439
3440
3442
3443
3445
4980
4982
4983
4997
4998
5000
5001
5003
5004
5006
5007
5009
5010
5012
5013
5015
5238
5239
5240
5241
5243
5244
5245
5246
5247
5248
5249
5250
5251
5251
5251
5251
3381
3382
3384
3385
3387
3388
3396
3397
3398
3400
3402
3403
3404
3406
3408
3409
4951
4952
4954
4955
4957
4958
4966
4967
4968
4970
4972
4973
4974
4976
4978
4979
5238
5239
5240
5241
5243
5244
5245
5246
5247
5248
5249
5249
5249
5249
5249
5249
3020
3022
3024
3025
3026
3359
3360
3361
3363
3364
3372
3373
3375
3376
3378
3379
4929
4930
4931
4933
4934
4942
4943
4945
4946
4948
4949
5133
5136
5137
5138
5139
5226
5229
5230
5231
5232
5237
5238
5239
5240
5241
5242
5243
5244
5245
5245
5245
2979
2981
2982
2984
2985
2987
2988
2990
2991
2993
3012
3013
3014
3016
3018
3019
5094
5096
5098
5099
5100
5102
5104
5105
5106
5108
5125
5126
5127
5130
5131
5132
5218
5219
5220
5221
5222
5224
5225
5227
5229
5230
5231
5233
5236
5237
5237
5237
2954
2956
2957
2959
2961
2962
2964
2965
2967
2968
2970
2971
2973
2974
2976
2978
5072
5073
5074
5076
5077
5078
5080
5082
5083
5084
5086
5088
5089
5090
5092
5093
5218
5220
5221
5222
5224
5226
5227
5229
5230
5231
5232
5233
5234
5235
5236
5236
2901
2915
2916
2917
2919
2921
2922
2923
2925
2944
2945
2947
2948
2950
2951
2953
5019
5048
5049
5050
5053
5054
5055
5056
5059
5061
5062
5064
5066
5067
5068
5070
5218
5219
5220
5221
5222
5223
5224
5225
5226
5227
5228
5232
5233
5234
5234
5234
2877
2879
2880
2882
2883
2885
2886
2888
2889
2891
2892
2894
2895
2897
2898
2900
4995
4996
4997
4999
5001
5002
5003
5005
5007
5008
5009
5011
5013
5014
5015
5017
5218
5219
5220
5221
5223
5224
5225
5226
5227
5228
5230
5231
5232
5232
5232
5232
2842
2843
2844
2846
2848
2849
2850
2852
2853
2867
2868
2870
2871
2873
2874
2876
4971
4972
4973
4975
4977
4978
4979
4981
4983
4984
4985
4987
4989
4990
4991
4993
5218
5219
5220
5221
5223
5224
5225
5226
5227
5228
5229
5230
5230
5230
5230
5230
2812
2813
2815
2816
2818
2819
2821
2822
2824
2825
2827
2828
2836
2837
2838
2840
4935
4936
4938
4940
4941
4942
4944
4946
4947
4948
4950
4952
4959
4960
4961
4964
5218
5219
5220
5221
5223
5224
5225
5226
5227
5227
5227
5227
5227
5227
5227
5227
2472
2473
2474
2476
2478
2479
2480
2482
2484
2485
2486
2799
2800
2801
2803
2804
4928
4929
4930
4932
4934
5125
5126
5128
5130
5131
5132
5134
5136
5137
5138
5140
5198
5199
5200
5202
5204
5205
5206
5209
5210
5211
5212
5217
5218
5219
5220
5221
5222
5223
5223
5223
5223
5223
5223
5223
5223
5223
5223
5223
5223
5223
5223
5223
2430
2431
2433
2434
2436
2438
2439
2441
2442
2444
2445
2447
2448
2450
2451
2453
5086
5088
5089
5091
5092
5109
5110
5112
5114
5115
5116
5118
5120
5121
5122
5124
5198
5199
5201
5202
5204
5205
5207
5209
5210
5211
5212
5213
5215
5216
5216
5216
2405
2407
2408
2410
2411
2413
2414
2416
2417
2419
2421
2422
2424
2425
2427
2428
5063
5064
5066
5067
5069
5070
5072
5073
5075
5076
5077
5079
5080
5082
5083
5085
5198
5200
5201
5202
5204
5205
5206
5207
5209
5211
5212
5213
5214
5215
5215
5215
2352
2354
2355
2357
2358
2360
2361
2375
2376
2377
2379
2381
2382
2383
2385
2404
5021
5023
5025
5026
5027
5029
5031
5048
5049
5051
5053
5054
5055
5057
5059
5061
5198
5199
5200
5201
5203
5204
5205
5206
5207
5208
5212
5213
5214
5214
5214
5214
2328
2330
2331
2333
2334
2336
2337
2339
2340
2342
2343
2345
2346
2348
2349
2351
4986
4987
4989
4990
4992
4993
4995
4996
4998
4999
5001
5002
5004
5005
5007
5020
5198
5200
5201
5203
5204
5205
5206
5207
5208
5210
5211
5212
5212
5212
5212
5212
2287
2288
2296
2297
2298
2300
2302
2303
2304
2306
2308
2309
2310
2312
2313
2327
4956
4958
4959
4960
4962
4964
4971
4972
4974
4975
4977
4978
4980
4981
4983
4984
5198
5199
5200
5201
5203
5204
5205
5206
5207
5208
5209
5210
5210
5210
5210
5210
2256
2259
2260
2261
2263
2264
2272
2273
2275
2276
2278
2279
2281
2282
2284
2285
4928
4929
4931
4932
4934
4935
4937
4938
4940
4941
4943
4944
4946
4953
4954
5140
5192
5197
5198
5199
5200
5201
5202
5203
5204
5205
5206
5206
5206
5206
5206
5206
2215
2217
2218
2220
2221
2223
2242
2243
2244
2246
2248
2249
2250
2252
2254
2255
5117
5118
5120
5121
5123
5124
5125
5127
5128
5130
5131
5133
5134
5136
5137
5139
5178
5179
5180
5182
5184
5185
5186
5187
5189
5190
5191
5193
5196
5197
5197
5197
2191
2192
2194
2195
2197
2198
2200
2201
2203
2204
2206
2208
2209
2211
2212
2214
5093
5095
5096
5098
5099
5101
5102
5104
5105
5107
5108
5109
5111
5112
5114
5115
5178
5179
5180
5181
5182
5184
5186
5187
5189
5190
5192
5193
5195
5196
5196
5196
2149
2151
2152
2153
2155
2174
2175
2177
2178
2180
2181
2183
2184
2186
2187
2189
5053
5054
5056
5057
5059
5062
5063
5064
5066
5068
5069
5070
5072
5074
5075
5076
5179
5180
5181
5182
5183
5184
5185
5186
5187
5188
5189
5191
5192
5193
5194
5194
2113
2115
2116
2118
2119
2121
2122
2124
2125
2127
2128
2130
2131
2145
2146
2147
5013
5014
5016
5017
5019
5020
5022
5023
5025
5026
5028
5029
5031
5048
5050
5051
5178
5179
5180
5181
5183
5184
5185
5186
5187
5188
5191
5192
5193
5193
5193
5193
2078
2079
2080
2082
2083
2097
2098
2100
2101
2103
2104
2106
2107
2109
2110
2112
4977
4979
4980
4981
4983
4985
4986
4987
4989
4991
4992
4993
4995
5008
5010
5011
5178
5179
5180
5181
5183
5184
5185
5186
5187
5188
5189
5190
5191
5191
5191
5191
2048
2049
2051
2052
2054
2055
2057
2058
2066
2067
2068
2070
2072
2073
2074
2076
4947
4949
4950
4952
4953
4955
4956
4958
4959
4961
4962
4964
4971
4973
4974
4975
5178
5179
5180
5181
5183
5185
5186
5187
5188
5188
5188
5188
5188
5188
5188
5188
2018
2019
2020
2022
2024
2025
2026
2029
2030
2031
2033
2034
2042
2043
2045
2046
4928
4930
4931
4932
4934
4936
4937
4938
4940
5132
5133
5134
5136
5138
5139
5140
5164
5165
5166
5169
5170
5171
5172
5177
5178
5179
5180
5181
5182
5183
5184
5184
1976
1978
1979
1981
1982
1984
1985
1987
1988
1990
1991
1993
2012
2013
2014
2016
5108
5110
5111
5112
5114
5116
5117
5118
5120
5122
5123
5124
5126
5127
5128
5130
5158
5159
5160
5161
5162
5164
5165
5167
5169
5170
5171
5173
5175
5176
5177
5177
1951
1953
1954
1956
1957
1959
1961
1962
1964
1965
1967
1968
1970
1971
1973
1974
5085
5086
5088
5090
5091
5092
5094
5095
5096
5098
5100
5101
5102
5104
5106
5107
5158
5160
5161
5162
5164
5166
5167
5169
5170
5171
5172
5173
5174
5175
5175
5175
1898
1900
1901
1915
1916
1917
1919
1921
1922
1923
1925
1944
1945
1947
1948
1950
5028
5029
5031
5049
5050
5051
5053
5055
5056
5057
5059
5078
5079
5080
5082
5084
5158
5159
5160
5161
5162
5163
5164
5165
5166
5167
5168
5172
5173
5174
5174
5174
1874
1876
1877
1879
1880
1882
1883
1885
1886
1888
1889
1891
1892
1894
1895
1897
5004
5005
5007
5009
5010
5011
5013
5015
5016
5017
5019
5021
5022
5023
5025
5027
5158
5159
5160
5161
5163
5164
5166
5167
5168
5170
5171
5172
5172
5172
5172
5172
1838
1840
1842
1843
1844
1846
1848
1849
1850
1852
1853
1867
1868
1870
1871
1873
4962
4964
4972
4973
4974
4975
4978
4979
4980
4981
4983
4997
4998
4999
5001
5003
5158
5159
5160
5161
5163
5164
5165
5166
5167
5168
5169
5170
5170
5170
5170
5170
1803
1804
1812
1813
1815
1816
1818
1819
1821
1822
1824
1825
1827
1828
1836
1837
4932
4934
4942
4943
4944
4946
4948
4949
4950
4952
4954
4955
4956
4958
4960
4961
5158
5159
5160
5161
5162
5163
5164
5165
5166
5167
5167
5167
5167
5167
5167
5167
1537
1539
1540
1541
1543
1557
1558
1559
1560
1563
1564
1565
1566
1799
1800
1801
4929
4930
4931
5112
5115
5116
5117
5118
5125
5126
5127
5128
5131
5132
5133
5134
5141
5142
5143
5144
5145
5147
5148
5149
5150
5151
5156
5157
5158
5159
5160
5162
1513
1515
1516
1517
1519
1521
1522
1523
1525
1527
1528
1529
1531
1533
1534
1535
5080
5083
5084
5085
5086
5093
5094
5095
5096
5099
5100
5101
5102
5109
5110
5111
5141
5142
5143
5144
5145
5147
5148
5149
5150
5151
5154
5155
5156
5156
5156
5156
1478
1479
1480
1481
1483
1497
1498
1499
1501
1503
1504
1505
1507
1509
1510
1511
4971
4972
4973
4974
4975
5061
5062
5063
5064
5067
5068
5069
5070
5077
5078
5079
5141
5142
5143
5144
5145
5148
5149
5150
5151
5152
5153
5154
5154
5154
5154
5154
1448
1450
1451
1452
1454
1455
1457
1458
1459
1461
1462
1471
1472
1473
1474
1476
4946
4947
4948
4949
4950
4952
4953
4954
4955
4956
4958
4959
4960
4961
4962
4964
5141
5142
5143
5144
5145
5146
5148
5149
5150
5151
5151
5151
5151
5151
5151
5151
1406
1407
1409
1411
1412
1413
1415
1436
1437
1438
1440
1441
1443
1444
1445
1447
4935
4936
4937
4938
4940
4941
4942
4943
4944
5021
5022
5024
5026
5027
5028
5030
5126
5127
5129
5131
5132
5133
5135
5140
5141
5142
5143
5144
5145
5146
5147
5148
1382
1383
1385
1387
1388
1389
1391
1393
1394
1395
1397
1399
1400
1401
1403
1405
4997
4998
5000
5002
5003
5004
5006
5008
5009
5010
5012
5014
5015
5016
5018
5020
5125
5126
5127
5128
5129
5131
5132
5133
5134
5135
5138
5139
5140
5140
5140
5140
1346
1347
1350
1351
1352
1353
1355
1369
1370
1371
1373
1375
1376
1377
1379
1381
4967
4968
4977
4978
4979
4980
4982
4984
4985
4986
4988
4990
4991
4992
4994
4996
5125
5126
5127
5128
5129
5131
5132
5133
5134
5135
5136
5137
5138
5138
5138
5138
1316
1318
1320
1321
1322
1324
1326
1327
1328
1330
1332
1333
1334
1336
1344
1345
4937
4939
4941
4942
4943
4945
4947
4948
4949
4951
4953
4954
4955
4957
4965
4966
5125
5126
5127
5128
5129
5131
5132
5133
5134
5135
5135
5135
5135
5135
5135
5135
1147
1161
1162
1163
1165
1167
1168
1169
1171
1301
1302
1303
1304
1306
1314
1315
4928
4929
4930
4931
4933
4935
4936
5018
5048
5049
5050
5052
5054
5055
5056
5058
5109
5110
5111
5113
5115
5116
5117
5119
5123
5124
5125
5126
5127
5128
5129
5130
5131
5131
5131
5131
5131
5131
5131
5131
5131
5131
5131
5131
5131
5131
5131
5131
1123
1125
1126
1128
1129
1131
1132
1134
1135
1137
1138
1140
1141
1143
1144
1146
4994
4996
4997
4999
5000
5002
5003
5005
5006
5008
5009
5011
5012
5014
5015
5017
5109
5110
5111
5112
5113
5115
5116
5117
5118
5119
5121
5122
5123
5123
5123
5123
1088
1089
1090
1092
1094
1095
1096
1098
1099
1113
1114
1116
1117
1119
1120
1122
4965
4966
4967
4969
4977
4978
4979
4981
4982
4984
4985
4987
4988
4990
4991
4993
5109
5110
5111
5112
5113
5115
5116
5117
5118
5119
5120
5121
5121
5121
5121
5121
1058
1059
1061
1062
1064
1065
1067
1068
1070
1071
1073
1074
1082
1083
1084
1086
4935
4936
4938
4939
4941
4942
4944
4945
4947
4948
4950
4951
4959
4960
4961
4963
5109
5110
5111
5112
5113
5115
5116
5117
5118
5118
5118
5118
5118
5118
5118
5118
1016
1018
1019
1033
1034
1035
1037
1039
1040
1041
1043
1045
1046
1047
1049
1050
4928
4929
4930
4932
4933
5027
5029
5030
5048
5049
5051
5052
5054
5055
5057
5058
5093
5094
5095
5097
5099
5100
5101
5102
5103
5107
5108
5109
5110
5111
5112
5113
5114
5114
5114
5114
5114
5114
5114
5114
5114
5114
5114
5114
5114
5114
5114
5114
992
994
995
997
998
1000
1001
1003
1004
1006
1007
1009
1010
1012
1013
1015
4992
4993
4994
4996
4998
4999
5000
5002
5004
5005
5006
5020
5021
5023
5024
5026
5093
5094
5095
5096
5097
5099
5101
5102
5103
5105
5106
5107
5107
5107
5107
5107
956
958
960
961
962
964
966
967
968
970
971
985
986
988
989
991
4962
4963
4965
4966
4968
4969
4977
4978
4980
4981
4982
4984
4986
4987
4988
4990
5093
5094
5095
5096
5097
5099
5100
5101
5102
5103
5104
5105
5105
5105
5105
5105
921
922
930
931
933
934
936
937
939
940
942
943
945
946
954
955
4932
4933
4935
4937
4938
4939
4941
4943
4944
4945
4953
4954
4956
4957
4959
4960
5093
5094
5095
5096
5097
5098
5099
5100
5101
5102
5102
5102
5102
5102
5102
5102
885
887
888
890
891
905
906
907
909
911
912
913
915
917
918
919
4928
4929
4931
5024
5026
5028
5029
5030
5048
5050
5051
5052
5054
5056
5057
5058
5077
5078
5079
5081
5083
5084
5085
5086
5087
5091
5092
5093
5094
5095
5098
5098
861
863
864
866
867
869
870
872
873
875
876
878
879
881
882
884
4988
4991
4992
4993
4994
5008
5010
5011
5012
5014
5016
5017
5018
5020
5022
5023
5077
5078
5079
5080
5081
5083
5084
5085
5086
5087
5089
5090
5091
5091
5091
5091
826
827
828
830
832
833
834
836
838
839
840
842
843
857
858
860
4959
4961
4962
4963
4965
4967
4968
4969
4977
4979
4980
4981
4982
4985
4986
4987
5077
5078
5079
5080
5081
5083
5084
5085
5086
5087
5088
5089
5089
5089
5089
5089
790
791
793
794
802
803
805
806
808
809
811
812
814
815
817
818
4930
4931
4932
4933
4936
4937
4938
4939
4947
4949
4950
4951
4953
4955
4956
4957
5077
5078
5079
5080
5081
5082
5083
5084
5085
5085
5085
5085
5085
5085
5085
5085
754
756
757
759
760
762
763
777
778
779
781
783
784
785
787
789
4928
5022
5023
5024
5027
5028
5029
5030
5049
5050
5051
5052
5055
5056
5057
5058
5061
5062
5063
5064
5065
5067
5068
5069
5070
5071
5075
5076
5077
5082
5082
5082
730
732
733
735
736
738
739
741
742
744
745
747
748
750
751
753
4998
4999
5000
5003
5004
5005
5006
5009
5010
5011
5012
5015
5016
5017
5018
5021
5061
5063
5064
5065
5067
5068
5069
5070
5071
5073
5074
5075
5075
5075
5075
5075
689
690
698
699
700
702
704
705
706
708
710
711
712
714
715
729
4956
4957
4960
4961
4962
4963
4966
4967
4968
4969
4978
4979
4980
4981
4982
4997
5061
5062
5063
5064
5065
5067
5068
5069
5070
5071
5072
5073
5073
5073
5073
5073
530
661
662
663
665
666
674
675
677
678
680
681
683
684
686
687
4929
4930
4931
4932
4933
4942
4943
4944
4945
4948
4949
4950
4951
4954
4955
5041
5057
5060
5061
5062
5063
5064
5065
5066
5067
5068
5069
5069
5069
5069
5069
5069
508
509
510
512
514
515
516
517
519
521
522
523
524
527
528
529
4966
4967
4968
4970
4971
4972
4973
4974
4976
5032
5033
5034
5035
5038
5039
5040
5048
5049
5050
5051
5052
5053
5054
5055
5056
5058
5059
5060
5060
5060
5060
5060
479
480
481
483
484
486
487
488
490
491
493
494
495
497
498
507
4941
4942
4943
4945
4946
4947
4948
4949
4951
4952
4953
4954
4955
4957
4958
4965
5048
5049
5050
5051
5052
5053
5055
5056
5057
5058
5058
5058
5058
5058
5058
5058
436
437
439
441
442
443
445
447
448
449
451
472
473
474
476
477
4935
4936
4937
4939
4940
5015
5016
5017
5020
5021
5022
5023
5026
5027
5028
5029
5032
5033
5034
5036
5038
5039
5040
5041
5042
5046
5047
5049
5050
5051
5052
5053
5054
5054
5054
5054
5054
5054
5054
5054
5054
5054
5054
5054
5054
5054
5054
5054
412
413
415
417
418
419
421
423
424
425
427
429
430
431
433
435
4991
4992
4993
4996
4997
4998
4999
5002
5003
5004
5005
5008
5009
5010
5011
5014
5032
5033
5034
5035
5036
5038
5040
5041
5042
5044
5045
5046
5046
5046
5046
5046
370
372
380
381
382
383
386
387
388
389
391
405
406
407
409
411
4955
4956
4959
4960
4961
4962
4977
4978
4979
4980
4981
4984
4985
4986
4987
4990
5032
5033
5034
5035
5036
5038
5039
5040
5041
5042
5043
5044
5044
5044
5044
5044
340
342
350
351
352
354
356
357
358
360
362
363
364
366
368
369
4931
4932
4935
4936
4937
4938
4941
4942
4943
4944
4947
4948
4949
4950
4953
4954
5032
5033
5034
5035
5036
5037
5038
5039
5040
5041
5041
5041
5041
5041
5041
5041
262
264
265
267
268
269
271
272
274
275
276
278
279
337
338
339
4928
4929
4930
4961
4963
4964
4965
4966
4967
4969
4970
4971
4972
4973
4975
4976
5020
5021
5022
5023
5024
5025
5029
5030
5031
5032
5033
5034
5037
5037
5037
5037
233
235
236
237
239
240
242
243
244
246
247
249
250
251
260
261
4936
4938
4939
4940
4941
4942
4944
4945
4946
4947
4948
4950
4951
4952
4959
4960
5020
5021
5022
5023
5024
5025
5026
5027
5028
5029
5029
5029
5029
5029
5029
5029
204
205
206
208
209
211
212
213
215
216
218
219
220
222
223
232
4935
4959
4960
4962
4963
4964
4965
4966
4968
4969
4970
4971
4972
4974
4975
4976
5008
5009
5010
5011
5012
5013
5017
5018
5019
5021
5026
5026
5026
5026
5026
5026
167
176
177
179
180
181
183
184
186
187
188
190
191
193
194
195
4935
4937
4938
4939
4940
4941
4943
4944
4945
4946
4953
4954
4956
4957
4958
4976
5000
5007
5008
5009
5010
5011
5012
5013
5014
5015
5016
5016
5016
5016
5016
5016
138
139
148
149
150
152
153
155
156
157
159
160
162
163
164
166
4957
4958
4959
4961
4962
4963
4964
4965
4967
4968
4969
4970
4971
4973
4974
4975
4996
4997
4998
4999
5000
5001
5004
5005
5006
5007
5007
5007
5007
5007
5007
5007
108
110
111
120
121
123
124
125
127
128
130
131
132
134
135
137
4936
4937
4938
4939
4940
4947
4949
4950
4951
4952
4953
4955
4956
4974
4975
4976
4986
4987
4988
4995
4996
4997
4998
4999
5000
5001
5002
5003
5004
5004
5004
5004
79
81
82
83
92
93
94
96
97
99
100
101
103
104
106
107
4955
4956
4957
4958
4960
4961
4962
4963
4964
4966
4967
4968
4969
4970
4972
4973
4984
4985
4986
4987
4988
4989
4992
4993
4994
4995
4995
4995
4995
4995
4995
4995
64
65
67
68
69
71
72
74
75
76
78
4477
4480
4481
4482
4483
4785
4788
4789
4790
4791
4916
4919
4920
4921
4922
4927
4942
4943
4944
4945
4946
4948
4949
4950
4951
4952
4954
4984
4985
4986
4987
4988
4989
4990
4991
4992
4992
4454
4455
4458
4459
4460
4461
4464
4465
4466
4467
4469
4470
4471
4474
4475
4476
4761
4762
4765
4766
4767
4768
4771
4772
4773
4774
4777
4778
4779
4782
4783
4784
4908
4909
4910
4911
4912
4914
4915
4917
4919
4920
4921
4923
4926
4927
4927
4927
4432
4433
4434
4435
4437
4438
4439
4442
4443
4444
4445
4448
4449
4450
4451
4453
4737
4738
4739
4740
4743
4744
4745
4748
4749
4750
4751
4754
4755
4756
4757
4760
4908
4910
4911
4912
4914
4916
4917
4919
4920
4921
4922
4923
4924
4925
4926
4926
4379
4380
4381
4382
4385
4386
4387
4388
4391
4421
4422
4423
4426
4427
4428
4429
4689
4690
4691
4692
4695
4696
4697
4698
4701
4726
4727
4728
4731
4732
4733
4734
4908
4909
4910
4911
4912
4913
4914
4915
4916
4917
4918
4922
4923
4924
4924
4924
4355
4356
4357
4358
4361
4362
4363
4364
4367
4368
4369
4370
4373
4374
4375
4376
4665
4666
4667
4668
4671
4672
4673
4674
4677
4678
4679
4680
4683
4684
4685
4686
4908
4909
4910
4911
4913
4914
4915
4916
4917
4918
4920
4921
4922
4922
4922
4922
4331
4332
4333
4334
4337
4338
4339
4340
4343
4344
4345
4346
4349
4350
4351
4352
4641
4642
4643
4644
4647
4648
4649
4650
4653
4654
4655
4656
4659
4660
4661
4662
4908
4909
4910
4911
4913
4914
4915
4916
4917
4918
4919
4920
4920
4920
4920
4920
4295
4296
4297
4300
4301
4302
4303
4306
4307
4308
4309
4312
4313
4314
4315
4318
4605
4606
4607
4610
4611
4612
4613
4616
4617
4618
4619
4622
4623
4624
4625
4628
4908
4909
4910
4911
4913
4914
4915
4916
4917
4917
4917
4917
4917
4917
4917
4917
4159
4160
4161
4164
4165
4166
4167
4170
4171
4172
4173
4288
4289
4290
4291
4294
4598
4599
4600
4601
4604
4794
4795
4796
4799
4800
4801
4802
4805
4806
4807
4808
4888
4889
4890
4892
4894
4895
4896
4899
4900
4901
4902
4907
4908
4909
4910
4911
4912
4913
4913
4913
4913
4913
4913
4913
4913
4913
4913
4913
4913
4913
4913
4913
4135
4138
4139
4140
4141
4143
4144
4145
4148
4149
4150
4151
4154
4155
4156
4157
4752
4754
4755
4756
4758
4760
4761
4763
4765
4766
4767
4769
4771
4772
4773
4775
4888
4889
4891
4892
4894
4895
4897
4899
4900
4901
4902
4903
4905
4906
4906
4906
4112
4113
4116
4117
4118
4119
4122
4123
4124
4125
4127
4128
4129
4132
4133
4134
4727
4729
4731
4732
4733
4735
4737
4738
4739
4741
4743
4744
4746
4748
4749
4750
4888
4890
4891
4892
4894
4895
4896
4897
4899
4901
4902
4903
4904
4905
4905
4905
4059
4060
4063
4064
4065
4066
4069
4070
4071
4072
4075
4076
4077
4078
4081
4111
4679
4681
4683
4684
4685
4687
4689
4702
4703
4704
4707
4708
4709
4710
4713
4726
4888
4889
4890
4891
4893
4894
4895
4896
4897
4898
4902
4903
4904
4904
4904
4904
4035
4036
4039
4040
4041
4042
4045
4046
4047
4048
4051
4052
4053
4054
4057
4058
4655
4657
4659
4660
4661
4663
4665
4666
4667
4669
4671
4672
4673
4675
4677
4678
4888
4890
4891
4893
4894
4895
4896
4897
4898
4900
4901
4902
4902
4902
4902
4902
3999
4002
4003
4004
4005
4008
4021
4022
4023
4024
4027
4028
4029
4030
4033
4034
4620
4622
4629
4630
4631
4634
4641
4642
4643
4645
4647
4648
4649
4651
4653
4654
4888
4889
4890
4891
4893
4894
4895
4896
4897
4898
4899
4900
4900
4900
4900
4900
3863
3978
3979
3980
3981
3984
3985
3986
3987
3990
3991
3992
3993
3996
3997
3998
4598
4599
4600
4602
4604
4605
4606
4608
4610
4611
4612
4614
4616
4617
4618
4809
4882
4887
4888
4889
4890
4891
4892
4893
4894
4895
4896
4896
4896
4896
4896
4896
3840
3841
3844
3845
3846
3847
3849
3850
3851
3854
3855
3856
3857
3860
3861
3862
4784
4786
4788
4789
4790
4792
4794
4795
4797
4799
4800
4801
4803
4805
4806
4807
4868
4869
4870
4872
4874
4875
4876
4877
4879
4880
4881
4883
4886
4887
4887
4887
3817
3818
3819
3822
3823
3824
3825
3828
3829
3830
3831
3833
3834
3835
3838
3839
4743
4745
4746
4748
4749
4751
4752
4754
4755
4757
4758
4777
4778
4780
4782
4783
4868
4869
4870
4871
4872
4874
4876
4877
4879
4880
4882
4883
4885
4886
4886
4886
3765
3766
3767
3768
3771
3801
3802
3803
3806
3807
3808
3809
3812
3813
3814
3815
4707
4708
4709
4711
4713
4726
4728
4729
4731
4732
4734
4735
4737
4738
4740
4741
4869
4870
4871
4872
4873
4874
4875
4876
4877
4878
4879
4881
4882
4883
4884
4884
3741
3742
3743
3744
3747
3748
3749
3750
3753
3754
3755
3756
3759
3760
3761
3762
4671
4672
4674
4675
4677
4690
4691
4693
4695
4696
4697
4699
4701
4702
4703
4705
4868
4869
4870
4871
4873
4874
4875
4876
4877
4878
4881
4882
4883
4883
4883
4883
3717
3718
3719
3720
3723
3724
3725
3726
3729
3730
3731
3732
3735
3736
3737
3738
4647
4648
4650
4651
4653
4654
4656
4657
4659
4660
4662
4663
4665
4666
4668
4669
4868
4869
4870
4871
4873
4874
4875
4876
4877
4878
4879
4880
4881
4881
4881
4881
3681
3682
3683
3686
3687
3688
3689
3692
3693
3694
3695
3698
3711
3712
3713
3714
4611
4613
4614
4616
4623
4624
4626
4628
4629
4630
4632
4634
4641
4642
4644
4645
4868
4869
4870
4871
4873
4875
4876
4877
4878
4878
4878
4878
4878
4878
4878
4878
3545
3546
3547
3550
3551
3552
3553
3668
3669
3670
3671
3674
3675
3676
3677
3680
4598
4599
4601
4602
4604
4605
4607
4608
4610
4800
4802
4803
4805
4806
4808
4809
4854
4855
4856
4859
4860
4861
4862
4867
4868
4869
4870
4871
4872
4873
4874
4874
3521
3523
3524
3525
3528
3529
3530
3531
3534
3535
3536
3537
3539
3540
3541
3544
4775
4777
4779
4780
4782
4783
4785
4786
4788
4789
4791
4792
4794
4796
4797
4799
4848
4849
4850
4851
4852
4854
4855
4857
4859
4860
4861
4863
4865
4866
4867
4867
3498
3499
3502
3503
3504
3505
3507
3508
3509
3512
3513
3514
3515
3518
3519
3520
4734
4735
4737
4739
4740
4741
4760
4762
4763
4765
4766
4768
4769
4771
4772
4774
4848
4850
4851
4852
4854
4856
4857
4859
4860
4861
4862
4863
4864
4865
4865
4865
3445
3446
3449
3450
3451
3452
3455
3456
3457
3458
3461
3491
3492
3493
3496
3497
4698
4699
4701
4702
4704
4705
4707
4708
4710
4711
4713
4727
4728
4729
4731
4733
4848
4849
4850
4851
4852
4853
4854
4855
4856
4857
4858
4862
4863
4864
4864
4864
3421
3422
3425
3426
3427
3428
3431
3432
3433
3434
3437
3438
3439
3440
3443
3444
4662
4663
4665
4678
4680
4681
4683
4684
4686
4687
4689
4690
4692
4693
4695
4696
4848
4849
4850
4851
4853
4854
4856
4857
4858
4860
4861
4862
4862
4862
4862
4862
3385
3388
3401
3402
3403
3404
3407
3408
3409
3410
3413
3414
3415
3416
3419
3420
4632
4634
4641
4643
4644
4645
4647
4649
4650
4651
4653
4655
4656
4657
4659
4661
4848
4849
4850
4851
4853
4854
4855
4856
4857
4858
4859
4860
4860
4860
4860
4860
3361
3364
3365
3366
3367
3370
3371
3372
3373
3376
3377
3378
3379
3382
3383
3384
4602
4604
4606
4607
4608
4610
4617
4619
4620
4622
4623
4625
4626
4628
4629
4631
4848
4849
4850
4851
4852
4853
4854
4855
4856
4857
4857
4857
4857
4857
4857
4857
3226
3227
3229
3230
3231
3234
3235
3236
3237
3240
3241
3242
3243
3358
3359
3360
4598
4600
4601
4791
4792
4795
4796
4797
4799
4801
4802
4803
4805
4807
4808
4809
4828
4829
4830
4832
4834
4835
4836
4839
4840
4841
4842
4843
4846
4847
4848
4849
4850
4852
4852
4852
4852
4852
4852
4852
4852
4852
4852
4852
4852
4852
4852
4852
3203
3204
3205
3208
3209
3210
3211
3213
3214
3215
3218
3219
3220
3221
3224
3225
4767
4768
4769
4771
4773
4774
4775
4778
4779
4780
4782
4784
4785
4786
4788
4790
4828
4829
4831
4832
4834
4835
4836
4837
4839
4840
4842
4843
4845
4846
4846
4846
3151
3181
3182
3183
3186
3187
3188
3189
3192
3193
3194
3195
3197
3198
3199
3202
4713
4744
4745
4746
4748
4750
4751
4752
4754
4756
4757
4758
4761
4762
4763
4765
4828
4829
4830
4831
4832
4835
4836
4837
4838
4839
4841
4842
4843
4844
4845
4845
3127
3128
3129
3130
3133
3134
3135
3136
3139
3140
3141
3142
3145
3146
3147
3148
4689
4691
4692
4693
4695
4697
4698
4699
4701
4703
4704
4705
4707
4709
4710
4711
4828
4829
4830
4831
4833
4834
4835
4836
4837
4838
4841
4842
4843
4843
4843
4843
3103
3104
3105
3106
3109
3110
3111
3112
3115
3116
3117
3118
3121
3122
3123
3124
4653
4667
4668
4669
4671
4673
4674
4675
4677
4679
4680
4681
4683
4685
4686
4687
4828
4829
4830
4831
4833
4834
4835
4836
4837
4838
4839
4840
4841
4841
4841
4841
3067
3068
3069
3072
3073
3074
3075
3078
3091
3092
3093
3094
3097
3098
3099
3100
4624
4625
4626
4628
4630
4631
4632
4634
4642
4643
4644
4645
4648
4649
4650
4651
4828
4829
4830
4831
4833
4834
4835
4836
4837
4838
4839
4839
4839
4839
4839
4839
1411
1412
1413
3048
3049
3050
3051
3054
3055
3056
3057
3060
3061
3062
3063
3066
4599
4600
4601
4602
4604
4612
4613
4614
4616
4618
4619
4620
4622
4709
4710
4711
4818
4819
4820
4827
4828
4829
4830
4831
4832
4833
4834
4835
4835
4835
4835
4835
1387
1388
1389
1392
1393
1394
1395
1398
1399
1400
1401
1404
1405
1406
1407
1410
4685
4686
4687
4690
4691
4692
4693
4696
4697
4698
4699
4702
4703
4704
4705
4708
4811
4812
4813
4814
4815
4817
4818
4819
4820
4821
4825
4826
4827
4827
4827
4827
1363
1364
1365
1368
1369
1370
1371
1374
1375
1376
1377
1380
1381
1382
1383
1386
4661
4662
4663
4666
4667
4668
4669
4672
4673
4674
4675
4678
4679
4680
4681
4684
4811
4812
4813
4814
4815
4817
4819
4820
4821
4823
4824
4825
4825
4825
4825
4825
1327
1328
1331
1332
1333
1334
1349
1350
1351
1352
1353
1356
1357
1358
1359
1362
4625
4626
4629
4630
4631
4632
4647
4648
4649
4650
4651
4654
4655
4656
4657
4660
4811
4812
4813
4814
4815
4817
4818
4819
4820
4821
4822
4823
4823
4823
4823
4823
1303
1304
1307
1308
1309
1310
1313
1314
1315
1316
1319
1320
1321
1322
1325
1326
4601
4602
4605
4606
4607
4608
4611
4612
4613
4614
4617
4618
4619
4620
4623
4624
4811
4812
4813
4814
4815
4816
4817
4818
4819
4820
4820
4820
4820
4820
4820
4820
1140
1142
1143
1144
1146
1160
1161
1162
1163
1166
1167
1168
1169
1300
1301
1302
4598
4599
4600
4694
4696
4697
4698
4700
4714
4715
4716
4717
4720
4721
4722
4723
4794
4795
4796
4797
4798
4800
4801
4802
4803
4804
4809
4810
4811
4812
4813
4816
1116
1118
1119
1120
1122
1124
1125
1126
1128
1130
1131
1132
1134
1136
1137
1138
4670
4672
4673
4674
4676
4678
4679
4680
4682
4684
4685
4686
4688
4690
4691
4692
4794
4795
4796
4797
4798
4800
4801
4802
4803
4804
4807
4808
4809
4809
4809
4809
1093
1094
1095
1096
1098
1100
1101
1102
1104
1106
1107
1108
1110
1112
1113
1114
4647
4648
4649
4650
4652
4654
4655
4656
4658
4660
4661
4662
4664
4666
4667
4668
4794
4795
4796
4797
4798
4800
4801
4802
4803
4804
4805
4806
4807
4807
4807
4807
1057
1058
1059
1061
1063
1064
1065
1067
1069
1070
1071
1073
1081
1082
1083
1084
4611
4612
4613
4615
4617
4618
4619
4621
4623
4624
4625
4627
4635
4636
4637
4638
4794
4795
4796
4797
4798
4801
4802
4803
4804
4804
4804
4804
4804
4804
4804
4804
1033
1034
1035
1038
1039
1040
1041
1044
1045
1046
1047
1049
1051
1052
1053
1055
4598
4599
4600
4601
4603
4605
4606
4607
4609
4715
4716
4718
4720
4721
4722
4724
4778
4779
4780
4783
4784
4785
4786
4793
4794
4795
4796
4797
4798
4799
4800
4800
997
998
1000
1002
1003
1004
1006
1008
1009
1010
1012
1014
1015
1016
1018
1032
4679
4681
4682
4684
4685
4687
4688
4702
4703
4704
4706
4708
4709
4710
4712
4714
4777
4778
4779
4780
4781
4783
4784
4785
4786
4787
4791
4792
4793
4793
4793
4793
973
974
976
978
979
980
982
984
985
986
988
990
991
992
994
996
4655
4657
4658
4660
4661
4663
4664
4666
4667
4669
4670
4672
4673
4675
4676
4678
4777
4779
4780
4781
4783
4784
4785
4786
4787
4789
4790
4791
4791
4791
4791
4791
937
939
941
942
943
945
953
954
955
956
965
966
967
968
970
972
4620
4621
4629
4630
4631
4633
4635
4636
4637
4639
4647
4648
4649
4651
4652
4654
4777
4778
4779
4780
4781
4783
4784
4785
4786
4787
4788
4789
4789
4789
4789
4789
913
916
917
918
919
921
923
924
925
927
929
930
931
933
935
936
4598
4599
4600
4602
4603
4605
4606
4608
4609
4611
4612
4614
4615
4617
4618
4724
4769
4776
4777
4778
4779
4780
4781
4782
4783
4784
4785
4785
4785
4785
4785
4785
878
880
881
882
884
886
887
888
890
904
905
906
907
910
911
912
4700
4702
4703
4705
4706
4708
4709
4711
4712
4714
4715
4717
4718
4720
4721
4723
4760
4761
4762
4763
4764
4766
4767
4768
4770
4774
4775
4776
4776
4776
4776
4776
854
856
857
858
860
862
863
864
866
868
869
870
872
874
875
876
4664
4666
4668
4669
4670
4672
4674
4675
4676
4690
4691
4693
4694
4696
4697
4699
4760
4761
4762
4763
4764
4766
4767
4768
4769
4770
4772
4773
4774
4774
4774
4774
825
826
827
828
837
838
839
840
842
844
845
846
848
850
851
852
4635
4636
4638
4639
4647
4648
4650
4651
4652
4654
4656
4657
4658
4660
4662
4663
4760
4761
4762
4763
4764
4766
4767
4768
4769
4770
4771
4772
4772
4772
4772
4772
795
796
797
799
801
802
803
805
807
808
809
811
813
814
815
817
4605
4607
4608
4609
4611
4613
4614
4615
4623
4624
4626
4627
4629
4630
4632
4633
4760
4761
4762
4763
4764
4766
4767
4768
4769
4769
4769
4769
4769
4769
4769
4769
759
760
762
776
777
778
779
782
783
784
785
788
789
790
791
793
4598
4599
4601
4602
4603
4710
4711
4712
4714
4716
4717
4718
4720
4722
4723
4724
4743
4744
4745
4746
4749
4750
4751
4752
4753
4758
4759
4760
4761
4762
4763
4764
4765
4765
4765
4765
4765
4765
4765
4765
4765
4765
4765
4765
4765
4765
4765
4765
735
736
738
740
741
742
744
746
747
748
750
752
753
754
756
758
4686
4687
4688
4690
4692
4693
4694
4696
4698
4699
4700
4702
4704
4705
4706
4708
4743
4744
4745
4746
4747
4749
4750
4751
4752
4753
4756
4757
4758
4758
4758
4758
711
712
714
716
717
718
720
722
723
724
726
728
729
730
732
734
4650
4651
4652
4655
4656
4657
4658
4661
4662
4663
4664
4678
4680
4681
4682
4684
4743
4744
4745
4746
4747
4749
4750
4751
4752
4753
4754
4755
4756
4756
4756
4756
675
677
679
680
681
683
685
686
687
689
697
698
699
700
709
710
4620
4621
4623
4625
4626
4627
4629
4631
4632
4633
4635
4637
4638
4639
4647
4649
4743
4744
4745
4746
4747
4749
4750
4751
4752
4753
4754
4754
4754
4754
4754
4754
651
654
655
656
657
660
661
662
663
665
667
668
669
671
673
674
4598
4600
4601
4602
4603
4606
4607
4608
4609
4617
4619
4718
4721
4722
4723
4724
4729
4732
4733
4734
4735
4742
4743
4744
4745
4746
4747
4748
4749
4750
4750
4750
616
618
619
620
622
624
625
626
628
630
631
632
634
648
649
650
4694
4697
4698
4699
4700
4703
4704
4705
4706
4709
4710
4711
4712
4715
4716
4717
4726
4727
4728
4730
4732
4733
4734
4735
4736
4740
4741
4742
4742
4742
4742
4742
592
594
595
596
598
600
601
602
604
606
607
608
610
612
613
614
4670
4673
4674
4675
4676
4679
4680
4681
4682
4685
4686
4687
4688
4691
4692
4693
4726
4727
4728
4729
4730
4732
4733
4734
4735
4736
4738
4739
4740
4740
4740
4740
557
558
559
561
569
570
571
572
581
582
583
584
586
588
589
590
4630
4631
4632
4633
4636
4637
4638
4639
4648
4649
4650
4651
4652
4667
4668
4669
4726
4727
4728
4729
4730
4732
4733
4734
4735
4736
4737
4738
4738
4738
4738
4738
533
534
535
537
539
540
541
543
545
546
547
549
551
552
553
555
4600
4601
4602
4603
4612
4613
4614
4615
4618
4619
4620
4621
4624
4625
4626
4627
4726
4727
4728
4729
4730
4731
4732
4733
4734
4734
4734
4734
4734
4734
4734
4734
485
486
487
488
491
492
493
494
495
498
513
514
515
516
517
532
4599
4623
4624
4625
4626
4628
4629
4630
4631
4632
4634
4641
4642
4643
4644
4645
4714
4715
4716
4717
4718
4719
4723
4724
4725
4726
4731
4731
4731
4731
4731
4731
278
464
465
466
467
470
471
472
473
474
477
478
479
480
481
484
4605
4606
4607
4608
4610
4611
4612
4613
4614
4616
4617
4618
4619
4620
4622
4646
4706
4713
4714
4715
4716
4717
4718
4719
4720
4721
4722
4722
4722
4722
4722
4722
242
244
245
246
247
249
251
259
260
261
262
265
273
274
275
276
4621
4622
4623
4624
4625
4627
4628
4635
4636
4637
4638
4640
4641
4642
4643
4644
4702
4703
4704
4705
4706
4707
4710
4711
4712
4713
4713
4713
4713
4713
4713
4713
219
220
222
224
225
226
228
230
231
232
233
235
237
238
239
240
4605
4606
4607
4609
4610
4611
4612
4613
4615
4616
4617
4618
4619
4643
4645
4646
4692
4693
4694
4701
4702
4703
4704
4705
4706
4707
4708
4709
4710
4710
4710
4710
183
184
186
188
189
190
191
193
195
203
204
205
206
209
217
218
4618
4620
4621
4622
4629
4630
4631
4633
4634
4635
4636
4637
4639
4640
4641
4642
4690
4691
4692
4693
4694
4695
4698
4699
4700
4701
4701
4701
4701
4701
4701
4701
161
162
163
164
166
168
169
170
172
174
175
176
177
179
181
182
4605
4606
4608
4609
4610
4611
4612
4614
4615
4616
4617
4641
4642
4644
4645
4646
4678
4679
4680
4681
4682
4689
4690
4691
4692
4693
4694
4695
4696
4697
4698
4698
125
126
127
128
130
132
133
134
135
137
139
147
148
149
150
153
4616
4623
4624
4626
4627
4628
4629
4630
4632
4633
4634
4635
4636
4638
4639
4640
4678
4679
4680
4681
4682
4683
4685
4686
4687
4688
4688
4688
4688
4688
4688
4688
94
97
105
106
107
108
110
112
113
114
116
118
119
120
121
123
4605
4607
4608
4609
4610
4611
4613
4614
4615
4639
4640
4641
4643
4644
4645
4646
4666
4667
4668
4669
4670
4671
4676
4677
4678
4679
4680
4681
4682
4683
4684
4685
65
67
69
70
71
72
74
76
77
78
79
81
83
91
92
93
4620
4621
4622
4623
4625
4626
4627
4628
4629
4631
4632
4633
4634
4635
4637
4638
4666
4667
4668
4669
4670
4671
4673
4674
4675
4676
4676
4676
4676
4676
4676
4676
36
37
38
41
49
50
51
52
54
56
57
58
60
62
63
64
4606
4607
4608
4609
4610
4617
4619
4637
4638
4639
4640
4642
4643
4644
4645
4646
4654
4655
4656
4657
4658
4659
4664
4665
4666
4667
4668
4669
4670
4671
4672
4673
7
8
9
11
13
14
15
16
18
20
21
22
23
25
27
35
4618
4619
4620
4621
4622
4624
4625
4626
4627
4628
4630
4631
4632
4633
4634
4636
4654
4655
4656
4657
4658
4659
4661
4662
4663
4664
4664
4664
4664
4664
4664
4664
0
1
2
4
6
2454
2455
2456
2459
2460
2461
2462
2465
2466
2467
2468
4485
4486
4487
4490
4491
4492
4493
4496
4497
4498
4499
4578
4579
4580
4582
4584
4585
4586
4589
4590
4591
4592
4597
4612
4613
4614
4615
4616
4655
4656
4657
4658
4659
4660
4660
4660
4660
4660
4660
4660
4660
4660
4660
4660
4660
4660
4660
4660
2412
2414
2415
2416
2418
2420
2421
2423
2425
2426
2427
2429
2431
2432
2433
2435
4446
4448
4449
4450
4452
4453
4454
4456
4458
4459
4460
4462
4464
4465
4466
4468
4578
4579
4581
4582
4584
4585
4587
4589
4590
4591
4592
4593
4595
4596
4596
4596
2387
2389
2391
2392
2393
2395
2397
2398
2399
2401
2403
2404
2406
2408
2409
2410
4422
4424
4426
4427
4428
4430
4432
4433
4434
4436
4437
4438
4440
4442
4443
4444
4578
4580
4581
4582
4584
4585
4586
4587
4589
4591
4592
4593
4594
4595
4595
4595
2339
2341
2343
2344
2345
2347
2349
2362
2363
2364
2367
2368
2369
2370
2373
2386
4369
4371
4373
4374
4375
4377
4379
4392
4393
4394
4397
4398
4399
4400
4403
4421
4578
4579
4580
4581
4583
4584
4585
4586
4587
4588
4592
4593
4594
4594
4594
4594
2315
2317
2319
2320
2321
2323
2325
2326
2327
2329
2331
2332
2333
2335
2337
2338
4345
4347
4349
4350
4351
4353
4355
4356
4357
4359
4361
4362
4363
4365
4367
4368
4578
4580
4581
4583
4584
4585
4586
4587
4588
4590
4591
4592
4592
4592
4592
4592
2280
2282
2289
2290
2291
2294
2301
2302
2303
2305
2307
2308
2309
2311
2313
2314
4310
4312
4319
4320
4321
4324
4331
4332
4333
4335
4337
4338
4339
4341
4343
4344
4578
4579
4580
4581
4583
4584
4585
4586
4587
4588
4589
4590
4590
4590
4590
4590
2238
2258
2259
2260
2262
2264
2265
2266
2268
2270
2271
2272
2274
2276
2277
2278
4288
4289
4290
4292
4294
4295
4296
4298
4300
4301
4302
4304
4306
4307
4308
4500
4572
4577
4578
4579
4580
4581
4582
4583
4584
4585
4586
4586
4586
4586
4586
4586
2197
2199
2201
2202
2203
2205
2224
2225
2226
2229
2230
2231
2232
2235
2236
2237
4476
4478
4480
4481
4482
4484
4485
4486
4488
4490
4491
4492
4494
4496
4497
4498
4558
4559
4560
4562
4564
4565
4566
4567
4569
4570
4571
4573
4576
4577
4577
4577
2173
2174
2176
2178
2179
2180
2182
2184
2185
2186
2188
2190
2191
2193
2195
2196
4437
4439
4440
4442
4443
4445
4446
4448
4449
4451
4452
4469
4470
4472
4474
4475
4558
4559
4560
4561
4562
4564
4566
4567
4569
4570
4572
4573
4575
4576
4576
4576
2137
2138
2139
2140
2143
2156
2157
2159
2161
2162
2163
2165
2167
2168
2169
2171
4397
4398
4399
4401
4403
4421
4423
4424
4426
4427
4429
4430
4432
4433
4435
4436
4559
4560
4561
4562
4563
4564
4565
4566
4567
4568
4569
4571
4572
4573
4574
4574
2101
2102
2103
2105
2107
2108
2109
2111
2113
2114
2115
2117
2119
2132
2133
2134
4361
4362
4364
4365
4367
4380
4381
4383
4385
4386
4387
4389
4391
4392
4393
4395
4558
4559
4560
4561
4563
4564
4565
4566
4567
4568
4571
4572
4573
4573
4573
4573
2077
2078
2079
2081
2083
2084
2085
2087
2089
2090
2091
2093
2095
2096
2097
2099
4337
4338
4340
4341
4343
4344
4346
4347
4349
4350
4352
4353
4355
4356
4358
4359
4558
4559
4560
4561
4563
4564
4565
4566
4567
4568
4569
4570
4571
4571
4571
4571
2041
2042
2044
2046
2047
2048
2050
2052
2059
2060
2061
2064
2071
2072
2073
2075
4301
4303
4304
4306
4313
4314
4316
4318
4319
4320
4322
4324
4331
4332
4334
4335
4558
4559
4560
4561
4563
4565
4566
4567
4568
4568
4568
4568
4568
4568
4568
4568
2000
2001
2002
2005
2006
2007
2008
2028
2029
2030
2032
2034
2035
2036
2038
2040
4288
4289
4291
4292
4294
4295
4297
4298
4300
4491
4493
4494
4496
4497
4499
4500
4544
4545
4546
4549
4550
4551
4552
4557
4558
4559
4560
4561
4562
4563
4564
4564
1958
1960
1961
1963
1965
1966
1967
1969
1971
1972
1973
1975
1994
1995
1996
1999
4468
4469
4471
4472
4474
4475
4477
4478
4480
4481
4483
4484
4485
4487
4488
4490
4538
4539
4540
4541
4542
4544
4545
4547
4549
4550
4551
4553
4555
4556
4557
4557
1933
1935
1937
1938
1939
1941
1943
1944
1946
1948
1949
1950
1952
1954
1955
1956
4429
4430
4432
4434
4435
4436
4453
4455
4456
4458
4459
4461
4462
4464
4465
4467
4538
4540
4541
4542
4544
4546
4547
4549
4550
4551
4552
4553
4554
4555
4555
4555
1885
1887
1889
1902
1903
1904
1907
1908
1909
1910
1913
1926
1927
1929
1931
1932
4388
4389
4391
4392
4394
4395
4397
4398
4400
4401
4403
4422
4423
4424
4426
4428
4538
4539
4540
4541
4542
4543
4544
4545
4546
4547
4548
4552
4553
4554
4554
4554
1861
1863
1865
1866
1867
1869
1871
1872
1873
1875
1877
1878
1879
1881
1883
1884
4352
4353
4355
4368
4370
4371
4373
4374
4376
4377
4379
4380
4382
4383
4385
4386
4538
4539
4540
4541
4543
4544
4546
4547
4548
4550
4551
4552
4552
4552
4552
4552
1831
1834
1841
1842
1843
1845
1847
1848
1849
1851
1853
1854
1855
1857
1859
1860
4322
4324
4331
4333
4334
4335
4337
4339
4340
4341
4343
4345
4346
4347
4349
4351
4538
4539
4540
4541
4543
4544
4545
4546
4547
4548
4549
4550
4550
4550
4550
4550
1802
1804
1805
1806
1808
1810
1811
1812
1814
1816
1817
1818
1820
1822
1829
1830
4292
4294
4296
4297
4298
4300
4307
4309
4310
4312
4313
4315
4316
4318
4319
4321
4538
4539
4540
4541
4542
4543
4544
4545
4546
4547
4547
4547
4547
4547
4547
4547
1743
1745
1764
1765
1766
1769
1770
1771
1772
1775
1776
1777
1778
1798
1799
1800
4288
4290
4291
4483
4484
4486
4487
4488
4490
4492
4493
4494
4496
4498
4499
4500
4518
4519
4520
4522
4524
4525
4526
4529
4530
4531
4532
4533
4536
4537
4538
4539
4540
4542
4542
4542
4542
4542
4542
4542
4542
4542
4542
4542
4542
4542
4542
4542
1719
1720
1722
1724
1725
1726
1728
1730
1731
1733
1735
1736
1737
1739
1741
1742
4460
4461
4462
4464
4466
4467
4468
4470
4471
4472
4474
4476
4477
4478
4480
4482
4518
4519
4521
4522
4524
4525
4526
4527
4529
4530
4532
4533
4535
4536
4536
4536
1683
1696
1697
1699
1701
1702
1703
1705
1707
1708
1709
1711
1713
1714
1716
1718
4403
4438
4439
4440
4442
4444
4445
4446
4448
4450
4451
4452
4454
4455
4456
4458
4518
4519
4520
4521
4522
4525
4526
4527
4528
4529
4531
4532
4533
4534
4535
4535
1647
1648
1649
1651
1653
1654
1655
1657
1659
1672
1673
1674
1677
1678
1679
1680
4379
4381
4382
4383
4385
4387
4388
4389
4391
4393
4394
4395
4397
4399
4400
4401
4518
4519
4520
4521
4523
4524
4525
4526
4527
4528
4531
4532
4533
4533
4533
4533
1623
1624
1625
1627
1629
1630
1631
1633
1635
1636
1637
1639
1641
1642
1643
1645
4343
4357
4358
4359
4361
4363
4364
4365
4367
4369
4370
4371
4373
4375
4376
4377
4518
4519
4520
4521
4523
4524
4525
4526
4527
4528
4529
4530
4531
4531
4531
4531
1587
1588
1590
1592
1599
1600
1601
1604
1611
1612
1613
1615
1617
1618
1619
1621
4314
4315
4316
4318
4320
4321
4322
4324
4332
4333
4334
4335
4338
4339
4340
4341
4518
4519
4520
4521
4523
4524
4525
4526
4527
4528
4529
4529
4529
4529
4529
4529
1551
1552
1553
1568
1569
1570
1572
1574
1575
1576
1578
1580
1581
1582
1584
1586
4289
4290
4291
4292
4294
4302
4303
4304
4306
4308
4309
4310
4312
4492
4493
4494
4508
4509
4510
4517
4518
4519
4520
4521
4522
4523
4524
4525
4525
4525
4525
4525
1515
1516
1518
1520
1521
1522
1524
1526
1527
1528
1530
1544
1545
1546
1547
1550
4460
4461
4462
4469
4470
4471
4472
4475
4476
4477
4478
4485
4486
4487
4488
4491
4501
4502
4503
4504
4505
4507
4508
4509
4510
4511
4515
4516
4517
4517
4517
4517
1491
1492
1494
1496
1497
1498
1500
1502
1503
1504
1506
1508
1509
1510
1512
1514
4428
4429
4430
4437
4438
4439
4440
4443
4444
4445
4446
4453
4454
4455
4456
4459
4501
4502
4503
4504
4505
4507
4509
4510
4511
4513
4514
4515
4515
4515
4515
4515
1455
1463
1464
1465
1466
1469
1477
1478
1479
1480
1482
1484
1485
1486
1488
1490
4318
4319
4320
4321
4322
4324
4331
4332
4333
4334
4335
4421
4422
4423
4424
4427
4501
4502
4503
4504
4505
4506
4508
4510
4511
4512
4513
4513
4513
4513
4513
4513
1432
1434
1435
1436
1437
1439
1441
1442
1443
1444
1446
1448
1449
1450
1451
1453
4298
4300
4301
4302
4303
4304
4306
4307
4308
4309
4310
4312
4313
4314
4315
4316
4501
4502
4503
4504
4505
4506
4507
4508
4509
4510
4510
4510
4510
4510
4510
4510
1257
1258
1259
1260
1263
1264
1265
1266
1269
1270
1271
1272
1275
1428
1429
1430
4295
4296
4297
4372
4374
4375
4376
4378
4380
4381
4382
4384
4386
4387
4388
4390
4485
4486
4487
4489
4491
4492
4493
4494
4495
4499
4500
4502
4503
4504
4507
4507
1233
1234
1235
1236
1239
1240
1241
1242
1245
1246
1247
1248
1251
1252
1253
1254
4348
4350
4351
4352
4354
4356
4357
4358
4360
4362
4363
4364
4366
4368
4369
4370
4485
4486
4487
4488
4489
4491
4492
4493
4494
4495
4497
4498
4499
4499
4499
4499
1197
1198
1199
1202
1215
1216
1217
1218
1221
1222
1223
1224
1227
1228
1229
1230
4313
4314
4315
4317
4325
4326
4327
4328
4337
4338
4339
4340
4342
4344
4345
4346
4485
4486
4487
4488
4489
4491
4492
4493
4494
4495
4496
4497
4497
4497
4497
4497
1173
1174
1175
1178
1179
1180
1181
1184
1185
1186
1187
1190
1191
1192
1193
1196
4289
4290
4291
4293
4295
4296
4297
4299
4301
4302
4303
4305
4307
4308
4309
4311
4485
4486
4487
4488
4489
4490
4491
4492
4493
4493
4493
4493
4493
4493
4493
4493
997
999
1001
1002
1003
1005
1007
1020
1021
1022
1025
1026
1027
1028
1031
1172
4288
4369
4371
4372
4374
4375
4377
4378
4392
4393
4394
4396
4398
4399
4400
4402
4469
4470
4471
4472
4473
4475
4476
4477
4478
4479
4483
4484
4485
4490
4490
4490
973
975
977
978
979
981
983
984
985
987
989
990
991
993
995
996
4345
4347
4348
4350
4351
4353
4354
4356
4357
4359
4360
4362
4363
4365
4366
4368
4469
4471
4472
4473
4475
4476
4477
4478
4479
4481
4482
4483
4483
4483
4483
4483
938
940
947
948
949
952
959
960
961
963
965
966
967
969
971
972
4310
4311
4319
4320
4321
4323
4325
4326
4327
4329
4337
4338
4339
4341
4342
4344
4469
4470
4471
4472
4473
4475
4476
4477
4478
4479
4480
4481
4481
4481
4481
4481
903
916
917
918
920
922
923
924
926
928
929
930
932
934
935
936
4288
4289
4290
4292
4293
4295
4296
4298
4299
4301
4302
4304
4305
4307
4308
4402
4463
4468
4469
4470
4471
4472
4473
4474
4475
4476
4477
4477
4477
4477
4477
4477
867
868
869
871
873
874
875
877
879
892
893
894
897
898
899
900
4366
4380
4381
4383
4384
4386
4387
4389
4390
4392
4393
4395
4396
4398
4399
4401
4453
4454
4455
4456
4457
4459
4460
4461
4462
4463
4466
4467
4468
4468
4468
4468
843
844
845
847
849
850
851
853
855
856
857
859
861
862
863
865
4342
4344
4346
4347
4348
4350
4352
4353
4354
4356
4358
4359
4360
4362
4364
4365
4453
4454
4455
4456
4457
4459
4460
4461
4462
4463
4464
4465
4466
4466
4466
4466
807
808
810
812
819
820
821
824
831
832
833
835
837
838
839
841
4313
4314
4316
4317
4319
4320
4322
4323
4325
4326
4328
4329
4337
4338
4340
4341
4453
4454
4455
4456
4457
4459
4460
4461
4462
4463
4464
4464
4464
4464
4464
4464
771
772
775
788
789
790
792
794
795
796
798
800
801
802
804
806
4288
4289
4291
4292
4293
4295
4297
4298
4299
4301
4303
4304
4305
4400
4401
4402
4444
4445
4447
4452
4453
4454
4455
4456
4457
4458
4459
4460
4460
4460
4460
4460
735
737
739
740
741
743
745
746
747
749
751
764
765
766
769
770
4376
4377
4378
4380
4382
4383
4384
4386
4388
4389
4390
4392
4394
4395
4396
4398
4437
4438
4439
4440
4441
4443
4444
4445
4446
4447
4450
4451
4452
4452
4452
4452
711
713
715
716
717
719
721
722
723
725
727
728
729
731
733
734
4340
4341
4342
4345
4346
4347
4348
4351
4352
4353
4354
4368
4370
4371
4372
4374
4437
4438
4439
4440
4441
4443
4444
4445
4446
4447
4448
4449
4450
4450
4450
4450
676
678
679
680
682
684
691
692
693
696
703
704
705
707
709
710
4310
4311
4313
4315
4316
4317
4319
4321
4322
4323
4325
4327
4328
4329
4337
4339
4437
4438
4439
4440
4441
4443
4444
4445
4446
4447
4448
4448
4448
4448
4448
4448
641
642
643
644
647
660
661
662
664
666
667
668
670
672
673
674
4288
4290
4291
4292
4293
4296
4297
4298
4299
4307
4309
4396
4399
4400
4401
4402
4425
4427
4428
4429
4431
4436
4437
4438
4439
4440
4441
4442
4443
4444
4444
4444
605
606
607
609
611
612
613
615
617
618
619
621
623
636
637
638
4372
4375
4376
4377
4378
4381
4382
4383
4384
4387
4388
4389
4390
4393
4394
4395
4421
4422
4423
4424
4425
4427
4428
4429
4430
4431
4434
4435
4436
4436
4436
4436
581
582
583
585
587
588
589
591
593
594
595
597
599
600
601
603
4338
4339
4340
4341
4342
4357
4358
4359
4360
4363
4364
4365
4366
4369
4370
4371
4421
4422
4423
4424
4425
4427
4428
4429
4430
4431
4432
4433
4434
4434
4434
4434
545
546
548
550
551
552
554
556
563
564
565
568
575
576
577
579
4308
4309
4310
4311
4314
4315
4316
4317
4320
4321
4322
4323
4326
4327
4328
4329
4421
4422
4423
4424
4425
4428
4429
4430
4431
4431
4431
4431
4431
4431
4431
4431
453
454
455
458
459
460
461
532
533
534
536
538
539
540
542
544
4289
4290
4291
4292
4293
4302
4303
4304
4305
4393
4394
4395
4398
4399
4400
4401
4405
4406
4407
4410
4411
4412
4413
4420
4421
4422
4423
4424
4425
4426
4427
4427
417
418
420
422
423
424
426
428
429
430
432
434
435
436
438
452
4369
4370
4371
4374
4375
4376
4377
4380
4381
4382
4383
4386
4387
4388
4389
4392
4404
4405
4406
4407
4408
4410
4411
4412
4413
4414
4418
4419
4420
4420
4420
4420
393
394
396
398
399
400
402
404
405
406
408
410
411
412
414
416
4345
4346
4347
4350
4351
4352
4353
4356
4357
4358
4359
4362
4363
4364
4365
4368
4404
4406
4407
4408
4410
4411
4412
4413
4414
4416
4417
4418
4418
4418
4418
4418
357
359
361
362
363
365
373
374
375
376
385
386
387
388
390
392
4309
4310
4313
4314
4315
4316
4319
4320
4321
4322
4337
4338
4339
4340
4341
4344
4404
4405
4406
4407
4408
4410
4411
4412
4413
4414
4415
4416
4416
4416
4416
4416
335
336
337
338
339
341
343
344
345
347
349
350
351
353
355
356
4288
4289
4290
4291
4292
4295
4296
4297
4298
4301
4302
4303
4304
4307
4308
4336
4396
4403
4404
4405
4406
4407
4408
4409
4410
4411
4412
4412
4412
4412
4412
4412
299
300
301
302
303
306
307
322
323
324
325
328
329
330
331
332
4311
4312
4313
4314
4315
4317
4318
4325
4326
4327
4328
4330
4331
4332
4333
4334
4392
4393
4394
4395
4396
4397
4400
4401
4402
4403
4403
4403
4403
4403
4403
4403
219
221
223
280
281
282
285
286
287
288
289
292
293
294
295
296
4295
4296
4297
4299
4300
4301
4302
4303
4305
4306
4307
4308
4309
4333
4335
4336
4382
4383
4384
4391
4392
4393
4394
4395
4396
4397
4398
4399
4400
4400
4400
4400
183
185
187
188
196
197
198
201
202
210
211
212
214
216
217
218
4308
4310
4311
4312
4319
4320
4321
4323
4324
4325
4326
4327
4329
4330
4331
4332
4380
4381
4382
4383
4384
4385
4388
4389
4390
4391
4391
4391
4391
4391
4391
4391
161
162
163
165
167
168
169
171
173
174
175
176
178
180
181
182
4295
4296
4298
4299
4300
4301
4302
4304
4305
4306
4307
4331
4332
4334
4335
4336
4368
4369
4370
4371
4372
4379
4380
4381
4382
4383
4384
4385
4386
4387
4388
4388
125
126
127
129
131
132
140
141
142
145
146
154
155
156
158
160
4306
4313
4314
4316
4317
4318
4319
4320
4322
4323
4324
4325
4326
4328
4329
4330
4368
4369
4370
4371
4372
4373
4375
4376
4377
4378
4378
4378
4378
4378
4378
4378
102
104
105
106
107
109
111
112
113
115
117
118
119
120
122
124
4295
4297
4298
4299
4300
4301
4303
4304
4305
4329
4330
4331
4333
4334
4335
4336
4356
4357
4358
4359
4360
4361
4366
4367
4368
4369
4370
4371
4372
4373
4374
4375
66
68
69
70
71
73
75
76
84
85
86
89
90
98
99
100
4310
4311
4312
4313
4315
4316
4317
4318
4319
4321
4322
4323
4324
4325
4327
4328
4356
4357
4358
4359
4360
4361
4363
4364
4365
4366
4366
4366
4366
4366
4366
4366
43
44
46
48
49
50
51
53
55
56
57
59
61
62
63
64
4296
4297
4298
4299
4300
4307
4309
4327
4328
4329
4330
4332
4333
4334
4335
4336
4344
4345
4346
4347
4348
4349
4354
4355
4356
4357
4358
4359
4360
4361
4362
4363
7
8
10
12
13
14
15
17
19
20
28
29
30
33
34
42
4308
4309
4310
4311
4312
4314
4315
4316
4317
4318
4320
4321
4322
4323
4324
4326
4344
4345
4346
4347
4348
4349
4351
4352
4353
4354
4354
4354
4354
4354
4354
4354
0
1
3
5
6
2994
2995
2996
2999
3000
3001
3002
3005
3006
3007
3008
4175
4176
4177
4180
4181
4182
4183
4186
4187
4188
4189
4268
4269
4270
4272
4274
4275
4276
4279
4280
4281
4282
4287
4302
4303
4304
4305
4306
4345
4346
4347
4348
4349
4350
4350
4350
4350
4350
4350
4350
4350
4350
4350
4350
4350
4350
4350
4350
2952
2954
2955
2956
2958
2960
2961
2963
2965
2966
2967
2969
2971
2972
2973
2975
4136
4138
4139
4140
4142
4143
4144
4146
4148
4149
4150
4152
4154
4155
4156
4158
4268
4269
4271
4272
4274
4275
4277
4279
4280
4281
4282
4283
4285
4286
4286
4286
2927
2929
2931
2932
2933
2935
2937
2938
2939
2941
2943
2944
2946
2948
2949
2950
4112
4114
4116
4117
4118
4120
4122
4123
4124
4126
4127
4128
4130
4132
4133
4134
4268
4270
4271
4272
4274
4275
4276
4277
4279
4281
4282
4283
4284
4285
4285
4285
2879
2881
2883
2884
2885
2887
2889
2902
2903
2904
2907
2908
2909
2910
2913
2926
4059
4061
4063
4064
4065
4067
4069
4082
4083
4084
4087
4088
4089
4090
4093
4111
4268
4269
4270
4271
4273
4274
4275
4276
4277
4278
4282
4283
4284
4284
4284
4284
2855
2857
2859
2860
2861
2863
2865
2866
2867
2869
2871
2872
2873
2875
2877
2878
4035
4037
4039
4040
4041
4043
4045
4046
4047
4049
4051
4052
4053
4055
4057
4058
4268
4270
4271
4273
4274
4275
4276
4277
4278
4280
4281
4282
4282
4282
4282
4282
2820
2822
2829
2830
2831
2834
2841
2842
2843
2845
2847
2848
2849
2851
2853
2854
4000
4002
4009
4010
4011
4014
4021
4022
4023
4025
4027
4028
4029
4031
4033
4034
4268
4269
4270
4271
4273
4274
4275
4276
4277
4278
4279
4280
4280
4280
4280
4280
2239
2798
2799
2800
2802
2804
2805
2806
2808
2810
2811
2812
2814
2816
2817
2818
3978
3979
3980
3982
3984
3985
3986
3988
3990
3991
3992
3994
3996
3997
3998
4190
4262
4267
4268
4269
4270
4271
4272
4273
4274
4275
4276
4276
4276
4276
4276
4276
2214
2216
2218
2219
2220
2222
2224
2225
2227
2229
2230
2231
2233
2235
2236
2237
4166
4168
4170
4171
4172
4174
4175
4176
4178
4180
4181
4182
4184
4186
4187
4188
4248
4249
4250
4252
4254
4255
4256
4257
4259
4260
4261
4263
4266
4267
4267
4267
2173
2175
2176
2178
2179
2181
2182
2184
2185
2187
2188
2207
2208
2210
2212
2213
4127
4129
4130
4132
4133
4135
4136
4138
4139
4141
4142
4159
4160
4162
4164
4165
4248
4249
4250
4251
4252
4254
4256
4257
4259
4260
4262
4263
4265
4266
4266
4266
2137
2138
2139
2141
2143
2156
2158
2159
2161
2162
2164
2165
2167
2168
2170
2171
4087
4088
4089
4091
4093
4111
4113
4114
4116
4117
4119
4120
4122
4123
4125
4126
4249
4250
4251
4252
4253
4254
4255
4256
4257
4258
4259
4261
4262
4263
4264
4264
2101
2102
2104
2105
2107
2120
2121
2123
2125
2126
2127
2129
2131
2132
2133
2135
4051
4052
4054
4055
4057
4070
4071
4073
4075
4076
4077
4079
4081
4082
4083
4085
4248
4249
4250
4251
4253
4254
4255
4256
4257
4258
4261
4262
4263
4263
4263
4263
2077
2078
2080
2081
2083
2084
2086
2087
2089
2090
2092
2093
2095
2096
2098
2099
4027
4028
4030
4031
4033
4034
4036
4037
4039
4040
4042
4043
4045
4046
4048
4049
4248
4249
4250
4251
4253
4254
4255
4256
4257
4258
4259
4260
4261
4261
4261
4261
2041
2043
2044
2046
2053
2054
2056
2058
2059
2060
2062
2064
2071
2072
2074
2075
3991
3993
3994
3996
4003
4004
4006
4008
4009
4010
4012
4014
4021
4022
4024
4025
4248
4249
4250
4251
4253
4255
4256
4257
4258
4258
4258
4258
4258
4258
4258
4258
2000
2001
2003
2005
2006
2007
2009
2028
2029
2031
2032
2034
2035
2037
2038
2040
3978
3979
3981
3982
3984
3985
3987
3988
3990
4181
4183
4184
4186
4187
4189
4190
4234
4235
4236
4239
4240
4241
4242
4247
4248
4249
4250
4251
4252
4253
4254
4254
1958
1977
1978
1980
1982
1983
1984
1986
1988
1989
1990
1992
1994
1995
1997
1999
4158
4159
4161
4162
4164
4165
4167
4168
4170
4171
4173
4174
4175
4177
4178
4180
4228
4229
4230
4231
4232
4234
4235
4237
4239
4240
4241
4243
4245
4246
4247
4247
1934
1935
1937
1938
1940
1941
1943
1945
1946
1948
1949
1951
1952
1954
1955
1957
4119
4120
4122
4124
4125
4126
4143
4145
4146
4148
4149
4151
4152
4154
4155
4157
4228
4230
4231
4232
4234
4236
4237
4239
4240
4241
4242
4243
4244
4245
4245
4245
1897
1899
1901
1902
1903
1905
1907
1908
1909
1911
1913
1926
1928
1929
1931
1932
4078
4079
4081
4082
4084
4085
4087
4088
4090
4091
4093
4112
4113
4114
4116
4118
4228
4229
4230
4231
4232
4233
4234
4235
4236
4237
4238
4242
4243
4244
4244
4244
1862
1863
1865
1866
1868
1869
1871
1872
1874
1875
1877
1890
1891
1893
1895
1896
4042
4043
4045
4058
4060
4061
4063
4064
4066
4067
4069
4070
4072
4073
4075
4076
4228
4229
4230
4231
4233
4234
4236
4237
4238
4240
4241
4242
4242
4242
4242
4242
1832
1834
1841
1842
1844
1845
1847
1848
1850
1851
1853
1854
1856
1857
1859
1860
4012
4014
4021
4023
4024
4025
4027
4029
4030
4031
4033
4035
4036
4037
4039
4041
4228
4229
4230
4231
4233
4234
4235
4236
4237
4238
4239
4240
4240
4240
4240
4240
1802
1804
1805
1807
1808
1810
1811
1813
1814
1816
1823
1824
1826
1828
1829
1830
3982
3984
3986
3987
3988
3990
3997
3999
4000
4002
4003
4005
4006
4008
4009
4011
4228
4229
4230
4231
4232
4233
4234
4235
4236
4237
4237
4237
4237
4237
4237
4237
1760
1762
1764
1765
1767
1769
1770
1771
1773
1775
1776
1777
1779
1798
1799
1801
3978
3980
3981
4173
4174
4176
4177
4178
4180
4182
4183
4184
4186
4188
4189
4190
4208
4209
4210
4212
4214
4215
4216
4219
4220
4221
4222
4223
4226
4227
4228
4229
4230
4232
4232
4232
4232
4232
4232
4232
4232
4232
4232
4232
4232
4232
4232
4232
1719
1721
1722
1724
1725
1727
1728
1747
1748
1750
1752
1753
1754
1756
1758
1759
4150
4151
4152
4154
4156
4157
4158
4160
4161
4162
4164
4166
4167
4168
4170
4172
4208
4209
4211
4212
4214
4215
4216
4217
4219
4220
4222
4223
4225
4226
4226
4226
1683
1696
1698
1699
1701
1702
1704
1705
1707
1708
1710
1711
1713
1715
1716
1718
4093
4128
4129
4130
4132
4134
4135
4136
4138
4140
4141
4142
4144
4145
4146
4148
4208
4209
4210
4211
4212
4215
4216
4217
4218
4219
4221
4222
4223
4224
4225
4225
1647
1660
1661
1663
1665
1666
1667
1669
1671
1672
1673
1675
1677
1678
1679
1681
4069
4071
4072
4073
4075
4077
4078
4079
4081
4083
4084
4085
4087
4089
4090
4091
4208
4209
4210
4211
4213
4214
4215
4216
4217
4218
4221
4222
4223
4223
4223
4223
1623
1624
1626
1627
1629
1630
1632
1633
1635
1636
1638
1639
1641
1642
1644
1645
4033
4047
4048
4049
4051
4053
4054
4055
4057
4059
4060
4061
4063
4065
4066
4067
4208
4209
4210
4211
4213
4214
4215
4216
4217
4218
4219
4220
4221
4221
4221
4221
1593
1594
1596
1598
1599
1600
1602
1604
1611
1612
1614
1615
1617
1618
1620
1621
4004
4005
4006
4008
4010
4011
4012
4014
4022
4023
4024
4025
4028
4029
4030
4031
4208
4209
4210
4211
4213
4214
4215
4216
4217
4218
4219
4219
4219
4219
4219
4219
1551
1552
1554
1568
1569
1571
1572
1574
1575
1577
1578
1580
1581
1583
1584
1586
3979
3980
3981
3982
3984
3992
3993
3994
3996
3998
3999
4000
4002
4182
4183
4184
4198
4199
4200
4207
4208
4209
4210
4211
4212
4213
4214
4215
4215
4215
4215
4215
1515
1517
1518
1532
1533
1534
1536
1538
1539
1540
1542
1544
1545
1546
1548
1550
4150
4151
4152
4159
4160
4161
4162
4165
4166
4167
4168
4175
4176
4177
4178
4181
4191
4192
4193
4194
4195
4197
4198
4199
4200
4201
4205
4206
4207
4207
4207
4207
1491
1493
1494
1496
1497
1499
1500
1502
1503
1505
1506
1508
1509
1511
1512
1514
4118
4119
4120
4127
4128
4129
4130
4133
4134
4135
4136
4143
4144
4145
4146
4149
4191
4192
4193
4194
4195
4197
4199
4200
4201
4203
4204
4205
4205
4205
4205
4205
1462
1463
1464
1465
1467
1469
1477
1478
1479
1481
1482
1484
1485
1487
1488
1490
4008
4009
4010
4011
4012
4014
4021
4022
4023
4024
4025
4111
4112
4113
4114
4117
4191
4192
4193
4194
4195
4196
4198
4200
4201
4202
4203
4203
4203
4203
4203
4203
1432
1434
1435
1436
1438
1439
1441
1442
1443
1445
1446
1448
1456
1457
1458
1460
3988
3990
3991
3992
3993
3994
3996
3997
3998
3999
4000
4002
4003
4004
4005
4006
4191
4192
4193
4194
4195
4196
4197
4198
4199
4200
4200
4200
4200
4200
4200
4200
1257
1258
1259
1261
1263
1276
1277
1278
1281
1282
1283
1284
1287
1428
1429
1431
3985
3986
3987
4062
4064
4065
4066
4068
4070
4071
4072
4074
4076
4077
4078
4080
4175
4176
4177
4179
4181
4182
4183
4184
4185
4189
4190
4192
4193
4194
4197
4197
1233
1234
1235
1237
1239
1240
1241
1243
1245
1246
1247
1249
1251
1252
1253
1255
4038
4040
4041
4042
4044
4046
4047
4048
4050
4052
4053
4054
4056
4058
4059
4060
4175
4176
4177
4178
4179
4181
4182
4183
4184
4185
4187
4188
4189
4189
4189
4189
1203
1204
1205
1208
1215
1216
1217
1219
1221
1222
1223
1225
1227
1228
1229
1231
4003
4004
4005
4007
4015
4016
4017
4018
4027
4028
4029
4030
4032
4034
4035
4036
4175
4176
4177
4178
4179
4181
4182
4183
4184
4185
4186
4187
4187
4187
4187
4187
1173
1174
1176
1178
1179
1180
1182
1184
1185
1186
1188
1190
1191
1192
1194
1196
3979
3980
3981
3983
3985
3986
3987
3989
3991
3992
3993
3995
3997
3998
3999
4001
4175
4176
4177
4178
4179
4180
4181
4182
4183
4183
4183
4183
4183
4183
4183
4183
1125
1127
1129
1130
1131
1133
1135
1148
1149
1150
1153
1154
1155
1156
1159
1172
3978
4059
4061
4062
4064
4065
4067
4068
4082
4083
4084
4086
4088
4089
4090
4092
4159
4160
4161
4162
4163
4165
4166
4167
4168
4169
4173
4174
4175
4180
4180
4180
1101
1103
1105
1106
1107
1109
1111
1112
1113
1115
1117
1118
1119
1121
1123
1124
4035
4037
4038
4040
4041
4043
4044
4046
4047
4049
4050
4052
4053
4055
4056
4058
4159
4161
4162
4163
4165
4166
4167
4168
4169
4171
4172
4173
4173
4173
4173
4173
1066
1068
1075
1076
1077
1080
1087
1088
1089
1091
1093
1094
1095
1097
1099
1100
4000
4001
4009
4010
4011
4013
4015
4016
4017
4019
4027
4028
4029
4031
4032
4034
4159
4160
4161
4162
4163
4165
4166
4167
4168
4169
4170
4171
4171
4171
4171
4171
903
1044
1045
1046
1048
1050
1051
1052
1054
1056
1057
1058
1060
1062
1063
1064
3978
3979
3980
3982
3983
3985
3986
3988
3989
3991
3992
3994
3995
3997
3998
4092
4153
4158
4159
4160
4161
4162
4163
4164
4165
4166
4167
4167
4167
4167
4167
4167
867
880
881
883
885
886
887
889
891
892
893
895
897
898
899
901
4056
4070
4071
4073
4074
4076
4077
4079
4080
4082
4083
4085
4086
4088
4089
4091
4143
4144
4145
4146
4147
4149
4150
4151
4152
4153
4156
4157
4158
4158
4158
4158
843
844
846
847
849
850
852
853
855
856
858
859
861
862
864
865
4032
4034
4036
4037
4038
4040
4042
4043
4044
4046
4048
4049
4050
4052
4054
4055
4143
4144
4145
4146
4147
4149
4150
4151
4152
4153
4154
4155
4156
4156
4156
4156
813
814
816
818
819
820
822
824
831
832
834
835
837
838
840
841
4003
4004
4006
4007
4009
4010
4012
4013
4015
4016
4018
4019
4027
4028
4030
4031
4143
4144
4145
4146
4147
4149
4150
4151
4152
4153
4154
4154
4154
4154
4154
4154
771
773
775
788
789
791
792
794
795
797
798
800
801
803
804
806
3978
3979
3981
3982
3983
3985
3987
3988
3989
3991
3993
3994
3995
4090
4091
4092
4134
4135
4137
4142
4143
4144
4145
4146
4147
4148
4149
4150
4150
4150
4150
4150
736
737
739
752
753
755
757
758
759
761
763
764
765
767
769
770
4066
4067
4068
4070
4072
4073
4074
4076
4078
4079
4080
4082
4084
4085
4086
4088
4127
4128
4129
4130
4131
4133
4134
4135
4136
4137
4140
4141
4142
4142
4142
4142
712
713
715
716
718
719
721
722
724
725
727
728
730
731
733
734
4030
4031
4032
4035
4036
4037
4038
4041
4042
4043
4044
4058
4060
4061
4062
4064
4127
4128
4129
4130
4131
4133
4134
4135
4136
4137
4138
4139
4140
4140
4140
4140
676
678
685
686
688
690
691
692
694
696
703
704
706
707
709
710
4000
4001
4003
4005
4006
4007
4009
4011
4012
4013
4015
4017
4018
4019
4027
4029
4127
4128
4129
4130
4131
4133
4134
4135
4136
4137
4138
4138
4138
4138
4138
4138
641
642
643
645
647
660
661
663
664
666
667
669
670
672
673
675
3978
3980
3981
3982
3983
3986
3987
3988
3989
3997
3999
4086
4089
4090
4091
4092
4115
4117
4118
4119
4121
4126
4127
4128
4129
4130
4131
4132
4133
4134
4134
4134
605
606
608
609
611
624
625
627
629
630
631
633
635
636
637
639
4062
4065
4066
4067
4068
4071
4072
4073
4074
4077
4078
4079
4080
4083
4084
4085
4111
4112
4113
4114
4115
4117
4118
4119
4120
4121
4124
4125
4126
4126
4126
4126
581
582
584
585
587
588
590
591
593
594
596
597
599
600
602
603
4028
4029
4030
4031
4032
4047
4048
4049
4050
4053
4054
4055
4056
4059
4060
4061
4111
4112
4113
4114
4115
4117
4118
4119
4120
4121
4122
4123
4124
4124
4124
4124
545
547
548
550
557
558
560
562
563
564
566
568
575
576
578
579
3998
3999
4000
4001
4004
4005
4006
4007
4010
4011
4012
4013
4016
4017
4018
4019
4111
4112
4113
4114
4115
4118
4119
4120
4121
4121
4121
4121
4121
4121
4121
4121
453
454
456
458
459
460
462
532
533
535
536
538
539
541
542
544
3979
3980
3981
3982
3983
3992
3993
3994
3995
4083
4084
4085
4088
4089
4090
4091
4095
4096
4097
4100
4101
4102
4103
4110
4111
4112
4113
4114
4115
4116
4117
4117
417
419
420
422
423
425
426
440
441
442
444
446
447
448
450
452
4059
4060
4061
4064
4065
4066
4067
4070
4071
4072
4073
4076
4077
4078
4079
4082
4094
4095
4096
4097
4098
4100
4101
4102
4103
4104
4108
4109
4110
4110
4110
4110
393
395
396
398
399
401
402
404
405
407
408
410
411
413
414
416
4035
4036
4037
4040
4041
4042
4043
4046
4047
4048
4049
4052
4053
4054
4055
4058
4094
4096
4097
4098
4100
4101
4102
4103
4104
4106
4107
4108
4108
4108
4108
4108
358
359
367
368
369
371
373
374
375
377
385
386
387
389
390
392
3999
4000
4003
4004
4005
4006
4009
4010
4011
4012
4027
4028
4029
4030
4031
4034
4094
4095
4096
4097
4098
4100
4101
4102
4103
4104
4105
4106
4106
4106
4106
4106
335
336
337
338
340
341
343
344
346
347
349
350
352
353
355
356
3978
3979
3980
3981
3982
3985
3986
3987
3988
3991
3992
3993
3994
3997
3998
4026
4086
4093
4094
4095
4096
4097
4098
4099
4100
4101
4102
4102
4102
4102
4102
4102
299
300
308
309
310
313
314
322
323
324
326
328
329
330
331
333
4001
4002
4003
4004
4005
4007
4008
4015
4016
4017
4018
4020
4021
4022
4023
4024
4082
4083
4084
4085
4086
4087
4090
4091
4092
4093
4093
4093
4093
4093
4093
4093
275
277
279
280
281
283
285
286
287
288
290
292
293
294
295
297
3985
3986
3987
3989
3990
3991
3992
3993
3995
3996
3997
3998
3999
4023
4025
4026
4072
4073
4074
4081
4082
4083
4084
4085
4086
4087
4088
4089
4090
4090
4090
4090
239
241
243
244
252
253
254
257
258
266
267
268
270
272
273
274
3998
4000
4001
4002
4009
4010
4011
4013
4014
4015
4016
4017
4019
4020
4021
4022
4070
4071
4072
4073
4074
4075
4078
4079
4080
4081
4081
4081
4081
4081
4081
4081
161
162
164
165
167
224
225
227
229
230
231
232
234
236
237
238
3985
3986
3988
3989
3990
3991
3992
3994
3995
3996
3997
4021
4022
4024
4025
4026
4058
4059
4060
4061
4062
4069
4070
4071
4072
4073
4074
4075
4076
4077
4078
4078
125
133
134
136
138
139
140
141
143
145
146
154
155
157
158
160
3996
4003
4004
4006
4007
4008
4009
4010
4012
4013
4014
4015
4016
4018
4019
4020
4058
4059
4060
4061
4062
4063
4065
4066
4067
4068
4068
4068
4068
4068
4068
4068
102
104
105
106
108
109
111
112
114
115
117
118
119
121
122
124
3985
3987
3988
3989
3990
3991
3993
3994
3995
4019
4020
4021
4023
4024
4025
4026
4046
4047
4048
4049
4050
4051
4056
4057
4058
4059
4060
4061
4062
4063
4064
4065
66
68
69
77
78
80
82
83
84
85
87
89
90
98
99
101
4000
4001
4002
4003
4005
4006
4007
4008
4009
4011
4012
4013
4014
4015
4017
4018
4046
4047
4048
4049
4050
4051
4053
4054
4055
4056
4056
4056
4056
4056
4056
4056
43
45
46
48
49
50
52
53
55
56
58
59
61
62
63
65
3986
3987
3988
3989
3990
3997
3999
4017
4018
4019
4020
4022
4023
4024
4025
4026
4034
4035
4036
4037
4038
4039
4044
4045
4046
4047
4048
4049
4050
4051
4052
4053
7
9
10
12
13
21
22
24
26
27
28
29
31
33
34
42
3998
3999
4000
4001
4002
4004
4005
4006
4007
4008
4010
4011
4012
4013
4014
4016
4034
4035
4036
4037
4038
4039
4041
4042
4043
4044
4044
4044
4044
4044
4044
4044
0
2
3
5
6
2994
2995
2997
2999
3000
3001
3003
3005
3006
3007
3009
3865
3866
3867
3870
3871
3872
3873
3876
3877
3878
3879
3958
3959
3960
3962
3964
3965
3966
3969
3970
3971
3972
3977
3992
3993
3994
3995
3996
4035
4036
4037
4038
4039
4040
4040
4040
4040
4040
4040
4040
4040
4040
4040
4040
4040
4040
4040
4040
2952
2954
2955
2957
2958
2977
2978
2980
2982
2983
2984
2986
2988
2989
2990
2992
3826
3828
3829
3830
3832
3833
3834
3836
3838
3839
3840
3842
3844
3845
3846
3848
3958
3959
3961
3962
3964
3965
3967
3969
3970
3971
3972
3973
3975
3976
3976
3976
2928
2929
2931
2932
2934
2935
2937
2938
2940
2941
2943
2945
2946
2948
2949
2951
3802
3804
3806
3807
3808
3810
3812
3813
3814
3816
3817
3818
3820
3822
3823
3824
3958
3960
3961
3962
3964
3965
3966
3967
3969
3971
3972
3973
3974
3975
3975
3975
2891
2893
2895
2896
2897
2899
2901
2902
2903
2905
2907
2908
2909
2911
2913
2926
3749
3751
3753
3754
3755
3757
3759
3772
3773
3774
3777
3778
3779
3780
3783
3801
3958
3959
3960
3961
3963
3964
3965
3966
3967
3968
3972
3973
3974
3974
3974
3974
2856
2857
2859
2860
2862
2863
2865
2866
2868
2869
2871
2872
2874
2875
2877
2890
3725
3727
3729
3730
3731
3733
3735
3736
3737
3739
3741
3742
3743
3745
3747
3748
3958
3960
3961
3963
3964
3965
3966
3967
3968
3970
3971
3972
3972
3972
3972
3972
2826
2828
2829
2830
2832
2834
2841
2842
2844
2845
2847
2848
2850
2851
2853
2854
3690
3692
3699
3700
3701
3704
3711
3712
3713
3715
3717
3718
3719
3721
3723
3724
3958
3959
3960
3961
3963
3964
3965
3966
3967
3968
3969
3970
3970
3970
3970
3970
2469
2798
2799
2801
2802
2804
2805
2807
2808
2810
2811
2813
2814
2816
2823
2824
3668
3669
3670
3672
3674
3675
3676
3678
3680
3681
3682
3684
3686
3687
3688
3880
3952
3957
3958
3959
3960
3961
3962
3963
3964
3965
3966
3966
3966
3966
3966
3966
2444
2446
2448
2449
2450
2452
2454
2455
2457
2459
2460
2461
2463
2465
2466
2467
3856
3858
3860
3861
3862
3864
3865
3866
3868
3870
3871
3872
3874
3876
3877
3878
3938
3939
3940
3942
3944
3945
3946
3947
3949
3950
3951
3953
3956
3957
3957
3957
2403
2405
2406
2408
2409
2411
2412
2414
2415
2417
2418
2437
2438
2440
2442
2443
3817
3819
3820
3822
3823
3825
3826
3828
3829
3831
3832
3849
3850
3852
3854
3855
3938
3939
3940
3941
3942
3944
3946
3947
3949
3950
3952
3953
3955
3956
3956
3956
2367
2368
2369
2371
2373
2386
2388
2389
2391
2392
2394
2395
2397
2398
2400
2401
3777
3778
3779
3781
3783
3801
3803
3804
3806
3807
3809
3810
3812
3813
3815
3816
3939
3940
3941
3942
3943
3944
3945
3946
3947
3948
3949
3951
3952
3953
3954
3954
2331
2332
2334
2335
2337
2350
2351
2353
2355
2356
2357
2359
2361
2362
2363
2365
3741
3742
3744
3745
3747
3760
3761
3763
3765
3766
3767
3769
3771
3772
3773
3775
3938
3939
3940
3941
3943
3944
3945
3946
3947
3948
3951
3952
3953
3953
3953
3953
2307
2308
2310
2311
2313
2314
2316
2317
2319
2320
2322
2323
2325
2326
2328
2329
3717
3718
3720
3721
3723
3724
3726
3727
3729
3730
3732
3733
3735
3736
3738
3739
3938
3939
3940
3941
3943
3944
3945
3946
3947
3948
3949
3950
3951
3951
3951
3951
2271
2273
2274
2276
2283
2284
2286
2288
2289
2290
2292
2294
2301
2302
2304
2305
3681
3683
3684
3686
3693
3694
3696
3698
3699
3700
3702
3704
3711
3712
3714
3715
3938
3939
3940
3941
3943
3945
3946
3947
3948
3948
3948
3948
3948
3948
3948
3948
2000
2002
2003
2005
2006
2008
2009
2258
2259
2261
2262
2264
2265
2267
2268
2270
3668
3669
3671
3672
3674
3675
3677
3678
3680
3871
3873
3874
3876
3877
3879
3880
3924
3925
3926
3929
3930
3931
3932
3937
3938
3939
3940
3941
3942
3943
3944
3944
1975
1977
1979
1980
1982
1983
1985
1986
1988
1989
1991
1992
1994
1996
1997
1999
3848
3849
3851
3852
3854
3855
3857
3858
3860
3861
3863
3864
3865
3867
3868
3870
3918
3919
3920
3921
3922
3924
3925
3927
3929
3930
3931
3933
3935
3936
3937
3937
1934
1935
1937
1939
1940
1941
1960
1962
1963
1965
1966
1968
1969
1971
1972
1974
3809
3810
3812
3814
3815
3816
3833
3835
3836
3838
3839
3841
3842
3844
3845
3847
3918
3920
3921
3922
3924
3926
3927
3929
3930
3931
3932
3933
3934
3935
3935
3935
1898
1899
1901
1902
1904
1905
1907
1908
1910
1911
1913
1927
1928
1929
1931
1933
3768
3769
3771
3772
3774
3775
3777
3778
3780
3781
3783
3802
3803
3804
3806
3808
3918
3919
3920
3921
3922
3923
3924
3925
3926
3927
3928
3932
3933
3934
3934
3934
1862
1863
1865
1878
1880
1881
1883
1884
1886
1887
1889
1890
1892
1893
1895
1896
3732
3733
3735
3748
3750
3751
3753
3754
3756
3757
3759
3760
3762
3763
3765
3766
3918
3919
3920
3921
3923
3924
3926
3927
3928
3930
3931
3932
3932
3932
3932
3932
1832
1834
1841
1843
1844
1845
1847
1849
1850
1851
1853
1855
1856
1857
1859
1861
3702
3704
3711
3713
3714
3715
3717
3719
3720
3721
3723
3725
3726
3727
3729
3731
3918
3919
3920
3921
3923
3924
3925
3926
3927
3928
3929
3930
3930
3930
3930
3930
1802
1804
1806
1807
1808
1810
1817
1819
1820
1822
1823
1825
1826
1828
1829
1831
3672
3674
3676
3677
3678
3680
3687
3689
3690
3692
3693
3695
3696
3698
3699
3701
3918
3919
3920
3921
3922
3923
3924
3925
3926
3927
3927
3927
3927
3927
3927
3927
1761
1762
1764
1766
1767
1769
1770
1772
1773
1775
1776
1778
1779
1798
1800
1801
3668
3670
3671
3863
3864
3866
3867
3868
3870
3872
3873
3874
3876
3878
3879
3880
3898
3899
3900
3902
3904
3905
3906
3909
3910
3911
3912
3913
3916
3917
3918
3919
3920
3922
3922
3922
3922
3922
3922
3922
3922
3922
3922
3922
3922
3922
3922
3922
1736
1738
1739
1741
1742
1744
1745
1747
1749
1750
1752
1753
1755
1756
1758
1759
3840
3841
3842
3844
3846
3847
3848
3850
3851
3852
3854
3856
3857
3858
3860
3862
3898
3899
3901
3902
3904
3905
3906
3907
3909
3910
3912
3913
3915
3916
3916
3916
1683
1697
1698
1699
1701
1703
1704
1705
1707
1709
1710
1711
1730
1732
1733
1735
3783
3818
3819
3820
3822
3824
3825
3826
3828
3830
3831
3832
3834
3835
3836
3838
3898
3899
3900
3901
3902
3905
3906
3907
3908
3909
3911
3912
3913
3914
3915
3915
1659
1660
1662
1663
1665
1666
1668
1669
1671
1672
1674
1675
1677
1678
1680
1681
3759
3761
3762
3763
3765
3767
3768
3769
3771
3773
3774
3775
3777
3779
3780
3781
3898
3899
3900
3901
3903
3904
3905
3906
3907
3908
3911
3912
3913
3913
3913
3913
1623
1625
1626
1627
1629
1631
1632
1633
1635
1648
1650
1651
1653
1654
1656
1657
3723
3737
3738
3739
3741
3743
3744
3745
3747
3749
3750
3751
3753
3755
3756
3757
3898
3899
3900
3901
3903
3904
3905
3906
3907
3908
3909
3910
3911
3911
3911
3911
1593
1595
1596
1598
1599
1601
1602
1604
1611
1613
1614
1615
1617
1619
1620
1621
3694
3695
3696
3698
3700
3701
3702
3704
3712
3713
3714
3715
3718
3719
3720
3721
3898
3899
3900
3901
3903
3904
3905
3906
3907
3908
3909
3909
3909
3909
3909
3909
1551
1553
1554
1568
1570
1571
1572
1574
1576
1577
1578
1580
1587
1589
1590
1592
3669
3670
3671
3672
3674
3682
3683
3684
3686
3688
3689
3690
3692
3872
3873
3874
3888
3889
3890
3897
3898
3899
3900
3901
3902
3903
3904
3905
3905
3905
3905
3905
1527
1529
1530
1532
1533
1535
1536
1538
1539
1541
1542
1544
1545
1547
1548
1550
3840
3841
3842
3849
3850
3851
3852
3855
3856
3857
3858
3865
3866
3867
3868
3871
3881
3882
3883
3884
3885
3887
3888
3889
3890
3891
3895
3896
3897
3897
3897
3897
1492
1493
1494
1496
1498
1499
1500
1502
1504
1505
1506
1520
1521
1523
1524
1526
3808
3809
3810
3817
3818
3819
3820
3823
3824
3825
3826
3833
3834
3835
3836
3839
3881
3882
3883
3884
3885
3887
3889
3890
3891
3893
3894
3895
3895
3895
3895
3895
1462
1463
1464
1466
1467
1469
1477
1478
1480
1481
1482
1484
1486
1487
1488
1490
3698
3699
3700
3701
3702
3704
3711
3712
3713
3714
3715
3801
3802
3803
3804
3807
3881
3882
3883
3884
3885
3886
3888
3890
3891
3892
3893
3893
3893
3893
3893
3893
1432
1434
1435
1437
1438
1439
1441
1449
1450
1452
1453
1455
1456
1457
1459
1460
3678
3680
3681
3682
3683
3684
3686
3687
3688
3689
3690
3692
3693
3694
3695
3696
3881
3882
3883
3884
3885
3886
3887
3888
3889
3890
3890
3890
3890
3890
3890
3890
1269
1270
1271
1273
1275
1276
1277
1279
1281
1282
1283
1285
1287
1428
1430
1431
3675
3676
3677
3752
3754
3755
3756
3758
3760
3761
3762
3764
3766
3767
3768
3770
3865
3866
3867
3869
3871
3872
3873
3874
3875
3879
3880
3882
3883
3884
3887
3887
1233
1234
1236
1237
1239
1240
1242
1243
1245
1246
1248
1249
1251
1264
1265
1267
3728
3730
3731
3732
3734
3736
3737
3738
3740
3742
3743
3744
3746
3748
3749
3750
3865
3866
3867
3868
3869
3871
3872
3873
3874
3875
3877
3878
3879
3879
3879
3879
1203
1204
1206
1208
1215
1216
1218
1219
1221
1222
1224
1225
1227
1228
1230
1231
3693
3694
3695
3697
3705
3706
3707
3708
3717
3718
3719
3720
3722
3724
3725
3726
3865
3866
3867
3868
3869
3871
3872
3873
3874
3875
3876
3877
3877
3877
3877
3877
1173
1175
1176
1178
1179
1181
1182
1184
1185
1187
1188
1190
1197
1198
1200
1202
3669
3670
3671
3673
3675
3676
3677
3679
3681
3682
3683
3685
3687
3688
3689
3691
3865
3866
3867
3868
3869
3870
3871
3872
3873
3873
3873
3873
3873
3873
3873
3873
1137
1139
1141
1142
1143
1145
1147
1148
1149
1151
1153
1154
1155
1157
1159
1172
3668
3749
3751
3752
3754
3755
3757
3758
3772
3773
3774
3776
3778
3779
3780
3782
3849
3850
3851
3852
3853
3855
3856
3857
3858
3859
3863
3864
3865
3870
3870
3870
1102
1103
1105
1106
1108
1109
1111
1112
1114
1115
1117
1118
1120
1121
1123
1136
3725
3727
3728
3730
3731
3733
3734
3736
3737
3739
3740
3742
3743
3745
3746
3748
3849
3851
3852
3853
3855
3856
3857
3858
3859
3861
3862
3863
3863
3863
3863
3863
1072
1074
1075
1076
1078
1080
1087
1088
1090
1091
1093
1094
1096
1097
1099
1100
3690
3691
3699
3700
3701
3703
3705
3706
3707
3709
3717
3718
3719
3721
3722
3724
3849
3850
3851
3852
3853
3855
3856
3857
3858
3859
3860
3861
3861
3861
3861
3861
1031
1044
1045
1047
1048
1050
1051
1053
1054
1056
1057
1059
1060
1062
1069
1070
3668
3669
3670
3672
3673
3675
3676
3678
3679
3681
3682
3684
3685
3687
3688
3782
3843
3848
3849
3850
3851
3852
3853
3854
3855
3856
3857
3857
3857
3857
3857
3857
995
1008
1009
1011
1013
1014
1015
1017
1019
1020
1021
1023
1025
1026
1027
1029
3746
3760
3761
3763
3764
3766
3767
3769
3770
3772
3773
3775
3776
3778
3779
3781
3833
3834
3835
3836
3837
3839
3840
3841
3842
3843
3846
3847
3848
3848
3848
3848
971
972
974
975
977
978
980
981
983
984
986
987
989
990
992
993
3722
3724
3726
3727
3728
3730
3732
3733
3734
3736
3738
3739
3740
3742
3744
3745
3833
3834
3835
3836
3837
3839
3840
3841
3842
3843
3844
3845
3846
3846
3846
3846
941
942
944
946
947
948
950
952
959
960
962
963
965
966
968
969
3693
3694
3696
3697
3699
3700
3702
3703
3705
3706
3708
3709
3717
3718
3720
3721
3833
3834
3835
3836
3837
3839
3840
3841
3842
3843
3844
3844
3844
3844
3844
3844
772
773
775
916
917
919
920
922
923
925
926
928
929
931
932
934
3668
3669
3671
3672
3673
3675
3677
3678
3679
3681
3683
3684
3685
3780
3781
3782
3824
3825
3827
3832
3833
3834
3835
3836
3837
3838
3839
3840
3840
3840
3840
3840
748
749
751
752
754
755
757
758
760
761
763
764
766
767
769
770
3756
3757
3758
3760
3762
3763
3764
3766
3768
3769
3770
3772
3774
3775
3776
3778
3817
3818
3819
3820
3821
3823
3824
3825
3826
3827
3830
3831
3832
3832
3832
3832
712
713
715
717
718
719
721
723
724
725
727
740
742
743
745
746
3720
3721
3722
3725
3726
3727
3728
3731
3732
3733
3734
3748
3750
3751
3752
3754
3817
3818
3819
3820
3821
3823
3824
3825
3826
3827
3828
3829
3830
3830
3830
3830
682
684
685
687
688
690
691
693
694
696
703
705
706
707
709
711
3690
3691
3693
3695
3696
3697
3699
3701
3702
3703
3705
3707
3708
3709
3717
3719
3817
3818
3819
3820
3821
3823
3824
3825
3826
3827
3828
3828
3828
3828
3828
3828
641
642
644
645
647
660
662
663
664
666
668
669
670
672
679
681
3668
3670
3671
3672
3673
3676
3677
3678
3679
3687
3689
3776
3779
3780
3781
3782
3805
3807
3808
3809
3811
3816
3817
3818
3819
3820
3821
3822
3823
3824
3824
3824
617
618
620
621
623
624
626
627
629
630
632
633
635
636
638
639
3752
3755
3756
3757
3758
3761
3762
3763
3764
3767
3768
3769
3770
3773
3774
3775
3801
3802
3803
3804
3805
3807
3808
3809
3810
3811
3814
3815
3816
3816
3816
3816
581
583
584
585
587
589
590
591
593
595
596
597
599
612
614
615
3718
3719
3720
3721
3722
3737
3738
3739
3740
3743
3744
3745
3746
3749
3750
3751
3801
3802
3803
3804
3805
3807
3808
3809
3810
3811
3812
3813
3814
3814
3814
3814
551
553
554
556
557
559
560
562
563
565
566
568
575
577
578
579
3688
3689
3690
3691
3694
3695
3696
3697
3700
3701
3702
3703
3706
3707
3708
3709
3801
3802
3803
3804
3805
3808
3809
3810
3811
3811
3811
3811
3811
3811
3811
3811
453
455
456
458
459
461
462
532
534
535
536
538
540
541
542
544
3669
3670
3671
3672
3673
3682
3683
3684
3685
3773
3774
3775
3778
3779
3780
3781
3785
3786
3787
3790
3791
3792
3793
3800
3801
3802
3803
3804
3805
3806
3807
3807
429
431
432
434
435
437
438
440
441
443
444
446
447
449
450
452
3749
3750
3751
3754
3755
3756
3757
3760
3761
3762
3763
3766
3767
3768
3769
3772
3784
3785
3786
3787
3788
3790
3791
3792
3793
3794
3798
3799
3800
3800
3800
3800
394
395
396
398
400
401
402
404
406
407
408
410
412
413
414
428
3725
3726
3727
3730
3731
3732
3733
3736
3737
3738
3739
3742
3743
3744
3745
3748
3784
3786
3787
3788
3790
3791
3792
3793
3794
3796
3797
3798
3798
3798
3798
3798
364
365
367
368
370
371
373
374
376
377
385
386
388
389
390
392
3689
3690
3693
3694
3695
3696
3699
3700
3701
3702
3717
3718
3719
3720
3721
3724
3784
3785
3786
3787
3788
3790
3791
3792
3793
3794
3795
3796
3796
3796
3796
3796
335
336
337
339
340
341
343
345
346
347
349
351
352
353
361
362
3668
3669
3670
3671
3672
3675
3676
3677
3678
3681
3682
3683
3684
3687
3688
3716
3776
3783
3784
3785
3786
3787
3788
3789
3790
3791
3792
3792
3792
3792
3792
3792
306
307
308
309
311
313
314
322
323
325
326
328
329
330
332
333
3691
3692
3693
3694
3695
3697
3698
3705
3706
3707
3708
3710
3711
3712
3713
3714
3772
3773
3774
3775
3776
3777
3780
3781
3782
3783
3783
3783
3783
3783
3783
3783
276
277
279
280
282
283
285
286
287
289
290
292
293
301
302
304
3675
3676
3677
3679
3680
3681
3682
3683
3685
3686
3687
3688
3689
3713
3715
3716
3762
3763
3764
3771
3772
3773
3774
3775
3776
3777
3778
3779
3780
3780
3780
3780
246
248
250
251
252
253
255
257
258
266
267
269
270
272
273
274
3688
3690
3691
3692
3699
3700
3701
3703
3704
3705
3706
3707
3709
3710
3711
3712
3760
3761
3762
3763
3764
3765
3768
3769
3770
3771
3771
3771
3771
3771
3771
3771
217
218
220
221
223
224
226
227
229
230
231
233
234
236
237
245
3675
3676
3678
3679
3680
3681
3682
3684
3685
3686
3687
3711
3712
3714
3715
3716
3748
3749
3750
3751
3752
3759
3760
3761
3762
3763
3764
3765
3766
3767
3768
3768
181
189
190
192
194
195
196
197
199
201
202
210
211
213
214
216
3686
3693
3694
3696
3697
3698
3699
3700
3702
3703
3704
3705
3706
3708
3709
3710
3748
3749
3750
3751
3752
3753
3755
3756
3757
3758
3758
3758
3758
3758
3758
3758
102
104
105
107
108
109
111
168
170
171
173
174
175
177
178
180
3675
3677
3678
3679
3680
3681
3683
3684
3685
3709
3710
3711
3713
3714
3715
3716
3736
3737
3738
3739
3740
3741
3746
3747
3748
3749
3750
3751
3752
3753
3754
3755
73
75
76
77
79
80
82
83
84
86
87
89
90
98
100
101
3690
3691
3692
3693
3695
3696
3697
3698
3699
3701
3702
3703
3704
3705
3707
3708
3736
3737
3738
3739
3740
3741
3743
3744
3745
3746
3746
3746
3746
3746
3746
3746
44
45
46
48
49
51
52
53
55
57
58
59
61
62
70
72
3676
3677
3678
3679
3680
3687
3689
3707
3708
3709
3710
3712
3713
3714
3715
3716
3724
3725
3726
3727
3728
3729
3734
3735
3736
3737
3738
3739
3740
3741
3742
3743
14
16
17
19
20
21
23
24
26
27
28
30
31
33
34
42
3688
3689
3690
3691
3692
3694
3695
3696
3697
3698
3700
3701
3702
3703
3704
3706
3724
3725
3726
3727
3728
3729
3731
3732
3733
3734
3734
3734
3734
3734
3734
3734
1
2
3
5
6
2994
2996
2997
2999
3000
3002
3003
3005
3006
3008
3009
3555
3556
3557
3560
3561
3562
3563
3566
3567
3568
3569
3648
3649
3650
3652
3654
3655
3656
3659
3660
3661
3662
3667
3682
3683
3684
3685
3686
3725
3726
3727
3728
3729
3730
3730
3730
3730
3730
3730
3730
3730
3730
3730
3730
3730
3730
3730
3730
2969
2971
2972
2974
2975
2977
2979
2980
2982
2983
2985
2986
2988
2989
2991
2992
3516
3518
3519
3520
3522
3523
3524
3526
3528
3529
3530
3532
3534
3535
3536
3538
3648
3649
3651
3652
3654
3655
3657
3659
3660
3661
3662
3663
3665
3666
3666
3666
2928
2929
2931
2933
2934
2935
2937
2939
2940
2941
2960
2962
2963
2965
2966
2968
3492
3494
3496
3497
3498
3500
3502
3503
3504
3506
3507
3508
3510
3512
3513
3514
3648
3650
3651
3652
3654
3655
3656
3657
3659
3661
3662
3663
3664
3665
3665
3665
2892
2893
2895
2896
2898
2899
2901
2902
2904
2905
2907
2908
2910
2911
2913
2927
3439
3441
3443
3444
3445
3447
3449
3462
3463
3464
3467
3468
3469
3470
3473
3491
3648
3649
3650
3651
3653
3654
3655
3656
3657
3658
3662
3663
3664
3664
3664
3664
2856
2857
2859
2861
2862
2863
2865
2878
2880
2881
2883
2884
2886
2887
2889
2890
3415
3417
3419
3420
3421
3423
3425
3426
3427
3429
3431
3432
3433
3435
3437
3438
3648
3650
3651
3653
3654
3655
3656
3657
3658
3660
3661
3662
3662
3662
3662
3662
2826
2828
2829
2831
2832
2834
2841
2843
2844
2845
2847
2849
2850
2851
2853
2855
3380
3382
3389
3390
3391
3394
3401
3402
3403
3405
3407
3408
3409
3411
3413
3414
3648
3649
3650
3651
3653
3654
3655
3656
3657
3658
3659
3660
3660
3660
3660
3660
2469
2798
2800
2801
2802
2804
2806
2807
2808
2810
2817
2819
2820
2822
2823
2825
3358
3359
3360
3362
3364
3365
3366
3368
3370
3371
3372
3374
3376
3377
3378
3570
3642
3647
3648
3649
3650
3651
3652
3653
3654
3655
3656
3656
3656
3656
3656
3656
2445
2446
2448
2449
2451
2452
2454
2456
2457
2459
2460
2462
2463
2465
2466
2468
3546
3548
3550
3551
3552
3554
3555
3556
3558
3560
3561
3562
3564
3566
3567
3568
3628
3629
3630
3632
3634
3635
3636
3637
3639
3640
3641
3643
3646
3647
3647
3647
2420
2422
2423
2425
2426
2428
2429
2431
2432
2434
2435
2437
2439
2440
2442
2443
3507
3509
3510
3512
3513
3515
3516
3518
3519
3521
3522
3539
3540
3542
3544
3545
3628
3629
3630
3631
3632
3634
3636
3637
3639
3640
3642
3643
3645
3646
3646
3646
2367
2368
2370
2371
2373
2387
2388
2389
2391
2393
2394
2395
2397
2399
2400
2401
3467
3468
3469
3471
3473
3491
3493
3494
3496
3497
3499
3500
3502
3503
3505
3506
3629
3630
3631
3632
3633
3634
3635
3636
3637
3638
3639
3641
3642
3643
3644
3644
2343
2344
2346
2347
2349
2350
2352
2353
2355
2356
2358
2359
2361
2362
2364
2365
3431
3432
3434
3435
3437
3450
3451
3453
3455
3456
3457
3459
3461
3462
3463
3465
3628
3629
3630
3631
3633
3634
3635
3636
3637
3638
3641
3642
3643
3643
3643
3643
2307
2309
2310
2311
2313
2315
2316
2317
2319
2321
2322
2323
2325
2338
2340
2341
3407
3408
3410
3411
3413
3414
3416
3417
3419
3420
3422
3423
3425
3426
3428
3429
3628
3629
3630
3631
3633
3634
3635
3636
3637
3638
3639
3640
3641
3641
3641
3641
2277
2279
2280
2282
2283
2285
2286
2288
2289
2291
2292
2294
2301
2303
2304
2305
3371
3373
3374
3376
3383
3384
3386
3388
3389
3390
3392
3394
3401
3402
3404
3405
3628
3629
3630
3631
3633
3635
3636
3637
3638
3638
3638
3638
3638
3638
3638
3638
2230
2232
2233
2235
2236
2238
2239
2258
2260
2261
2262
2264
2266
2267
2268
2270
3358
3359
3361
3362
3364
3365
3367
3368
3370
3561
3563
3564
3566
3567
3569
3570
3614
3615
3616
3619
3620
3621
3622
3627
3628
3629
3630
3631
3632
3633
3634
3634
2205
2207
2209
2210
2212
2213
2215
2216
2218
2219
2221
2222
2224
2226
2227
2229
3538
3539
3541
3542
3544
3545
3547
3548
3550
3551
3553
3554
3555
3557
3558
3560
3608
3609
3610
3611
3612
3614
3615
3617
3619
3620
3621
3623
3625
3626
3627
3627
2164
2165
2167
2169
2170
2171
2190
2192
2193
2195
2196
2198
2199
2201
2202
2204
3499
3500
3502
3504
3505
3506
3523
3525
3526
3528
3529
3531
3532
3534
3535
3537
3608
3610
3611
3612
3614
3616
3617
3619
3620
3621
3622
3623
3624
3625
3625
3625
2128
2129
2131
2132
2134
2135
2137
2138
2140
2141
2143
2157
2158
2159
2161
2163
3458
3459
3461
3462
3464
3465
3467
3468
3470
3471
3473
3492
3493
3494
3496
3498
3608
3609
3610
3611
3612
3613
3614
3615
3616
3617
3618
3622
3623
3624
3624
3624
2092
2093
2095
2108
2110
2111
2113
2114
2116
2117
2119
2120
2122
2123
2125
2126
3422
3423
3425
3438
3440
3441
3443
3444
3446
3447
3449
3450
3452
3453
3455
3456
3608
3609
3610
3611
3613
3614
3616
3617
3618
3620
3621
3622
3622
3622
3622
3622
2062
2064
2071
2073
2074
2075
2077
2079
2080
2081
2083
2085
2086
2087
2089
2091
3392
3394
3401
3403
3404
3405
3407
3409
3410
3411
3413
3415
3416
3417
3419
3421
3608
3609
3610
3611
3613
3614
3615
3616
3617
3618
3619
3620
3620
3620
3620
3620
2032
2034
2036
2037
2038
2040
2047
2049
2050
2052
2053
2055
2056
2058
2059
2061
3362
3364
3366
3367
3368
3370
3377
3379
3380
3382
3383
3385
3386
3388
3389
3391
3608
3609
3610
3611
3612
3613
3614
3615
3616
3617
3617
3617
3617
3617
3617
3617
1761
1762
1765
1766
1767
1769
1771
1772
1773
1775
1777
1778
1779
2028
2030
2031
3358
3360
3361
3553
3554
3556
3557
3558
3560
3562
3563
3564
3566
3568
3569
3570
3588
3589
3590
3592
3594
3595
3596
3599
3600
3601
3602
3603
3606
3607
3608
3609
3610
3612
3612
3612
3612
3612
3612
3612
3612
3612
3612
3612
3612
3612
3612
3612
1737
1738
1739
1741
1743
1744
1745
1748
1749
1750
1752
1754
1755
1756
1758
1760
3530
3531
3532
3534
3536
3537
3538
3540
3541
3542
3544
3546
3547
3548
3550
3552
3588
3589
3591
3592
3594
3595
3596
3597
3599
3600
3602
3603
3605
3606
3606
3606
1683
1714
1715
1716
1718
1720
1721
1722
1724
1726
1727
1728
1731
1732
1733
1735
3473
3508
3509
3510
3512
3514
3515
3516
3518
3520
3521
3522
3524
3525
3526
3528
3588
3589
3590
3591
3592
3595
3596
3597
3598
3599
3601
3602
3603
3604
3605
3605
1659
1661
1662
1663
1665
1667
1668
1669
1671
1673
1674
1675
1677
1679
1680
1681
3449
3451
3452
3453
3455
3457
3458
3459
3461
3463
3464
3465
3467
3469
3470
3471
3588
3589
3590
3591
3593
3594
3595
3596
3597
3598
3601
3602
3603
3603
3603
3603
1623
1637
1638
1639
1641
1643
1644
1645
1647
1649
1650
1651
1653
1655
1656
1657
3413
3427
3428
3429
3431
3433
3434
3435
3437
3439
3440
3441
3443
3445
3446
3447
3588
3589
3590
3591
3593
3594
3595
3596
3597
3598
3599
3600
3601
3601
3601
3601
1594
1595
1596
1598
1600
1601
1602
1604
1612
1613
1614
1615
1618
1619
1620
1621
3384
3385
3386
3388
3390
3391
3392
3394
3402
3403
3404
3405
3408
3409
3410
3411
3588
3589
3590
3591
3593
3594
3595
3596
3597
3598
3599
3599
3599
3599
3599
3599
1552
1553
1554
1569
1570
1571
1572
1574
1582
1583
1584
1586
1588
1589
1590
1592
3359
3360
3361
3362
3364
3372
3373
3374
3376
3378
3379
3380
3382
3562
3563
3564
3578
3579
3580
3587
3588
3589
3590
3591
3592
3593
3594
3595
3595
3595
3595
3595
1528
1529
1530
1532
1534
1535
1536
1538
1540
1541
1542
1544
1546
1547
1548
1550
3530
3531
3532
3539
3540
3541
3542
3545
3546
3547
3548
3555
3556
3557
3558
3561
3571
3572
3573
3574
3575
3577
3578
3579
3580
3581
3585
3586
3587
3587
3587
3587
1492
1493
1494
1508
1510
1511
1512
1514
1516
1517
1518
1520
1522
1523
1524
1526
3498
3499
3500
3507
3508
3509
3510
3513
3514
3515
3516
3523
3524
3525
3526
3529
3571
3572
3573
3574
3575
3577
3579
3580
3581
3583
3584
3585
3585
3585
3585
3585
1462
1463
1465
1466
1467
1469
1477
1479
1480
1481
1482
1485
1486
1487
1488
1491
3388
3389
3390
3391
3392
3394
3401
3402
3403
3404
3405
3491
3492
3493
3494
3497
3571
3572
3573
3574
3575
3576
3578
3580
3581
3582
3583
3583
3583
3583
3583
3583
1432
1434
1442
1444
1445
1446
1448
1449
1451
1452
1453
1455
1456
1458
1459
1460
3368
3370
3371
3372
3373
3374
3376
3377
3378
3379
3380
3382
3383
3384
3385
3386
3571
3572
3573
3574
3575
3576
3577
3578
3579
3580
3580
3580
3580
3580
3580
3580
1269
1270
1272
1273
1275
1276
1278
1279
1281
1282
1284
1285
1287
1429
1430
1431
3365
3366
3367
3442
3444
3445
3446
3448
3450
3451
3452
3454
3456
3457
3458
3460
3555
3556
3557
3559
3561
3562
3563
3564
3565
3569
3570
3572
3573
3574
3577
3577
1233
1235
1236
1237
1239
1252
1254
1255
1257
1258
1260
1261
1263
1264
1266
1267
3418
3420
3421
3422
3424
3426
3427
3428
3430
3432
3433
3434
3436
3438
3439
3440
3555
3556
3557
3558
3559
3561
3562
3563
3564
3565
3567
3568
3569
3569
3569
3569
1203
1205
1206
1208
1215
1217
1218
1219
1221
1223
1224
1225
1227
1229
1230
1231
3383
3384
3385
3387
3395
3396
3397
3398
3407
3408
3409
3410
3412
3414
3415
3416
3555
3556
3557
3558
3559
3561
3562
3563
3564
3565
3566
3567
3567
3567
3567
3567
1174
1175
1176
1178
1180
1181
1182
1184
1191
1193
1194
1196
1197
1199
1200
1202
3359
3360
3361
3363
3365
3366
3367
3369
3371
3372
3373
3375
3377
3378
3379
3381
3555
3556
3557
3558
3559
3560
3561
3562
3563
3563
3563
3563
3563
3563
3563
3563
1138
1139
1141
1142
1144
1145
1147
1148
1150
1151
1153
1154
1156
1157
1159
1172
3358
3439
3441
3442
3444
3445
3447
3448
3462
3463
3464
3466
3468
3469
3470
3472
3539
3540
3541
3542
3543
3545
3546
3547
3548
3549
3553
3554
3555
3560
3560
3560
1102
1103
1105
1107
1108
1109
1111
1124
1126
1127
1129
1130
1132
1133
1135
1136
3415
3417
3418
3420
3421
3423
3424
3426
3427
3429
3430
3432
3433
3435
3436
3438
3539
3541
3542
3543
3545
3546
3547
3548
3549
3551
3552
3553
3553
3553
3553
3553
1072
1074
1075
1077
1078
1080
1087
1089
1090
1091
1093
1095
1096
1097
1099
1101
3380
3381
3389
3390
3391
3393
3395
3396
3397
3399
3407
3408
3409
3411
3412
3414
3539
3540
3541
3542
3543
3545
3546
3547
3548
3549
3550
3551
3551
3551
3551
3551
1031
1044
1046
1047
1048
1050
1052
1053
1054
1056
1063
1065
1066
1068
1069
1071
3358
3359
3360
3362
3363
3365
3366
3368
3369
3371
3372
3374
3375
3377
3378
3472
3533
3538
3539
3540
3541
3542
3543
3544
3545
3546
3547
3547
3547
3547
3547
3547
1007
1008
1010
1011
1013
1014
1016
1017
1019
1020
1022
1023
1025
1026
1028
1029
3436
3450
3451
3453
3454
3456
3457
3459
3460
3462
3463
3465
3466
3468
3469
3471
3523
3524
3525
3526
3527
3529
3530
3531
3532
3533
3536
3537
3538
3538
3538
3538
971
973
974
975
977
979
980
981
983
996
998
999
1001
1002
1004
1005
3412
3414
3416
3417
3418
3420
3422
3423
3424
3426
3428
3429
3430
3432
3434
3435
3523
3524
3525
3526
3527
3529
3530
3531
3532
3533
3534
3535
3536
3536
3536
3536
941
943
944
946
947
949
950
952
959
961
962
963
965
967
968
969
3383
3384
3386
3387
3389
3390
3392
3393
3395
3396
3398
3399
3407
3408
3410
3411
3523
3524
3525
3526
3527
3529
3530
3531
3532
3533
3534
3534
3534
3534
3534
3534
900
901
903
916
918
919
920
922
924
925
926
928
935
937
938
940
3358
3359
3361
3362
3363
3365
3367
3368
3369
3371
3373
3374
3375
3470
3471
3472
3514
3515
3517
3522
3523
3524
3525
3526
3527
3528
3529
3530
3530
3530
3530
3530
876
877
879
880
882
883
885
886
888
889
891
892
894
895
897
898
3446
3447
3448
3450
3452
3453
3454
3456
3458
3459
3460
3462
3464
3465
3466
3468
3507
3508
3509
3510
3511
3513
3514
3515
3516
3517
3520
3521
3522
3522
3522
3522
840
841
843
845
846
847
849
851
852
853
855
868
870
871
873
874
3410
3411
3412
3415
3416
3417
3418
3421
3422
3423
3424
3438
3440
3441
3442
3444
3507
3508
3509
3510
3511
3513
3514
3515
3516
3517
3518
3519
3520
3520
3520
3520
810
812
813
815
816
818
819
821
822
824
831
833
834
835
837
839
3380
3381
3383
3385
3386
3387
3389
3391
3392
3393
3395
3397
3398
3399
3407
3409
3507
3508
3509
3510
3511
3513
3514
3515
3516
3517
3518
3518
3518
3518
3518
3518
641
643
644
645
647
788
790
791
792
794
796
797
798
800
807
809
3358
3360
3361
3362
3363
3366
3367
3368
3369
3377
3379
3466
3469
3470
3471
3472
3495
3497
3498
3499
3501
3506
3507
3508
3509
3510
3511
3512
3513
3514
3514
3514
617
619
620
621
623
625
626
627
629
631
632
633
635
637
638
639
3442
3445
3446
3447
3448
3451
3452
3453
3454
3457
3458
3459
3460
3463
3464
3465
3491
3492
3493
3494
3495
3497
3498
3499
3500
3501
3504
3505
3506
3506
3506
3506
582
583
584
585
587
601
602
603
605
607
608
609
611
613
614
615
3408
3409
3410
3411
3412
3427
3428
3429
3430
3433
3434
3435
3436
3439
3440
3441
3491
3492
3493
3494
3495
3497
3498
3499
3500
3501
3502
3503
3504
3504
3504
3504
552
553
554
556
558
559
560
562
564
565
566
568
576
577
578
579
3378
3379
3380
3381
3384
3385
3386
3387
3390
3391
3392
3393
3396
3397
3398
3399
3491
3492
3493
3494
3495
3498
3499
3500
3501
3501
3501
3501
3501
3501
3501
3501
454
455
456
458
460
461
462
533
534
535
536
538
546
547
548
550
3359
3360
3361
3362
3363
3372
3373
3374
3375
3463
3464
3465
3468
3469
3470
3471
3475
3476
3477
3480
3481
3482
3483
3490
3491
3492
3493
3494
3495
3496
3497
3497
430
431
432
434
436
437
438
440
442
443
444
446
448
449
450
452
3439
3440
3441
3444
3445
3446
3447
3450
3451
3452
3453
3456
3457
3458
3459
3462
3474
3475
3476
3477
3478
3480
3481
3482
3483
3484
3488
3489
3490
3490
3490
3490
394
395
396
399
400
401
402
416
418
419
420
422
424
425
426
428
3415
3416
3417
3420
3421
3422
3423
3426
3427
3428
3429
3432
3433
3434
3435
3438
3474
3476
3477
3478
3480
3481
3482
3483
3484
3486
3487
3488
3488
3488
3488
3488
364
365
367
369
370
371
373
375
376
377
385
387
388
389
390
393
3379
3380
3383
3384
3385
3386
3389
3390
3391
3392
3407
3408
3409
3410
3411
3414
3474
3475
3476
3477
3478
3480
3481
3482
3483
3484
3485
3486
3486
3486
3486
3486
335
336
338
339
340
341
344
345
346
347
355
357
358
359
361
363
3358
3359
3360
3361
3362
3365
3366
3367
3368
3371
3372
3373
3374
3377
3378
3406
3466
3473
3474
3475
3476
3477
3478
3479
3480
3481
3482
3482
3482
3482
3482
3482
306
307
308
310
311
313
314
322
324
325
326
328
329
331
332
333
3381
3382
3383
3384
3385
3387
3388
3395
3396
3397
3398
3400
3401
3402
3403
3404
3462
3463
3464
3465
3466
3467
3470
3471
3472
3473
3473
3473
3473
3473
3473
3473
276
277
279
281
282
283
285
286
294
296
297
299
300
301
303
304
3365
3366
3367
3369
3370
3371
3372
3373
3375
3376
3377
3378
3379
3403
3405
3406
3452
3453
3454
3461
3462
3463
3464
3465
3466
3467
3468
3469
3470
3470
3470
3470
247
248
250
251
252
254
255
257
258
266
268
269
270
272
273
275
3378
3380
3381
3382
3389
3390
3391
3393
3394
3395
3396
3397
3399
3400
3401
3402
3450
3451
3452
3453
3454
3455
3458
3459
3460
3461
3461
3461
3461
3461
3461
3461
217
219
220
221
223
225
226
227
229
230
238
240
241
243
244
245
3365
3366
3368
3369
3370
3371
3372
3374
3375
3376
3377
3401
3402
3404
3405
3406
3438
3439
3440
3441
3442
3449
3450
3451
3452
3453
3454
3455
3456
3457
3458
3458
188
189
191
192
194
195
196
198
199
201
202
210
212
213
214
216
3376
3383
3384
3386
3387
3388
3389
3390
3392
3393
3394
3395
3396
3398
3399
3400
3438
3439
3440
3441
3442
3443
3445
3446
3447
3448
3448
3448
3448
3448
3448
3448
158
160
161
163
164
165
167
169
170
171
173
174
182
184
185
187
3365
3367
3368
3369
3370
3371
3373
3374
3375
3399
3400
3401
3403
3404
3405
3406
3426
3427
3428
3429
3430
3431
3436
3437
3438
3439
3440
3441
3442
3443
3444
3445
129
131
132
133
135
136
138
139
140
142
143
145
146
154
156
157
3380
3381
3382
3383
3385
3386
3387
3388
3389
3391
3392
3393
3394
3395
3397
3398
3426
3427
3428
3429
3430
3431
3433
3434
3435
3436
3436
3436
3436
3436
3436
3436
44
45
46
48
50
51
52
53
55
113
114
115
117
118
126
128
3366
3367
3368
3369
3370
3377
3379
3397
3398
3399
3400
3402
3403
3404
3405
3406
3414
3415
3416
3417
3418
3419
3424
3425
3426
3427
3428
3429
3430
3431
3432
3433
15
16
17
19
20
22
23
24
26
27
29
30
31
33
34
43
3378
3379
3380
3381
3382
3384
3385
3386
3387
3388
3390
3391
3392
3393
3394
3396
3414
3415
3416
3417
3418
3419
3421
3422
3423
3424
3424
3424
3424
3424
3424
3424
8
9
10
12
13
2995
2996
2997
2999
3001
3002
3003
3005
3007
3008
3009
3245
3246
3247
3250
3251
3252
3253
3256
3257
3258
3259
3338
3339
3340
3342
3344
3345
3346
3349
3350
3351
3352
3357
3372
3373
3374
3375
3376
3415
3416
3417
3418
3419
3420
3420
3420
3420
3420
3420
3420
3420
3420
3420
3420
3420
3420
3420
3420
2969
2971
2973
2974
2975
2978
2979
2980
2982
2984
2985
2986
2988
2990
2991
2992
3206
3208
3209
3210
3212
3213
3214
3216
3218
3219
3220
3222
3224
3225
3226
3228
3338
3339
3341
3342
3344
3345
3347
3349
3350
3351
3352
3353
3355
3356
3356
3356
2945
2946
2948
2950
2951
2952
2954
2956
2957
2958
2961
2962
2963
2965
2967
2968
3182
3184
3186
3187
3188
3190
3192
3193
3194
3196
3197
3198
3200
3202
3203
3204
3338
3340
3341
3342
3344
3345
3346
3347
3349
3351
3352
3353
3354
3355
3355
3355
2892
2893
2895
2897
2898
2899
2901
2903
2904
2905
2907
2909
2910
2911
2913
2944
3129
3131
3133
3134
3135
3137
3139
3152
3153
3154
3157
3158
3159
3160
3163
3181
3338
3339
3340
3341
3343
3344
3345
3346
3347
3348
3352
3353
3354
3354
3354
3354
2868
2869
2871
2873
2874
2875
2877
2879
2880
2881
2883
2885
2886
2887
2889
2891
3105
3107
3109
3110
3111
3113
3115
3116
3117
3119
3121
3122
3123
3125
3127
3128
3338
3340
3341
3343
3344
3345
3346
3347
3348
3350
3351
3352
3352
3352
3352
3352
2826
2828
2830
2831
2832
2834
2842
2843
2844
2845
2848
2849
2850
2851
2853
2867
3070
3072
3079
3080
3081
3084
3091
3092
3093
3095
3097
3098
3099
3101
3103
3104
3338
3339
3340
3341
3343
3344
3345
3346
3347
3348
3349
3350
3350
3350
3350
3350
2469
2799
2800
2801
2802
2804
2812
2813
2814
2816
2818
2819
2820
2822
2824
2825
3048
3049
3050
3052
3054
3055
3056
3058
3060
3061
3062
3064
3066
3067
3068
3260
3332
3337
3338
3339
3340
3341
3342
3343
3344
3345
3346
3346
3346
3346
3346
3346
2445
2446
2448
2450
2451
2452
2455
2456
2457
2459
2461
2462
2463
2465
2467
2468
3236
3238
3240
3241
3242
3244
3245
3246
3248
3250
3251
3252
3254
3256
3257
3258
3318
3319
3320
3322
3324
3325
3326
3327
3329
3330
3331
3333
3336
3337
3337
3337
2421
2422
2423
2425
2427
2428
2429
2431
2433
2434
2435
2438
2439
2440
2442
2444
3197
3199
3200
3202
3203
3205
3206
3208
3209
3211
3212
3229
3230
3232
3234
3235
3318
3319
3320
3321
3322
3324
3326
3327
3329
3330
3332
3333
3335
3336
3336
3336
2367
2369
2370
2371
2373
2404
2405
2406
2408
2410
2411
2412
2414
2416
2417
2418
3157
3158
3159
3161
3163
3181
3183
3184
3186
3187
3189
3190
3192
3193
3195
3196
3319
3320
3321
3322
3323
3324
3325
3326
3327
3328
3329
3331
3332
3333
3334
3334
2343
2345
2346
2347
2349
2351
2352
2353
2355
2357
2358
2359
2361
2363
2364
2365
3121
3122
3124
3125
3127
3140
3141
3143
3145
3146
3147
3149
3151
3152
3153
3155
3318
3319
3320
3321
3323
3324
3325
3326
3327
3328
3331
3332
3333
3333
3333
3333
2308
2309
2310
2311
2313
2327
2328
2329
2331
2333
2334
2335
2337
2339
2340
2341
3097
3098
3100
3101
3103
3104
3106
3107
3109
3110
3112
3113
3115
3116
3118
3119
3318
3319
3320
3321
3323
3324
3325
3326
3327
3328
3329
3330
3331
3331
3331
3331
2278
2279
2280
2282
2284
2285
2286
2288
2290
2291
2292
2294
2302
2303
2304
2305
3061
3063
3064
3066
3073
3074
3076
3078
3079
3080
3082
3084
3091
3092
3094
3095
3318
3319
3320
3321
3323
3325
3326
3327
3328
3328
3328
3328
3328
3328
3328
3328
2231
2232
2233
2235
2237
2238
2239
2259
2260
2261
2262
2264
2272
2273
2274
2276
3048
3049
3051
3052
3054
3055
3057
3058
3060
3251
3253
3254
3256
3257
3259
3260
3304
3305
3306
3309
3310
3311
3312
3317
3318
3319
3320
3321
3322
3323
3324
3324
2205
2208
2209
2210
2212
2214
2215
2216
2218
2220
2221
2222
2225
2226
2227
2229
3228
3229
3231
3232
3234
3235
3237
3238
3240
3241
3243
3244
3245
3247
3248
3250
3298
3299
3300
3301
3302
3304
3305
3307
3309
3310
3311
3313
3315
3316
3317
3317
2181
2182
2184
2186
2187
2188
2191
2192
2193
2195
2197
2198
2199
2201
2203
2204
3189
3190
3192
3194
3195
3196
3213
3215
3216
3218
3219
3221
3222
3224
3225
3227
3298
3300
3301
3302
3304
3306
3307
3309
3310
3311
3312
3313
3314
3315
3315
3315
2128
2129
2131
2133
2134
2135
2137
2139
2140
2141
2143
2174
2175
2176
2178
2180
3148
3149
3151
3152
3154
3155
3157
3158
3160
3161
3163
3182
3183
3184
3186
3188
3298
3299
3300
3301
3302
3303
3304
3305
3306
3307
3308
3312
3313
3314
3314
3314
2104
2105
2107
2109
2110
2111
2113
2115
2116
2117
2119
2121
2122
2123
2125
2127
3112
3113
3115
3128
3130
3131
3133
3134
3136
3137
3139
3140
3142
3143
3145
3146
3298
3299
3300
3301
3303
3304
3306
3307
3308
3310
3311
3312
3312
3312
3312
3312
2062
2064
2072
2073
2074
2075
2078
2079
2080
2081
2083
2097
2098
2099
2101
2103
3082
3084
3091
3093
3094
3095
3097
3099
3100
3101
3103
3105
3106
3107
3109
3111
3298
3299
3300
3301
3303
3304
3305
3306
3307
3308
3309
3310
3310
3310
3310
3310
2032
2034
2042
2043
2044
2046
2048
2049
2050
2052
2054
2055
2056
2058
2060
2061
3052
3054
3056
3057
3058
3060
3067
3069
3070
3072
3073
3075
3076
3078
3079
3081
3298
3299
3300
3301
3302
3303
3304
3305
3306
3307
3307
3307
3307
3307
3307
3307
1991
1992
1995
1996
1997
1999
2001
2002
2003
2005
2007
2008
2009
2029
2030
2031
3048
3050
3051
3243
3244
3246
3247
3248
3250
3252
3253
3254
3256
3258
3259
3260
3278
3279
3280
3282
3284
3285
3286
3289
3290
3291
3292
3293
3296
3297
3298
3299
3300
3302
3302
3302
3302
3302
3302
3302
3302
3302
3302
3302
3302
3302
3302
3302
1967
1968
1969
1971
1973
1974
1975
1978
1979
1980
1982
1984
1985
1986
1988
1990
3220
3221
3222
3224
3226
3227
3228
3230
3231
3232
3234
3236
3237
3238
3240
3242
3278
3279
3281
3282
3284
3285
3286
3287
3289
3290
3292
3293
3295
3296
3296
3296
1913
1944
1945
1946
1948
1950
1951
1952
1954
1956
1957
1958
1961
1962
1963
1965
3163
3198
3199
3200
3202
3204
3205
3206
3208
3210
3211
3212
3214
3215
3216
3218
3278
3279
3280
3281
3282
3285
3286
3287
3288
3289
3291
3292
3293
3294
3295
3295
1889
1891
1892
1893
1895
1897
1898
1899
1901
1903
1904
1905
1907
1909
1910
1911
3139
3141
3142
3143
3145
3147
3148
3149
3151
3153
3154
3155
3157
3159
3160
3161
3278
3279
3280
3281
3283
3284
3285
3286
3287
3288
3291
3292
3293
3293
3293
3293
1853
1867
1868
1869
1871
1873
1874
1875
1877
1879
1880
1881
1883
1885
1886
1887
3103
3117
3118
3119
3121
3123
3124
3125
3127
3129
3130
3131
3133
3135
3136
3137
3278
3279
3280
3281
3283
3284
3285
3286
3287
3288
3289
3290
3291
3291
3291
3291
1824
1825
1826
1828
1830
1831
1832
1834
1842
1843
1844
1845
1848
1849
1850
1851
3074
3075
3076
3078
3080
3081
3082
3084
3092
3093
3094
3095
3098
3099
3100
3101
3278
3279
3280
3281
3283
3284
3285
3286
3287
3288
3289
3289
3289
3289
3289
3289
1552
1553
1554
1799
1800
1801
1802
1804
1812
1813
1814
1816
1818
1819
1820
1822
3049
3050
3051
3052
3054
3062
3063
3064
3066
3068
3069
3070
3072
3252
3253
3254
3268
3269
3270
3277
3278
3279
3280
3281
3282
3283
3284
3285
3285
3285
3285
3285
1528
1529
1530
1533
1534
1535
1536
1539
1540
1541
1542
1545
1546
1547
1548
1551
3220
3221
3222
3229
3230
3231
3232
3235
3236
3237
3238
3245
3246
3247
3248
3251
3261
3262
3263
3264
3265
3267
3268
3269
3270
3271
3275
3276
3277
3277
3277
3277
1504
1505
1506
1509
1510
1511
1512
1515
1516
1517
1518
1521
1522
1523
1524
1527
3188
3189
3190
3197
3198
3199
3200
3203
3204
3205
3206
3213
3214
3215
3216
3219
3261
3262
3263
3264
3265
3267
3269
3270
3271
3273
3274
3275
3275
3275
3275
3275
1462
1464
1465
1466
1467
1469
1478
1479
1480
1481
1482
1497
1498
1499
1500
1503
3078
3079
3080
3081
3082
3084
3091
3092
3093
3094
3095
3181
3182
3183
3184
3187
3261
3262
3263
3264
3265
3266
3268
3270
3271
3272
3273
3273
3273
3273
3273
3273
1439
1441
1443
1444
1445
1446
1448
1450
1451
1452
1453
1455
1457
1458
1459
1460
3058
3060
3061
3062
3063
3064
3066
3067
3068
3069
3070
3072
3073
3074
3075
3076
3261
3262
3263
3264
3265
3266
3267
3268
3269
3270
3270
3270
3270
3270
3270
3270
1269
1271
1272
1273
1275
1277
1278
1279
1281
1283
1284
1285
1287
1436
1437
1438
3055
3056
3057
3132
3134
3135
3136
3138
3140
3141
3142
3144
3146
3147
3148
3150
3245
3246
3247
3249
3251
3252
3253
3254
3255
3259
3260
3262
3263
3264
3267
3267
1245
1247
1248
1249
1251
1253
1254
1255
1257
1259
1260
1261
1263
1265
1266
1267
3108
3110
3111
3112
3114
3116
3117
3118
3120
3122
3123
3124
3126
3128
3129
3130
3245
3246
3247
3248
3249
3251
3252
3253
3254
3255
3257
3258
3259
3259
3259
3259
1204
1205
1206
1208
1216
1217
1218
1219
1222
1223
1224
1225
1227
1241
1242
1243
3073
3074
3075
3077
3085
3086
3087
3088
3097
3098
3099
3100
3102
3104
3105
3106
3245
3246
3247
3248
3249
3251
3252
3253
3254
3255
3256
3257
3257
3257
3257
3257
1174
1175
1176
1178
1186
1187
1188
1190
1192
1193
1194
1196
1198
1199
1200
1202
3049
3050
3051
3053
3055
3056
3057
3059
3061
3062
3063
3065
3067
3068
3069
3071
3245
3246
3247
3248
3249
3250
3251
3252
3253
3253
3253
3253
3253
3253
3253
3253
1138
1139
1141
1143
1144
1145
1147
1149
1150
1151
1153
1155
1156
1157
1159
1173
3048
3129
3131
3132
3134
3135
3137
3138
3152
3153
3154
3156
3158
3159
3160
3162
3229
3230
3231
3232
3233
3235
3236
3237
3238
3239
3243
3244
3245
3250
3250
3250
1114
1115
1117
1119
1120
1121
1123
1125
1126
1127
1129
1131
1132
1133
1135
1137
3105
3107
3108
3110
3111
3113
3114
3116
3117
3119
3120
3122
3123
3125
3126
3128
3229
3231
3232
3233
3235
3236
3237
3238
3239
3241
3242
3243
3243
3243
3243
3243
1072
1074
1076
1077
1078
1080
1088
1089
1090
1091
1094
1095
1096
1097
1099
1113
3070
3071
3079
3080
3081
3083
3085
3086
3087
3089
3097
3098
3099
3101
3102
3104
3229
3230
3231
3232
3233
3235
3236
3237
3238
3239
3240
3241
3241
3241
3241
3241
1031
1045
1046
1047
1048
1050
1058
1059
1060
1062
1064
1065
1066
1068
1070
1071
3048
3049
3050
3052
3053
3055
3056
3058
3059
3061
3062
3064
3065
3067
3068
3162
3223
3228
3229
3230
3231
3232
3233
3234
3235
3236
3237
3237
3237
3237
3237
3237
1007
1009
1010
1011
1013
1015
1016
1017
1019
1021
1022
1023
1025
1027
1028
1029
3126
3140
3141
3143
3144
3146
3147
3149
3150
3152
3153
3155
3156
3158
3159
3161
3213
3214
3215
3216
3217
3219
3220
3221
3222
3223
3226
3227
3228
3228
3228
3228
971
985
986
987
989
991
992
993
995
997
998
999
1001
1003
1004
1005
3102
3104
3106
3107
3108
3110
3112
3113
3114
3116
3118
3119
3120
3122
3124
3125
3213
3214
3215
3216
3217
3219
3220
3221
3222
3223
3224
3225
3226
3226
3226
3226
942
943
944
946
948
949
950
952
960
961
962
963
966
967
968
969
3073
3074
3076
3077
3079
3080
3082
3083
3085
3086
3088
3089
3097
3098
3100
3101
3213
3214
3215
3216
3217
3219
3220
3221
3222
3223
3224
3224
3224
3224
3224
3224
900
901
903
917
918
919
920
922
930
931
932
934
936
937
938
940
3048
3049
3051
3052
3053
3055
3057
3058
3059
3061
3063
3064
3065
3160
3161
3162
3204
3205
3207
3212
3213
3214
3215
3216
3217
3218
3219
3220
3220
3220
3220
3220
876
877
879
881
882
883
885
887
888
889
891
893
894
895
897
899
3136
3137
3138
3140
3142
3143
3144
3146
3148
3149
3150
3152
3154
3155
3156
3158
3197
3198
3199
3200
3201
3203
3204
3205
3206
3207
3210
3211
3212
3212
3212
3212
840
841
843
857
858
859
861
863
864
865
867
869
870
871
873
875
3100
3101
3102
3105
3106
3107
3108
3111
3112
3113
3114
3128
3130
3131
3132
3134
3197
3198
3199
3200
3201
3203
3204
3205
3206
3207
3208
3209
3210
3210
3210
3210
810
812
814
815
816
818
820
821
822
824
832
833
834
835
838
839
3070
3071
3073
3075
3076
3077
3079
3081
3082
3083
3085
3087
3088
3089
3097
3099
3197
3198
3199
3200
3201
3203
3204
3205
3206
3207
3208
3208
3208
3208
3208
3208
769
771
772
773
775
789
790
791
792
794
802
803
804
806
808
809
3048
3050
3051
3052
3053
3056
3057
3058
3059
3067
3069
3156
3159
3160
3161
3162
3185
3187
3188
3189
3191
3196
3197
3198
3199
3200
3201
3202
3203
3204
3204
3204
745
747
748
749
751
753
754
755
757
759
760
761
763
765
766
767
3132
3135
3136
3137
3138
3141
3142
3143
3144
3147
3148
3149
3150
3153
3154
3155
3181
3182
3183
3184
3185
3187
3188
3189
3190
3191
3194
3195
3196
3196
3196
3196
710
711
712
713
715
729
730
731
733
735
736
737
739
741
742
743
3098
3099
3100
3101
3102
3117
3118
3119
3120
3123
3124
3125
3126
3129
3130
3131
3181
3182
3183
3184
3185
3187
3188
3189
3190
3191
3192
3193
3194
3194
3194
3194
680
681
682
684
686
687
688
690
692
693
694
696
704
705
706
707
3068
3069
3070
3071
3074
3075
3076
3077
3080
3081
3082
3083
3086
3087
3088
3089
3181
3182
3183
3184
3185
3188
3189
3190
3191
3191
3191
3191
3191
3191
3191
3191
454
455
456
459
460
461
462
661
662
663
664
666
674
675
676
678
3049
3050
3051
3052
3053
3062
3063
3064
3065
3153
3154
3155
3158
3159
3160
3161
3165
3166
3167
3170
3171
3172
3173
3180
3181
3182
3183
3184
3185
3186
3187
3187
430
431
432
435
436
437
438
441
442
443
444
447
448
449
450
453
3129
3130
3131
3134
3135
3136
3137
3140
3141
3142
3143
3146
3147
3148
3149
3152
3164
3165
3166
3167
3168
3170
3171
3172
3173
3174
3178
3179
3180
3180
3180
3180
406
407
408
411
412
413
414
417
418
419
420
423
424
425
426
429
3105
3106
3107
3110
3111
3112
3113
3116
3117
3118
3119
3122
3123
3124
3125
3128
3164
3166
3167
3168
3170
3171
3172
3173
3174
3176
3177
3178
3178
3178
3178
3178
364
365
368
369
370
371
374
375
376
377
386
387
388
389
390
405
3069
3070
3073
3074
3075
3076
3079
3080
3081
3082
3097
3098
3099
3100
3101
3104
3164
3165
3166
3167
3168
3170
3171
3172
3173
3174
3175
3176
3176
3176
3176
3176
335
337
338
339
340
341
350
351
352
353
356
357
358
359
362
363
3048
3049
3050
3051
3052
3055
3056
3057
3058
3061
3062
3063
3064
3067
3068
3096
3156
3163
3164
3165
3166
3167
3168
3169
3170
3171
3172
3172
3172
3172
3172
3172
306
307
309
310
311
313
314
323
324
325
326
328
330
331
332
333
3071
3072
3073
3074
3075
3077
3078
3085
3086
3087
3088
3090
3091
3092
3093
3094
3152
3153
3154
3155
3156
3157
3160
3161
3162
3163
3163
3163
3163
3163
3163
3163
276
277
279
288
289
290
292
293
295
296
297
299
300
302
303
304
3055
3056
3057
3059
3060
3061
3062
3063
3065
3066
3067
3068
3069
3093
3095
3096
3142
3143
3144
3151
3152
3153
3154
3155
3156
3157
3158
3159
3160
3160
3160
3160
247
248
250
251
253
254
255
257
258
267
268
269
270
272
274
275
3068
3070
3071
3072
3079
3080
3081
3083
3084
3085
3086
3087
3089
3090
3091
3092
3140
3141
3142
3143
3144
3145
3148
3149
3150
3151
3151
3151
3151
3151
3151
3151
218
219
220
221
223
232
233
234
236
237
239
240
241
243
244
246
3055
3056
3058
3059
3060
3061
3062
3064
3065
3066
3067
3091
3092
3094
3095
3096
3128
3129
3130
3131
3132
3139
3140
3141
3142
3143
3144
3145
3146
3147
3148
3148
188
190
191
192
194
195
197
198
199
201
202
211
212
213
214
216
3066
3073
3074
3076
3077
3078
3079
3080
3082
3083
3084
3085
3086
3088
3089
3090
3128
3129
3130
3131
3132
3133
3135
3136
3137
3138
3138
3138
3138
3138
3138
3138
158
160
162
163
164
165
167
176
177
178
180
181
183
184
185
187
3055
3057
3058
3059
3060
3061
3063
3064
3065
3089
3090
3091
3093
3094
3095
3096
3116
3117
3118
3119
3120
3121
3126
3127
3128
3129
3130
3131
3132
3133
3134
3135
129
131
132
134
135
136
138
139
141
142
143
145
146
155
156
157
3070
3071
3072
3073
3075
3076
3077
3078
3079
3081
3082
3083
3084
3085
3087
3088
3116
3117
3118
3119
3120
3121
3123
3124
3125
3126
3126
3126
3126
3126
3126
3126
100
101
102
104
106
107
108
109
111
120
121
122
124
125
127
128
3056
3057
3058
3059
3060
3067
3069
3087
3088
3089
3090
3092
3093
3094
3095
3096
3104
3105
3106
3107
3108
3109
3114
3115
3116
3117
3118
3119
3120
3121
3122
3123
71
72
73
75
76
78
79
80
82
83
85
86
87
89
90
99
3068
3069
3070
3071
3072
3074
3075
3076
3077
3078
3080
3081
3082
3083
3084
3086
3104
3105
3106
3107
3108
3109
3111
3112
3113
3114
3114
3114
3114
3114
3114
3114
64
65
66
68
69
2669
2670
2671
2674
2675
2676
2677
2680
2681
2682
2683
2977
2978
2979
2982
2983
2984
2985
2988
2989
2990
2991
3028
3029
3030
3032
3034
3035
3036
3039
3040
3041
3042
3047
3062
3063
3064
3065
3066
3105
3106
3107
3108
3109
3110
3110
3110
3110
3110
3110
3110
3110
3110
3110
3110
3110
3110
3110
3110
2645
2648
2649
2650
2651
2653
2654
2655
2658
2659
2660
2661
2664
2665
2666
2667
2951
2954
2955
2956
2957
2960
2961
2962
2965
2966
2967
2968
2971
2972
2973
2974
3028
3029
3031
3032
3034
3035
3037
3039
3040
3041
3042
3043
3045
3046
3046
3046
2622
2623
2626
2627
2628
2629
2632
2633
2634
2635
2637
2638
2639
2642
2643
2644
2927
2928
2931
2932
2933
2934
2937
2938
2939
2940
2943
2944
2945
2948
2949
2950
3028
3030
3031
3032
3034
3035
3036
3037
3039
3041
3042
3043
3044
3045
3045
3045
2569
2570
2573
2574
2575
2576
2579
2580
2581
2582
2585
2586
2587
2588
2591
2621
2879
2880
2883
2884
2885
2886
2889
2890
2891
2892
2895
2896
2897
2898
2901
2926
3028
3029
3030
3031
3033
3034
3035
3036
3037
3038
3042
3043
3044
3044
3044
3044
2545
2546
2549
2550
2551
2552
2555
2556
2557
2558
2561
2562
2563
2564
2567
2568
2855
2856
2859
2860
2861
2862
2865
2866
2867
2868
2871
2872
2873
2874
2877
2878
3028
3030
3031
3033
3034
3035
3036
3037
3038
3040
3041
3042
3042
3042
3042
3042
2509
2512
2513
2514
2515
2518
2531
2532
2533
2534
2537
2538
2539
2540
2543
2544
2819
2822
2823
2824
2825
2828
2841
2842
2843
2844
2847
2848
2849
2850
2853
2854
3028
3029
3030
3031
3033
3034
3035
3036
3037
3038
3039
3040
3040
3040
3040
3040
1425
2488
2489
2490
2491
2494
2495
2496
2497
2500
2501
2502
2503
2506
2507
2508
2798
2799
2800
2801
2804
2805
2806
2807
2810
2811
2812
2813
2816
2817
2818
2911
3020
3027
3028
3029
3030
3031
3032
3033
3034
3035
3036
3036
3036
3036
3036
3036
1390
1392
1393
1394
1396
1398
1399
1400
1402
1416
1417
1418
1419
1422
1423
1424
2887
2890
2891
2892
2893
2896
2897
2898
2899
2902
2903
2904
2905
2908
2909
2910
3011
3012
3013
3014
3015
3017
3018
3019
3021
3025
3026
3027
3027
3027
3027
3027
1366
1368
1369
1370
1372
1374
1375
1376
1378
1380
1381
1382
1384
1386
1387
1388
2863
2866
2867
2868
2869
2872
2873
2874
2875
2878
2879
2880
2881
2884
2885
2886
3011
3012
3013
3014
3015
3017
3018
3019
3020
3021
3023
3024
3025
3025
3025
3025
1337
1338
1339
1340
1349
1350
1351
1352
1354
1356
1357
1358
1360
1362
1363
1364
2829
2830
2831
2832
2847
2848
2849
2850
2851
2854
2855
2856
2857
2860
2861
2862
3011
3012
3013
3014
3015
3017
3018
3019
3020
3021
3022
3023
3023
3023
3023
3023
1307
1308
1309
1311
1313
1314
1315
1317
1319
1320
1321
1323
1325
1326
1327
1329
2805
2806
2807
2808
2811
2812
2813
2814
2817
2818
2819
2820
2823
2824
2825
2826
3011
3012
3013
3014
3015
3017
3018
3019
3020
3020
3020
3020
3020
3020
3020
3020
1271
1272
1274
1288
1289
1290
1291
1294
1295
1296
1297
1300
1301
1302
1303
1305
2798
2799
2800
2801
2802
2897
2898
2900
2914
2915
2916
2917
2920
2921
2922
2923
2994
2995
2996
2997
3000
3001
3002
3003
3004
3009
3010
3011
3012
3013
3014
3015
3016
3016
3016
3016
3016
3016
3016
3016
3016
3016
3016
3016
3016
3016
3016
3016
1247
1248
1250
1252
1253
1254
1256
1258
1259
1260
1262
1264
1265
1266
1268
1270
2873
2874
2876
2878
2879
2880
2882
2884
2885
2886
2888
2890
2891
2892
2894
2896
2994
2995
2996
2997
2998
3000
3001
3002
3003
3004
3007
3008
3009
3009
3009
3009
1223
1224
1226
1228
1229
1230
1232
1234
1235
1236
1238
1240
1241
1242
1244
1246
2849
2850
2852
2854
2855
2856
2858
2860
2861
2862
2864
2866
2867
2868
2870
2872
2994
2995
2996
2997
2998
3000
3001
3002
3003
3004
3005
3006
3007
3007
3007
3007
1187
1189
1191
1192
1193
1195
1197
1198
1199
1201
1209
1210
1211
1212
1221
1222
2813
2815
2817
2818
2819
2821
2823
2824
2825
2827
2835
2836
2837
2838
2847
2848
2994
2995
2996
2997
2998
3000
3001
3002
3003
3004
3005
3005
3005
3005
3005
3005
1036
1038
1039
1040
1042
1172
1173
1174
1175
1177
1179
1180
1181
1183
1185
1186
2798
2799
2800
2801
2803
2805
2806
2807
2809
2811
2812
2918
2920
2921
2922
2924
2980
2983
2984
2985
2986
2993
2994
2995
2996
2997
2998
2999
3000
3001
3001
3001
1000
1002
1003
1005
1006
1020
1021
1022
1024
1026
1027
1028
1030
1032
1033
1034
2882
2884
2885
2887
2888
2902
2903
2904
2906
2908
2909
2910
2912
2914
2915
2916
2977
2978
2979
2981
2983
2984
2985
2986
2987
2991
2992
2993
2993
2993
2993
2993
976
978
979
981
982
984
985
987
988
990
991
993
994
996
997
999
2858
2860
2861
2863
2864
2866
2867
2869
2870
2872
2873
2875
2876
2878
2879
2881
2977
2978
2979
2980
2981
2983
2984
2985
2986
2987
2989
2990
2991
2991
2991
2991
947
948
949
951
953
954
955
957
965
966
967
969
970
972
973
975
2829
2830
2831
2833
2835
2836
2837
2839
2847
2848
2849
2851
2852
2854
2855
2857
2977
2978
2979
2980
2981
2983
2984
2985
2986
2987
2988
2989
2989
2989
2989
2989
917
918
920
921
923
924
926
927
929
930
932
933
935
936
938
939
2799
2800
2802
2803
2805
2806
2808
2809
2811
2812
2814
2815
2817
2818
2820
2821
2977
2978
2979
2980
2981
2982
2983
2984
2985
2985
2985
2985
2985
2985
2985
2985
893
894
896
898
899
900
902
904
905
906
908
910
911
912
914
916
2798
2903
2905
2906
2908
2909
2911
2912
2914
2915
2917
2918
2920
2921
2923
2924
2960
2961
2962
2963
2964
2966
2967
2968
2969
2970
2975
2976
2977
2982
2982
2982
857
859
860
862
863
865
866
868
869
871
872
874
875
877
878
892
2868
2869
2870
2872
2874
2875
2876
2890
2891
2893
2894
2896
2897
2899
2900
2902
2960
2961
2962
2963
2964
2966
2967
2968
2969
2970
2973
2974
2975
2975
2975
2975
827
829
837
838
839
841
842
844
845
847
848
850
851
853
854
856
2838
2839
2847
2848
2850
2851
2852
2854
2856
2857
2858
2860
2862
2863
2864
2866
2960
2961
2962
2963
2964
2966
2967
2968
2969
2970
2971
2972
2973
2973
2973
2973
798
799
801
802
804
805
807
808
810
811
819
820
821
823
825
826
2808
2809
2811
2813
2814
2815
2823
2824
2826
2827
2829
2830
2832
2833
2835
2836
2960
2961
2962
2963
2964
2966
2967
2968
2969
2970
2970
2970
2970
2970
2970
2970
774
776
777
778
780
782
783
784
786
788
789
790
792
793
795
796
2798
2799
2801
2802
2803
2805
2807
2912
2914
2916
2917
2918
2920
2922
2923
2924
2943
2944
2945
2946
2949
2950
2951
2952
2953
2958
2959
2960
2961
2962
2963
2964
2965
2966
2966
2966
2966
2966
2966
2966
2966
2966
2966
2966
2966
2966
2966
2966
738
740
741
743
744
746
747
749
750
764
765
766
768
770
771
772
2888
2890
2892
2893
2894
2896
2898
2899
2900
2902
2904
2905
2906
2908
2910
2911
2943
2944
2945
2946
2947
2949
2950
2951
2952
2953
2956
2957
2958
2958
2958
2958
714
716
717
719
720
722
723
725
726
728
729
731
732
734
735
737
2852
2855
2856
2857
2858
2861
2862
2863
2864
2878
2880
2881
2882
2884
2886
2887
2943
2944
2945
2946
2947
2949
2950
2951
2952
2953
2954
2955
2956
2956
2956
2956
679
680
682
683
691
692
693
695
697
698
699
701
709
710
711
713
2823
2825
2826
2827
2829
2831
2832
2833
2835
2837
2838
2839
2847
2849
2850
2851
2943
2944
2945
2946
2947
2949
2950
2951
2952
2953
2954
2954
2954
2954
2954
2954
655
656
658
660
661
662
664
665
667
668
670
671
673
674
676
677
2798
2800
2801
2802
2803
2806
2807
2808
2809
2817
2819
2820
2821
2922
2923
2924
2933
2934
2935
2942
2943
2944
2945
2946
2947
2948
2949
2950
2950
2950
2950
2950
619
621
622
636
637
638
640
642
643
644
646
648
649
650
652
654
2898
2899
2900
2903
2904
2905
2906
2909
2910
2911
2912
2915
2916
2917
2918
2921
2926
2927
2928
2929
2930
2932
2933
2934
2935
2936
2940
2941
2942
2942
2942
2942
595
597
598
600
601
603
604
606
607
609
610
612
613
615
616
618
2874
2875
2876
2879
2880
2881
2882
2885
2886
2887
2888
2891
2892
2893
2894
2897
2926
2927
2928
2929
2930
2932
2934
2935
2936
2938
2939
2940
2940
2940
2940
2940
565
567
569
570
571
573
581
582
583
585
586
588
589
591
592
594
2832
2833
2836
2837
2838
2839
2848
2849
2850
2851
2852
2867
2868
2869
2870
2873
2926
2927
2928
2929
2930
2932
2933
2934
2935
2936
2937
2938
2938
2938
2938
2938
536
537
539
540
542
543
545
546
548
549
551
552
554
555
563
564
2802
2803
2812
2813
2814
2815
2818
2819
2820
2821
2824
2825
2826
2827
2830
2831
2926
2927
2928
2929
2930
2931
2932
2933
2934
2935
2935
2935
2935
2935
2935
2935
487
489
491
499
500
501
502
505
513
514
515
516
518
532
533
534
2799
2800
2801
2825
2826
2828
2829
2830
2831
2832
2834
2841
2842
2843
2844
2845
2914
2915
2916
2917
2918
2919
2923
2924
2925
2926
2927
2928
2931
2931
2931
2931
465
466
468
470
471
472
473
475
477
478
479
480
482
484
485
486
2806
2807
2808
2810
2811
2812
2813
2814
2816
2817
2818
2819
2820
2822
2823
2824
2914
2915
2916
2917
2918
2919
2920
2921
2922
2923
2923
2923
2923
2923
2923
2923
301
302
303
305
307
315
316
317
318
321
329
330
331
332
334
464
2805
2823
2824
2825
2827
2828
2835
2836
2837
2838
2840
2841
2842
2843
2844
2846
2902
2903
2904
2905
2906
2907
2911
2912
2913
2915
2920
2920
2920
2920
2920
2920
222
280
281
282
284
286
287
288
289
291
293
294
295
296
298
300
2805
2806
2807
2809
2810
2811
2812
2813
2815
2816
2817
2818
2819
2821
2822
2846
2894
2901
2902
2903
2904
2905
2906
2907
2908
2909
2910
2910
2910
2910
2910
2910
186
188
196
197
198
200
202
203
204
205
207
209
217
218
219
221
2821
2822
2829
2830
2831
2833
2834
2835
2836
2837
2839
2840
2841
2842
2843
2845
2890
2891
2892
2893
2894
2895
2898
2899
2900
2901
2901
2901
2901
2901
2901
2901
163
165
166
168
169
171
172
174
175
176
178
179
181
182
183
185
2805
2806
2808
2809
2810
2811
2812
2814
2815
2816
2817
2818
2820
2844
2845
2846
2880
2881
2882
2889
2890
2891
2892
2893
2894
2895
2896
2897
2898
2898
2898
2898
127
129
130
132
140
141
142
144
146
147
148
149
151
153
161
162
2824
2826
2827
2828
2829
2830
2832
2833
2834
2835
2836
2838
2839
2840
2841
2842
2878
2879
2880
2881
2882
2883
2886
2887
2888
2889
2889
2889
2889
2889
2889
2889
105
106
107
109
110
112
113
115
116
118
119
120
122
123
125
126
2805
2807
2808
2809
2810
2811
2813
2814
2815
2816
2823
2841
2843
2844
2845
2846
2866
2867
2868
2869
2870
2877
2878
2879
2880
2881
2882
2883
2884
2885
2886
2886
69
70
71
73
74
76
84
85
86
88
90
91
92
93
95
97
2822
2823
2825
2826
2827
2828
2829
2831
2832
2833
2834
2835
2837
2838
2839
2840
2866
2867
2868
2869
2870
2871
2873
2874
2875
2876
2876
2876
2876
2876
2876
2876
39
41
49
50
51
53
54
56
57
59
60
62
63
64
66
67
2806
2807
2808
2809
2810
2817
2819
2820
2821
2839
2840
2842
2843
2844
2845
2846
2854
2855
2856
2857
2858
2859
2864
2865
2866
2867
2868
2869
2870
2871
2872
2873
10
11
13
14
15
17
18
20
28
29
30
32
34
35
36
37
2820
2821
2822
2824
2825
2826
2827
2828
2830
2831
2832
2833
2834
2836
2837
2838
2854
2855
2856
2857
2858
2859
2861
2862
2863
2864
2864
2864
2864
2864
2864
2864
0
1
3
4
6
7
8
2439
2442
2443
2444
2445
2448
2449
2450
2451
2687
2690
2691
2692
2693
2696
2697
2698
2699
2780
2782
2784
2785
2786
2789
2790
2791
2792
2797
2812
2813
2814
2815
2816
2818
2819
2854
2855
2856
2857
2858
2859
2860
2861
2861
2861
2861
2861
2861
2861
2861
2861
2861
2861
2861
2861
2861
2861
2415
2416
2417
2420
2421
2422
2425
2426
2427
2428
2431
2432
2433
2434
2437
2438
2649
2650
2652
2653
2654
2656
2658
2659
2660
2662
2664
2665
2666
2668
2685
2686
2778
2779
2781
2782
2784
2785
2787
2789
2790
2791
2792
2793
2795
2796
2797
2797
2391
2392
2393
2394
2397
2398
2399
2400
2403
2404
2405
2408
2409
2410
2411
2414
2626
2627
2628
2630
2632
2633
2634
2636
2637
2638
2640
2642
2643
2644
2646
2648
2778
2780
2781
2782
2784
2785
2786
2787
2789
2791
2792
2793
2794
2795
2795
2795
2343
2344
2345
2346
2349
2350
2351
2352
2355
2356
2357
2358
2361
2386
2387
2388
2573
2574
2575
2577
2579
2592
2593
2594
2597
2598
2599
2600
2603
2621
2622
2624
2778
2779
2780
2781
2783
2784
2785
2786
2787
2788
2792
2793
2794
2794
2794
2794
2319
2320
2321
2322
2325
2326
2327
2328
2331
2332
2333
2334
2337
2338
2339
2340
2549
2550
2551
2553
2555
2556
2557
2559
2561
2562
2563
2565
2567
2568
2569
2571
2778
2779
2780
2781
2783
2784
2785
2786
2787
2788
2790
2791
2792
2792
2792
2792
2283
2284
2285
2288
2301
2302
2303
2304
2307
2308
2309
2310
2313
2314
2315
2316
2519
2520
2521
2524
2531
2532
2533
2535
2537
2538
2539
2541
2543
2544
2545
2547
2778
2779
2780
2781
2783
2784
2785
2786
2787
2788
2789
2790
2790
2790
2790
2790
2259
2260
2261
2264
2265
2266
2267
2270
2271
2272
2273
2276
2277
2278
2279
2282
2489
2490
2492
2494
2495
2496
2498
2500
2501
2502
2504
2506
2507
2508
2510
2512
2778
2779
2780
2781
2782
2783
2784
2785
2786
2786
2786
2786
2786
2786
2786
2786
2201
2202
2203
2204
2207
2208
2209
2212
2213
2214
2215
2218
2219
2220
2221
2258
2488
2680
2681
2682
2684
2685
2686
2688
2690
2691
2692
2694
2696
2697
2698
2700
2758
2759
2760
2762
2764
2765
2766
2769
2770
2771
2772
2773
2776
2777
2778
2782
2175
2178
2179
2180
2181
2184
2185
2186
2187
2190
2191
2192
2195
2196
2197
2198
2640
2642
2643
2645
2646
2648
2649
2651
2652
2669
2670
2672
2674
2675
2676
2678
2758
2759
2761
2762
2764
2765
2766
2767
2769
2770
2772
2773
2775
2776
2776
2776
2127
2128
2131
2156
2157
2158
2161
2162
2163
2164
2167
2168
2169
2170
2173
2174
2599
2601
2603
2621
2623
2624
2626
2627
2629
2630
2632
2633
2635
2636
2637
2639
2758
2759
2760
2761
2762
2765
2766
2767
2768
2769
2771
2772
2773
2774
2775
2775
2103
2104
2107
2108
2109
2110
2113
2114
2115
2116
2119
2120
2121
2122
2125
2126
2564
2565
2567
2580
2581
2583
2585
2586
2587
2589
2591
2592
2593
2595
2597
2598
2758
2759
2760
2761
2763
2764
2765
2766
2767
2768
2771
2772
2773
2773
2773
2773
2079
2080
2083
2084
2085
2086
2089
2090
2091
2092
2095
2096
2097
2098
2101
2102
2540
2541
2543
2544
2546
2547
2549
2550
2552
2553
2555
2556
2558
2559
2561
2562
2758
2759
2760
2761
2763
2764
2765
2766
2767
2768
2769
2770
2771
2771
2771
2771
2043
2046
2047
2048
2049
2052
2053
2054
2055
2058
2071
2072
2073
2074
2077
2078
2504
2506
2513
2514
2516
2518
2519
2520
2522
2524
2531
2532
2534
2535
2537
2538
2758
2759
2760
2761
2763
2764
2765
2766
2767
2768
2769
2769
2769
2769
2769
2769
1985
1988
1989
1990
1991
2028
2029
2030
2031
2034
2035
2036
2037
2040
2041
2042
2488
2489
2491
2492
2494
2495
2497
2498
2500
2501
2503
2694
2696
2697
2699
2700
2746
2749
2750
2751
2752
2757
2758
2759
2760
2761
2762
2763
2764
2765
2765
2765
1961
1962
1965
1966
1967
1968
1971
1972
1973
1974
1977
1978
1979
1982
1983
1984
2671
2672
2674
2675
2677
2678
2680
2681
2683
2684
2685
2687
2688
2690
2691
2693
2738
2739
2740
2741
2742
2744
2745
2747
2749
2750
2751
2753
2756
2757
2757
2757
1937
1938
1939
1940
1943
1944
1945
1948
1949
1950
1951
1954
1955
1956
1957
1960
2632
2634
2635
2636
2653
2655
2656
2658
2659
2661
2662
2664
2665
2667
2668
2669
2738
2740
2741
2742
2744
2746
2747
2749
2750
2751
2752
2753
2754
2755
2756
2756
1889
1890
1891
1892
1895
1896
1897
1898
1901
1926
1927
1928
1931
1932
1933
1934
2591
2592
2594
2595
2597
2598
2600
2601
2603
2622
2623
2624
2626
2628
2629
2630
2738
2739
2740
2741
2742
2743
2744
2745
2746
2747
2748
2752
2753
2754
2754
2754
1865
1866
1867
1868
1871
1872
1873
1874
1877
1878
1879
1880
1883
1884
1885
1886
2555
2568
2570
2571
2573
2574
2576
2577
2579
2580
2582
2583
2585
2586
2588
2589
2738
2739
2740
2741
2743
2744
2745
2746
2747
2748
2750
2751
2752
2752
2752
2752
1841
1842
1843
1844
1847
1848
1849
1850
1853
1854
1855
1856
1859
1860
1861
1862
2531
2533
2534
2535
2537
2539
2540
2541
2543
2545
2546
2547
2549
2551
2552
2553
2738
2739
2740
2741
2743
2744
2745
2746
2747
2748
2749
2750
2750
2750
2750
2750
1805
1806
1807
1810
1811
1812
1813
1816
1817
1818
1819
1822
1823
1824
1825
1828
2496
2497
2498
2500
2507
2509
2510
2512
2513
2515
2516
2518
2519
2521
2522
2524
2738
2739
2740
2741
2743
2744
2745
2746
2747
2747
2747
2747
2747
2747
2747
2747
1747
1748
1749
1752
1753
1754
1755
1758
1759
1760
1761
1798
1799
1800
1801
1804
2488
2490
2491
2492
2494
2686
2687
2688
2690
2692
2693
2694
2696
2698
2699
2700
2718
2719
2720
2722
2724
2725
2726
2729
2730
2731
2732
2737
2738
2739
2740
2741
2742
2743
2743
2743
2743
2743
2743
2743
2743
2743
2743
2743
2743
2743
2743
2743
1721
1724
1725
1726
1727
1730
1731
1732
1735
1736
1737
1738
1741
1742
1743
1744
2662
2664
2666
2667
2668
2670
2671
2672
2674
2676
2677
2678
2680
2682
2683
2684
2718
2719
2721
2722
2724
2725
2727
2729
2730
2731
2732
2733
2735
2736
2736
2736
1697
1698
1701
1702
1703
1704
1707
1708
1709
1710
1713
1714
1715
1718
1719
1720
2639
2640
2642
2644
2645
2646
2648
2650
2651
2652
2654
2655
2656
2658
2660
2661
2718
2720
2721
2722
2724
2725
2726
2727
2729
2731
2732
2733
2734
2735
2735
2735
1649
1650
1653
1654
1655
1656
1659
1660
1661
1662
1665
1666
1667
1668
1671
1696
2582
2583
2585
2587
2588
2589
2591
2593
2594
2595
2597
2599
2600
2601
2603
2638
2718
2719
2720
2721
2723
2724
2725
2726
2727
2728
2732
2733
2734
2734
2734
2734
1625
1626
1629
1630
1631
1632
1635
1636
1637
1638
1641
1642
1643
1644
1647
1648
2558
2559
2561
2563
2564
2565
2567
2569
2570
2571
2573
2575
2576
2577
2579
2581
2718
2720
2721
2723
2724
2725
2726
2727
2728
2730
2731
2732
2732
2732
2732
2732
1589
1592
1593
1594
1595
1598
1611
1612
1613
1614
1617
1618
1619
1620
1623
1624
2516
2518
2520
2521
2522
2524
2532
2533
2534
2535
2538
2539
2540
2541
2543
2557
2718
2719
2720
2721
2723
2724
2725
2726
2727
2728
2729
2730
2730
2730
2730
2730
1541
1568
1569
1570
1571
1574
1575
1576
1577
1580
1581
1582
1583
1586
1587
1588
2489
2490
2491
2492
2494
2502
2503
2504
2506
2508
2509
2510
2512
2514
2515
2694
2710
2717
2718
2719
2720
2721
2722
2723
2724
2725
2726
2726
2726
2726
2726
2726
1517
1520
1521
1522
1523
1526
1527
1528
1529
1532
1533
1534
1535
1538
1539
1540
2662
2669
2670
2671
2672
2675
2676
2677
2678
2685
2686
2687
2688
2691
2692
2693
2701
2702
2703
2704
2705
2707
2708
2709
2711
2715
2716
2717
2717
2717
2717
2717
1493
1496
1497
1498
1499
1502
1503
1504
1505
1508
1509
1510
1511
1514
1515
1516
2630
2637
2638
2639
2640
2643
2644
2645
2646
2653
2654
2655
2656
2659
2660
2661
2701
2702
2703
2704
2705
2707
2708
2709
2710
2711
2713
2714
2715
2715
2715
2715
1457
1458
1459
1462
1477
1478
1479
1480
1481
1484
1485
1486
1487
1490
1491
1492
2520
2521
2522
2524
2531
2532
2533
2534
2535
2621
2622
2623
2624
2627
2628
2629
2701
2702
2703
2704
2705
2706
2708
2709
2710
2711
2712
2713
2713
2713
2713
2713
1435
1436
1437
1438
1441
1442
1443
1444
1445
1448
1449
1450
1451
1452
1455
1456
2501
2502
2503
2504
2506
2507
2508
2509
2510
2512
2513
2514
2515
2516
2518
2519
2701
2702
2703
2704
2705
2706
2708
2709
2710
2711
2711
2711
2711
2711
2711
2711
1131
1132
1135
1136
1137
1138
1141
1142
1143
1144
1147
1428
1429
1430
1431
1434
2495
2496
2497
2498
2500
2575
2576
2578
2580
2581
2582
2584
2586
2587
2588
2590
2685
2686
2687
2689
2691
2692
2693
2694
2695
2699
2700
2702
2703
2704
2705
2706
2707
2707
2707
2707
2707
2707
2707
2707
2707
2707
2707
2707
2707
2707
2707
2707
1107
1108
1111
1112
1113
1114
1117
1118
1119
1120
1123
1124
1125
1126
1129
1130
2551
2552
2554
2556
2557
2558
2560
2562
2563
2564
2566
2568
2569
2570
2572
2574
2685
2686
2687
2688
2689
2691
2693
2694
2695
2697
2698
2699
2699
2699
2699
2699
1071
1074
1087
1088
1089
1090
1093
1094
1095
1096
1099
1100
1101
1102
1105
1106
2515
2517
2525
2526
2527
2528
2537
2538
2539
2540
2542
2544
2545
2546
2548
2550
2685
2686
2687
2688
2689
2691
2692
2693
2694
2695
2696
2697
2697
2697
2697
2697
1047
1050
1051
1052
1053
1056
1057
1058
1059
1062
1063
1064
1065
1068
1069
1070
2491
2493
2495
2496
2497
2499
2501
2502
2503
2505
2507
2508
2509
2511
2513
2514
2685
2686
2687
2688
2689
2690
2691
2692
2693
2694
2694
2694
2694
2694
2694
2694
1001
1002
1003
1004
1007
1008
1009
1010
1013
1014
1015
1016
1019
1044
1045
1046
2488
2489
2490
2572
2574
2575
2577
2578
2592
2593
2594
2596
2598
2599
2600
2602
2669
2670
2671
2673
2675
2676
2677
2678
2679
2683
2684
2685
2686
2687
2690
2690
977
978
979
980
983
984
985
986
989
990
991
992
995
996
997
998
2548
2550
2551
2553
2554
2556
2557
2559
2560
2562
2563
2565
2566
2568
2569
2571
2669
2670
2671
2672
2673
2675
2676
2677
2678
2679
2681
2682
2683
2683
2683
2683
941
942
943
946
959
960
961
962
965
966
967
968
971
972
973
974
2519
2520
2521
2523
2525
2526
2527
2529
2537
2538
2539
2541
2542
2544
2545
2547
2669
2670
2671
2672
2673
2675
2676
2677
2678
2679
2680
2681
2681
2681
2681
2681
917
918
919
922
923
924
925
928
929
930
931
934
935
936
937
940
2489
2490
2492
2493
2495
2496
2498
2499
2501
2502
2504
2505
2507
2508
2510
2511
2669
2670
2671
2672
2673
2674
2675
2676
2677
2677
2677
2677
2677
2677
2677
2677
869
870
873
874
875
876
879
880
881
882
885
886
887
888
891
916
2488
2581
2583
2584
2586
2587
2589
2590
2592
2593
2595
2596
2598
2599
2601
2602
2653
2654
2655
2656
2657
2659
2660
2661
2662
2663
2667
2668
2669
2674
2674
2674
845
846
849
850
851
852
855
856
857
858
861
862
863
864
867
868
2546
2547
2548
2550
2552
2553
2554
2556
2558
2559
2560
2562
2564
2565
2566
2580
2653
2655
2656
2657
2659
2660
2661
2662
2663
2665
2666
2667
2667
2667
2667
2667
809
812
813
814
815
818
831
832
833
834
837
838
839
840
843
844
2516
2517
2519
2520
2522
2523
2525
2526
2528
2529
2537
2538
2540
2541
2542
2544
2653
2654
2655
2656
2657
2659
2660
2661
2662
2663
2664
2665
2665
2665
2665
2665
763
788
789
790
791
794
795
796
797
800
801
802
803
806
807
808
2488
2489
2491
2492
2493
2495
2497
2498
2499
2501
2503
2504
2505
2513
2514
2602
2647
2652
2653
2654
2655
2656
2657
2658
2659
2660
2661
2661
2661
2661
2661
2661
739
740
741
742
745
746
747
748
751
752
753
754
757
758
759
760
2578
2580
2582
2583
2584
2586
2588
2589
2590
2592
2594
2595
2596
2598
2600
2601
2637
2638
2639
2640
2641
2643
2644
2645
2646
2647
2650
2651
2652
2652
2652
2652
715
716
717
718
721
722
723
724
727
728
729
730
733
734
735
736
2542
2545
2546
2547
2548
2551
2552
2553
2554
2568
2570
2571
2572
2574
2576
2577
2637
2638
2639
2640
2641
2643
2644
2645
2646
2647
2648
2649
2650
2650
2650
2650
679
680
681
684
685
686
687
690
703
704
705
706
709
710
711
712
2513
2515
2516
2517
2519
2521
2522
2523
2525
2527
2528
2529
2537
2539
2540
2541
2637
2638
2639
2640
2641
2643
2644
2645
2646
2647
2648
2648
2648
2648
2648
2648
631
632
635
660
661
662
663
666
667
668
669
672
673
674
675
678
2488
2490
2491
2492
2493
2496
2497
2498
2499
2507
2509
2510
2511
2600
2601
2602
2628
2629
2631
2636
2637
2638
2639
2640
2641
2642
2643
2644
2644
2644
2644
2644
607
608
611
612
613
614
617
618
619
620
623
624
625
626
629
630
2576
2577
2578
2581
2582
2583
2584
2587
2588
2589
2590
2593
2594
2595
2596
2599
2621
2622
2623
2624
2625
2627
2628
2629
2630
2631
2634
2635
2636
2636
2636
2636
583
584
587
588
589
590
593
594
595
596
599
600
601
602
605
606
2540
2541
2542
2557
2558
2559
2560
2563
2564
2565
2566
2569
2570
2571
2572
2575
2621
2622
2623
2624
2625
2627
2628
2629
2630
2631
2632
2633
2634
2634
2634
2634
547
550
551
552
553
556
557
558
559
562
575
576
577
578
581
582
2510
2511
2514
2515
2516
2517
2520
2521
2522
2523
2526
2527
2528
2529
2538
2539
2621
2622
2623
2624
2625
2627
2628
2629
2630
2631
2632
2632
2632
2632
2632
2632
443
446
447
448
449
532
533
534
535
538
539
540
541
544
545
546
2489
2490
2491
2492
2493
2502
2503
2504
2505
2508
2509
2595
2598
2599
2600
2601
2607
2610
2611
2612
2613
2620
2621
2622
2623
2624
2625
2626
2627
2628
2628
2628
419
422
423
424
425
428
429
430
431
434
435
436
437
440
441
442
2571
2574
2575
2576
2577
2580
2581
2582
2583
2586
2587
2588
2589
2592
2593
2594
2604
2605
2606
2608
2610
2611
2612
2613
2614
2618
2619
2620
2620
2620
2620
2620
395
398
399
400
401
404
405
406
407
410
411
412
413
416
417
418
2547
2550
2551
2552
2553
2556
2557
2558
2559
2562
2563
2564
2565
2568
2569
2570
2604
2605
2606
2607
2608
2610
2611
2612
2613
2614
2616
2617
2618
2618
2618
2618
361
362
363
364
367
368
369
370
385
386
387
388
389
392
393
394
2513
2514
2515
2516
2519
2520
2521
2522
2537
2538
2539
2540
2541
2544
2545
2546
2604
2605
2606
2607
2608
2610
2611
2612
2613
2614
2615
2616
2616
2616
2616
2616
337
338
339
340
343
344
345
346
349
350
351
352
355
356
357
358
2489
2490
2491
2492
2495
2496
2497
2498
2501
2502
2503
2504
2507
2508
2509
2510
2604
2605
2606
2607
2608
2609
2610
2611
2612
2612
2612
2612
2612
2612
2612
2612
245
246
247
250
251
266
267
268
269
272
273
274
275
276
279
336
2488
2513
2514
2515
2517
2518
2525
2526
2527
2528
2530
2531
2532
2533
2534
2536
2592
2593
2594
2595
2596
2597
2601
2602
2603
2604
2609
2609
2609
2609
2609
2609
223
224
225
226
229
230
231
232
233
236
237
238
239
240
243
244
2495
2496
2497
2499
2500
2501
2502
2503
2505
2506
2507
2508
2509
2511
2512
2536
2584
2591
2592
2593
2594
2595
2596
2597
2598
2599
2600
2600
2600
2600
2600
2600
187
188
189
190
191
194
195
210
211
212
213
216
217
218
219
220
2511
2512
2519
2520
2521
2523
2524
2525
2526
2527
2529
2530
2531
2532
2533
2535
2580
2581
2582
2583
2584
2585
2588
2589
2590
2591
2591
2591
2591
2591
2591
2591
163
164
167
168
169
170
173
174
175
176
177
180
181
182
183
184
2495
2496
2498
2499
2500
2501
2502
2504
2505
2506
2507
2508
2510
2534
2535
2536
2570
2571
2572
2579
2580
2581
2582
2583
2584
2585
2586
2587
2588
2588
2588
2588
127
128
131
132
133
134
135
138
139
154
155
156
157
160
161
162
2514
2516
2517
2518
2519
2520
2522
2523
2524
2525
2526
2528
2529
2530
2531
2532
2568
2569
2570
2571
2572
2573
2576
2577
2578
2579
2579
2579
2579
2579
2579
2579
105
106
107
108
111
112
113
114
117
118
119
120
121
124
125
126
2495
2497
2498
2499
2500
2501
2503
2504
2505
2506
2513
2531
2533
2534
2535
2536
2556
2557
2558
2559
2560
2567
2568
2569
2570
2571
2572
2573
2574
2575
2576
2576
69
70
71
72
75
76
77
78
79
82
83
98
99
100
101
104
2512
2513
2515
2516
2517
2518
2519
2521
2522
2523
2524
2525
2527
2528
2529
2530
2556
2557
2558
2559
2560
2561
2563
2564
2565
2566
2566
2566
2566
2566
2566
2566
45
48
49
50
51
52
55
56
57
58
61
62
63
64
65
68
2496
2497
2498
2499
2500
2507
2509
2510
2511
2529
2530
2532
2533
2534
2535
2536
2544
2545
2546
2547
2548
2549
2554
2555
2556
2557
2558
2559
2560
2561
2562
2563
9
12
13
14
15
16
19
20
21
22
23
26
27
42
43
44
2510
2511
2512
2514
2515
2516
2517
2518
2520
2521
2522
2523
2524
2526
2527
2528
2544
2545
2546
2547
2548
2549
2551
2552
2553
2554
2554
2554
2554
2554
2554
2554
0
1
2
5
6
7
8
1414
1416
1417
1418
1420
1422
1423
1424
1426
2359
2362
2363
2364
2365
2368
2369
2370
2371
2471
2472
2473
2474
2477
2478
2479
2480
2481
2486
2487
2502
2503
2504
2505
2506
2508
2509
2544
2545
2546
2547
2548
2549
2550
2551
2551
2551
2551
2551
2551
2551
2551
2551
2551
2551
2551
2551
2551
1378
1380
1381
1383
1384
1386
1387
1389
1390
1404
1405
1406
1408
1410
1411
1412
2335
2338
2339
2340
2341
2344
2345
2346
2347
2350
2351
2352
2353
2356
2357
2358
2471
2472
2473
2474
2475
2477
2478
2479
2480
2481
2484
2485
2486
2486
2486
2486
1354
1356
1357
1359
1360
1362
1363
1365
1366
1368
1369
1371
1372
1374
1375
1377
2311
2314
2315
2316
2317
2320
2321
2322
2323
2326
2327
2328
2329
2332
2333
2334
2471
2472
2473
2474
2475
2477
2478
2479
2480
2481
2482
2483
2484
2484
2484
2484
1319
1320
1322
1323
1331
1332
1333
1335
1337
1338
1339
1341
1349
1350
1351
1353
2277
2278
2279
2280
2283
2284
2285
2286
2289
2290
2291
2292
2307
2308
2309
2310
2471
2472
2473
2474
2475
2477
2478
2479
2480
2481
2482
2482
2482
2482
2482
2482
1295
1296
1298
1300
1301
1302
1304
1305
1307
1308
1310
1311
1313
1314
1316
1317
2258
2259
2260
2261
2262
2265
2266
2267
2268
2271
2272
2273
2274
2381
2382
2383
2461
2462
2463
2470
2471
2472
2473
2474
2475
2476
2477
2478
2478
2478
2478
2478
1259
1261
1262
1276
1277
1278
1280
1282
1283
1284
1286
1288
1289
1290
1292
1294
2345
2346
2348
2350
2351
2352
2354
2356
2357
2358
2360
2374
2375
2376
2377
2380
2454
2455
2456
2457
2458
2460
2461
2462
2463
2464
2468
2469
2470
2470
2470
2470
1235
1237
1238
1240
1241
1243
1244
1246
1247
1249
1250
1252
1253
1255
1256
1258
2321
2322
2324
2326
2327
2328
2330
2332
2333
2334
2336
2338
2339
2340
2342
2344
2454
2455
2456
2457
2458
2460
2462
2463
2464
2466
2467
2468
2468
2468
2468
2468
1205
1207
1209
1210
1211
1213
1221
1222
1223
1225
1226
1228
1229
1231
1232
1234
2285
2287
2295
2296
2297
2298
2307
2308
2309
2310
2312
2314
2315
2316
2318
2320
2454
2455
2456
2457
2458
2460
2461
2462
2463
2464
2465
2466
2466
2466
2466
2466
1176
1177
1179
1180
1182
1183
1185
1186
1188
1189
1191
1192
1194
1195
1203
1204
2261
2263
2265
2266
2267
2269
2271
2272
2273
2275
2277
2278
2279
2281
2283
2284
2454
2455
2456
2457
2458
2459
2460
2461
2462
2463
2463
2463
2463
2463
2463
2463
1152
1154
1155
1156
1158
1160
1161
1162
1164
1166
1167
1168
1170
1172
1173
1174
2258
2259
2260
2366
2368
2369
2370
2372
2374
2375
2376
2378
2380
2381
2382
2384
2437
2438
2439
2440
2441
2443
2444
2445
2446
2447
2452
2453
2454
2455
2456
2459
1116
1118
1119
1121
1122
1124
1125
1127
1128
1130
1131
1133
1134
1148
1149
1150
2330
2332
2333
2335
2336
2338
2339
2341
2342
2344
2345
2347
2348
2362
2363
2364
2437
2438
2439
2440
2441
2443
2444
2445
2446
2447
2450
2451
2452
2452
2452
2452
1093
1094
1095
1097
1098
1100
1101
1103
1104
1106
1107
1109
1110
1112
1113
1115
2307
2308
2309
2311
2312
2314
2315
2317
2318
2320
2321
2323
2324
2326
2327
2329
2437
2438
2439
2440
2441
2443
2444
2445
2446
2447
2448
2449
2450
2450
2450
2450
1057
1058
1060
1061
1063
1064
1066
1067
1075
1076
1077
1079
1081
1082
1083
1085
2271
2272
2274
2275
2277
2278
2280
2281
2289
2290
2291
2293
2295
2296
2297
2299
2437
2438
2439
2440
2441
2444
2445
2446
2447
2447
2447
2447
2447
2447
2447
2447
905
907
908
910
911
913
914
1044
1045
1046
1048
1049
1051
1052
1054
1055
2258
2259
2260
2262
2263
2265
2266
2268
2269
2375
2377
2378
2380
2381
2383
2384
2421
2422
2423
2426
2427
2428
2429
2436
2437
2438
2439
2440
2441
2442
2443
2443
881
883
884
886
887
889
890
892
893
895
896
898
899
901
902
904
2351
2353
2354
2356
2357
2359
2360
2362
2363
2365
2366
2368
2369
2371
2372
2374
2420
2421
2422
2423
2424
2426
2427
2428
2429
2430
2434
2435
2436
2436
2436
2436
846
847
848
850
852
853
854
856
858
859
860
862
864
865
866
880
2316
2317
2318
2320
2322
2323
2324
2326
2328
2329
2330
2332
2334
2335
2336
2350
2420
2422
2423
2424
2426
2427
2428
2429
2430
2432
2433
2434
2434
2434
2434
2434
816
817
819
820
822
823
825
826
828
829
837
838
840
841
842
844
2286
2287
2289
2290
2292
2293
2295
2296
2298
2299
2307
2308
2310
2311
2312
2314
2420
2421
2422
2423
2424
2426
2427
2428
2429
2430
2431
2432
2432
2432
2432
2432
786
788
789
791
792
793
795
797
798
799
801
803
804
805
813
814
2258
2259
2261
2262
2263
2265
2267
2268
2269
2271
2273
2274
2275
2283
2284
2384
2412
2419
2420
2421
2422
2423
2424
2425
2426
2427
2428
2428
2428
2428
2428
2428
762
764
765
767
768
770
771
773
774
776
777
779
780
782
783
785
2360
2362
2364
2365
2366
2368
2370
2371
2372
2374
2376
2377
2378
2380
2382
2383
2403
2404
2405
2406
2407
2409
2410
2411
2413
2417
2418
2419
2419
2419
2419
2419
726
728
730
731
732
734
736
737
738
752
753
755
756
758
759
761
2324
2338
2340
2341
2342
2344
2346
2347
2348
2350
2352
2353
2354
2356
2358
2359
2403
2404
2405
2406
2407
2409
2410
2411
2412
2413
2415
2416
2417
2417
2417
2417
697
698
700
701
709
710
712
713
714
716
718
719
720
722
724
725
2295
2297
2298
2299
2307
2309
2310
2311
2312
2315
2316
2317
2318
2321
2322
2323
2403
2404
2405
2406
2407
2409
2410
2411
2412
2413
2414
2415
2415
2415
2415
2415
667
669
670
671
673
675
676
677
685
686
688
689
691
692
694
695
2266
2267
2268
2269
2277
2279
2280
2281
2283
2285
2286
2287
2289
2291
2292
2293
2403
2404
2405
2406
2407
2409
2410
2411
2412
2412
2412
2412
2412
2412
2412
2412
643
645
646
648
649
651
652
654
655
657
658
660
661
663
664
665
2258
2260
2261
2262
2263
2370
2371
2372
2375
2376
2377
2378
2381
2382
2383
2384
2386
2387
2388
2389
2392
2393
2394
2395
2396
2401
2402
2403
2404
2405
2406
2407
2408
2408
2408
2408
2408
2408
2408
2408
2408
2408
2408
2408
2408
2408
2408
2408
608
609
610
624
625
627
628
630
631
633
634
636
637
639
640
642
2346
2347
2348
2351
2352
2353
2354
2357
2358
2359
2360
2363
2364
2365
2366
2369
2386
2387
2388
2389
2390
2392
2393
2394
2395
2396
2399
2400
2401
2401
2401
2401
584
585
586
588
590
591
592
594
596
597
598
600
602
603
604
606
2310
2311
2312
2327
2328
2329
2330
2333
2334
2335
2336
2339
2340
2341
2342
2345
2386
2387
2388
2389
2390
2392
2393
2394
2395
2396
2397
2398
2399
2399
2399
2399
548
549
557
558
560
561
563
564
566
567
569
570
572
573
581
582
2280
2281
2284
2285
2286
2287
2290
2291
2292
2293
2296
2297
2298
2299
2308
2309
2386
2387
2388
2389
2390
2392
2393
2394
2395
2396
2397
2397
2397
2397
2397
2397
513
514
515
517
518
532
533
535
536
537
539
541
542
543
545
547
2259
2260
2261
2262
2263
2272
2273
2274
2275
2278
2279
2301
2302
2303
2304
2305
2374
2375
2376
2377
2378
2385
2386
2387
2388
2389
2390
2391
2392
2393
2393
2393
477
478
479
481
482
484
492
493
494
496
498
499
500
501
503
505
2276
2277
2278
2279
2280
2282
2283
2284
2285
2286
2288
2289
2290
2291
2292
2294
2374
2375
2376
2377
2378
2379
2381
2382
2383
2384
2384
2384
2384
2384
2384
2384
319
321
329
330
331
333
334
464
465
467
468
470
471
472
474
475
2265
2266
2267
2268
2270
2271
2272
2273
2274
2298
2300
2301
2302
2303
2304
2306
2362
2363
2364
2365
2366
2367
2372
2373
2374
2375
2376
2377
2378
2379
2380
2381
290
291
293
294
295
297
298
300
308
309
310
312
314
315
316
317
2273
2275
2276
2277
2278
2279
2281
2282
2283
2284
2285
2287
2288
2295
2296
2297
2362
2363
2364
2365
2366
2367
2369
2370
2371
2372
2372
2372
2372
2372
2372
2372
260
261
263
265
273
274
275
277
278
280
281
283
284
286
287
288
2265
2266
2267
2269
2270
2271
2272
2296
2297
2299
2300
2301
2302
2303
2305
2306
2350
2351
2352
2353
2354
2355
2360
2361
2362
2363
2364
2365
2366
2367
2368
2369
231
232
234
235
237
238
239
241
242
244
252
253
254
256
258
259
2271
2272
2274
2275
2276
2277
2278
2280
2281
2282
2289
2290
2291
2293
2294
2295
2350
2351
2352
2353
2354
2355
2357
2358
2359
2360
2360
2360
2360
2360
2360
2360
146
147
148
150
151
153
161
162
164
165
166
224
225
227
228
230
2265
2266
2268
2269
2270
2294
2295
2296
2298
2299
2300
2301
2302
2304
2305
2306
2338
2339
2340
2341
2342
2343
2347
2348
2349
2351
2352
2353
2354
2355
2356
2356
116
118
119
121
122
123
125
133
134
136
137
139
140
141
143
144
2269
2270
2271
2273
2274
2275
2276
2283
2284
2286
2287
2288
2289
2290
2292
2293
2338
2339
2340
2341
2342
2343
2344
2345
2346
2347
2347
2347
2347
2347
2347
2347
87
88
90
91
92
94
95
97
105
106
108
109
110
112
114
115
2265
2267
2268
2292
2293
2294
2295
2297
2298
2299
2300
2301
2303
2304
2305
2306
2326
2327
2328
2329
2330
2331
2335
2336
2337
2339
2340
2341
2344
2344
2344
2344
58
59
60
62
63
65
66
67
69
77
78
80
81
83
84
85
2267
2268
2269
2270
2277
2279
2280
2281
2282
2283
2285
2286
2287
2288
2289
2291
2326
2327
2328
2329
2330
2331
2332
2333
2334
2335
2335
2335
2335
2335
2335
2335
28
29
31
32
34
35
36
38
39
41
49
50
52
53
54
56
2266
2290
2291
2292
2293
2294
2296
2297
2298
2299
2300
2302
2303
2304
2305
2306
2314
2315
2316
2317
2318
2319
2323
2324
2325
2327
2332
2332
2332
2332
2332
2332
0
2
3
4
6
7
9
10
11
13
21
22
24
25
27
1426
2141
2250
2257
2272
2273
2274
2275
2276
2278
2279
2280
2281
2282
2284
2285
2286
2287
2288
2314
2315
2316
2317
2318
2319
2320
2321
2322
2322
2322
2322
2322
2322
1402
1404
1405
1407
1408
1410
1411
1413
1414
1416
1417
1419
1420
1422
1423
1425
2117
2120
2121
2122
2123
2126
2127
2128
2129
2132
2133
2134
2135
2138
2139
2140
2241
2242
2243
2244
2245
2247
2248
2249
2251
2255
2256
2257
2257
2257
2257
2257
1366
1368
1370
1371
1372
1374
1376
1377
1378
1392
1393
1395
1396
1398
1399
1401
2093
2096
2097
2098
2099
2102
2103
2104
2105
2108
2109
2110
2111
2114
2115
2116
2241
2242
2243
2244
2245
2247
2248
2249
2250
2251
2253
2254
2255
2255
2255
2255
1337
1338
1340
1341
1349
1350
1352
1353
1354
1356
1358
1359
1360
1362
1364
1365
2059
2060
2061
2062
2077
2078
2079
2080
2081
2084
2085
2086
2087
2090
2091
2092
2241
2242
2243
2244
2245
2247
2248
2249
2250
2251
2252
2253
2253
2253
2253
2253
1307
1309
1310
1311
1313
1315
1316
1317
1325
1326
1328
1329
1331
1332
1334
1335
2035
2036
2037
2038
2041
2042
2043
2044
2047
2048
2049
2050
2053
2054
2055
2056
2241
2242
2243
2244
2245
2247
2248
2249
2250
2250
2250
2250
2250
2250
2250
2250
1283
1285
1286
1288
1289
1291
1292
1294
1295
1297
1298
1300
1301
1303
1304
1305
2028
2029
2030
2031
2032
2127
2128
2130
2144
2145
2146
2147
2150
2151
2152
2153
2224
2225
2226
2227
2230
2231
2232
2233
2234
2239
2240
2241
2242
2243
2244
2245
2246
2246
2246
2246
2246
2246
2246
2246
2246
2246
2246
2246
2246
2246
2246
2246
1248
1249
1250
1264
1265
1267
1268
1270
1271
1273
1274
1276
1277
1279
1280
1282
2103
2104
2106
2108
2109
2110
2112
2114
2115
2116
2118
2120
2121
2122
2124
2126
2224
2225
2226
2227
2228
2230
2231
2232
2233
2234
2237
2238
2239
2239
2239
2239
1224
1225
1226
1228
1230
1231
1232
1234
1236
1237
1238
1240
1242
1243
1244
1246
2079
2080
2082
2084
2085
2086
2088
2090
2091
2092
2094
2096
2097
2098
2100
2102
2224
2225
2226
2227
2228
2230
2231
2232
2233
2234
2235
2236
2237
2237
2237
2237
1188
1189
1197
1198
1200
1201
1203
1204
1206
1207
1209
1210
1212
1213
1221
1222
2043
2045
2047
2048
2049
2051
2053
2054
2055
2057
2065
2066
2067
2068
2077
2078
2224
2225
2226
2227
2228
2230
2231
2232
2233
2234
2235
2235
2235
2235
2235
2235
1164
1166
1167
1169
1170
1172
1173
1175
1176
1177
1179
1181
1182
1183
1185
1187
2028
2029
2030
2031
2033
2035
2036
2037
2039
2041
2042
2148
2150
2151
2152
2154
2210
2213
2214
2215
2216
2223
2224
2225
2226
2227
2228
2229
2230
2231
2231
2231
1140
1142
1143
1145
1146
1148
1149
1151
1152
1154
1155
1157
1158
1160
1161
1163
2112
2114
2115
2117
2118
2132
2133
2134
2136
2138
2139
2140
2142
2144
2145
2146
2207
2208
2209
2211
2213
2214
2215
2216
2217
2221
2222
2223
2223
2223
2223
2223
1104
1106
1108
1109
1110
1112
1114
1115
1116
1118
1120
1121
1122
1136
1137
1139
2088
2090
2091
2093
2094
2096
2097
2099
2100
2102
2103
2105
2106
2108
2109
2111
2207
2208
2209
2210
2211
2213
2214
2215
2216
2217
2219
2220
2221
2221
2221
2221
1075
1076
1078
1079
1081
1082
1084
1085
1093
1094
1096
1097
1098
1100
1102
1103
2059
2060
2061
2063
2065
2066
2067
2069
2077
2078
2079
2081
2082
2084
2085
2087
2207
2208
2209
2210
2211
2213
2214
2215
2216
2217
2218
2219
2219
2219
2219
2219
1045
1047
1048
1049
1051
1053
1054
1055
1057
1059
1060
1061
1069
1070
1072
1073
2029
2030
2032
2033
2035
2036
2038
2039
2041
2042
2044
2045
2047
2048
2050
2051
2207
2208
2209
2210
2211
2212
2213
2214
2215
2215
2215
2215
2215
2215
2215
2215
1021
1023
1024
1026
1027
1029
1030
1032
1033
1035
1036
1038
1039
1041
1042
1044
2028
2133
2135
2136
2138
2139
2141
2142
2144
2145
2147
2148
2150
2151
2153
2154
2190
2191
2192
2193
2194
2196
2197
2198
2199
2200
2205
2206
2207
2212
2212
2212
986
987
988
990
992
993
994
1008
1009
1011
1012
1014
1015
1017
1018
1020
2098
2099
2100
2102
2104
2105
2106
2120
2121
2123
2124
2126
2127
2129
2130
2132
2190
2191
2192
2193
2194
2196
2197
2198
2199
2200
2203
2204
2205
2205
2205
2205
956
957
965
966
968
969
970
972
974
975
976
978
980
981
982
984
2068
2069
2077
2078
2080
2081
2082
2084
2086
2087
2088
2090
2092
2093
2094
2096
2190
2191
2192
2193
2194
2196
2197
2198
2199
2200
2201
2202
2203
2203
2203
2203
926
927
929
931
932
933
941
942
944
945
947
948
950
951
953
954
2038
2039
2041
2043
2044
2045
2053
2054
2056
2057
2059
2060
2062
2063
2065
2066
2190
2191
2192
2193
2194
2196
2197
2198
2199
2200
2200
2200
2200
2200
2200
2200
774
776
778
779
780
782
784
785
786
916
917
919
920
921
923
925
2028
2029
2031
2032
2033
2035
2037
2142
2144
2146
2147
2148
2150
2152
2153
2154
2173
2174
2175
2176
2179
2180
2181
2182
2183
2188
2189
2190
2191
2192
2193
2194
2195
2196
2196
2196
2196
2196
2196
2196
2196
2196
2196
2196
2196
2196
2196
2196
750
752
754
755
756
758
760
761
762
764
766
767
768
770
772
773
2118
2120
2122
2123
2124
2126
2128
2129
2130
2132
2134
2135
2136
2138
2140
2141
2173
2174
2175
2176
2177
2179
2180
2181
2182
2183
2186
2187
2188
2188
2188
2188
714
717
718
719
720
723
724
725
726
740
742
743
744
746
748
749
2082
2085
2086
2087
2088
2091
2092
2093
2094
2108
2110
2111
2112
2114
2116
2117
2173
2174
2175
2176
2177
2179
2180
2181
2182
2183
2184
2185
2186
2186
2186
2186
685
687
688
689
691
693
694
695
697
699
700
701
709
711
712
713
2053
2055
2056
2057
2059
2061
2062
2063
2065
2067
2068
2069
2077
2079
2080
2081
2173
2174
2175
2176
2177
2179
2180
2181
2182
2183
2184
2184
2184
2184
2184
2184
656
657
658
660
662
663
664
665
668
669
670
671
679
681
682
683
2028
2030
2031
2032
2033
2036
2037
2038
2039
2047
2049
2050
2051
2152
2153
2154
2163
2164
2165
2172
2173
2174
2175
2176
2177
2178
2179
2180
2180
2180
2180
2180
632
633
634
636
638
639
640
642
644
645
646
648
650
651
652
654
2128
2129
2130
2133
2134
2135
2136
2139
2140
2141
2142
2145
2146
2147
2148
2151
2156
2157
2158
2159
2160
2162
2163
2164
2165
2166
2170
2171
2172
2172
2172
2172
596
597
598
612
614
615
616
618
620
621
622
624
626
627
628
630
2104
2105
2106
2109
2110
2111
2112
2115
2116
2117
2118
2121
2122
2123
2124
2127
2156
2157
2158
2159
2160
2162
2164
2165
2166
2168
2169
2170
2170
2170
2170
2170
566
567
569
571
572
573
581
583
584
585
586
589
590
591
592
595
2062
2063
2066
2067
2068
2069
2078
2079
2080
2081
2082
2097
2098
2099
2100
2103
2156
2157
2158
2159
2160
2162
2163
2164
2165
2166
2167
2168
2168
2168
2168
2168
536
537
540
541
542
543
551
553
554
555
557
559
560
561
563
565
2032
2033
2042
2043
2044
2045
2048
2049
2050
2051
2054
2055
2056
2057
2060
2061
2156
2157
2158
2159
2160
2161
2162
2163
2164
2165
2165
2165
2165
2165
2165
2165
495
496
498
499
500
502
503
505
513
514
516
517
518
532
534
535
2029
2030
2031
2055
2056
2058
2059
2060
2061
2062
2064
2071
2072
2073
2074
2075
2144
2145
2146
2147
2148
2149
2153
2154
2155
2156
2157
2158
2161
2161
2161
2161
466
467
468
470
471
473
474
475
477
485
486
488
489
491
492
493
2036
2037
2038
2040
2041
2042
2043
2044
2046
2047
2048
2049
2050
2052
2053
2054
2144
2145
2146
2147
2148
2149
2150
2151
2152
2153
2153
2153
2153
2153
2153
2153
308
309
311
312
314
315
316
318
319
321
329
330
332
333
334
464
2035
2053
2054
2055
2057
2058
2065
2066
2067
2068
2070
2071
2072
2073
2074
2076
2132
2133
2134
2135
2136
2137
2141
2142
2143
2145
2150
2150
2150
2150
2150
2150
278
280
282
283
284
286
287
289
290
291
293
301
302
304
305
307
2035
2036
2037
2039
2040
2041
2042
2043
2045
2046
2047
2048
2049
2051
2052
2076
2124
2131
2132
2133
2134
2135
2136
2137
2138
2139
2140
2140
2140
2140
2140
2140
249
251
252
253
255
256
258
259
260
262
263
265
273
274
276
277
2051
2052
2059
2060
2061
2063
2064
2065
2066
2067
2069
2070
2071
2072
2073
2075
2120
2121
2122
2123
2124
2125
2128
2129
2130
2131
2131
2131
2131
2131
2131
2131
220
221
222
224
226
227
228
230
231
233
234
235
237
245
246
248
2035
2036
2038
2039
2040
2041
2042
2044
2045
2046
2047
2048
2050
2074
2075
2076
2110
2111
2112
2119
2120
2121
2122
2123
2124
2125
2126
2127
2128
2128
2128
2128
190
192
193
195
196
197
199
200
202
203
204
206
207
209
217
218
2054
2056
2057
2058
2059
2060
2062
2063
2064
2065
2066
2068
2069
2070
2071
2072
2108
2109
2110
2111
2112
2113
2116
2117
2118
2119
2119
2119
2119
2119
2119
2119
105
107
108
109
110
168
170
171
172
174
175
177
178
179
181
189
2035
2037
2038
2039
2040
2041
2043
2044
2045
2046
2053
2071
2073
2074
2075
2076
2096
2097
2098
2099
2100
2107
2108
2109
2110
2111
2112
2113
2114
2115
2116
2116
76
77
79
80
81
83
84
86
87
88
90
91
93
94
95
97
2052
2053
2055
2056
2057
2058
2059
2061
2062
2063
2064
2065
2067
2068
2069
2070
2096
2097
2098
2099
2100
2101
2103
2104
2105
2106
2106
2106
2106
2106
2106
2106
39
41
49
51
52
53
54
57
58
59
60
62
70
72
73
74
2036
2037
2038
2039
2040
2047
2049
2050
2051
2069
2070
2072
2073
2074
2075
2076
2084
2085
2086
2087
2088
2089
2094
2095
2096
2097
2098
2099
2100
2101
2102
2103
17
18
20
21
23
24
25
27
28
30
31
32
34
35
37
38
2050
2051
2052
2054
2055
2056
2057
2058
2060
2061
2062
2063
2064
2066
2067
2068
2084
2085
2086
2087
2088
2089
2091
2092
2093
2094
2094
2094
2094
2094
2094
2094
1
2
3
4
6
14
16
1414
1416
1418
1419
1420
1422
1424
1425
1426
1899
1902
1903
1904
1905
1908
1909
1910
1911
2011
2012
2013
2014
2017
2018
2019
2020
2021
2026
2027
2042
2043
2044
2045
2046
2048
2049
2084
2085
2086
2087
2088
2089
2090
2091
2091
2091
2091
2091
2091
2091
2091
2091
2091
2091
2091
2091
2091
1390
1392
1394
1395
1396
1398
1400
1401
1402
1404
1406
1407
1408
1410
1412
1413
1875
1878
1879
1880
1881
1884
1885
1886
1887
1890
1891
1892
1893
1896
1897
1898
2011
2012
2013
2014
2015
2017
2018
2019
2020
2021
2024
2025
2026
2026
2026
2026
1354
1357
1358
1359
1360
1363
1364
1365
1366
1380
1382
1383
1384
1386
1388
1389
1851
1854
1855
1856
1857
1860
1861
1862
1863
1866
1867
1868
1869
1872
1873
1874
2011
2012
2013
2014
2015
2017
2018
2019
2020
2021
2022
2023
2024
2024
2024
2024
1325
1327
1328
1329
1331
1333
1334
1335
1337
1339
1340
1341
1349
1351
1352
1353
1817
1818
1819
1820
1823
1824
1825
1826
1829
1830
1831
1832
1847
1848
1849
1850
2011
2012
2013
2014
2015
2017
2018
2019
2020
2021
2022
2022
2022
2022
2022
2022
1296
1297
1298
1300
1302
1303
1304
1305
1308
1309
1310
1311
1319
1321
1322
1323
1798
1799
1800
1801
1802
1805
1806
1807
1808
1811
1812
1813
1814
1921
1922
1923
2001
2002
2003
2010
2011
2012
2013
2014
2015
2016
2017
2018
2018
2018
2018
2018
1272
1273
1274
1276
1278
1279
1280
1282
1284
1285
1286
1288
1290
1291
1292
1294
1885
1886
1888
1890
1891
1892
1894
1896
1897
1898
1900
1914
1915
1916
1917
1920
1994
1995
1996
1997
1998
2000
2001
2002
2003
2004
2008
2009
2010
2010
2010
2010
1236
1237
1238
1252
1254
1255
1256
1258
1260
1261
1262
1264
1266
1267
1268
1270
1861
1862
1864
1866
1867
1868
1870
1872
1873
1874
1876
1878
1879
1880
1882
1884
1994
1995
1996
1997
1998
2000
2002
2003
2004
2006
2007
2008
2008
2008
2008
2008
1206
1207
1209
1211
1212
1213
1221
1223
1224
1225
1226
1229
1230
1231
1232
1235
1825
1827
1835
1836
1837
1838
1847
1848
1849
1850
1852
1854
1855
1856
1858
1860
1994
1995
1996
1997
1998
2000
2001
2002
2003
2004
2005
2006
2006
2006
2006
2006
1176
1177
1180
1181
1182
1183
1191
1193
1194
1195
1197
1199
1200
1201
1203
1205
1801
1803
1805
1806
1807
1809
1811
1812
1813
1815
1817
1818
1819
1821
1823
1824
1994
1995
1996
1997
1998
1999
2000
2001
2002
2003
2003
2003
2003
2003
2003
2003
1152
1154
1156
1157
1158
1160
1162
1163
1164
1166
1168
1169
1170
1172
1174
1175
1798
1799
1800
1906
1908
1909
1910
1912
1914
1915
1916
1918
1920
1921
1922
1924
1977
1978
1979
1980
1981
1983
1984
1985
1986
1987
1992
1993
1994
1995
1996
1999
1128
1130
1132
1133
1134
1136
1138
1139
1140
1142
1144
1145
1146
1148
1150
1151
1870
1872
1873
1875
1876
1878
1879
1881
1882
1884
1885
1887
1888
1902
1903
1904
1977
1978
1979
1980
1981
1983
1984
1985
1986
1987
1990
1991
1992
1992
1992
1992
1093
1095
1096
1097
1098
1101
1102
1103
1104
1107
1108
1109
1110
1124
1126
1127
1847
1848
1849
1851
1852
1854
1855
1857
1858
1860
1861
1863
1864
1866
1867
1869
1977
1978
1979
1980
1981
1983
1984
1985
1986
1987
1988
1989
1990
1990
1990
1990
1063
1065
1066
1067
1069
1071
1072
1073
1075
1077
1078
1079
1081
1083
1084
1085
1811
1812
1814
1815
1817
1818
1820
1821
1829
1830
1831
1833
1835
1836
1837
1839
1977
1978
1979
1980
1981
1984
1985
1986
1987
1987
1987
1987
1987
1987
1987
1987
1034
1035
1036
1038
1040
1041
1042
1044
1046
1047
1048
1049
1052
1053
1054
1055
1798
1799
1800
1802
1803
1805
1806
1808
1809
1915
1917
1918
1920
1921
1923
1924
1961
1962
1963
1966
1967
1968
1969
1976
1977
1978
1979
1980
1981
1982
1983
1983
1010
1011
1012
1014
1016
1017
1018
1020
1022
1023
1024
1026
1028
1029
1030
1032
1891
1893
1894
1896
1897
1899
1900
1902
1903
1905
1906
1908
1909
1911
1912
1914
1960
1961
1962
1963
1964
1966
1967
1968
1969
1970
1974
1975
1976
1976
1976
1976
974
975
976
979
980
981
982
996
998
999
1000
1002
1004
1005
1006
1008
1856
1857
1858
1860
1862
1863
1864
1866
1868
1869
1870
1872
1874
1875
1876
1890
1960
1962
1963
1964
1966
1967
1968
1969
1970
1972
1973
1974
1974
1974
1974
1974
944
945
947
949
950
951
953
955
956
957
965
967
968
969
970
973
1826
1827
1829
1830
1832
1833
1835
1836
1838
1839
1847
1848
1850
1851
1852
1854
1960
1961
1962
1963
1964
1966
1967
1968
1969
1970
1971
1972
1972
1972
1972
1972
914
916
918
919
920
921
924
925
926
927
935
937
938
939
941
943
1798
1799
1801
1802
1803
1805
1807
1808
1809
1811
1813
1814
1815
1823
1824
1924
1952
1959
1960
1961
1962
1963
1964
1965
1966
1967
1968
1968
1968
1968
1968
1968
890
892
894
895
896
898
900
901
902
904
906
907
908
910
912
913
1900
1902
1904
1905
1906
1908
1910
1911
1912
1914
1916
1917
1918
1920
1922
1923
1943
1944
1945
1946
1947
1949
1950
1951
1953
1957
1958
1959
1959
1959
1959
1959
854
868
870
871
872
874
876
877
878
880
882
883
884
886
888
889
1864
1878
1880
1881
1882
1884
1886
1887
1888
1890
1892
1893
1894
1896
1898
1899
1943
1944
1945
1946
1947
1949
1950
1951
1952
1953
1955
1956
1957
1957
1957
1957
825
827
828
829
837
839
840
841
842
845
846
847
848
851
852
853
1835
1837
1838
1839
1847
1849
1850
1851
1852
1855
1856
1857
1858
1861
1862
1863
1943
1944
1945
1946
1947
1949
1950
1951
1952
1953
1954
1955
1955
1955
1955
1955
796
797
798
799
807
809
810
811
813
815
816
817
819
821
822
823
1806
1807
1808
1809
1817
1819
1820
1821
1823
1825
1826
1827
1829
1831
1832
1833
1943
1944
1945
1946
1947
1949
1950
1951
1952
1952
1952
1952
1952
1952
1952
1952
644
645
646
649
650
651
652
655
656
657
658
788
790
791
792
793
1798
1800
1801
1802
1803
1910
1911
1912
1915
1916
1917
1918
1921
1922
1923
1924
1926
1927
1928
1929
1932
1933
1934
1935
1936
1941
1942
1943
1944
1945
1946
1947
1948
1948
1948
1948
1948
1948
1948
1948
1948
1948
1948
1948
1948
1948
1948
1948
620
621
622
625
626
627
628
631
632
633
634
637
638
639
640
643
1886
1887
1888
1891
1892
1893
1894
1897
1898
1899
1900
1903
1904
1905
1906
1909
1926
1927
1928
1929
1930
1932
1933
1934
1935
1936
1939
1940
1941
1941
1941
1941
584
585
586
601
602
603
604
607
608
609
610
613
614
615
616
619
1850
1851
1852
1867
1868
1869
1870
1873
1874
1875
1876
1879
1880
1881
1882
1885
1926
1927
1928
1929
1930
1932
1933
1934
1935
1936
1937
1938
1939
1939
1939
1939
554
555
558
559
560
561
564
565
566
567
570
571
572
573
582
583
1820
1821
1824
1825
1826
1827
1830
1831
1832
1833
1836
1837
1838
1839
1848
1849
1926
1927
1928
1929
1930
1932
1933
1934
1935
1936
1937
1937
1937
1937
1937
1937
513
515
516
517
518
533
534
535
536
537
546
547
548
549
552
553
1799
1800
1801
1802
1803
1812
1813
1814
1815
1818
1819
1841
1842
1843
1844
1845
1914
1915
1916
1917
1918
1925
1926
1927
1928
1929
1930
1931
1932
1933
1933
1933
484
485
487
488
489
491
492
494
495
496
498
499
501
502
503
505
1816
1817
1818
1819
1820
1822
1823
1824
1825
1826
1828
1829
1830
1831
1832
1834
1914
1915
1916
1917
1918
1919
1921
1922
1923
1924
1924
1924
1924
1924
1924
1924
319
321
329
331
332
333
334
465
466
467
468
470
478
480
481
482
1805
1806
1807
1808
1810
1811
1812
1813
1814
1838
1840
1841
1842
1843
1844
1846
1902
1903
1904
1905
1906
1907
1912
1913
1914
1915
1916
1917
1918
1919
1920
1921
297
298
300
301
303
304
305
307
308
310
311
312
314
315
317
318
1813
1815
1816
1817
1818
1819
1821
1822
1823
1824
1825
1827
1828
1835
1836
1837
1902
1903
1904
1905
1906
1907
1909
1910
1911
1912
1912
1912
1912
1912
1912
1912
261
262
263
265
273
275
276
277
278
281
282
283
284
286
294
296
1805
1806
1807
1809
1810
1811
1812
1836
1837
1839
1840
1841
1842
1843
1845
1846
1890
1891
1892
1893
1894
1895
1900
1901
1902
1903
1904
1905
1906
1907
1908
1909
238
240
241
242
244
245
247
248
249
251
252
254
255
256
258
259
1811
1812
1814
1815
1816
1817
1818
1820
1821
1822
1829
1830
1831
1833
1834
1835
1890
1891
1892
1893
1894
1895
1897
1898
1899
1900
1900
1900
1900
1900
1900
1900
202
203
205
206
207
209
217
219
220
221
222
225
226
227
228
230
1805
1806
1808
1809
1810
1834
1835
1836
1838
1839
1840
1841
1842
1844
1845
1846
1878
1879
1880
1881
1882
1883
1887
1888
1889
1891
1892
1893
1894
1895
1896
1896
172
174
182
184
185
186
188
189
191
192
193
195
196
198
199
200
1809
1810
1811
1813
1814
1815
1816
1823
1824
1826
1827
1828
1829
1830
1832
1833
1878
1879
1880
1881
1882
1883
1884
1885
1886
1887
1887
1887
1887
1887
1887
1887
143
144
146
147
149
150
151
153
161
163
164
165
166
169
170
171
1805
1807
1808
1832
1833
1834
1835
1837
1838
1839
1840
1841
1843
1844
1845
1846
1866
1867
1868
1869
1870
1871
1875
1876
1877
1879
1880
1881
1884
1884
1884
1884
114
115
116
118
126
128
129
130
132
133
135
136
137
139
140
142
1807
1808
1809
1810
1817
1819
1820
1821
1822
1823
1825
1826
1827
1828
1829
1831
1866
1867
1868
1869
1870
1871
1872
1873
1874
1875
1875
1875
1875
1875
1875
1875
29
30
31
32
34
36
37
38
39
41
50
51
52
53
54
113
1806
1830
1831
1832
1833
1834
1836
1837
1838
1839
1840
1842
1843
1844
1845
1846
1854
1855
1856
1857
1858
1859
1863
1864
1865
1867
1872
1872
1872
1872
1872
1872
8
9
10
11
13
15
16
17
18
20
22
23
24
25
27
1426
1681
1790
1797
1812
1813
1814
1815
1816
1818
1819
1820
1821
1822
1824
1825
1826
1827
1828
1854
1855
1856
1857
1858
1859
1860
1861
1862
1862
1862
1862
1862
1862
1402
1405
1406
1407
1408
1411
1412
1413
1414
1417
1418
1419
1420
1423
1424
1425
1657
1660
1661
1662
1663
1666
1667
1668
1669
1672
1673
1674
1675
1678
1679
1680
1781
1782
1783
1784
1785
1787
1788
1789
1791
1795
1796
1797
1797
1797
1797
1797
1378
1381
1382
1383
1384
1387
1388
1389
1390
1393
1394
1395
1396
1399
1400
1401
1633
1636
1637
1638
1639
1642
1643
1644
1645
1648
1649
1650
1651
1654
1655
1656
1781
1782
1783
1784
1785
1787
1788
1789
1790
1791
1793
1794
1795
1795
1795
1795
1338
1339
1340
1341
1350
1351
1352
1353
1354
1369
1370
1371
1372
1375
1376
1377
1599
1600
1601
1602
1617
1618
1619
1620
1621
1624
1625
1626
1627
1630
1631
1632
1781
1782
1783
1784
1785
1787
1788
1789
1790
1791
1792
1793
1793
1793
1793
1793
1314
1315
1316
1317
1320
1321
1322
1323
1326
1327
1328
1329
1332
1333
1334
1335
1575
1576
1577
1578
1581
1582
1583
1584
1587
1588
1589
1590
1593
1594
1595
1596
1781
1782
1783
1784
1785
1787
1788
1789
1790
1790
1790
1790
1790
1790
1790
1790
1284
1285
1286
1289
1290
1291
1292
1295
1296
1297
1298
1301
1302
1303
1304
1305
1568
1569
1570
1571
1572
1667
1668
1670
1684
1685
1686
1687
1690
1691
1692
1693
1764
1765
1766
1767
1770
1771
1772
1773
1774
1779
1780
1781
1782
1783
1784
1785
1786
1786
1786
1786
1786
1786
1786
1786
1786
1786
1786
1786
1786
1786
1786
1786
1260
1261
1262
1265
1266
1267
1268
1271
1272
1273
1274
1277
1278
1279
1280
1283
1643
1644
1646
1648
1649
1650
1652
1654
1655
1656
1658
1660
1661
1662
1664
1666
1764
1765
1766
1767
1768
1770
1771
1772
1773
1774
1777
1778
1779
1779
1779
1779
1224
1225
1226
1241
1242
1243
1244
1247
1248
1249
1250
1253
1254
1255
1256
1259
1619
1620
1622
1624
1625
1626
1628
1630
1631
1632
1634
1636
1637
1638
1640
1642
1764
1765
1766
1767
1768
1770
1771
1772
1773
1774
1775
1776
1777
1777
1777
1777
1194
1195
1198
1199
1200
1201
1204
1205
1206
1207
1210
1211
1212
1213
1222
1223
1583
1585
1587
1588
1589
1591
1593
1594
1595
1597
1605
1606
1607
1608
1617
1618
1764
1765
1766
1767
1768
1770
1771
1772
1773
1774
1775
1775
1775
1775
1775
1775
1164
1167
1168
1169
1170
1173
1174
1175
1176
1177
1186
1187
1188
1189
1192
1193
1568
1569
1570
1571
1573
1575
1576
1577
1579
1581
1582
1688
1690
1691
1692
1694
1750
1753
1754
1755
1756
1763
1764
1765
1766
1767
1768
1769
1770
1771
1771
1771
1140
1143
1144
1145
1146
1149
1150
1151
1152
1155
1156
1157
1158
1161
1162
1163
1652
1654
1655
1657
1658
1672
1673
1674
1676
1678
1679
1680
1682
1684
1685
1686
1747
1748
1749
1751
1753
1754
1755
1756
1757
1761
1762
1763
1763
1763
1763
1763
1116
1119
1120
1121
1122
1125
1126
1127
1128
1131
1132
1133
1134
1137
1138
1139
1628
1630
1631
1633
1634
1636
1637
1639
1640
1642
1643
1645
1646
1648
1649
1651
1747
1748
1749
1750
1751
1753
1754
1755
1756
1757
1759
1760
1761
1761
1761
1761
1076
1077
1078
1079
1082
1083
1084
1085
1094
1095
1096
1097
1098
1113
1114
1115
1599
1600
1601
1603
1605
1606
1607
1609
1617
1618
1619
1621
1622
1624
1625
1627
1747
1748
1749
1750
1751
1753
1754
1755
1756
1757
1758
1759
1759
1759
1759
1759
1046
1047
1048
1049
1058
1059
1060
1061
1064
1065
1066
1067
1070
1071
1072
1073
1569
1570
1572
1573
1575
1576
1578
1579
1581
1582
1584
1585
1587
1588
1590
1591
1747
1748
1749
1750
1751
1752
1753
1754
1755
1755
1755
1755
1755
1755
1755
1755
1022
1023
1024
1027
1028
1029
1030
1033
1034
1035
1036
1039
1040
1041
1042
1045
1568
1673
1675
1676
1678
1679
1681
1682
1684
1685
1687
1688
1690
1691
1693
1694
1730
1731
1732
1733
1734
1736
1737
1738
1739
1740
1745
1746
1747
1752
1752
1752
998
999
1000
1003
1004
1005
1006
1009
1010
1011
1012
1015
1016
1017
1018
1021
1638
1639
1640
1642
1644
1645
1646
1660
1661
1663
1664
1666
1667
1669
1670
1672
1730
1731
1732
1733
1734
1736
1737
1738
1739
1740
1743
1744
1745
1745
1745
1745
956
957
966
967
968
969
970
985
986
987
988
991
992
993
994
997
1608
1609
1617
1618
1620
1621
1622
1624
1626
1627
1628
1630
1632
1633
1634
1636
1730
1731
1732
1733
1734
1736
1737
1738
1739
1740
1741
1742
1743
1743
1743
1743
932
933
936
937
938
939
942
943
944
945
948
949
950
951
954
955
1578
1579
1581
1583
1584
1585
1593
1594
1596
1597
1599
1600
1602
1603
1605
1606
1730
1731
1732
1733
1734
1736
1737
1738
1739
1740
1740
1740
1740
1740
1740
1740
902
905
906
907
908
911
912
913
914
917
918
919
920
921
930
931
1568
1569
1571
1572
1573
1575
1577
1682
1684
1686
1687
1688
1690
1692
1693
1694
1713
1714
1715
1716
1719
1720
1721
1722
1723
1728
1729
1730
1731
1732
1733
1734
1735
1736
1736
1736
1736
1736
1736
1736
1736
1736
1736
1736
1736
1736
1736
1736
878
881
882
883
884
887
888
889
890
893
894
895
896
899
900
901
1658
1660
1662
1663
1664
1666
1668
1669
1670
1672
1674
1675
1676
1678
1680
1681
1713
1714
1715
1716
1717
1719
1720
1721
1722
1723
1726
1727
1728
1728
1728
1728
842
857
858
859
860
863
864
865
866
869
870
871
872
875
876
877
1622
1625
1626
1627
1628
1631
1632
1633
1634
1648
1650
1651
1652
1654
1656
1657
1713
1714
1715
1716
1717
1719
1720
1721
1722
1723
1724
1725
1726
1726
1726
1726
814
815
816
817
820
821
822
823
826
827
828
829
838
839
840
841
1593
1595
1596
1597
1599
1601
1602
1603
1605
1607
1608
1609
1617
1619
1620
1621
1713
1714
1715
1716
1717
1719
1720
1721
1722
1723
1724
1724
1724
1724
1724
1724
784
785
786
789
790
791
792
793
802
803
804
805
808
809
810
811
1568
1570
1571
1572
1573
1576
1577
1578
1579
1587
1589
1590
1591
1692
1693
1694
1703
1704
1705
1712
1713
1714
1715
1716
1717
1718
1719
1720
1720
1720
1720
1720
760
761
762
765
766
767
768
771
772
773
774
777
778
779
780
783
1668
1669
1670
1673
1674
1675
1676
1679
1680
1681
1682
1685
1686
1687
1688
1691
1696
1697
1698
1699
1700
1702
1703
1704
1705
1706
1710
1711
1712
1712
1712
1712
736
737
738
741
742
743
744
747
748
749
750
753
754
755
756
759
1644
1645
1646
1649
1650
1651
1652
1655
1656
1657
1658
1661
1662
1663
1664
1667
1696
1697
1698
1699
1700
1702
1704
1705
1706
1708
1709
1710
1710
1710
1710
1710
694
695
698
699
700
701
710
711
712
713
714
729
730
731
732
735
1602
1603
1606
1607
1608
1609
1618
1619
1620
1621
1622
1637
1638
1639
1640
1643
1696
1697
1698
1699
1700
1702
1703
1704
1705
1706
1707
1708
1708
1708
1708
1708
664
665
674
675
676
677
680
681
682
683
686
687
688
689
692
693
1572
1573
1582
1583
1584
1585
1588
1589
1590
1591
1594
1595
1596
1597
1600
1601
1696
1697
1698
1699
1700
1701
1702
1703
1704
1705
1705
1705
1705
1705
1705
1705
495
496
498
500
501
502
503
505
514
515
516
517
518
661
662
663
1569
1570
1571
1595
1596
1598
1599
1600
1601
1602
1604
1611
1612
1613
1614
1615
1684
1685
1686
1687
1688
1689
1693
1694
1695
1696
1697
1698
1701
1701
1701
1701
473
474
475
477
479
480
481
482
484
486
487
488
489
491
493
494
1576
1577
1578
1580
1581
1582
1583
1584
1586
1587
1588
1589
1590
1592
1593
1594
1684
1685
1686
1687
1688
1689
1690
1691
1692
1693
1693
1693
1693
1693
1693
1693
309
310
311
312
314
316
317
318
319
321
330
331
332
333
334
472
1575
1593
1594
1595
1597
1598
1605
1606
1607
1608
1610
1611
1612
1613
1614
1616
1672
1673
1674
1675
1676
1677
1681
1682
1683
1685
1690
1690
1690
1690
1690
1690
278
288
289
290
291
293
295
296
297
298
300
302
303
304
305
307
1575
1576
1577
1579
1580
1581
1582
1583
1585
1586
1587
1588
1589
1591
1592
1616
1664
1671
1672
1673
1674
1675
1676
1677
1678
1679
1680
1680
1680
1680
1680
1680
249
251
253
254
255
256
258
260
261
262
263
265
274
275
276
277
1591
1592
1599
1600
1601
1603
1604
1605
1606
1607
1609
1610
1611
1612
1613
1615
1660
1661
1662
1663
1664
1665
1668
1669
1670
1671
1671
1671
1671
1671
1671
1671
220
221
222
232
233
234
235
237
239
240
241
242
244
246
247
248
1575
1576
1578
1579
1580
1581
1582
1584
1585
1586
1587
1588
1590
1614
1615
1616
1650
1651
1652
1659
1660
1661
1662
1663
1664
1665
1666
1667
1668
1668
1668
1668
191
192
193
195
197
198
199
200
202
204
205
206
207
209
218
219
1594
1596
1597
1598
1599
1600
1602
1603
1604
1605
1606
1608
1609
1610
1611
1612
1648
1649
1650
1651
1652
1653
1656
1657
1658
1659
1659
1659
1659
1659
1659
1659
162
163
164
165
166
176
177
178
179
181
183
184
185
186
188
190
1575
1577
1578
1579
1580
1581
1583
1584
1585
1586
1593
1611
1613
1614
1615
1616
1636
1637
1638
1639
1640
1647
1648
1649
1650
1651
1652
1653
1654
1655
1656
1656
132
134
135
136
137
139
141
142
143
144
146
148
149
150
151
153
1592
1593
1595
1596
1597
1598
1599
1601
1602
1603
1604
1605
1607
1608
1609
1610
1636
1637
1638
1639
1640
1641
1643
1644
1645
1646
1646
1646
1646
1646
1646
1646
95
97
106
107
108
109
110
120
121
122
123
125
127
128
129
130
1576
1577
1578
1579
1580
1587
1589
1590
1591
1609
1610
1612
1613
1614
1615
1616
1624
1625
1626
1627
1628
1629
1634
1635
1636
1637
1638
1639
1640
1641
1642
1643
73
74
76
78
79
80
81
83
85
86
87
88
90
92
93
94
1590
1591
1592
1594
1595
1596
1597
1598
1600
1601
1602
1603
1604
1606
1607
1608
1624
1625
1626
1627
1628
1629
1631
1632
1633
1634
1634
1634
1634
1634
1634
1634
64
65
66
67
69
71
72
1332
1333
1334
1335
1337
1338
1339
1340
1341
1457
1458
1459
1460
1463
1464
1465
1466
1467
1556
1557
1558
1559
1560
1561
1566
1567
1582
1583
1584
1585
1586
1588
1589
1624
1625
1626
1627
1628
1629
1630
1631
1313
1314
1315
1316
1317
1319
1320
1321
1322
1323
1325
1326
1327
1328
1329
1331
1435
1436
1437
1438
1439
1442
1443
1444
1445
1446
1449
1450
1451
1452
1453
1456
1556
1557
1558
1559
1560
1561
1563
1564
1565
1566
1566
1566
1566
1566
1566
1566
1201
1203
1204
1205
1206
1207
1209
1210
1211
1212
1213
1307
1308
1309
1310
1311
1428
1429
1430
1431
1432
1454
1456
1457
1458
1459
1461
1470
1471
1472
1473
1474
1544
1545
1546
1547
1548
1549
1553
1554
1555
1557
1558
1559
1560
1561
1562
1562
1182
1183
1185
1186
1187
1188
1189
1191
1192
1193
1194
1195
1197
1198
1199
1200
1431
1433
1435
1436
1437
1438
1440
1442
1443
1444
1445
1447
1449
1450
1451
1452
1544
1545
1546
1547
1548
1549
1550
1551
1552
1553
1553
1553
1553
1553
1553
1553
1071
1072
1073
1075
1076
1077
1078
1079
1081
1082
1083
1084
1085
1179
1180
1181
1428
1429
1430
1451
1453
1454
1463
1464
1465
1466
1468
1470
1471
1472
1473
1475
1532
1533
1534
1535
1536
1537
1541
1542
1543
1545
1546
1547
1550
1550
1550
1550
1052
1053
1054
1055
1057
1058
1059
1060
1061
1063
1064
1065
1066
1067
1069
1070
1429
1430
1432
1433
1435
1436
1437
1439
1440
1442
1443
1444
1446
1447
1449
1450
1532
1533
1534
1535
1536
1537
1538
1539
1540
1541
1541
1541
1541
1541
1541
1541
941
942
943
944
945
947
948
949
950
951
953
954
955
956
957
1051
1428
1456
1457
1458
1460
1461
1463
1464
1465
1467
1468
1470
1471
1472
1474
1475
1520
1521
1522
1523
1524
1525
1529
1530
1531
1533
1538
1538
1538
1538
1538
1538
829
923
924
925
926
927
929
930
931
932
933
935
936
937
938
939
1428
1429
1431
1432
1433
1435
1436
1438
1439
1440
1442
1443
1445
1446
1447
1475
1512
1519
1520
1521
1522
1523
1524
1525
1526
1527
1528
1528
1528
1528
1528
1528
810
811
813
814
815
816
817
819
820
821
822
823
825
826
827
828
1453
1454
1456
1457
1459
1460
1461
1463
1464
1466
1467
1468
1470
1471
1473
1474
1508
1509
1510
1511
1512
1513
1516
1517
1518
1519
1519
1519
1519
1519
1519
1519
699
700
701
795
796
797
798
799
801
802
803
804
805
807
808
809
1428
1430
1431
1432
1433
1435
1437
1438
1439
1440
1449
1450
1452
1473
1474
1475
1498
1499
1500
1507
1508
1509
1510
1511
1512
1513
1514
1515
1516
1516
1516
1516
680
681
682
683
685
686
687
688
689
691
692
693
694
695
697
698
1451
1452
1453
1454
1456
1458
1459
1460
1461
1463
1465
1466
1467
1468
1470
1472
1496
1497
1498
1499
1500
1501
1504
1505
1506
1507
1507
1507
1507
1507
1507
1507
569
570
571
572
573
667
668
669
670
671
673
674
675
676
677
679
1429
1430
1431
1432
1433
1442
1444
1445
1446
1447
1449
1471
1472
1473
1474
1475
1484
1485
1486
1487
1488
1495
1496
1497
1498
1499
1500
1501
1502
1503
1504
1504
549
551
552
553
554
555
557
558
559
560
561
563
564
565
566
567
1447
1450
1451
1452
1453
1454
1457
1458
1459
1460
1461
1464
1465
1466
1467
1468
1484
1485
1486
1487
1488
1489
1491
1492
1493
1494
1494
1494
1494
1494
1494
1494
311
313
322
323
324
325
326
539
540
541
542
543
545
546
547
548
1334
1336
1343
1344
1345
1346
1347
1416
1417
1418
1419
1420
1421
1426
1427
1436
1437
1438
1439
1440
1443
1444
1445
1446
1484
1485
1486
1487
1488
1489
1490
1491
289
290
292
294
295
296
297
299
301
302
303
304
306
308
309
310
1315
1316
1318
1319
1320
1321
1322
1324
1325
1326
1327
1328
1330
1331
1332
1333
1416
1417
1418
1419
1420
1421
1423
1424
1425
1426
1426
1426
1426
1426
1426
1426
253
254
255
257
266
267
268
269
270
280
281
282
283
285
287
288
1307
1308
1309
1310
1312
1313
1314
1338
1339
1340
1342
1343
1344
1345
1346
1348
1404
1405
1406
1407
1408
1409
1414
1415
1416
1417
1418
1419
1420
1421
1422
1423
231
232
233
234
236
238
239
240
241
243
245
246
247
248
250
252
1313
1314
1315
1317
1318
1319
1320
1321
1323
1324
1325
1326
1327
1329
1330
1337
1404
1405
1406
1407
1408
1409
1411
1412
1413
1414
1414
1414
1414
1414
1414
1414
194
196
197
198
199
201
210
211
212
213
214
224
225
226
227
229
1307
1308
1309
1311
1312
1336
1337
1338
1339
1341
1342
1343
1344
1345
1347
1348
1392
1393
1394
1395
1396
1397
1401
1402
1403
1405
1406
1407
1408
1409
1410
1410
171
173
175
176
177
178
180
182
183
184
185
187
189
190
191
192
1311
1312
1313
1314
1316
1317
1318
1319
1320
1322
1323
1324
1331
1332
1333
1335
1392
1393
1394
1395
1396
1397
1398
1399
1400
1401
1401
1401
1401
1401
1401
1401
135
136
138
140
141
142
143
145
154
155
156
157
158
168
169
170
1307
1308
1310
1334
1335
1336
1337
1338
1340
1341
1342
1343
1344
1346
1347
1348
1380
1381
1382
1383
1384
1385
1389
1390
1391
1393
1394
1395
1398
1398
1398
1398
113
114
115
117
119
120
121
122
124
126
127
128
129
131
133
134
1309
1310
1311
1312
1313
1315
1316
1317
1318
1325
1326
1328
1329
1330
1331
1332
1380
1381
1382
1383
1384
1385
1386
1387
1388
1389
1389
1389
1389
1389
1389
1389
77
78
79
80
82
84
85
86
87
89
98
99
100
101
102
112
1307
1331
1333
1334
1335
1336
1337
1339
1340
1341
1342
1343
1345
1346
1347
1348
1368
1369
1370
1371
1372
1373
1377
1378
1379
1381
1386
1386
1386
1386
1386
1386
46
56
57
58
59
61
63
64
65
66
68
70
71
72
73
75
1308
1309
1310
1311
1312
1319
1321
1322
1323
1324
1325
1327
1328
1329
1330
1348
1360
1367
1368
1369
1370
1371
1372
1373
1374
1375
1376
1376
1376
1376
1376
1376
17
19
21
22
23
24
26
28
29
30
31
33
42
43
44
45
1329
1330
1332
1333
1334
1335
1336
1338
1339
1340
1341
1342
1344
1345
1346
1347
1356
1357
1358
1359
1360
1361
1364
1365
1366
1367
1367
1367
1367
1367
1367
1367
0
1
2
3
5
7
8
9
10
12
14
15
16
508
509
510
1217
1218
1219
1290
1291
1292
1299
1314
1315
1316
1317
1318
1320
1321
1322
1323
1324
1326
1327
1328
1356
1357
1358
1359
1360
1361
1362
1363
1364
1364
1364
1364
479
480
481
483
485
486
487
488
490
492
493
494
495
497
506
507
1192
1193
1194
1196
1197
1198
1199
1200
1202
1203
1204
1205
1206
1208
1215
1216
1288
1289
1290
1291
1292
1293
1296
1297
1298
1299
1299
1299
1299
1299
1299
1299
266
267
268
269
271
464
465
466
467
469
471
472
473
474
476
478
1179
1180
1181
1182
1184
1185
1186
1187
1188
1190
1191
1215
1216
1217
1218
1220
1276
1277
1278
1279
1280
1287
1288
1289
1290
1291
1292
1293
1294
1295
1296
1296
236
238
239
240
242
243
245
246
247
249
250
259
260
261
262
264
1190
1191
1192
1193
1195
1196
1197
1198
1199
1201
1202
1209
1210
1211
1212
1214
1276
1277
1278
1279
1280
1281
1283
1284
1285
1286
1286
1286
1286
1286
1286
1286
206
208
210
211
212
213
215
224
225
226
228
229
231
232
233
235
1179
1180
1181
1183
1184
1185
1186
1187
1189
1213
1214
1215
1216
1217
1219
1220
1264
1265
1266
1267
1268
1269
1274
1275
1276
1277
1278
1279
1280
1281
1282
1283
177
179
180
182
183
184
186
187
189
190
191
193
194
203
204
205
1188
1189
1190
1191
1192
1194
1195
1196
1203
1204
1205
1207
1208
1209
1210
1211
1264
1265
1266
1267
1268
1269
1271
1272
1273
1274
1274
1274
1274
1274
1274
1274
148
149
150
152
154
155
156
157
159
168
169
170
172
173
175
176
1179
1180
1182
1183
1184
1185
1186
1210
1212
1213
1214
1215
1216
1218
1219
1220
1252
1253
1254
1255
1256
1257
1262
1263
1264
1265
1266
1267
1268
1269
1270
1271
119
120
121
123
124
126
127
128
130
131
133
134
135
137
138
147
1185
1187
1188
1189
1190
1197
1198
1200
1201
1202
1203
1204
1206
1207
1208
1209
1252
1253
1254
1255
1256
1257
1259
1260
1261
1262
1262
1262
1262
1262
1262
1262
82
91
92
93
94
96
98
99
100
101
103
112
113
114
116
117
1179
1181
1182
1183
1184
1208
1209
1211
1212
1213
1214
1215
1217
1218
1219
1220
1240
1241
1242
1243
1244
1245
1249
1250
1251
1253
1254
1255
1256
1257
1258
1258
60
61
63
64
65
67
68
70
71
72
74
75
77
78
79
81
1183
1184
1191
1193
1194
1195
1196
1197
1199
1200
1201
1202
1203
1205
1206
1207
1240
1241
1242
1243
1244
1245
1246
1247
1248
1249
1249
1249
1249
1249
1249
1249
23
25
26
35
36
37
38
40
42
43
44
45
47
56
57
58
1180
1181
1182
1206
1207
1208
1210
1211
1212
1213
1214
1216
1217
1218
1219
1220
1228
1229
1230
1231
1232
1233
1237
1238
1239
1241
1242
1243
1246
1246
1246
1246
1
2
4
5
7
8
9
11
12
14
15
16
18
19
21
22
1187
1188
1189
1190
1192
1193
1194
1195
1196
1198
1199
1200
1201
1202
1204
1205
1228
1229
1230
1231
1232
1233
1234
1235
1236
1237
1237
1237
1237
1237
1237
1237
0
485
486
487
489
490
499
500
501
502
504
506
507
508
509
511
1069
1070
1071
1072
1074
1075
1076
1077
1078
1080
1087
1088
1089
1090
1091
1160
1161
1162
1163
1164
1165
1169
1170
1171
1186
1229
1234
1234
1234
1234
1234
1234
327
464
465
466
468
469
471
472
473
475
476
478
479
480
482
483
1051
1052
1053
1054
1056
1057
1058
1059
1060
1062
1063
1064
1065
1066
1068
1092
1152
1159
1160
1161
1162
1163
1164
1165
1166
1167
1168
1168
1168
1168
1168
1168
298
299
301
302
303
305
306
315
316
317
318
320
322
323
324
325
1067
1068
1069
1070
1071
1073
1074
1081
1082
1083
1084
1086
1087
1088
1089
1090
1148
1149
1150
1151
1152
1153
1156
1157
1158
1159
1159
1159
1159
1159
1159
1159
212
214
215
280
281
282
284
285
287
288
289
291
292
294
295
296
1051
1052
1053
1055
1056
1057
1058
1059
1061
1062
1063
1064
1065
1089
1091
1092
1138
1139
1140
1147
1148
1149
1150
1151
1152
1153
1154
1155
1156
1156
1156
1156
183
185
186
187
196
197
198
200
201
203
204
205
207
208
210
211
1064
1066
1067
1068
1075
1076
1077
1079
1080
1081
1082
1083
1085
1086
1087
1088
1136
1137
1138
1139
1140
1141
1144
1145
1146
1147
1147
1147
1147
1147
1147
1147
154
155
156
158
159
168
169
171
172
173
175
176
178
179
180
182
1051
1052
1054
1055
1056
1057
1058
1060
1061
1062
1063
1087
1088
1090
1091
1092
1124
1125
1126
1127
1128
1135
1136
1137
1138
1139
1140
1141
1142
1143
1144
1144
124
126
127
129
130
131
140
141
142
144
145
147
148
149
151
152
1062
1069
1070
1072
1073
1074
1075
1076
1078
1079
1080
1081
1082
1084
1085
1086
1124
1125
1126
1127
1128
1129
1131
1132
1133
1134
1134
1134
1134
1134
1134
1134
95
96
98
99
100
102
103
112
113
115
116
117
119
120
122
123
1051
1053
1054
1055
1056
1057
1059
1060
1061
1085
1086
1087
1089
1090
1091
1092
1112
1113
1114
1115
1116
1117
1122
1123
1124
1125
1126
1127
1128
1129
1130
1131
66
67
68
70
71
73
74
75
84
85
86
88
89
91
92
93
1066
1067
1068
1069
1071
1072
1073
1074
1075
1077
1078
1079
1080
1081
1083
1084
1112
1113
1114
1115
1116
1117
1119
1120
1121
1122
1122
1122
1122
1122
1122
1122
36
37
39
40
42
43
44
46
47
56
57
59
60
61
63
64
1052
1053
1054
1055
1056
1063
1065
1083
1084
1085
1086
1088
1089
1090
1091
1092
1100
1101
1102
1103
1104
1105
1110
1111
1112
1113
1114
1115
1116
1117
1118
1119
7
8
10
11
12
14
15
17
18
19
28
29
30
32
33
35
1064
1065
1066
1067
1068
1070
1071
1072
1073
1074
1076
1077
1078
1079
1080
1082
1100
1101
1102
1103
1104
1105
1107
1108
1109
1110
1110
1110
1110
1110
1110
1110
0
1
3
4
5
497
499
500
501
503
504
506
507
508
510
511
946
947
948
949
950
952
959
960
961
962
963
1032
1033
1034
1035
1036
1037
1041
1042
1043
1058
1059
1060
1061
1062
1101
1102
1103
1104
1105
1106
1106
468
469
471
472
474
475
476
478
479
481
482
483
492
493
494
496
926
928
929
930
931
932
934
935
936
937
938
940
941
942
943
944
1032
1033
1034
1035
1036
1037
1038
1039
1040
1041
1041
1041
1041
1041
1041
1041
310
312
313
315
316
317
319
320
322
323
324
326
327
464
465
467
923
924
925
943
945
946
953
954
955
956
958
959
960
961
962
964
1020
1021
1022
1023
1024
1025
1029
1030
1031
1033
1034
1035
1038
1038
1038
1038
281
283
284
285
287
288
290
291
292
294
295
297
298
299
308
309
924
925
927
928
929
930
931
933
934
935
936
937
939
940
941
942
1020
1021
1022
1023
1024
1025
1026
1027
1028
1029
1029
1029
1029
1029
1029
1029
252
253
254
256
257
259
260
261
263
264
266
267
268
270
271
280
923
947
948
949
951
952
953
954
955
957
958
959
960
961
963
964
1008
1009
1010
1011
1012
1013
1017
1018
1019
1021
1026
1026
1026
1026
1026
1026
159
224
225
227
228
229
231
232
234
235
236
238
239
241
242
243
923
924
926
927
928
929
930
932
933
934
935
936
938
939
940
964
1000
1007
1008
1009
1010
1011
1012
1013
1014
1015
1016
1016
1016
1016
1016
1016
137
138
140
141
143
144
145
147
148
150
151
152
154
155
157
158
945
946
947
948
950
951
952
953
954
956
957
958
959
960
962
963
996
997
998
999
1000
1001
1004
1005
1006
1007
1007
1007
1007
1007
1007
1007
101
102
103
112
114
115
116
117
119
121
122
123
124
133
134
136
923
925
926
927
928
929
931
932
933
934
941
942
944
962
963
964
986
987
988
995
996
997
998
999
1000
1001
1002
1003
1004
1004
1004
1004
78
80
81
82
84
85
87
88
89
91
92
94
95
96
98
99
943
944
945
946
947
949
950
951
952
953
955
956
957
958
959
961
984
985
986
987
988
989
992
993
994
995
995
995
995
995
995
995
42
43
45
46
47
56
58
59
60
61
63
65
66
67
68
77
924
925
926
927
928
935
937
938
939
940
941
960
961
962
963
964
972
973
974
975
976
983
984
985
986
987
988
989
990
991
992
992
12
21
22
24
25
26
28
29
31
32
33
35
36
38
39
40
940
942
943
944
945
946
948
949
950
951
952
954
955
956
957
958
972
973
974
975
976
977
979
980
981
982
982
982
982
982
982
982
0
2
3
4
5
7
9
10
11
503
504
506
507
509
510
511
822
824
831
832
833
834
835
904
905
906
907
908
909
914
915
930
931
932
933
934
936
937
938
939
972
973
974
975
976
977
978
979
474
475
476
485
486
488
489
490
492
493
495
496
497
499
500
502
803
804
806
807
808
809
810
812
813
814
815
816
818
819
820
821
904
905
906
907
908
909
911
912
913
914
914
914
914
914
914
914
316
318
319
320
322
323
325
326
327
464
466
467
468
469
471
473
795
796
797
798
800
801
802
826
827
828
830
831
832
833
834
836
892
893
894
895
896
897
902
903
904
905
906
907
908
909
910
911
287
289
290
291
292
301
302
304
305
306
308
309
311
312
313
315
801
802
803
805
806
807
808
809
811
812
813
814
815
817
818
825
892
893
894
895
896
897
899
900
901
902
902
902
902
902
902
902
257
259
260
262
263
264
266
267
269
270
271
280
282
283
284
285
795
796
797
799
800
824
825
826
827
829
830
831
832
833
835
836
880
881
882
883
884
885
889
890
891
893
894
895
896
897
898
898
228
229
231
233
234
235
236
245
246
248
249
250
252
253
255
256
799
800
801
802
804
805
806
807
808
810
811
812
819
820
821
823
880
881
882
883
884
885
886
887
888
889
889
889
889
889
889
889
199
200
201
203
204
206
207
208
210
211
213
214
215
224
226
227
795
796
798
822
823
824
825
826
828
829
830
831
832
834
835
836
868
869
870
871
872
873
877
878
879
881
882
883
886
886
886
886
170
171
172
173
175
177
178
179
180
189
190
192
193
194
196
197
797
798
799
800
801
803
804
805
806
813
814
816
817
818
819
820
868
869
870
871
872
873
874
875
876
877
877
877
877
877
877
877
84
86
87
88
89
91
93
94
95
96
98
100
101
102
103
168
795
819
821
822
823
824
825
827
828
829
830
831
833
834
835
836
856
857
858
859
860
861
865
866
867
869
874
874
874
874
874
874
47
57
58
59
60
61
70
72
73
74
75
77
79
80
81
82
796
797
798
799
800
807
809
810
811
812
813
815
816
817
818
836
848
855
856
857
858
859
860
861
862
863
864
864
864
864
864
864
25
26
28
30
31
32
33
35
37
38
39
40
42
44
45
46
817
818
820
821
822
823
824
826
827
828
829
830
832
833
834
835
844
845
846
847
848
849
852
853
854
855
855
855
855
855
855
855
1
2
3
4
5
14
16
17
18
19
21
23
24
509
510
511
705
706
707
778
779
780
787
802
803
804
805
806
808
809
810
811
812
814
815
816
844
845
846
847
848
849
850
851
852
852
852
852
487
488
489
490
492
494
495
496
497
499
501
502
503
504
506
508
680
681
682
684
685
686
687
688
690
691
692
693
694
696
703
704
776
777
778
779
780
781
784
785
786
787
787
787
787
787
787
787
322
324
325
326
327
465
466
467
468
469
478
480
481
482
483
485
667
668
669
670
672
673
674
675
676
678
679
703
704
705
706
708
764
765
766
767
768
775
776
777
778
779
780
781
782
783
784
784
299
301
303
304
305
306
308
310
311
312
313
315
317
318
319
320
678
679
680
681
683
684
685
686
687
689
690
697
698
699
700
702
764
765
766
767
768
769
771
772
773
774
774
774
774
774
774
774
263
264
266
268
269
270
271
281
282
283
284
285
294
296
297
298
667
668
669
671
672
673
674
675
677
701
702
703
704
705
707
708
752
753
754
755
756
757
762
763
764
765
766
767
768
769
770
771
241
242
243
245
247
248
249
250
252
254
255
256
257
259
261
262
676
677
678
679
680
682
683
684
691
692
693
695
696
697
698
699
752
753
754
755
756
757
759
760
761
762
762
762
762
762
762
762
205
206
207
208
210
212
213
214
215
225
226
227
228
229
238
240
667
668
670
671
672
673
674
698
700
701
702
703
704
706
707
708
740
741
742
743
744
745
750
751
752
753
754
755
756
757
758
759
182
184
185
186
187
189
191
192
193
194
196
198
199
200
201
203
673
675
676
677
678
685
686
688
689
690
691
692
694
695
696
697
740
741
742
743
744
745
747
748
749
750
750
750
750
750
750
750
145
147
149
150
151
152
154
156
157
158
159
169
170
171
172
173
667
669
670
671
672
696
697
699
700
701
702
703
705
706
707
708
728
729
730
731
732
733
737
738
739
741
742
743
744
745
746
746
116
117
126
128
129
130
131
133
135
136
137
138
140
142
143
144
671
672
679
681
682
683
684
685
687
688
689
690
691
693
694
695
728
729
730
731
732
733
734
735
736
737
737
737
737
737
737
737
31
32
33
36
37
38
39
40
43
44
45
46
47
113
114
115
668
669
670
694
695
696
698
699
700
701
702
704
705
706
707
708
716
717
718
719
720
721
725
726
727
729
730
731
734
734
734
734
9
10
11
12
15
16
17
18
19
22
23
24
25
26
29
30
675
676
677
678
680
681
682
683
684
686
687
688
689
690
692
693
716
717
718
719
720
721
722
723
724
725
725
725
725
725
725
725
8
493
494
495
496
497
500
501
502
503
504
507
508
509
510
511
557
558
559
560
562
563
564
565
566
568
575
576
577
578
579
648
649
650
651
652
653
657
658
659
674
717
722
722
722
722
722
722
327
472
473
474
475
476
479
480
481
482
483
486
487
488
489
490
539
540
541
542
544
545
546
547
548
550
551
552
553
554
556
580
640
647
648
649
650
651
652
653
654
655
656
656
656
656
656
656
305
306
309
310
311
312
313
316
317
318
319
320
323
324
325
326
555
556
557
558
559
561
562
569
570
571
572
574
575
576
577
578
636
637
638
639
640
641
644
645
646
647
647
647
647
647
647
647
269
270
271
288
289
290
291
292
295
296
297
298
299
302
303
304
539
540
541
543
544
545
546
547
549
550
551
552
553
577
579
580
626
627
628
635
636
637
638
639
640
641
642
643
644
644
644
644
247
248
249
250
253
254
255
256
257
260
261
262
263
264
267
268
552
554
555
556
563
564
565
567
568
569
570
571
573
574
575
576
624
625
626
627
628
629
632
633
634
635
635
635
635
635
635
635
211
212
213
214
215
232
233
234
235
236
239
240
241
242
243
246
539
540
542
543
544
545
546
548
549
550
551
575
576
578
579
580
612
613
614
615
616
623
624
625
626
627
628
629
630
631
632
632
187
190
191
192
193
194
197
198
199
200
201
204
205
206
207
208
550
557
558
560
561
562
563
564
566
567
568
569
570
572
573
574
612
613
614
615
616
617
619
620
621
622
622
622
622
622
622
622
151
152
155
156
157
158
159
176
177
178
179
180
183
184
185
186
539
541
542
543
544
545
547
548
549
573
574
575
577
578
579
580
600
601
602
603
604
605
610
611
612
613
614
615
616
617
618
619
129
130
131
134
135
136
137
138
141
142
143
144
145
148
149
150
554
555
556
557
559
560
561
562
563
565
566
567
568
569
571
572
600
601
602
603
604
605
607
608
609
610
610
610
610
610
610
610
93
94
95
96
99
100
101
102
103
120
121
122
123
124
127
128
540
541
542
543
544
551
553
571
572
573
574
576
577
578
579
580
588
589
590
591
592
593
598
599
600
601
602
603
604
605
606
607
71
72
73
74
75
78
79
80
81
82
85
86
87
88
89
92
552
553
554
555
556
558
559
560
561
562
564
565
566
567
568
570
588
589
590
591
592
593
595
596
597
598
598
598
598
598
598
598
64
65
66
67
68
365
367
368
369
370
371
373
374
375
376
377
489
492
493
494
495
496
499
500
501
502
503
520
521
522
523
524
525
529
530
531
546
547
548
549
550
589
590
591
592
593
594
594
346
347
349
350
351
352
353
355
356
357
358
359
361
362
363
364
467
468
471
472
473
474
475
478
479
480
481
482
485
486
487
488
520
521
522
523
524
525
526
527
528
529
529
529
529
529
529
529
303
304
305
308
309
310
311
312
315
316
317
318
319
343
344
345
363
364
366
367
368
369
370
372
379
380
381
382
383
452
453
454
455
456
457
461
462
463
464
465
466
521
522
523
526
526
526
526
281
282
283
284
287
288
289
290
291
294
295
296
297
298
301
302
344
345
346
348
349
350
351
352
354
355
356
357
358
360
361
362
452
453
454
455
456
457
458
459
460
461
461
461
461
461
461
461
245
246
247
248
249
252
253
254
255
256
259
260
261
262
263
280
343
361
362
363
365
366
373
374
375
376
378
379
380
381
382
384
440
441
442
443
444
445
449
450
451
453
458
458
458
458
458
458
207
224
225
226
227
228
231
232
233
234
235
238
239
240
241
242
343
344
345
347
348
349
350
351
353
354
355
356
357
359
360
384
432
439
440
441
442
443
444
445
446
447
448
448
448
448
448
448
185
186
189
190
191
192
193
196
197
198
199
200
203
204
205
206
359
360
367
368
369
371
372
373
374
375
377
378
379
380
381
383
428
429
430
431
432
433
436
437
438
439
439
439
439
439
439
439
149
150
151
168
169
170
171
172
175
176
177
178
179
182
183
184
343
344
346
347
348
349
350
352
353
354
355
356
358
382
383
384
418
419
420
427
428
429
430
431
432
433
434
435
436
436
436
436
127
128
129
130
133
134
135
136
137
140
141
142
143
144
147
148
362
364
365
366
367
368
370
371
372
373
374
376
377
378
379
380
416
417
418
419
420
421
424
425
426
427
427
427
427
427
427
427
91
92
93
94
95
112
113
114
115
116
119
120
121
122
123
126
343
345
346
347
348
349
351
352
353
354
361
379
381
382
383
384
404
405
406
407
408
415
416
417
418
419
420
421
422
423
424
424
67
70
71
72
73
74
77
78
79
80
81
84
85
86
87
88
360
361
363
364
365
366
367
369
370
371
372
373
375
376
377
378
404
405
406
407
408
409
411
412
413
414
414
414
414
414
414
414
31
32
35
36
37
38
39
56
57
58
59
60
63
64
65
66
344
345
346
347
348
355
357
358
359
377
378
380
381
382
383
384
392
393
394
395
396
397
402
403
404
405
406
407
408
409
410
411
9
10
11
14
15
16
17
18
21
22
23
24
25
28
29
30
358
359
360
362
363
364
365
366
368
369
370
371
372
374
375
376
392
393
394
395
396
397
399
400
401
402
402
402
402
402
402
402
0
1
2
3
4
7
8
350
351
352
353
354
356
357
392
393
394
395
396
397
398
399
399
399
399
399
399
399
399
399
399
399
